entity_id	fusion_partner	target_accession	topology	method	resolution	entity_length	target_modelled	fusion_modelled	target_disorder	fusion_disorder	align_coverage_of_modelled	e9_excluded	e9_sole_reason	exclusions
3HNL_1	BRIL	None	None	X-RAY DIFFRACTION	2.2	106	0	106	1.0	0.0	1.0	True	False	E1_not_chimeric_single_uniprot;E8_target_modelled=0<80;E9_target_disorder=1.00>0.2
3HNK_1	BRIL	None	None	X-RAY DIFFRACTION	2.1	106	0	106	1.0	0.0	1.0	True	False	E1_not_chimeric_single_uniprot;E8_target_modelled=0<80;E9_target_disorder=1.00>0.2
3HNJ_1	BRIL	None	None	X-RAY DIFFRACTION	2.0	106	0	106	1.0	0.0	1.0	True	False	E1_not_chimeric_single_uniprot;E8_target_modelled=0<80;E9_target_disorder=1.00>0.2
3HNI_1	BRIL	None	None	X-RAY DIFFRACTION	2.35	106	0	106	1.0	0.0	1.0	True	False	E1_not_chimeric_single_uniprot;E8_target_modelled=0<80;E9_target_disorder=1.00>0.2
3FOP_1	BRIL	None	None	X-RAY DIFFRACTION	3.0	106	0	106	1.0	0.0	1.0	True	False	E1_not_chimeric_single_uniprot;E8_target_modelled=0<80;E9_target_disorder=1.00>0.2
3FOO_1	BRIL	None	None	X-RAY DIFFRACTION	2.4	106	0	106	1.0	0.0	1.0	True	False	E1_not_chimeric_single_uniprot;E8_target_modelled=0<80;E9_target_disorder=1.00>0.2
3DE9_1	BRIL	None	None	X-RAY DIFFRACTION	2.04	106	0	106	1.0	0.0	1.0	True	False	E1_not_chimeric_single_uniprot;E8_target_modelled=0<80;E9_target_disorder=1.00>0.2
3DE8_1	BRIL	None	None	X-RAY DIFFRACTION	1.72	106	0	106	1.0	0.0	1.0	True	False	E1_not_chimeric_single_uniprot;E8_target_modelled=0<80;E9_target_disorder=1.00>0.2
3C63_1	BRIL	None	None	X-RAY DIFFRACTION	1.75	106	0	106	1.0	0.0	1.0	True	False	E1_not_chimeric_single_uniprot;E8_target_modelled=0<80;E9_target_disorder=1.00>0.2
3C62_1	BRIL	None	None	X-RAY DIFFRACTION	1.87	106	0	106	1.0	0.0	1.0	True	False	E1_not_chimeric_single_uniprot;E8_target_modelled=0<80;E9_target_disorder=1.00>0.2
2QLA_1	BRIL	None	None	X-RAY DIFFRACTION	2.9	106	0	106	1.0	0.0	1.0	True	False	E1_not_chimeric_single_uniprot;E8_target_modelled=0<80;E9_target_disorder=1.00>0.2
2BC5_1	BRIL	None	None	X-RAY DIFFRACTION	2.25	106	0	106	1.0	0.0	1.0	True	False	E1_not_chimeric_single_uniprot;E8_target_modelled=0<80;E9_target_disorder=1.00>0.2
28VJ_2	BRIL	Q5HHX4	TERMINAL_C	ELECTRON MICROSCOPY	2.79	489	358	0	0.0604	1.0	1.0	True	False	E7_fusion_modelled=0<50;E9_fusion_disorder=1.00>0.2
256B_1	BRIL	None	None	X-RAY DIFFRACTION	1.4	106	0	106	1.0	0.0	1.0	True	False	E1_not_chimeric_single_uniprot;E8_target_modelled=0<80;E9_target_disorder=1.00>0.2
22EM_4	BRIL	P41145	TERMINAL_N	ELECTRON MICROSCOPY	2.86	624	284	0	0.0689	1.0	1.0	True	False	E7_fusion_modelled=0<50;E9_fusion_disorder=1.00>0.2
1QQ3_1	BRIL	None	None	SOLUTION NMR	None	106	0	106	1.0	0.0	1.0	True	False	E1_not_chimeric_single_uniprot;E2_method=SOLUTION NMR;E3_no_resolution;E8_target_modelled=0<80;E9_target_disorder=1.00>0.2
1QPU_1	BRIL	None	None	SOLUTION NMR	None	106	0	106	1.0	0.0	1.0	True	False	E1_not_chimeric_single_uniprot;E2_method=SOLUTION NMR;E3_no_resolution;E8_target_modelled=0<80;E9_target_disorder=1.00>0.2
1M6T_1	BRIL	None	None	X-RAY DIFFRACTION	1.81	106	0	106	1.0	0.0	1.0	True	False	E1_not_chimeric_single_uniprot;E8_target_modelled=0<80;E9_target_disorder=1.00>0.2
1LM3_1	BRIL	None	None	X-RAY DIFFRACTION	2.7	106	0	106	1.0	0.0	1.0	True	False	E1_not_chimeric_single_uniprot;E8_target_modelled=0<80;E9_target_disorder=1.00>0.2
1APC_1	BRIL	None	None	SOLUTION NMR	None	106	0	106	1.0	0.0	1.0	True	False	E1_not_chimeric_single_uniprot;E2_method=SOLUTION NMR;E3_no_resolution;E8_target_modelled=0<80;E9_target_disorder=1.00>0.2
11TL_1	BRIL	P51679	INTERNAL_INSERTION	ELECTRON MICROSCOPY	3.9	475	278	95	0.2147	0.0952	0.9589	True	False	E3_resolution=3.90>3.5;E9_target_disorder=0.21>0.2
11TK_1	BRIL	P51679	INTERNAL_INSERTION	ELECTRON MICROSCOPY	3.54	475	278	95	0.2147	0.0952	0.9589	True	False	E3_resolution=3.54>3.5;E9_target_disorder=0.21>0.2
11TH_3	BRIL	P51679	INTERNAL_INSERTION	ELECTRON MICROSCOPY	3.5	475	285	95	0.1949	0.0952	0.9596	False	False	
11TF_1	BRIL	P51679	INTERNAL_INSERTION	ELECTRON MICROSCOPY	3.4	475	285	95	0.1949	0.0952	0.9596	False	False	
11TD_1	BRIL	P51679	INTERNAL_INSERTION	ELECTRON MICROSCOPY	3.7	475	285	95	0.1949	0.0952	0.9596	False	False	E3_resolution=3.70>3.5
3M4C_1	BRIL	None	None	X-RAY DIFFRACTION	1.9	106	0	106	1.0	0.0	1.0	True	False	E1_not_chimeric_single_uniprot;E8_target_modelled=0<80;E9_target_disorder=1.00>0.2
4L6R_1	BRIL	P47871	TERMINAL_N	X-RAY DIFFRACTION	3.3	425	292	106	0.0641	0.0	1.0	False	False	
4NC3_1	BRIL	P41595	INTERNAL_INSERTION	X-RAY DIFFRACTION	2.8	430	287	83	0.059	0.217	1.0	True	True	E9_fusion_disorder=0.22>0.2
4N6H_1	BRIL	P41143	TERMINAL_N	X-RAY DIFFRACTION	1.8	414	303	105	0.0	0.0094	1.0	False	False	
4JKV_1	BRIL	Q99835	TERMINAL_N	X-RAY DIFFRACTION	2.45	475	346	105	0.0546	0.0	0.9934	False	False	
4JEB_1	BRIL	None	None	X-RAY DIFFRACTION	2.3	106	0	106	1.0	0.0	1.0	True	False	E1_not_chimeric_single_uniprot;E8_target_modelled=0<80;E9_target_disorder=1.00>0.2
4JEA_1	BRIL	None	None	X-RAY DIFFRACTION	1.22	106	0	106	1.0	0.0	1.0	True	False	E1_not_chimeric_single_uniprot;E8_target_modelled=0<80;E9_target_disorder=1.00>0.2
4JE9_1	BRIL	None	None	X-RAY DIFFRACTION	2.12	106	0	106	1.0	0.0	1.0	True	False	E1_not_chimeric_single_uniprot;E8_target_modelled=0<80;E9_target_disorder=1.00>0.2
4IB4_1	BRIL	P41595	INTERNAL_INSERTION	X-RAY DIFFRACTION	2.7	430	285	90	0.0656	0.1509	1.0	False	False	
4IAR_1	BRIL	P28222	INTERNAL_INSERTION	X-RAY DIFFRACTION	2.7	401	273	106	0.0651	0.0	1.0	False	False	
4IAQ_1	BRIL	P28222	INTERNAL_INSERTION	X-RAY DIFFRACTION	2.8	403	273	94	0.0714	0.1132	1.0	False	False	
4EIY_1	BRIL	P29274	INTERNAL_INSERTION	X-RAY DIFFRACTION	1.8	447	296	91	0.0295	0.1415	0.9923	False	False	
4EA3_1	BRIL	P41146	TERMINAL_N	X-RAY DIFFRACTION	3.013	434	278	0	0.064	1.0	1.0	True	False	E7_fusion_modelled=0<50;E9_fusion_disorder=1.00>0.2
3U8P_1	BRIL	P42212	INTERNAL_INSERTION	X-RAY DIFFRACTION	2.75	347	226	106	0.0342	0.0	0.9852	False	False	
3TOM_1	BRIL	None	None	X-RAY DIFFRACTION	2.3	106	0	106	1.0	0.0	1.0	True	False	E1_not_chimeric_single_uniprot;E8_target_modelled=0<80;E9_target_disorder=1.00>0.2
3TOL_1	BRIL	None	None	X-RAY DIFFRACTION	2.0	106	0	106	1.0	0.0	1.0	True	False	E1_not_chimeric_single_uniprot;E8_target_modelled=0<80;E9_target_disorder=1.00>0.2
3NMK_1	BRIL	None	None	X-RAY DIFFRACTION	2.8	106	0	106	1.0	0.0	1.0	True	False	E1_not_chimeric_single_uniprot;E8_target_modelled=0<80;E9_target_disorder=1.00>0.2
3NMJ_1	BRIL	None	None	X-RAY DIFFRACTION	3.1	106	0	106	1.0	0.0	1.0	True	False	E1_not_chimeric_single_uniprot;E8_target_modelled=0<80;E9_target_disorder=1.00>0.2
3NMI_1	BRIL	None	None	X-RAY DIFFRACTION	2.01	106	0	106	1.0	0.0	1.0	True	False	E1_not_chimeric_single_uniprot;E8_target_modelled=0<80;E9_target_disorder=1.00>0.2
3M79_1	BRIL	None	None	X-RAY DIFFRACTION	2.1	106	0	106	1.0	0.0	1.0	True	False	E1_not_chimeric_single_uniprot;E8_target_modelled=0<80;E9_target_disorder=1.00>0.2
3M4B_1	BRIL	None	None	X-RAY DIFFRACTION	2.5	106	0	106	1.0	0.0	1.0	True	False	E1_not_chimeric_single_uniprot;E8_target_modelled=0<80;E9_target_disorder=1.00>0.2
3M15_1	BRIL	None	None	X-RAY DIFFRACTION	2.6	106	0	106	1.0	0.0	1.0	True	False	E1_not_chimeric_single_uniprot;E8_target_modelled=0<80;E9_target_disorder=1.00>0.2
3L1M_1	BRIL	None	None	X-RAY DIFFRACTION	2.3	106	0	106	1.0	0.0	1.0	True	False	E1_not_chimeric_single_uniprot;E8_target_modelled=0<80;E9_target_disorder=1.00>0.2
3IQ6_1	BRIL	None	None	X-RAY DIFFRACTION	2.35	106	0	106	1.0	0.0	1.0	True	False	E1_not_chimeric_single_uniprot;E8_target_modelled=0<80;E9_target_disorder=1.00>0.2
3IQ5_1	BRIL	None	None	X-RAY DIFFRACTION	2.05	106	0	106	1.0	0.0	1.0	True	False	E1_not_chimeric_single_uniprot;E8_target_modelled=0<80;E9_target_disorder=1.00>0.2
4YAY_1	BRIL	P30556	TERMINAL_N	X-RAY DIFFRACTION	2.9	414	285	104	0.0656	0.0095	0.9898	False	False	
5IUB_1	BRIL	P29274	INTERNAL_INSERTION	X-RAY DIFFRACTION	2.1	433	294	90	0.0329	0.1429	0.9897	False	False	
5IUA_1	BRIL	P29274	INTERNAL_INSERTION	X-RAY DIFFRACTION	2.2	433	295	90	0.0296	0.1509	0.9923	False	False	
5IU8_1	BRIL	P29274	INTERNAL_INSERTION	X-RAY DIFFRACTION	2.002	433	294	90	0.0329	0.1509	0.9922	False	False	
5IU7_1	BRIL	P29274	INTERNAL_INSERTION	X-RAY DIFFRACTION	1.9	433	296	90	0.0263	0.1429	0.9847	False	False	
5IU4_1	BRIL	P29274	INTERNAL_INSERTION	X-RAY DIFFRACTION	1.72	433	294	90	0.0423	0.1429	0.9897	False	False	
5DHH_1	BRIL	P41146	TERMINAL_N	X-RAY DIFFRACTION	3.004	424	282	0	0.0505	1.0	1.0	True	False	E7_fusion_modelled=0<50;E9_fusion_disorder=1.00>0.2
5DHG_1	BRIL	P41146	TERMINAL_N	X-RAY DIFFRACTION	3.0	424	281	0	0.0539	1.0	1.0	True	False	E7_fusion_modelled=0<50;E9_fusion_disorder=1.00>0.2
5BU7_1	BRIL	None	None	X-RAY DIFFRACTION	2.46	106	0	106	1.0	0.0	1.0	True	False	E1_not_chimeric_single_uniprot;E8_target_modelled=0<80;E9_target_disorder=1.00>0.2
5AWI_1	BRIL	None	None	X-RAY DIFFRACTION	1.85	106	0	106	1.0	0.0	1.0	True	False	E1_not_chimeric_single_uniprot;E8_target_modelled=0<80;E9_target_disorder=1.00>0.2
4ZUD_1	BRIL	P30556	TERMINAL_N	X-RAY DIFFRACTION	2.8	410	268	105	0.1096	0.0094	0.992	False	False	
4Z36_1	BRIL	Q92633	INTERNAL_INSERTION	X-RAY DIFFRACTION	2.9	459	289	90	0.0677	0.0217	0.9921	False	False	
4Z35_1	BRIL	Q92633	INTERNAL_INSERTION	X-RAY DIFFRACTION	2.9	464	289	90	0.0677	0.0722	0.9921	False	False	
4Z34_1	BRIL	Q92633	INTERNAL_INSERTION	X-RAY DIFFRACTION	3.0	464	292	90	0.0581	0.0722	0.9922	False	False	
4U9E_1	BRIL	None	None	X-RAY DIFFRACTION	2.8	106	0	91	1.0	0.1415	1.0	True	False	E1_not_chimeric_single_uniprot;E8_target_modelled=0<80;E9_target_disorder=1.00>0.2
4U9D_1	BRIL	None	None	X-RAY DIFFRACTION	2.5	106	0	106	1.0	0.0	1.0	True	False	E1_not_chimeric_single_uniprot;E8_target_modelled=0<80;E9_target_disorder=1.00>0.2
4RWD_1	BRIL	P41143	TERMINAL_N	X-RAY DIFFRACTION	2.7	411	295	106	0.0167	0.0	1.0	False	False	
4RWA_1	BRIL	P41143	TERMINAL_N	X-RAY DIFFRACTION	3.28	411	286	105	0.0467	0.0094	1.0	False	False	
4QIN_1	BRIL	Q99835	INTERNAL_INSERTION	X-RAY DIFFRACTION	2.6	468	341	106	0.0501	0.0	1.0	False	False	
4QIM_1	BRIL	Q99835	INTERNAL_INSERTION	X-RAY DIFFRACTION	2.61	468	351	106	0.0223	0.0	1.0	False	False	
4PY0_1	BRIL	Q9H244	INTERNAL_INSERTION	X-RAY DIFFRACTION	3.1	466	283	106	0.1701	0.0	1.0	False	False	
4PXZ_1	BRIL	Q9H244	INTERNAL_INSERTION	X-RAY DIFFRACTION	2.5	466	286	106	0.1613	0.0	1.0	False	False	
4OR2_1	BRIL	Q13255	TERMINAL_N	X-RAY DIFFRACTION	2.8	389	255	105	0.0893	0.0094	1.0	False	False	
4O9R_1	BRIL	Q99835	INTERNAL_INSERTION	X-RAY DIFFRACTION	3.204	468	335	106	0.0669	0.0	1.0	False	False	
4NTJ_1	BRIL	Q9H244	INTERNAL_INSERTION	X-RAY DIFFRACTION	2.62	466	273	96	0.1994	0.0943	1.0	False	False	
5L31_1	BRIL	None	None	X-RAY DIFFRACTION	2.4	106	0	106	1.0	0.0	1.0	True	False	E1_not_chimeric_single_uniprot;E8_target_modelled=0<80;E9_target_disorder=1.00>0.2
5L7D_1	BRIL	Q99835	INTERNAL_INSERTION	X-RAY DIFFRACTION	3.2	638	478	97	0.0627	0.0762	0.9779	False	False	
5L7I_1	BRIL	Q99835	INTERNAL_INSERTION	X-RAY DIFFRACTION	3.3	638	462	89	0.0941	0.1524	0.977	False	False	
5NLX_1	BRIL	P29274	INTERNAL_INSERTION	X-RAY DIFFRACTION	2.14	433	293	86	0.0425	0.181	0.9921	False	False	
5OLG_1	BRIL	P29274	INTERNAL_INSERTION	X-RAY DIFFRACTION	1.87	434	294	92	0.0392	0.1238	0.9897	False	False	
5OLZ_1	BRIL	P29274	INTERNAL_INSERTION	X-RAY DIFFRACTION	1.9	434	294	90	0.0392	0.1509	0.9922	False	False	
5OLV_1	BRIL	P29274	INTERNAL_INSERTION	X-RAY DIFFRACTION	1.998	434	294	91	0.0392	0.1415	0.9923	False	False	
5OLO_1	BRIL	P29274	INTERNAL_INSERTION	X-RAY DIFFRACTION	3.1	434	294	87	0.0423	0.1714	0.9896	False	False	
5OLH_1	BRIL	P29274	INTERNAL_INSERTION	X-RAY DIFFRACTION	2.6	434	294	93	0.0392	0.1226	0.9923	False	False	
5NM4_1	BRIL	P29274	INTERNAL_INSERTION	X-RAY DIFFRACTION	1.7	433	293	86	0.0425	0.181	0.9921	False	False	
5NM2_1	BRIL	P29274	INTERNAL_INSERTION	X-RAY DIFFRACTION	1.948	433	294	90	0.0392	0.1429	0.9897	False	False	
5NJ6_1	BRIL	P55085	INTERNAL_INSERTION	X-RAY DIFFRACTION	4.0	437	295	105	0.0694	0.0	0.9975	False	False	E3_resolution=4.00>3.5
5NDZ_1	BRIL	None	None	X-RAY DIFFRACTION	3.6	619	0	105	1.0	0.0	0.1888	True	False	E1_multi_uniprot_n=3;E3_resolution=3.60>3.5;E6_align_coverage=0.19<0.8;E8_target_modelled=0<80;E9_target_disorder=1.00>0.2
5NDD_1	BRIL	None	None	X-RAY DIFFRACTION	2.801	619	0	105	1.0	0.0	0.1852	True	False	E1_multi_uniprot_n=3;E6_align_coverage=0.19<0.8;E8_target_modelled=0<80;E9_target_disorder=1.00>0.2
5N2S_1	BRIL	P30542	TERMINAL_N	X-RAY DIFFRACTION	3.303	436	280	103	0.1054	0.0283	1.0	False	False	
5N2R_1	BRIL	P29274	INTERNAL_INSERTION	X-RAY DIFFRACTION	2.8	433	294	90	0.0423	0.1429	0.9897	False	False	
5MZP_1	BRIL	P29274	INTERNAL_INSERTION	X-RAY DIFFRACTION	2.1	433	294	93	0.0392	0.1226	0.9949	False	False	
5MZJ_1	BRIL	P29274	INTERNAL_INSERTION	X-RAY DIFFRACTION	2.0	434	294	90	0.0423	0.1509	0.9948	False	False	
5L32_1	BRIL	None	None	X-RAY DIFFRACTION	2.1	106	0	106	1.0	0.0	1.0	True	False	E1_not_chimeric_single_uniprot;E8_target_modelled=0<80;E9_target_disorder=1.00>0.2
5L31_2	BRIL	None	None	X-RAY DIFFRACTION	2.4	106	0	106	1.0	0.0	1.0	True	False	E1_not_chimeric_single_uniprot;E8_target_modelled=0<80;E9_target_disorder=1.00>0.2
5K2D_1	BRIL	P29274	INTERNAL_INSERTION	X-RAY DIFFRACTION	1.9	447	297	94	0.0262	0.1132	0.9899	False	False	
5K2C_1	BRIL	P29274	INTERNAL_INSERTION	X-RAY DIFFRACTION	1.9	447	297	95	0.0262	0.1038	0.9899	False	False	
5K2B_1	BRIL	P29274	INTERNAL_INSERTION	X-RAY DIFFRACTION	2.5	447	297	93	0.0262	0.1226	0.9898	False	False	
5K2A_1	BRIL	P29274	INTERNAL_INSERTION	X-RAY DIFFRACTION	2.5	447	297	97	0.0262	0.0849	0.9899	False	False	
5JTB_1	BRIL	P29274	INTERNAL_INSERTION	X-RAY DIFFRACTION	2.8	447	296	89	0.0295	0.1604	0.9923	False	False	
5ZKB_1	BRIL	P08172	INTERNAL_INSERTION	X-RAY DIFFRACTION	2.95	421	281	99	0.057	0.0571	0.9974	False	False	
5ZK8_1	BRIL	P08172	INTERNAL_INSERTION	X-RAY DIFFRACTION	3.0	421	273	95	0.0839	0.0952	0.9973	False	False	
5ZK3_1	BRIL	P08172	INTERNAL_INSERTION	X-RAY DIFFRACTION	2.6	421	274	105	0.0805	0.0	0.9974	False	False	
5YO6_1	BRIL	None	None	X-RAY DIFFRACTION	1.204	106	0	106	1.0	0.0	1.0	True	False	E1_not_chimeric_single_uniprot;E8_target_modelled=0<80;E9_target_disorder=1.00>0.2
5YO5_1	BRIL	None	None	X-RAY DIFFRACTION	2.2	107	0	106	1.0	0.0	0.9907	True	False	E1_not_chimeric_single_uniprot;E8_target_modelled=0<80;E9_target_disorder=1.00>0.2
5YO4_1	BRIL	None	None	X-RAY DIFFRACTION	1.37	106	0	106	1.0	0.0	1.0	True	False	E1_not_chimeric_single_uniprot;E8_target_modelled=0<80;E9_target_disorder=1.00>0.2
5YO3_1	BRIL	None	None	X-RAY DIFFRACTION	1.7	107	0	106	1.0	0.0	0.9907	True	False	E1_not_chimeric_single_uniprot;E8_target_modelled=0<80;E9_target_disorder=1.00>0.2
5YM7_1	BRIL	None	None	X-RAY DIFFRACTION	1.56225177343	106	0	106	1.0	0.0	1.0	True	False	E1_not_chimeric_single_uniprot;E8_target_modelled=0<80;E9_target_disorder=1.00>0.2
5YC8_1	BRIL	P08172	INTERNAL_INSERTION	X-RAY DIFFRACTION	2.5	421	278	105	0.0671	0.0	0.9974	False	False	
5XZJ_1	BRIL	None	None	X-RAY DIFFRACTION	1.98	106	0	106	1.0	0.0	1.0	True	False	E1_not_chimeric_single_uniprot;E8_target_modelled=0<80;E9_target_disorder=1.00>0.2
5XZI_1	BRIL	None	None	X-RAY DIFFRACTION	2.65	106	0	106	1.0	0.0	1.0	True	False	E1_not_chimeric_single_uniprot;E8_target_modelled=0<80;E9_target_disorder=1.00>0.2
5XJM_1	BRIL	P50052	INTERNAL_INSERTION	X-RAY DIFFRACTION	3.2	422	283	92	0.0841	0.1321	1.0	False	False	
5WIV_1	BRIL	P21917	INTERNAL_INSERTION	X-RAY DIFFRACTION	2.143	422	274	105	0.1246	0.0	1.0	False	False	
5WIU_1	BRIL	P21917	INTERNAL_INSERTION	X-RAY DIFFRACTION	1.962	422	270	103	0.1374	0.019	1.0	False	False	
5VRA_1	BRIL	P29274	INTERNAL_INSERTION	X-RAY DIFFRACTION	2.35	447	296	91	0.0295	0.1415	0.9923	False	False	
5UVI_1	BRIL	P29274	INTERNAL_INSERTION	X-RAY DIFFRACTION	3.2	447	297	90	0.0262	0.1509	0.9898	False	False	
5UNH_1	BRIL	P50052	TERMINAL_N	X-RAY DIFFRACTION	2.9	411	279	106	0.0731	0.0	1.0	False	False	
5UNG_1	BRIL	P50052	TERMINAL_N	X-RAY DIFFRACTION	2.8	411	300	106	0.0033	0.0	0.9902	False	False	
5UNF_1	BRIL	P50052	TERMINAL_N	X-RAY DIFFRACTION	2.8	411	286	100	0.0498	0.0566	1.0	False	False	
5UIG_1	BRIL	P29274	INTERNAL_INSERTION	X-RAY DIFFRACTION	3.5	444	288	99	0.0588	0.066	1.0	False	False	
5UEN_1	BRIL	P30542	INTERNAL_INSERTION	X-RAY DIFFRACTION	3.2	416	292	78	0.0068	0.2571	0.9635	True	True	E9_fusion_disorder=0.26>0.2
5TVN_1	BRIL	P41595	INTERNAL_INSERTION	X-RAY DIFFRACTION	2.9	402	294	99	0.0101	0.0571	1.0	False	False	
5TUD_1	BRIL	P41595	INTERNAL_INSERTION	X-RAY DIFFRACTION	3.0	457	279	94	0.0852	0.1132	1.0	False	False	
5OM4_1	BRIL	P29274	INTERNAL_INSERTION	X-RAY DIFFRACTION	2.0	434	296	90	0.0327	0.1509	0.9923	False	False	
5OM1_1	BRIL	P29274	INTERNAL_INSERTION	X-RAY DIFFRACTION	2.1	434	294	90	0.0392	0.1509	0.9897	False	False	
6A93_1	BRIL	P28223	INTERNAL_INSERTION	X-RAY DIFFRACTION	3.0	376	283	81	0.0139	0.0	0.9838	False	False	
6A94_1	BRIL	P28223	INTERNAL_INSERTION	X-RAY DIFFRACTION	2.9	376	283	81	0.0139	0.0	0.9838	False	False	
6DYB_1	BRIL	None	None	X-RAY DIFFRACTION	2.75	106	0	106	1.0	0.0	1.0	True	False	E1_not_chimeric_single_uniprot;E8_target_modelled=0<80;E9_target_disorder=1.00>0.2
6DY8_1	BRIL	None	None	X-RAY DIFFRACTION	1.9	106	0	106	1.0	0.0	1.0	True	False	E1_not_chimeric_single_uniprot;E8_target_modelled=0<80;E9_target_disorder=1.00>0.2
6DY6_1	BRIL	None	None	X-RAY DIFFRACTION	1.8	106	0	106	1.0	0.0	1.0	True	False	E1_not_chimeric_single_uniprot;E8_target_modelled=0<80;E9_target_disorder=1.00>0.2
6DY4_1	BRIL	None	None	X-RAY DIFFRACTION	1.9	106	0	106	1.0	0.0	1.0	True	False	E1_not_chimeric_single_uniprot;E8_target_modelled=0<80;E9_target_disorder=1.00>0.2
6DS0_1	BRIL	P41595	INTERNAL_INSERTION	X-RAY DIFFRACTION	3.188	410	283	85	0.0691	0.1981	1.0	False	False	
6DRZ_1	BRIL	P41595	INTERNAL_INSERTION	X-RAY DIFFRACTION	3.102	411	295	88	0.0328	0.1287	0.9871	False	False	
6DRY_1	BRIL	P41595	INTERNAL_INSERTION	X-RAY DIFFRACTION	2.918	411	290	95	0.0492	0.0594	0.9872	False	False	
6DRX_1	BRIL	P41595	INTERNAL_INSERTION	X-RAY DIFFRACTION	3.1	410	286	77	0.0592	0.2376	0.9864	True	True	E9_fusion_disorder=0.24>0.2
6DO1_1	BRIL	P30556	INTERNAL_INSERTION	X-RAY DIFFRACTION	2.901	425	299	5	0.0597	0.9495	1.0	True	False	E7_fusion_modelled=5<50;E9_fusion_disorder=0.95>0.2
6DHZ_1	BRIL	None	None	X-RAY DIFFRACTION	2.8	106	0	106	1.0	0.0	1.0	True	False	E1_not_chimeric_single_uniprot;E8_target_modelled=0<80;E9_target_disorder=1.00>0.2
6DHY_1	BRIL	None	None	X-RAY DIFFRACTION	2.22	106	0	106	1.0	0.0	1.0	True	False	E1_not_chimeric_single_uniprot;E8_target_modelled=0<80;E9_target_disorder=1.00>0.2
6CMO_1	BRIL	P08100	TERMINAL_N	ELECTRON MICROSCOPY	4.5	463	321	0	0.0	1.0	0.9938	True	False	E3_resolution=4.50>3.5;E7_fusion_modelled=0<50;E9_fusion_disorder=1.00>0.2
6CC4_1	BRIL	P0AF16	TERMINAL_N	X-RAY DIFFRACTION	3.5	614	504	104	0.0079	0.0095	1.0	False	False	
6CBV_3	BRIL	None	None	X-RAY DIFFRACTION	1.872	106	0	103	1.0	0.0283	1.0	True	False	E1_not_chimeric_single_uniprot;E8_target_modelled=0<80;E9_target_disorder=1.00>0.2
6C1R_1	BRIL	P21730	TERMINAL_N	X-RAY DIFFRACTION	2.2	422	290	81	0.0397	0.2358	1.0	True	True	E9_fusion_disorder=0.24>0.2
6C1Q_1	BRIL	P21730	TERMINAL_N	X-RAY DIFFRACTION	2.9	422	284	90	0.0596	0.1509	1.0	False	False	
6BQH_1	BRIL	P28335	INTERNAL_INSERTION	X-RAY DIFFRACTION	2.7	452	287	64	0.0401	0.3962	1.0	True	True	E9_fusion_disorder=0.40>0.2
6BQG_1	BRIL	P28335	INTERNAL_INSERTION	X-RAY DIFFRACTION	3.0	452	286	92	0.0435	0.1321	1.0	False	False	
6B73_1	BRIL	P41145	TERMINAL_N	X-RAY DIFFRACTION	3.1	418	278	1	0.0885	0.9906	0.9929	True	False	E7_fusion_modelled=1<50;E9_fusion_disorder=0.99>0.2
6AQF_1	BRIL	P29274	INTERNAL_INSERTION	X-RAY DIFFRACTION	2.51	432	295	91	0.0328	0.1415	0.9897	False	False	
6AK3_1	BRIL	P43115	TERMINAL_C	X-RAY DIFFRACTION	2.9	418	266	5	0.1609	0.9398	0.9963	True	False	E7_fusion_modelled=5<50;E9_fusion_disorder=0.94>0.2
6AI5_1	BRIL	None	None	X-RAY DIFFRACTION	1.81	106	0	106	1.0	0.0	1.0	True	False	E1_not_chimeric_single_uniprot;E8_target_modelled=0<80;E9_target_disorder=1.00>0.2
5ZKC_1	BRIL	P08172	INTERNAL_INSERTION	X-RAY DIFFRACTION	2.3	421	278	105	0.0671	0.0	0.9974	False	False	
6ME6_1	BRIL	None	None	X-RAY DIFFRACTION	2.8	460	0	106	1.0	0.0	0.2366	True	False	E1_multi_uniprot_n=3;E6_align_coverage=0.24<0.8;E8_target_modelled=0<80;E9_target_disorder=1.00>0.2
6M98_1	BRIL	C0HAK2	INTERNAL_INSERTION	X-RAY DIFFRACTION	3.21	234	111	93	0.075	0.1143	1.0	False	False	
6M97_1	BRIL	C0HAK2	INTERNAL_INSERTION	X-RAY DIFFRACTION	3.03	234	115	93	0.0336	0.1226	1.0	False	False	
6LW5_1	BRIL	P25090	TERMINAL_N	X-RAY DIFFRACTION	2.8	427	320	106	0.0	0.0	0.9977	False	False	
6LPL_1	BRIL	P29274	INTERNAL_INSERTION	X-RAY DIFFRACTION	2.0	447	296	91	0.0295	0.1415	0.9923	False	False	
6LPK_1	BRIL	P29274	INTERNAL_INSERTION	X-RAY DIFFRACTION	1.8	447	296	91	0.0295	0.1415	0.9923	False	False	
6LPJ_1	BRIL	P29274	INTERNAL_INSERTION	X-RAY DIFFRACTION	1.8	447	296	91	0.0295	0.1415	0.9923	False	False	
6KO5_1	BRIL	Q92847	TERMINAL_N	X-RAY DIFFRACTION	3.3	424	293	105	0.0786	0.0094	1.0	False	False	
6JZH_1	BRIL	P29274	INTERNAL_INSERTION	X-RAY DIFFRACTION	2.25	447	297	90	0.0262	0.1509	0.9923	False	False	
6JOD_3	BRIL	None	None	X-RAY DIFFRACTION	3.2	86	0	59	1.0	0.2625	1.0	True	False	E1_not_chimeric_single_uniprot;E8_target_modelled=0<80;E9_fusion_disorder=0.26>0.2;E9_target_disorder=1.00>0.2
6IQL_1	BRIL	P51436	INTERNAL_INSERTION	X-RAY DIFFRACTION	3.5	396	251	89	0.1068	0.1442	0.9971	False	False	
6IIV_1	BRIL	None	None	X-RAY DIFFRACTION	3.0	484	0	106	1.0	0.0	0.2299	True	False	E1_multi_uniprot_n=3;E6_align_coverage=0.23<0.8;E8_target_modelled=0<80;E9_target_disorder=1.00>0.2
6IIU_1	BRIL	None	None	X-RAY DIFFRACTION	2.5	484	0	106	1.0	0.0	0.2304	True	False	E1_multi_uniprot_n=3;E6_align_coverage=0.23<0.8;E8_target_modelled=0<80;E9_target_disorder=1.00>0.2
6GT3_1	BRIL	P29274	INTERNAL_INSERTION	X-RAY DIFFRACTION	2.0	433	294	90	0.0392	0.1429	0.9897	False	False	
6G7O_1	BRIL	Q9NUN7	TERMINAL_C	X-RAY DIFFRACTION	2.7	350	243	105	0.0	0.0	0.9943	False	False	
6DYL_1	BRIL	None	None	X-RAY DIFFRACTION	1.691	106	0	106	1.0	0.0	1.0	True	False	E1_not_chimeric_single_uniprot;E8_target_modelled=0<80;E9_target_disorder=1.00>0.2
6DYK_1	BRIL	None	None	X-RAY DIFFRACTION	1.955	106	0	106	1.0	0.0	1.0	True	False	E1_not_chimeric_single_uniprot;E8_target_modelled=0<80;E9_target_disorder=1.00>0.2
6DYJ_1	BRIL	None	None	X-RAY DIFFRACTION	1.96	106	0	106	1.0	0.0	1.0	True	False	E1_not_chimeric_single_uniprot;E8_target_modelled=0<80;E9_target_disorder=1.00>0.2
6DYI_1	BRIL	None	None	X-RAY DIFFRACTION	1.964	106	0	106	1.0	0.0	1.0	True	False	E1_not_chimeric_single_uniprot;E8_target_modelled=0<80;E9_target_disorder=1.00>0.2
6DYH_1	BRIL	None	None	X-RAY DIFFRACTION	1.83	106	0	106	1.0	0.0	1.0	True	False	E1_not_chimeric_single_uniprot;E8_target_modelled=0<80;E9_target_disorder=1.00>0.2
6DYG_1	BRIL	None	None	X-RAY DIFFRACTION	1.49	106	0	106	1.0	0.0	1.0	True	False	E1_not_chimeric_single_uniprot;E8_target_modelled=0<80;E9_target_disorder=1.00>0.2
6DYF_1	BRIL	None	None	X-RAY DIFFRACTION	1.1	106	0	106	1.0	0.0	1.0	True	False	E1_not_chimeric_single_uniprot;E8_target_modelled=0<80;E9_target_disorder=1.00>0.2
6DYE_1	BRIL	None	None	X-RAY DIFFRACTION	2.25	106	0	106	1.0	0.0	1.0	True	False	E1_not_chimeric_single_uniprot;E8_target_modelled=0<80;E9_target_disorder=1.00>0.2
6DYD_1	BRIL	None	None	X-RAY DIFFRACTION	1.724	106	0	106	1.0	0.0	1.0	True	False	E1_not_chimeric_single_uniprot;E8_target_modelled=0<80;E9_target_disorder=1.00>0.2
6DYC_1	BRIL	None	None	X-RAY DIFFRACTION	1.33	106	0	106	1.0	0.0	1.0	True	False	E1_not_chimeric_single_uniprot;E8_target_modelled=0<80;E9_target_disorder=1.00>0.2
6OT9_1	BRIL	None	None	X-RAY DIFFRACTION	2.4	106	0	106	1.0	0.0	1.0	True	False	E1_not_chimeric_single_uniprot;E8_target_modelled=0<80;E9_target_disorder=1.00>0.2
6WHA_1	BRIL	P28223	TERMINAL_N	ELECTRON MICROSCOPY	3.36	497	244	0	0.2802	1.0	1.0	True	False	E7_fusion_modelled=0<50;E9_fusion_disorder=1.00>0.2;E9_target_disorder=0.28>0.2
6WH4_1	BRIL	P28223	INTERNAL_INSERTION	X-RAY DIFFRACTION	3.4	448	281	97	0.0475	0.0849	1.0	False	False	
6WGT_1	BRIL	P28223	INTERNAL_INSERTION	X-RAY DIFFRACTION	3.4	448	278	99	0.0576	0.066	1.0	False	False	
6USF_1	BRIL	P43681	INTERNAL_INSERTION	ELECTRON MICROSCOPY	3.87	486	361	101	0.027	0.0	0.9957	False	False	E3_resolution=3.87>3.5
6UR8_1	BRIL	P43681	INTERNAL_INSERTION	ELECTRON MICROSCOPY	3.71	487	362	0	0.0398	1.0	1.0	True	False	E3_resolution=3.71>3.5;E7_fusion_modelled=0<50;E9_fusion_disorder=1.00>0.2
6S0Q_1	BRIL	P29274	INTERNAL_INSERTION	X-RAY DIFFRACTION	2.65	433	294	90	0.0392	0.1429	0.9897	False	False	
6RZ9_1	BRIL	Q9NS75	INTERNAL_INSERTION	X-RAY DIFFRACTION	2.73	405	280	83	0.0635	0.217	1.0	True	True	E9_fusion_disorder=0.22>0.2
6RZ8_1	BRIL	Q9NS75	INTERNAL_INSERTION	X-RAY DIFFRACTION	2.7	405	269	97	0.1003	0.0849	1.0	False	False	
6RZ7_1	BRIL	Q9NS75	INTERNAL_INSERTION	X-RAY DIFFRACTION	2.43	405	274	86	0.0836	0.1887	1.0	False	False	
6RZ6_1	BRIL	Q9NS75	INTERNAL_INSERTION	X-RAY DIFFRACTION	2.43	405	282	83	0.0569	0.217	1.0	True	True	E9_fusion_disorder=0.22>0.2
6RZ5_1	BRIL	Q9Y271	INTERNAL_INSERTION	X-RAY DIFFRACTION	2.53	423	284	83	0.0868	0.2095	0.9946	True	True	E9_fusion_disorder=0.21>0.2
6RZ4_1	BRIL	Q9Y271	INTERNAL_INSERTION	X-RAY DIFFRACTION	2.7	423	288	105	0.074	0.0	0.9949	False	False	
6PS7_1	BRIL	P29274	INTERNAL_INSERTION	X-RAY DIFFRACTION	1.85	442	297	91	0.0262	0.1415	0.9898	False	False	
6OVH_1	BRIL	None	None	ELECTRON MICROSCOPY	2.6	106	0	106	1.0	0.0	1.0	True	False	E1_not_chimeric_single_uniprot;E8_target_modelled=0<80;E9_target_disorder=1.00>0.2
6OT8_1	BRIL	None	None	X-RAY DIFFRACTION	1.5	106	0	106	1.0	0.0	1.0	True	False	E1_not_chimeric_single_uniprot;E8_target_modelled=0<80;E9_target_disorder=1.00>0.2
6OT7_1	BRIL	None	None	X-RAY DIFFRACTION	1.85	106	0	106	1.0	0.0	1.0	True	False	E1_not_chimeric_single_uniprot;E8_target_modelled=0<80;E9_target_disorder=1.00>0.2
6OT4_1	BRIL	None	None	X-RAY DIFFRACTION	1.4	106	0	106	1.0	0.0	1.0	True	False	E1_not_chimeric_single_uniprot;E8_target_modelled=0<80;E9_target_disorder=1.00>0.2
6OS2_1	BRIL	P30556	INTERNAL_INSERTION	X-RAY DIFFRACTION	2.7	425	305	75	0.0409	0.2424	1.0	True	True	E9_fusion_disorder=0.24>0.2
6OS1_1	BRIL	P30556	INTERNAL_INSERTION	X-RAY DIFFRACTION	2.794	425	305	76	0.0409	0.2323	1.0	True	True	E9_fusion_disorder=0.23>0.2
6OS0_1	BRIL	P30556	INTERNAL_INSERTION	X-RAY DIFFRACTION	2.9	425	306	89	0.0377	0.101	1.0	False	False	
6MH8_1	BRIL	P29274	INTERNAL_INSERTION	X-RAY DIFFRACTION	4.2	447	297	89	0.0262	0.1524	0.9872	False	False	E3_resolution=4.20>3.5
6ME9_1	BRIL	None	None	X-RAY DIFFRACTION	3.3	460	0	106	1.0	0.0	0.2366	True	False	E1_multi_uniprot_n=3;E6_align_coverage=0.24<0.8;E8_target_modelled=0<80;E9_target_disorder=1.00>0.2
6ME8_1	BRIL	None	None	X-RAY DIFFRACTION	3.1	460	0	106	1.0	0.0	0.2361	True	False	E1_multi_uniprot_n=3;E6_align_coverage=0.24<0.8;E8_target_modelled=0<80;E9_target_disorder=1.00>0.2
6ME7_1	BRIL	None	None	X-RAY DIFFRACTION	3.2	460	0	106	1.0	0.0	0.2366	True	False	E1_multi_uniprot_n=3;E6_align_coverage=0.24<0.8;E8_target_modelled=0<80;E9_target_disorder=1.00>0.2
6WZ2_1	BRIL	None	None	X-RAY DIFFRACTION	2.0006	106	0	106	1.0	0.0	1.0	True	False	E1_not_chimeric_single_uniprot;E8_target_modelled=0<80;E9_target_disorder=1.00>0.2
6WZC_1	BRIL	None	None	X-RAY DIFFRACTION	2.195	106	0	106	1.0	0.0	1.0	True	False	E1_not_chimeric_single_uniprot;E8_target_modelled=0<80;E9_target_disorder=1.00>0.2
6X8X_1	BRIL	None	None	X-RAY DIFFRACTION	2.505	106	0	106	1.0	0.0	1.0	True	False	E1_not_chimeric_single_uniprot;E8_target_modelled=0<80;E9_target_disorder=1.00>0.2
7E2X_4	BRIL	P08908	TERMINAL_N	ELECTRON MICROSCOPY	3.0	543	278	0	0.3015	1.0	1.0	True	False	E7_fusion_modelled=0<50;E9_fusion_disorder=1.00>0.2;E9_target_disorder=0.30>0.2
7E2Z_4	BRIL	P08908	TERMINAL_N	ELECTRON MICROSCOPY	3.1	543	278	0	0.3015	1.0	1.0	True	False	E7_fusion_modelled=0<50;E9_fusion_disorder=1.00>0.2;E9_target_disorder=0.30>0.2
7E2Y_4	BRIL	P08908	TERMINAL_N	ELECTRON MICROSCOPY	3.0	543	276	0	0.3065	1.0	1.0	True	False	E7_fusion_modelled=0<50;E9_fusion_disorder=1.00>0.2;E9_target_disorder=0.31>0.2
7DFP_1	BRIL	P14416	INTERNAL_INSERTION	X-RAY DIFFRACTION	3.1	360	254	79	0.0487	0.0125	0.994	False	False	
7CMV_5	BRIL	P35462	TERMINAL_N	ELECTRON MICROSCOPY	2.7	545	272	0	0.32	1.0	1.0	True	False	E7_fusion_modelled=0<50;E9_fusion_disorder=1.00>0.2;E9_target_disorder=0.32>0.2
7CMU_5	BRIL	P35462	TERMINAL_N	ELECTRON MICROSCOPY	3.0	545	272	0	0.32	1.0	1.0	True	False	E7_fusion_modelled=0<50;E9_fusion_disorder=1.00>0.2;E9_target_disorder=0.32>0.2
7C6A_3	BRIL	P50052	INTERNAL_INSERTION	X-RAY DIFFRACTION	3.4	422	281	92	0.0906	0.1321	1.0	False	False	
7C61_3	BRIL	P28222	INTERNAL_INSERTION	X-RAY DIFFRACTION	3.0	399	265	97	0.0925	0.0849	1.0	False	False	
7BW0_1	BRIL	Q8TDU6	TERMINAL_N	ELECTRON MICROSCOPY	3.9	427	280	0	0.0728	1.0	1.0	True	False	E3_resolution=3.90>3.5;E7_fusion_modelled=0<50;E9_fusion_disorder=1.00>0.2
7ARO_1	BRIL	P29274	INTERNAL_INSERTION	X-RAY DIFFRACTION	3.119	433	294	84	0.0392	0.2075	0.9921	True	True	E9_fusion_disorder=0.21>0.2
6ZDV_1	BRIL	P29274	INTERNAL_INSERTION	X-RAY DIFFRACTION	2.13	433	294	85	0.0392	0.1905	0.9921	False	False	
6ZDR_1	BRIL	P29274	INTERNAL_INSERTION	X-RAY DIFFRACTION	1.918	433	294	86	0.0392	0.181	0.9922	False	False	
6X7E_1	BRIL	None	None	X-RAY DIFFRACTION	1.9987	106	0	106	1.0	0.0	1.0	True	False	E1_not_chimeric_single_uniprot;E8_target_modelled=0<80;E9_target_disorder=1.00>0.2
6WZA_1	BRIL	None	None	X-RAY DIFFRACTION	2.5	106	0	106	1.0	0.0	1.0	True	False	E1_not_chimeric_single_uniprot;E8_target_modelled=0<80;E9_target_disorder=1.00>0.2
6WZ7_1	BRIL	None	None	X-RAY DIFFRACTION	2.3	106	0	106	1.0	0.0	1.0	True	False	E1_not_chimeric_single_uniprot;E8_target_modelled=0<80;E9_target_disorder=1.00>0.2
6WZ3_1	BRIL	None	None	X-RAY DIFFRACTION	1.8	106	0	106	1.0	0.0	1.0	True	False	E1_not_chimeric_single_uniprot;E8_target_modelled=0<80;E9_target_disorder=1.00>0.2
6WZ1_1	BRIL	None	None	X-RAY DIFFRACTION	1.999	106	0	106	1.0	0.0	1.0	True	False	E1_not_chimeric_single_uniprot;E8_target_modelled=0<80;E9_target_disorder=1.00>0.2
6WZ0_1	BRIL	None	None	X-RAY DIFFRACTION	1.7	106	0	106	1.0	0.0	1.0	True	False	E1_not_chimeric_single_uniprot;E8_target_modelled=0<80;E9_target_disorder=1.00>0.2
6WYU_1	BRIL	None	None	X-RAY DIFFRACTION	1.76	106	0	106	1.0	0.0	1.0	True	False	E1_not_chimeric_single_uniprot;E8_target_modelled=0<80;E9_target_disorder=1.00>0.2
6WWZ_6	BRIL	P51684	TERMINAL_N	ELECTRON MICROSCOPY	3.34	529	310	0	0.1689	1.0	1.0	True	False	E7_fusion_modelled=0<50;E9_fusion_disorder=1.00>0.2
6WW2_4	BRIL	Q13467	INTERNAL_INSERTION	ELECTRON MICROSCOPY	3.7	667	320	92	0.3701	0.1238	0.9694	True	False	E3_resolution=3.70>3.5;E9_target_disorder=0.37>0.2
6WQA_1	BRIL	P29274	INTERNAL_INSERTION	X-RAY DIFFRACTION	2.0	447	297	89	0.0262	0.1524	0.9872	False	False	
7INU_1	BRIL	P29274	INTERNAL_INSERTION	X-RAY DIFFRACTION	2.46	433	298	85	0.0261	0.1584	0.9821	False	False	
7INT_1	BRIL	P29274	INTERNAL_INSERTION	X-RAY DIFFRACTION	2.25	433	298	85	0.0261	0.1584	0.9821	False	False	
7INO_1	BRIL	P29274	INTERNAL_INSERTION	X-RAY DIFFRACTION	2.08	433	298	85	0.0261	0.1584	0.9821	False	False	
7INN_1	BRIL	P29274	INTERNAL_INSERTION	X-RAY DIFFRACTION	2.32	433	298	85	0.0261	0.1584	0.9821	False	False	
7INL_1	BRIL	P29274	INTERNAL_INSERTION	X-RAY DIFFRACTION	2.2	433	298	85	0.0261	0.1584	0.9821	False	False	
7INK_1	BRIL	P29274	INTERNAL_INSERTION	X-RAY DIFFRACTION	2.19	433	298	85	0.0261	0.1584	0.9821	False	False	
7INJ_1	BRIL	P29274	INTERNAL_INSERTION	X-RAY DIFFRACTION	2.1	433	298	85	0.0261	0.1584	0.9821	False	False	
7INI_1	BRIL	P29274	INTERNAL_INSERTION	X-RAY DIFFRACTION	2.57	433	298	85	0.0261	0.1584	0.9821	False	False	
7INH_1	BRIL	P29274	INTERNAL_INSERTION	X-RAY DIFFRACTION	2.3	433	298	85	0.0261	0.1584	0.9821	False	False	
7INF_1	BRIL	P29274	INTERNAL_INSERTION	X-RAY DIFFRACTION	2.26	433	298	85	0.0261	0.1584	0.9821	False	False	
7IND_1	BRIL	P29274	INTERNAL_INSERTION	X-RAY DIFFRACTION	2.67	433	298	85	0.0261	0.1584	0.9821	False	False	
7INC_1	BRIL	P29274	INTERNAL_INSERTION	X-RAY DIFFRACTION	2.18	433	298	85	0.0261	0.1584	0.9821	False	False	
7INA_1	BRIL	P29274	INTERNAL_INSERTION	X-RAY DIFFRACTION	2.15	433	298	85	0.0261	0.1584	0.9821	False	False	
7IN9_1	BRIL	P29274	INTERNAL_INSERTION	X-RAY DIFFRACTION	2.54	433	298	85	0.0261	0.1584	0.9821	False	False	
7F9Z_7	BRIL	Q92847	TERMINAL_N	ELECTRON MICROSCOPY	3.2	661	282	0	0.2295	1.0	1.0	True	False	E7_fusion_modelled=0<50;E9_fusion_disorder=1.00>0.2;E9_target_disorder=0.23>0.2
7F9Y_6	BRIL	Q92847	TERMINAL_N	ELECTRON MICROSCOPY	2.9	661	285	0	0.2213	1.0	1.0	True	False	E7_fusion_modelled=0<50;E9_fusion_disorder=1.00>0.2;E9_target_disorder=0.22>0.2
7F61_2	BRIL	None	None	X-RAY DIFFRACTION	2.6	147	0	106	1.0	0.0	1.0	True	False	E1_not_chimeric_single_uniprot;E8_target_modelled=0<80;E9_target_disorder=1.00>0.2
7F4I_5	BRIL	Q01726	TERMINAL_N	ELECTRON MICROSCOPY	3.1	621	266	0	0.1609	1.0	1.0	True	False	E7_fusion_modelled=0<50;E9_fusion_disorder=1.00>0.2
7F4H_5	BRIL	Q01726	TERMINAL_N	ELECTRON MICROSCOPY	2.7	621	267	0	0.1577	1.0	1.0	True	False	E7_fusion_modelled=0<50;E9_fusion_disorder=1.00>0.2
7F4F_2	BRIL	Q01726	TERMINAL_N	ELECTRON MICROSCOPY	2.9	621	269	0	0.1514	1.0	1.0	True	False	E7_fusion_modelled=0<50;E9_fusion_disorder=1.00>0.2
7F4D_5	BRIL	Q01726	TERMINAL_N	ELECTRON MICROSCOPY	3.0	621	263	0	0.1703	1.0	1.0	True	False	E7_fusion_modelled=0<50;E9_fusion_disorder=1.00>0.2
7EZC_1	BRIL	P29274	INTERNAL_INSERTION	X-RAY DIFFRACTION	3.8	431	286	86	0.037	0.1485	0.9867	False	False	E3_resolution=3.80>3.5
7EXD_5	BRIL	P30939	TERMINAL_N	ELECTRON MICROSCOPY	3.4	506	272	0	0.2568	1.0	1.0	True	False	E7_fusion_modelled=0<50;E9_fusion_disorder=1.00>0.2;E9_target_disorder=0.26>0.2
7E33_5	BRIL	P28566	TERMINAL_N	ELECTRON MICROSCOPY	2.9	504	257	0	0.294	1.0	1.0	True	False	E7_fusion_modelled=0<50;E9_fusion_disorder=1.00>0.2;E9_target_disorder=0.29>0.2
7E32_5	BRIL	P28221	TERMINAL_N	ELECTRON MICROSCOPY	2.9	516	285	0	0.242	1.0	1.0	True	False	E7_fusion_modelled=0<50;E9_fusion_disorder=1.00>0.2;E9_target_disorder=0.24>0.2
7IOK_1	BRIL	P29274	INTERNAL_INSERTION	X-RAY DIFFRACTION	2.3	433	298	85	0.0261	0.1584	0.9821	False	False	
7IOJ_1	BRIL	P29274	INTERNAL_INSERTION	X-RAY DIFFRACTION	2.26	433	298	85	0.0261	0.1584	0.9821	False	False	
7IOI_1	BRIL	P29274	INTERNAL_INSERTION	X-RAY DIFFRACTION	2.04	433	298	85	0.0261	0.1584	0.9821	False	False	
7IOH_1	BRIL	P29274	INTERNAL_INSERTION	X-RAY DIFFRACTION	2.07	433	298	85	0.0261	0.1584	0.9821	False	False	
7IOG_1	BRIL	P29274	INTERNAL_INSERTION	X-RAY DIFFRACTION	1.98	433	298	85	0.0261	0.1584	0.9821	False	False	
7IOF_1	BRIL	P29274	INTERNAL_INSERTION	X-RAY DIFFRACTION	1.9	433	294	85	0.0392	0.1584	0.9819	False	False	
7IOE_1	BRIL	P29274	INTERNAL_INSERTION	X-RAY DIFFRACTION	2.08	433	298	85	0.0261	0.1584	0.9821	False	False	
7IOD_1	BRIL	P29274	INTERNAL_INSERTION	X-RAY DIFFRACTION	2.4	433	298	85	0.0261	0.1584	0.9821	False	False	
7IOC_1	BRIL	P29274	INTERNAL_INSERTION	X-RAY DIFFRACTION	2.07	433	298	85	0.0261	0.1584	0.9821	False	False	
7IOB_1	BRIL	P29274	INTERNAL_INSERTION	X-RAY DIFFRACTION	2.11	433	298	85	0.0261	0.1584	0.9821	False	False	
7IOA_1	BRIL	P29274	INTERNAL_INSERTION	X-RAY DIFFRACTION	2.1	433	298	85	0.0261	0.1584	0.9821	False	False	
7IO9_1	BRIL	P29274	INTERNAL_INSERTION	X-RAY DIFFRACTION	1.91	433	298	85	0.0261	0.1584	0.9821	False	False	
7IO8_1	BRIL	P29274	INTERNAL_INSERTION	X-RAY DIFFRACTION	2.27	433	294	85	0.0392	0.1584	0.9819	False	False	
7IO7_1	BRIL	P29274	INTERNAL_INSERTION	X-RAY DIFFRACTION	2.23	433	298	85	0.0261	0.1584	0.9821	False	False	
7IO6_1	BRIL	P29274	INTERNAL_INSERTION	X-RAY DIFFRACTION	2.36	433	298	85	0.0261	0.1584	0.9821	False	False	
7IO5_1	BRIL	P29274	INTERNAL_INSERTION	X-RAY DIFFRACTION	1.84	433	298	85	0.0261	0.1584	0.9821	False	False	
7IO4_1	BRIL	P29274	INTERNAL_INSERTION	X-RAY DIFFRACTION	2.1	433	298	85	0.0261	0.1584	0.9821	False	False	
7IO3_1	BRIL	P29274	INTERNAL_INSERTION	X-RAY DIFFRACTION	2.22	433	298	85	0.0261	0.1584	0.9821	False	False	
7IO2_1	BRIL	P29274	INTERNAL_INSERTION	X-RAY DIFFRACTION	1.96	433	298	85	0.0261	0.1584	0.9821	False	False	
7IO1_1	BRIL	P29274	INTERNAL_INSERTION	X-RAY DIFFRACTION	2.25	433	298	85	0.0261	0.1584	0.9821	False	False	
7IO0_1	BRIL	P29274	INTERNAL_INSERTION	X-RAY DIFFRACTION	2.05	433	298	85	0.0261	0.1584	0.9821	False	False	
7INZ_1	BRIL	P29274	INTERNAL_INSERTION	X-RAY DIFFRACTION	2.41	433	298	85	0.0261	0.1584	0.9821	False	False	
7INY_1	BRIL	P29274	INTERNAL_INSERTION	X-RAY DIFFRACTION	2.36	433	298	85	0.0261	0.1584	0.9821	False	False	
7INX_1	BRIL	P29274	INTERNAL_INSERTION	X-RAY DIFFRACTION	2.31	433	298	85	0.0261	0.1584	0.9821	False	False	
7INW_1	BRIL	P29274	INTERNAL_INSERTION	X-RAY DIFFRACTION	2.59	433	298	85	0.0261	0.1584	0.9821	False	False	
7IOR_1	BRIL	P29274	INTERNAL_INSERTION	X-RAY DIFFRACTION	1.89	433	298	85	0.0261	0.1584	0.9821	False	False	
7IOS_1	BRIL	P29274	INTERNAL_INSERTION	X-RAY DIFFRACTION	2.38	433	298	85	0.0261	0.1584	0.9821	False	False	
7IPA_1	BRIL	P29274	INTERNAL_INSERTION	X-RAY DIFFRACTION	2.32	433	298	85	0.0261	0.1584	0.9821	False	False	
7IP9_1	BRIL	P29274	INTERNAL_INSERTION	X-RAY DIFFRACTION	2.1	433	298	85	0.0261	0.1584	0.9821	False	False	
7IP8_1	BRIL	P29274	INTERNAL_INSERTION	X-RAY DIFFRACTION	2.28	433	298	85	0.0261	0.1584	0.9821	False	False	
7IP7_1	BRIL	P29274	INTERNAL_INSERTION	X-RAY DIFFRACTION	2.32	433	298	85	0.0261	0.1584	0.9821	False	False	
7IP5_1	BRIL	P29274	INTERNAL_INSERTION	X-RAY DIFFRACTION	1.95	433	298	85	0.0261	0.1584	0.9821	False	False	
7IP4_1	BRIL	P29274	INTERNAL_INSERTION	X-RAY DIFFRACTION	2.04	433	298	85	0.0261	0.1584	0.9821	False	False	
7IP3_1	BRIL	P29274	INTERNAL_INSERTION	X-RAY DIFFRACTION	2.11	433	298	85	0.0261	0.1584	0.9821	False	False	
7IP2_1	BRIL	P29274	INTERNAL_INSERTION	X-RAY DIFFRACTION	2.13	433	298	85	0.0261	0.1584	0.9821	False	False	
7IP1_1	BRIL	P29274	INTERNAL_INSERTION	X-RAY DIFFRACTION	2.29	433	298	85	0.0261	0.1584	0.9821	False	False	
7IP0_1	BRIL	P29274	INTERNAL_INSERTION	X-RAY DIFFRACTION	1.99	433	298	85	0.0261	0.1584	0.9821	False	False	
7IOZ_1	BRIL	P29274	INTERNAL_INSERTION	X-RAY DIFFRACTION	1.88	433	298	85	0.0261	0.1584	0.9821	False	False	
7IOY_1	BRIL	P29274	INTERNAL_INSERTION	X-RAY DIFFRACTION	2.0	433	298	85	0.0261	0.1584	0.9821	False	False	
7IOX_1	BRIL	P29274	INTERNAL_INSERTION	X-RAY DIFFRACTION	2.15	433	298	85	0.0261	0.1584	0.9821	False	False	
7IOW_1	BRIL	P29274	INTERNAL_INSERTION	X-RAY DIFFRACTION	2.17	433	298	85	0.0261	0.1584	0.9821	False	False	
7IOV_1	BRIL	P29274	INTERNAL_INSERTION	X-RAY DIFFRACTION	2.3	433	298	85	0.0261	0.1584	0.9821	False	False	
7IOU_1	BRIL	P29274	INTERNAL_INSERTION	X-RAY DIFFRACTION	2.17	433	298	85	0.0261	0.1584	0.9821	False	False	
7IOT_1	BRIL	P29274	INTERNAL_INSERTION	X-RAY DIFFRACTION	2.31	433	298	85	0.0261	0.1584	0.9821	False	False	
7IOQ_1	BRIL	P29274	INTERNAL_INSERTION	X-RAY DIFFRACTION	2.26	433	298	85	0.0261	0.1584	0.9821	False	False	
7IOP_1	BRIL	P29274	INTERNAL_INSERTION	X-RAY DIFFRACTION	1.92	433	298	85	0.0261	0.1584	0.9821	False	False	
7IOO_1	BRIL	P29274	INTERNAL_INSERTION	X-RAY DIFFRACTION	2.01	433	298	85	0.0261	0.1584	0.9821	False	False	
7ION_1	BRIL	P29274	INTERNAL_INSERTION	X-RAY DIFFRACTION	2.14	433	298	85	0.0261	0.1584	0.9821	False	False	
7IOM_1	BRIL	P29274	INTERNAL_INSERTION	X-RAY DIFFRACTION	2.1	433	298	85	0.0261	0.1584	0.9821	False	False	
7IOL_1	BRIL	P29274	INTERNAL_INSERTION	X-RAY DIFFRACTION	2.81	433	298	85	0.0261	0.1584	0.9821	False	False	
7IPB_1	BRIL	P29274	INTERNAL_INSERTION	X-RAY DIFFRACTION	2.09	433	298	85	0.0261	0.1584	0.9821	False	False	
7IPC_1	BRIL	P29274	INTERNAL_INSERTION	X-RAY DIFFRACTION	1.87	433	298	85	0.0261	0.1584	0.9821	False	False	
7IPD_1	BRIL	P29274	INTERNAL_INSERTION	X-RAY DIFFRACTION	2.19	433	298	85	0.0261	0.1584	0.9821	False	False	
7IPE_1	BRIL	P29274	INTERNAL_INSERTION	X-RAY DIFFRACTION	1.84	433	298	85	0.0261	0.1584	0.9821	False	False	
7IPF_1	BRIL	P29274	INTERNAL_INSERTION	X-RAY DIFFRACTION	1.9	433	298	85	0.0261	0.1584	0.9821	False	False	
7IPG_1	BRIL	P29274	INTERNAL_INSERTION	X-RAY DIFFRACTION	2.06	433	298	85	0.0261	0.1584	0.9821	False	False	
7JNI_1	BRIL	P50052	TERMINAL_N	X-RAY DIFFRACTION	3.0	412	297	106	0.0133	0.0	0.9902	False	False	
7JVR_1	BRIL	P14416	TERMINAL_N	ELECTRON MICROSCOPY	2.8	588	269	0	0.3928	1.0	1.0	True	False	E7_fusion_modelled=0<50;E9_fusion_disorder=1.00>0.2;E9_target_disorder=0.39>0.2
7KOO_1	BRIL	P36544	INTERNAL_INSERTION	ELECTRON MICROSCOPY	3.0	562	392	0	0.1171	1.0	1.0	True	False	E7_fusion_modelled=0<50;E9_fusion_disorder=1.00>0.2
7KOQ_1	BRIL	P36544	INTERNAL_INSERTION	ELECTRON MICROSCOPY	3.6	562	391	0	0.1194	1.0	1.0	True	False	E3_resolution=3.60>3.5;E7_fusion_modelled=0<50;E9_fusion_disorder=1.00>0.2
7KOX_1	BRIL	P36544	INTERNAL_INSERTION	ELECTRON MICROSCOPY	2.7	562	386	0	0.1306	1.0	1.0	True	False	E7_fusion_modelled=0<50;E9_fusion_disorder=1.00>0.2
7LR5_1	BRIL	None	None	X-RAY DIFFRACTION	1.7	106	0	106	1.0	0.0	1.0	True	False	E1_not_chimeric_single_uniprot;E8_target_modelled=0<80;E9_target_disorder=1.00>0.2
7LRA_1	BRIL	None	None	X-RAY DIFFRACTION	1.7	106	0	106	1.0	0.0	1.0	True	False	E1_not_chimeric_single_uniprot;E8_target_modelled=0<80;E9_target_disorder=1.00>0.2
7LRB_1	BRIL	None	None	X-RAY DIFFRACTION	1.78	106	0	106	1.0	0.0	1.0	True	False	E1_not_chimeric_single_uniprot;E8_target_modelled=0<80;E9_target_disorder=1.00>0.2
7LRR_1	BRIL	None	None	X-RAY DIFFRACTION	1.89	106	0	106	1.0	0.0	1.0	True	False	E1_not_chimeric_single_uniprot;E8_target_modelled=0<80;E9_target_disorder=1.00>0.2
7LRV_1	BRIL	None	None	X-RAY DIFFRACTION	1.4	106	0	106	1.0	0.0	1.0	True	False	E1_not_chimeric_single_uniprot;E8_target_modelled=0<80;E9_target_disorder=1.00>0.2
7LSJ_1	BRIL	None	None	X-RAY DIFFRACTION	1.26	106	0	106	1.0	0.0	1.0	True	False	E1_not_chimeric_single_uniprot;E8_target_modelled=0<80;E9_target_disorder=1.00>0.2
7LSL_1	BRIL	None	None	X-RAY DIFFRACTION	1.64	106	0	106	1.0	0.0	1.0	True	False	E1_not_chimeric_single_uniprot;E8_target_modelled=0<80;E9_target_disorder=1.00>0.2
7LSN_1	BRIL	None	None	X-RAY DIFFRACTION	1.52	106	0	106	1.0	0.0	1.0	True	False	E1_not_chimeric_single_uniprot;E8_target_modelled=0<80;E9_target_disorder=1.00>0.2
7LV1_1	BRIL	None	None	X-RAY DIFFRACTION	1.91	106	0	106	1.0	0.0	1.0	True	False	E1_not_chimeric_single_uniprot;E8_target_modelled=0<80;E9_target_disorder=1.00>0.2
7LV4_1	BRIL	None	None	X-RAY DIFFRACTION	1.99	106	0	106	1.0	0.0	1.0	True	False	E1_not_chimeric_single_uniprot;E8_target_modelled=0<80;E9_target_disorder=1.00>0.2
7MK4_1	BRIL	None	None	X-RAY DIFFRACTION	1.27	106	0	106	1.0	0.0	1.0	True	False	E1_not_chimeric_single_uniprot;E8_target_modelled=0<80;E9_target_disorder=1.00>0.2
7MYZ_1	BRIL	Q08722	INTERNAL_INSERTION	X-RAY DIFFRACTION	3.4	421	263	0	0.1377	1.0	1.0	True	False	E7_fusion_modelled=0<50;E9_fusion_disorder=1.00>0.2
7N4F_1	BRIL	None	None	X-RAY DIFFRACTION	1.8	106	0	106	1.0	0.0	1.0	True	False	E1_not_chimeric_single_uniprot;E8_target_modelled=0<80;E9_target_disorder=1.00>0.2
7N4G_1	BRIL	None	None	X-RAY DIFFRACTION	1.93	106	0	106	1.0	0.0	1.0	True	False	E1_not_chimeric_single_uniprot;E8_target_modelled=0<80;E9_target_disorder=1.00>0.2
7VOD_1	BRIL	P28223	INTERNAL_INSERTION	X-RAY DIFFRACTION	3.3	376	274	81	0.0453	0.0	1.0	False	False	
7W0L_4	BRIL	P35414	TERMINAL_N	ELECTRON MICROSCOPY	3.57	477	297	0	0.0973	1.0	1.0	True	False	E3_resolution=3.57>3.5;E7_fusion_modelled=0<50;E9_fusion_disorder=1.00>0.2
7W0M_4	BRIL	P35414	TERMINAL_N	ELECTRON MICROSCOPY	3.71	477	290	0	0.1185	1.0	1.0	True	False	E3_resolution=3.71>3.5;E7_fusion_modelled=0<50;E9_fusion_disorder=1.00>0.2
7W0N_4	BRIL	P35414	TERMINAL_N	ELECTRON MICROSCOPY	4.21	477	297	0	0.0973	1.0	1.0	True	False	E3_resolution=4.21>3.5;E7_fusion_modelled=0<50;E9_fusion_disorder=1.00>0.2
7VOE_1	BRIL	P28223	INTERNAL_INSERTION	X-RAY DIFFRACTION	2.9	376	274	81	0.0453	0.0	0.9972	False	False	
7TX7_1	BRIL	P41440	INTERNAL_INSERTION	ELECTRON MICROSCOPY	3.8	678	397	0	0.2973	1.0	1.0	True	False	E3_resolution=3.80>3.5;E7_fusion_modelled=0<50;E9_fusion_disorder=1.00>0.2;E9_target_disorder=0.30>0.2
7TX6_1	BRIL	P41440	INTERNAL_INSERTION	ELECTRON MICROSCOPY	3.3	678	398	0	0.2956	1.0	1.0	True	False	E7_fusion_modelled=0<50;E9_fusion_disorder=1.00>0.2;E9_target_disorder=0.30>0.2
7TEP_1	BRIL	None	None	X-RAY DIFFRACTION	2.7	106	0	106	1.0	0.0	1.0	True	False	E1_not_chimeric_single_uniprot;E8_target_modelled=0<80;E9_target_disorder=1.00>0.2
7T32_1	BRIL	P29274	INTERNAL_INSERTION	ELECTRON MICROSCOPY	3.4	391	285	90	0.0	0.1509	1.0	False	False	
7T2G_4	BRIL	P42866	TERMINAL_N	ELECTRON MICROSCOPY	2.5	488	280	0	0.1411	1.0	0.9722	True	False	E7_fusion_modelled=0<50;E9_fusion_disorder=1.00>0.2
7SU2_1	BRIL	None	None	X-RAY DIFFRACTION	2.0	106	0	106	1.0	0.0	1.0	True	False	E1_not_chimeric_single_uniprot;E8_target_modelled=0<80;E9_target_disorder=1.00>0.2
7SQ0_2	BRIL	P25385	TERMINAL_N	ELECTRON MICROSCOPY	3.7	139	19	3	0.0	0.9717	1.0	True	False	E3_resolution=3.70>3.5;E7_fusion_modelled=3<50;E8_target_modelled=19<80;E9_fusion_disorder=0.97>0.2
7SBF_5	BRIL	P42866	TERMINAL_N	ELECTRON MICROSCOPY	2.9	488	273	0	0.1626	1.0	0.9715	True	False	E7_fusion_modelled=0<50;E9_fusion_disorder=1.00>0.2
7S8P_5	BRIL	Q96LA9	TERMINAL_N	ELECTRON MICROSCOPY	2.6	472	247	0	0.2305	1.0	1.0	True	False	E7_fusion_modelled=0<50;E9_fusion_disorder=1.00>0.2;E9_target_disorder=0.23>0.2
7S8O_1	BRIL	Q96LB1	TERMINAL_N	ELECTRON MICROSCOPY	2.58	480	257	0	0.2188	1.0	1.0	True	False	E7_fusion_modelled=0<50;E9_fusion_disorder=1.00>0.2;E9_target_disorder=0.22>0.2
7S8M_5	BRIL	Q96LB1	TERMINAL_N	ELECTRON MICROSCOPY	2.54	480	253	0	0.231	1.0	1.0	True	False	E7_fusion_modelled=0<50;E9_fusion_disorder=1.00>0.2;E9_target_disorder=0.23>0.2
7RWY_1	BRIL	None	None	X-RAY DIFFRACTION	2.2	106	0	106	1.0	0.0	1.0	True	False	E1_not_chimeric_single_uniprot;E8_target_modelled=0<80;E9_target_disorder=1.00>0.2
7RWX_1	BRIL	None	None	X-RAY DIFFRACTION	1.6	106	0	106	1.0	0.0	1.0	True	False	E1_not_chimeric_single_uniprot;E8_target_modelled=0<80;E9_target_disorder=1.00>0.2
7RWW_1	BRIL	None	None	X-RAY DIFFRACTION	1.7	106	0	106	1.0	0.0	1.0	True	False	E1_not_chimeric_single_uniprot;E8_target_modelled=0<80;E9_target_disorder=1.00>0.2
7RWV_1	BRIL	None	None	X-RAY DIFFRACTION	2.2	106	0	106	1.0	0.0	1.0	True	False	E1_not_chimeric_single_uniprot;E8_target_modelled=0<80;E9_target_disorder=1.00>0.2
7RWU_1	BRIL	None	None	X-RAY DIFFRACTION	1.8	106	0	106	1.0	0.0	1.0	True	False	E1_not_chimeric_single_uniprot;E8_target_modelled=0<80;E9_target_disorder=1.00>0.2
7RM5_1	BRIL	P29274	INTERNAL_INSERTION	ELECTRON CRYSTALLOGRAPHY	2.79	447	296	91	0.0295	0.1415	0.9923	False	False	
7PYR_1	BRIL	P29274	INTERNAL_INSERTION	X-RAY DIFFRACTION	2.6	447	294	92	0.0361	0.1321	0.9897	False	False	
7PX4_1	BRIL	P29274	INTERNAL_INSERTION	X-RAY DIFFRACTION	2.25	447	294	92	0.0361	0.1321	0.9897	False	False	
7PP1_1	BRIL	Q9H244	INTERNAL_INSERTION	X-RAY DIFFRACTION	2.78	466	267	96	0.217	0.0943	1.0	True	True	E9_target_disorder=0.22>0.2
7XTC_5	BRIL	P34969	TERMINAL_N	ELECTRON MICROSCOPY	3.2	576	275	0	0.3619	1.0	1.0	True	False	E7_fusion_modelled=0<50;E9_fusion_disorder=1.00>0.2;E9_target_disorder=0.36>0.2
7XTB_5	BRIL	P50406	TERMINAL_N	ELECTRON MICROSCOPY	3.3	584	278	0	0.3667	1.0	1.0	True	False	E7_fusion_modelled=0<50;E9_fusion_disorder=1.00>0.2;E9_target_disorder=0.37>0.2
7XTA_5	BRIL	Q13639	TERMINAL_N	ELECTRON MICROSCOPY	3.2	527	283	0	0.2687	1.0	1.0	True	False	E7_fusion_modelled=0<50;E9_fusion_disorder=1.00>0.2;E9_target_disorder=0.27>0.2
7XT9_4	BRIL	Q13639	TERMINAL_N	ELECTRON MICROSCOPY	3.2	527	294	0	0.2403	1.0	1.0	True	False	E7_fusion_modelled=0<50;E9_fusion_disorder=1.00>0.2;E9_target_disorder=0.24>0.2
7XT8_5	BRIL	Q13639	TERMINAL_N	ELECTRON MICROSCOPY	3.1	527	294	0	0.2403	1.0	1.0	True	False	E7_fusion_modelled=0<50;E9_fusion_disorder=1.00>0.2;E9_target_disorder=0.24>0.2
7XRZ_3	BRIL	None	None	X-RAY DIFFRACTION	2.1	106	0	104	1.0	0.0095	1.0	True	False	E1_not_chimeric_single_uniprot;E8_target_modelled=0<80;E9_target_disorder=1.00>0.2
7XKT_1	BRIL	Q9UKL4	INTERNAL_INSERTION	ELECTRON MICROSCOPY	2.2	358	166	0	0.314	1.0	1.0	True	False	E7_fusion_modelled=0<50;E9_fusion_disorder=1.00>0.2;E9_target_disorder=0.31>0.2
7XKI_1	BRIL	Q9UKL4	INTERNAL_INSERTION	ELECTRON MICROSCOPY	3.4	343	166	0	0.2687	1.0	1.0	True	False	E7_fusion_modelled=0<50;E9_fusion_disorder=1.00>0.2;E9_target_disorder=0.27>0.2
7XAY_1	BRIL	Q12341	TERMINAL_N	X-RAY DIFFRACTION	3.3	416	308	2	0.0065	0.981	0.9968	True	False	E7_fusion_modelled=2<50;E9_fusion_disorder=0.98>0.2
7X5H_5	BRIL	P47898	TERMINAL_N	ELECTRON MICROSCOPY	3.1	690	274	0	0.2303	1.0	1.0	True	False	E7_fusion_modelled=0<50;E9_fusion_disorder=1.00>0.2;E9_target_disorder=0.23>0.2
7WVY_2	BRIL	P25090	TERMINAL_N	ELECTRON MICROSCOPY	3.0	513	298	0	0.1387	1.0	1.0	True	False	E7_fusion_modelled=0<50;E9_fusion_disorder=1.00>0.2
7WVX_2	BRIL	P25090	TERMINAL_N	ELECTRON MICROSCOPY	2.8	513	299	0	0.1358	1.0	1.0	True	False	E7_fusion_modelled=0<50;E9_fusion_disorder=1.00>0.2
7WVW_2	BRIL	P25090	TERMINAL_N	ELECTRON MICROSCOPY	3.1	513	299	0	0.1358	1.0	1.0	True	False	E7_fusion_modelled=0<50;E9_fusion_disorder=1.00>0.2
7WVV_2	BRIL	P25090	TERMINAL_N	ELECTRON MICROSCOPY	2.9	513	298	0	0.1387	1.0	1.0	True	False	E7_fusion_modelled=0<50;E9_fusion_disorder=1.00>0.2
7WJ5_5	BRIL	P30874	TERMINAL_N	ELECTRON MICROSCOPY	3.72	518	282	0	0.2358	1.0	1.0	True	False	E3_resolution=3.72>3.5;E7_fusion_modelled=0<50;E9_fusion_disorder=1.00>0.2;E9_target_disorder=0.24>0.2
7WC9_1	BRIL	P28223	INTERNAL_INSERTION	X-RAY DIFFRACTION	2.5	376	278	80	0.0512	0.0361	1.0	False	False	
7WC8_1	BRIL	P28223	INTERNAL_INSERTION	X-RAY DIFFRACTION	2.45	376	280	80	0.0444	0.0361	1.0	False	False	
7WC7_1	BRIL	P28223	INTERNAL_INSERTION	X-RAY DIFFRACTION	2.6	376	278	80	0.0512	0.0361	1.0	False	False	
7WC6_1	BRIL	P28223	INTERNAL_INSERTION	X-RAY DIFFRACTION	2.6	376	275	80	0.0614	0.0361	1.0	False	False	
7W57_6	BRIL	Q9GZQ4	TERMINAL_N	ELECTRON MICROSCOPY	3.2	571	297	0	0.2843	1.0	1.0	True	False	E7_fusion_modelled=0<50;E9_fusion_disorder=1.00>0.2;E9_target_disorder=0.28>0.2
7W56_6	BRIL	Q9HB89	TERMINAL_N	ELECTRON MICROSCOPY	2.9	755	276	0	0.3521	1.0	1.0	True	False	E7_fusion_modelled=0<50;E9_fusion_disorder=1.00>0.2;E9_target_disorder=0.35>0.2
7W55_6	BRIL	Q9GZQ4	TERMINAL_N	ELECTRON MICROSCOPY	2.8	571	303	0	0.2699	1.0	1.0	True	False	E7_fusion_modelled=0<50;E9_fusion_disorder=1.00>0.2;E9_target_disorder=0.27>0.2
7W53_6	BRIL	Q9HB89	TERMINAL_N	ELECTRON MICROSCOPY	3.2	755	264	0	0.3803	1.0	1.0	True	False	E7_fusion_modelled=0<50;E9_fusion_disorder=1.00>0.2;E9_target_disorder=0.38>0.2
7W0P_4	BRIL	P35414	TERMINAL_N	ELECTRON MICROSCOPY	3.16	477	292	0	0.1125	1.0	1.0	True	False	E7_fusion_modelled=0<50;E9_fusion_disorder=1.00>0.2
7W0O_5	BRIL	P35414	TERMINAL_N	ELECTRON MICROSCOPY	3.78	477	293	0	0.1094	1.0	1.0	True	False	E3_resolution=3.78>3.5;E7_fusion_modelled=0<50;E9_fusion_disorder=1.00>0.2
7ZI0_1	BRIL	Q99835	INTERNAL_INSERTION	X-RAY DIFFRACTION	3.0	638	482	98	0.0549	0.0667	0.9781	False	False	
8C9W_1	BRIL	P29274	INTERNAL_INSERTION	X-RAY DIFFRACTION	2.114	431	296	88	0.0295	0.1698	0.9922	False	False	
8CIC_1	BRIL	P29274	INTERNAL_INSERTION	X-RAY DIFFRACTION	2.102	433	294	89	0.0392	0.1604	0.9922	False	False	
8CU6_1	BRIL	P29274	INTERNAL_INSERTION	X-RAY DIFFRACTION	2.8	447	297	93	0.0262	0.1143	0.9924	False	False	
8DR8_1	BRIL	Q80WG5	INTERNAL_INSERTION	ELECTRON MICROSCOPY	3.04	911	319	0	0.5967	1.0	1.0	True	False	E7_fusion_modelled=0<50;E9_fusion_disorder=1.00>0.2;E9_target_disorder=0.60>0.2
8DJM_3	BRIL	None	None	ELECTRON MICROSCOPY	3.23	120	0	103	1.0	0.0	0.8583	True	False	E1_not_chimeric_single_uniprot;E8_target_modelled=0<80;E9_target_disorder=1.00>0.2
8DJK_3	BRIL	None	None	ELECTRON MICROSCOPY	3.33	120	0	103	1.0	0.0	0.8583	True	False	E1_not_chimeric_single_uniprot;E8_target_modelled=0<80;E9_target_disorder=1.00>0.2
8DEP_1	BRIL	P41440	INTERNAL_INSERTION	ELECTRON MICROSCOPY	3.6	678	398	0	0.2956	1.0	1.0	True	False	E3_resolution=3.60>3.5;E7_fusion_modelled=0<50;E9_fusion_disorder=1.00>0.2;E9_target_disorder=0.30>0.2
8DEN_1	BRIL	None	None	X-RAY DIFFRACTION	1.69	106	0	106	1.0	0.0	1.0	True	False	E1_not_chimeric_single_uniprot;E8_target_modelled=0<80;E9_target_disorder=1.00>0.2
8CU7_1	BRIL	P29274	INTERNAL_INSERTION	X-RAY DIFFRACTION	2.05	447	297	93	0.0262	0.1143	0.9848	False	False	
8A2P_1	BRIL	P29274	INTERNAL_INSERTION	X-RAY DIFFRACTION	3.5	423	294	90	0.0361	0.1509	0.9948	False	False	
8A2O_1	BRIL	P29274	INTERNAL_INSERTION	X-RAY DIFFRACTION	3.45	423	294	90	0.0361	0.1509	0.9948	False	False	
7ZLY_1	BRIL	Q8TDS4	INTERNAL_INSERTION	X-RAY DIFFRACTION	2.7	431	300	93	0.0769	0.1143	0.9975	False	False	
7ZL9_1	BRIL	Q8TDS4	TERMINAL_C	X-RAY DIFFRACTION	2.7	431	300	98	0.0769	0.0755	1.0	False	False	
7YXA_1	BRIL	Q9H228	INTERNAL_INSERTION	X-RAY DIFFRACTION	2.2	458	285	87	0.0625	0.1792	0.992	False	False	
7YIT_3	BRIL	None	None	X-RAY DIFFRACTION	3.3	109	0	79	1.0	0.2476	0.9634	True	False	E1_not_chimeric_single_uniprot;E8_target_modelled=0<80;E9_fusion_disorder=0.25>0.2;E9_target_disorder=1.00>0.2
7Y15_4	BRIL	Q8TDS7	TERMINAL_N	ELECTRON MICROSCOPY	2.9	446	264	0	0.1672	1.0	1.0	True	False	E7_fusion_modelled=0<50;E9_fusion_disorder=1.00>0.2
7Y14_1	BRIL	Q8TDS7	TERMINAL_N	ELECTRON MICROSCOPY	3.2	446	264	0	0.1672	1.0	1.0	True	False	E7_fusion_modelled=0<50;E9_fusion_disorder=1.00>0.2
7Y13_1	BRIL	Q8TDS7	TERMINAL_N	ELECTRON MICROSCOPY	3.1	446	264	0	0.1672	1.0	1.0	True	False	E7_fusion_modelled=0<50;E9_fusion_disorder=1.00>0.2
7Y12_4	BRIL	Q8TDS7	TERMINAL_N	ELECTRON MICROSCOPY	3.1	446	264	0	0.1672	1.0	1.0	True	False	E7_fusion_modelled=0<50;E9_fusion_disorder=1.00>0.2
7XZ6_5	BRIL	Q8TDV5	TERMINAL_N	ELECTRON MICROSCOPY	2.8	485	292	0	0.1284	1.0	1.0	True	False	E7_fusion_modelled=0<50;E9_fusion_disorder=1.00>0.2
7XZ5_5	BRIL	Q8TDV5	TERMINAL_N	ELECTRON MICROSCOPY	3.1	485	292	0	0.1284	1.0	1.0	True	False	E7_fusion_modelled=0<50;E9_fusion_disorder=1.00>0.2
7XY7_4	BRIL	P29275	TERMINAL_N	ELECTRON MICROSCOPY	3.26	628	283	0	0.145	1.0	1.0	True	False	E7_fusion_modelled=0<50;E9_fusion_disorder=1.00>0.2
7XY6_4	BRIL	P29275	TERMINAL_N	ELECTRON MICROSCOPY	2.99	628	286	0	0.136	1.0	1.0	True	False	E7_fusion_modelled=0<50;E9_fusion_disorder=1.00>0.2
7XWO_1	BRIL	P21452	TERMINAL_N	ELECTRON MICROSCOPY	2.7	505	272	0	0.2116	1.0	1.0	True	False	E7_fusion_modelled=0<50;E9_fusion_disorder=1.00>0.2;E9_target_disorder=0.21>0.2
8FDO_3	BRIL	None	None	X-RAY DIFFRACTION	2.2	145	0	105	1.0	0.0	0.9633	True	False	E1_not_chimeric_single_uniprot;E8_target_modelled=0<80;E9_target_disorder=1.00>0.2
8F7J_1	BRIL	Q80WG5	INTERNAL_INSERTION	ELECTRON MICROSCOPY	4.32	911	407	0	0.4893	1.0	1.0	True	False	E3_resolution=4.32>3.5;E7_fusion_modelled=0<50;E9_fusion_disorder=1.00>0.2;E9_target_disorder=0.49>0.2
8F7E_1	BRIL	Q80WG5	INTERNAL_INSERTION	ELECTRON MICROSCOPY	4.13	911	407	0	0.4893	1.0	1.0	True	False	E3_resolution=4.13>3.5;E7_fusion_modelled=0<50;E9_fusion_disorder=1.00>0.2;E9_target_disorder=0.49>0.2
8F7D_1	BRIL	Q80WG5	INTERNAL_INSERTION	ELECTRON MICROSCOPY	4.2	911	407	0	0.4893	1.0	1.0	True	False	E3_resolution=4.20>3.5;E7_fusion_modelled=0<50;E9_fusion_disorder=1.00>0.2;E9_target_disorder=0.49>0.2
8F7C_1	BRIL	Q96RD6	TERMINAL_C	ELECTRON MICROSCOPY	3.92	487	287	0	0.2285	1.0	1.0	True	False	E3_resolution=3.92>3.5;E7_fusion_modelled=0<50;E9_fusion_disorder=1.00>0.2;E9_target_disorder=0.23>0.2
8F7B_1	BRIL	Q80WG5	INTERNAL_INSERTION	ELECTRON MICROSCOPY	3.15	911	319	0	0.5997	1.0	1.0	True	False	E7_fusion_modelled=0<50;E9_fusion_disorder=1.00>0.2;E9_target_disorder=0.60>0.2
8F79_1	BRIL	Q80WG5	INTERNAL_INSERTION	ELECTRON MICROSCOPY	3.15	911	717	0	0.1004	1.0	1.0	True	False	E7_fusion_modelled=0<50;E9_fusion_disorder=1.00>0.2
8F77_1	BRIL	Q80WG5	INTERNAL_INSERTION	ELECTRON MICROSCOPY	3.15	911	717	0	0.1004	1.0	1.0	True	False	E7_fusion_modelled=0<50;E9_fusion_disorder=1.00>0.2
8F74_1	BRIL	Q80WG5	INTERNAL_INSERTION	ELECTRON MICROSCOPY	3.1	911	319	0	0.5987	1.0	1.0	True	False	E7_fusion_modelled=0<50;E9_fusion_disorder=1.00>0.2;E9_target_disorder=0.60>0.2
8DU3_1	BRIL	P29274	INTERNAL_INSERTION	X-RAY DIFFRACTION	2.5	447	295	93	0.0328	0.1226	0.9949	False	False	
8DSA_1	BRIL	Q80WG5	INTERNAL_INSERTION	ELECTRON MICROSCOPY	3.48	911	197	0	0.7509	1.0	1.0	True	False	E7_fusion_modelled=0<50;E9_fusion_disorder=1.00>0.2;E9_target_disorder=0.75>0.2
8DS9_1	BRIL	Q80WG5	INTERNAL_INSERTION	ELECTRON MICROSCOPY	3.17	911	197	0	0.7509	1.0	1.0	True	False	E7_fusion_modelled=0<50;E9_fusion_disorder=1.00>0.2;E9_target_disorder=0.75>0.2
8DS3_1	BRIL	Q80WG5	INTERNAL_INSERTION	ELECTRON MICROSCOPY	3.07	911	717	0	0.0936	1.0	1.0	True	False	E7_fusion_modelled=0<50;E9_fusion_disorder=1.00>0.2
8DRQ_1	BRIL	Q80WG5	INTERNAL_INSERTION	ELECTRON MICROSCOPY	4.16	911	407	0	0.4855	1.0	1.0	True	False	E3_resolution=4.16>3.5;E7_fusion_modelled=0<50;E9_fusion_disorder=1.00>0.2;E9_target_disorder=0.49>0.2
8DRO_1	BRIL	Q80WG5	INTERNAL_INSERTION	ELECTRON MICROSCOPY	4.06	911	407	0	0.4855	1.0	1.0	True	False	E3_resolution=4.06>3.5;E7_fusion_modelled=0<50;E9_fusion_disorder=1.00>0.2;E9_target_disorder=0.49>0.2
8DRN_1	BRIL	Q80WG5	INTERNAL_INSERTION	ELECTRON MICROSCOPY	4.12	911	407	0	0.4855	1.0	1.0	True	False	E3_resolution=4.12>3.5;E7_fusion_modelled=0<50;E9_fusion_disorder=1.00>0.2;E9_target_disorder=0.49>0.2
8DRM_1	BRIL	None	None	X-RAY DIFFRACTION	1.55	106	0	106	1.0	0.0	1.0	True	False	E1_not_chimeric_single_uniprot;E8_target_modelled=0<80;E9_target_disorder=1.00>0.2
8DRL_1	BRIL	None	None	X-RAY DIFFRACTION	1.65	106	0	106	1.0	0.0	1.0	True	False	E1_not_chimeric_single_uniprot;E8_target_modelled=0<80;E9_target_disorder=1.00>0.2
8DRK_1	BRIL	Q80WG5	INTERNAL_INSERTION	ELECTRON MICROSCOPY	2.95	911	319	0	0.5967	1.0	1.0	True	False	E7_fusion_modelled=0<50;E9_fusion_disorder=1.00>0.2;E9_target_disorder=0.60>0.2
8DRJ_2	BRIL	None	None	X-RAY DIFFRACTION	2.4	106	0	106	1.0	0.0	1.0	True	False	E1_not_chimeric_single_uniprot;E8_target_modelled=0<80;E9_target_disorder=1.00>0.2
8DRJ_1	BRIL	None	None	X-RAY DIFFRACTION	2.4	106	0	106	1.0	0.0	1.0	True	False	E1_not_chimeric_single_uniprot;E8_target_modelled=0<80;E9_target_disorder=1.00>0.2
8DRF_1	BRIL	None	None	X-RAY DIFFRACTION	1.7	106	0	106	1.0	0.0	1.0	True	False	E1_not_chimeric_single_uniprot;E8_target_modelled=0<80;E9_target_disorder=1.00>0.2
8DRE_1	BRIL	Q80WG5	INTERNAL_INSERTION	ELECTRON MICROSCOPY	3.18	911	717	0	0.0936	1.0	1.0	True	False	E7_fusion_modelled=0<50;E9_fusion_disorder=1.00>0.2
8DRD_1	BRIL	None	None	X-RAY DIFFRACTION	1.89	106	0	106	1.0	0.0	1.0	True	False	E1_not_chimeric_single_uniprot;E8_target_modelled=0<80;E9_target_disorder=1.00>0.2
8DRA_1	BRIL	Q80WG5	INTERNAL_INSERTION	ELECTRON MICROSCOPY	3.98	911	407	0	0.4855	1.0	1.0	True	False	E3_resolution=3.98>3.5;E7_fusion_modelled=0<50;E9_fusion_disorder=1.00>0.2;E9_target_disorder=0.49>0.2
8FY8_4	BRIL	P08908	TERMINAL_N	ELECTRON MICROSCOPY	2.79	552	286	0	0.2796	1.0	1.0	True	False	E7_fusion_modelled=0<50;E9_fusion_disorder=1.00>0.2;E9_target_disorder=0.28>0.2
8FYE_4	BRIL	P08908	TERMINAL_N	ELECTRON MICROSCOPY	2.85	552	286	0	0.2796	1.0	1.0	True	False	E7_fusion_modelled=0<50;E9_fusion_disorder=1.00>0.2;E9_target_disorder=0.28>0.2
8FYL_4	BRIL	P08908	TERMINAL_N	ELECTRON MICROSCOPY	2.94	552	286	0	0.2796	1.0	1.0	True	False	E7_fusion_modelled=0<50;E9_fusion_disorder=1.00>0.2;E9_target_disorder=0.28>0.2
8FYN_1	BRIL	P29274	INTERNAL_INSERTION	ELECTRON CRYSTALLOGRAPHY	2.0	447	297	90	0.0294	0.1429	0.9923	False	False	
8FYT_1	BRIL	P08908	TERMINAL_N	ELECTRON MICROSCOPY	2.64	552	286	0	0.2796	1.0	1.0	True	False	E7_fusion_modelled=0<50;E9_fusion_disorder=1.00>0.2;E9_target_disorder=0.28>0.2
8FYX_4	BRIL	P08908	TERMINAL_N	ELECTRON MICROSCOPY	2.62	552	286	0	0.2796	1.0	1.0	True	False	E7_fusion_modelled=0<50;E9_fusion_disorder=1.00>0.2;E9_target_disorder=0.28>0.2
8GNE_1	BRIL	P29274	INTERNAL_INSERTION	X-RAY DIFFRACTION	2.3	431	298	90	0.023	0.1509	0.9923	False	False	
8GY7_6	BRIL	Q01718	TERMINAL_N	ELECTRON MICROSCOPY	3.3	601	274	0	0.0743	1.0	1.0	True	False	E7_fusion_modelled=0<50;E9_fusion_disorder=1.00>0.2
8H2G_1	BRIL	Q8TDS4	TERMINAL_N	ELECTRON MICROSCOPY	3.01	476	291	0	0.1983	1.0	1.0	True	False	E7_fusion_modelled=0<50;E9_fusion_disorder=1.00>0.2
8HII_1	BRIL	P41440	TERMINAL_N	ELECTRON MICROSCOPY	3.57	683	392	105	0.3099	0.0	0.998	True	False	E3_resolution=3.57>3.5;E9_target_disorder=0.31>0.2
8HIJ_1	BRIL	P41440	TERMINAL_N	ELECTRON MICROSCOPY	3.54	683	392	105	0.3099	0.0	0.998	True	False	E3_resolution=3.54>3.5;E9_target_disorder=0.31>0.2
8HIK_1	BRIL	P41440	TERMINAL_N	ELECTRON MICROSCOPY	3.72	683	392	105	0.3099	0.0	0.998	True	False	E3_resolution=3.72>3.5;E9_target_disorder=0.31>0.2
8HJ5_5	BRIL	Q96LB2	TERMINAL_N	ELECTRON MICROSCOPY	3.0	637	252	0	0.2174	1.0	1.0	True	False	E7_fusion_modelled=0<50;E9_fusion_disorder=1.00>0.2;E9_target_disorder=0.22>0.2
8HN8_4	BRIL	Q9H3N8	TERMINAL_N	ELECTRON MICROSCOPY	3.0	549	276	0	0.2868	1.0	1.0	True	False	E7_fusion_modelled=0<50;E9_fusion_disorder=1.00>0.2;E9_target_disorder=0.29>0.2
8HNK_4	BRIL	None	None	ELECTRON MICROSCOPY	3.01	657	0	0	1.0	1.0	0.0	True	False	E1_multi_uniprot_n=3;E6_align_coverage=0.00<0.8;E7_fusion_modelled=0<50;E8_target_modelled=0<80;E9_fusion_disorder=1.00>0.2;E9_target_disorder=1.00>0.2
8HNL_4	BRIL	None	None	ELECTRON MICROSCOPY	2.98	657	0	0	1.0	1.0	0.0	True	False	E1_multi_uniprot_n=3;E6_align_coverage=0.00<0.8;E7_fusion_modelled=0<50;E8_target_modelled=0<80;E9_fusion_disorder=1.00>0.2;E9_target_disorder=1.00>0.2
8HNM_4	BRIL	None	None	ELECTRON MICROSCOPY	2.94	657	0	0	1.0	1.0	0.0	True	False	E1_multi_uniprot_n=3;E6_align_coverage=0.00<0.8;E7_fusion_modelled=0<50;E8_target_modelled=0<80;E9_fusion_disorder=1.00>0.2;E9_target_disorder=1.00>0.2
8HNN_2	BRIL	None	None	ELECTRON MICROSCOPY	3.6	507	0	0	1.0	1.0	0.0	True	False	E1_multi_uniprot_n=3;E3_resolution=3.60>3.5;E6_align_coverage=0.00<0.8;E7_fusion_modelled=0<50;E8_target_modelled=0<80;E9_fusion_disorder=1.00>0.2;E9_target_disorder=1.00>0.2
8HOC_4	BRIL	Q9H3N8	TERMINAL_N	ELECTRON MICROSCOPY	3.0	549	276	0	0.2868	1.0	1.0	True	False	E7_fusion_modelled=0<50;E9_fusion_disorder=1.00>0.2;E9_target_disorder=0.29>0.2
8HQE_4	BRIL	Q9UNW8	TERMINAL_N	ELECTRON MICROSCOPY	2.97	510	307	0	0.1921	1.0	1.0	True	False	E7_fusion_modelled=0<50;E9_fusion_disorder=1.00>0.2
8HQM_4	BRIL	Q9UNW8	TERMINAL_N	ELECTRON MICROSCOPY	2.95	510	307	0	0.1921	1.0	1.0	True	False	E7_fusion_modelled=0<50;E9_fusion_disorder=1.00>0.2
8HQN_4	BRIL	Q9UNW8	TERMINAL_N	ELECTRON MICROSCOPY	3.0	510	310	0	0.1842	1.0	1.0	True	False	E7_fusion_modelled=0<50;E9_fusion_disorder=1.00>0.2
8HS2_3	BRIL	Q99678	TERMINAL_N	ELECTRON MICROSCOPY	3.08	459	286	0	0.0949	1.0	0.9965	True	False	E7_fusion_modelled=0<50;E9_fusion_disorder=1.00>0.2
8HS3_4	BRIL	Q99678	TERMINAL_N	ELECTRON MICROSCOPY	3.14	511	279	0	0.2207	1.0	1.0	True	False	E7_fusion_modelled=0<50;E9_fusion_disorder=1.00>0.2;E9_target_disorder=0.22>0.2
8HSC_6	BRIL	Q99678	TERMINAL_N	ELECTRON MICROSCOPY	3.22	511	273	0	0.2374	1.0	1.0	True	False	E7_fusion_modelled=0<50;E9_fusion_disorder=1.00>0.2;E9_target_disorder=0.24>0.2
8JLK_3	BRIL	Q923Y8	TERMINAL_N	ELECTRON MICROSCOPY	3.22	446	268	0	0.1928	1.0	1.0	True	False	E7_fusion_modelled=0<50;E9_fusion_disorder=1.00>0.2
8JLJ_3	BRIL	Q923Y8	TERMINAL_N	ELECTRON MICROSCOPY	3.1	446	270	0	0.1867	1.0	1.0	True	False	E7_fusion_modelled=0<50;E9_fusion_disorder=1.00>0.2
8JJO_1	BRIL	P07550	INTERNAL_INSERTION	ELECTRON MICROSCOPY	3.4	453	281	94	0.0035	0.0309	1.0	False	False	
8JJL_1	BRIL	P07550	INTERNAL_INSERTION	ELECTRON MICROSCOPY	3.2	453	281	94	0.0	0.0	1.0	False	False	
8JJ8_1	BRIL	P07550	INTERNAL_INSERTION	ELECTRON MICROSCOPY	3.2	453	280	95	0.0	0.0	1.0	False	False	
8JHC_1	BRIL	Q9NPG1	INTERNAL_INSERTION	ELECTRON MICROSCOPY	3.3	643	324	92	0.3292	0.1238	0.9697	True	True	E9_target_disorder=0.33>0.2
8JH7_4	BRIL	O60353	INTERNAL_INSERTION	ELECTRON MICROSCOPY	3.2	641	326	92	0.3237	0.1238	0.9698	True	True	E9_target_disorder=0.32>0.2
8J9O_1	BRIL	Q9UP38	INTERNAL_INSERTION	ELECTRON MICROSCOPY	3.4	677	337	92	0.3939	0.1238	0.9706	True	True	E9_target_disorder=0.39>0.2
8J7E_3	BRIL	None	None	X-RAY DIFFRACTION	2.8	106	0	104	1.0	0.0095	0.9905	True	False	E1_not_chimeric_single_uniprot;E8_target_modelled=0<80;E9_target_disorder=1.00>0.2
8J46_1	BRIL	None	None	ELECTRON MICROSCOPY	3.66	440	0	99	1.0	0.1391	0.2735	True	False	E1_not_chimeric_single_uniprot;E3_resolution=3.66>3.5;E6_align_coverage=0.27<0.8;E8_target_modelled=0<80;E9_target_disorder=1.00>0.2
8IRV_4	BRIL	P21918	TERMINAL_N	ELECTRON MICROSCOPY	3.1	617	279	0	0.4151	1.0	1.0	True	False	E7_fusion_modelled=0<50;E9_fusion_disorder=1.00>0.2;E9_target_disorder=0.42>0.2
8IRT_5	BRIL	P35462	TERMINAL_N	ELECTRON MICROSCOPY	2.7	545	273	0	0.3175	1.0	1.0	True	False	E7_fusion_modelled=0<50;E9_fusion_disorder=1.00>0.2;E9_target_disorder=0.32>0.2
8IRS_5	BRIL	P14416	TERMINAL_N	ELECTRON MICROSCOPY	3.0	588	264	0	0.4041	1.0	1.0	True	False	E7_fusion_modelled=0<50;E9_fusion_disorder=1.00>0.2;E9_target_disorder=0.40>0.2
8IKJ_1	BRIL	P48960	INTERNAL_INSERTION	ELECTRON MICROSCOPY	3.2	655	532	0	0.013	1.0	1.0	True	False	E7_fusion_modelled=0<50;E9_fusion_disorder=1.00>0.2
8IHK_1	BRIL	P49019	TERMINAL_N	ELECTRON MICROSCOPY	3.21	530	283	0	0.2668	1.0	1.0	True	False	E7_fusion_modelled=0<50;E9_fusion_disorder=1.00>0.2;E9_target_disorder=0.27>0.2
8IHJ_1	BRIL	P49019	TERMINAL_N	ELECTRON MICROSCOPY	3.07	530	283	0	0.2668	1.0	1.0	True	False	E7_fusion_modelled=0<50;E9_fusion_disorder=1.00>0.2;E9_target_disorder=0.27>0.2
8IHI_5	BRIL	Q8TDS4	TERMINAL_N	ELECTRON MICROSCOPY	3.11	658	292	0	0.1934	1.0	1.0	True	False	E7_fusion_modelled=0<50;E9_fusion_disorder=1.00>0.2
8IHH_1	BRIL	Q8TDS4	TERMINAL_N	ELECTRON MICROSCOPY	3.06	658	292	0	0.1934	1.0	1.0	True	False	E7_fusion_modelled=0<50;E9_fusion_disorder=1.00>0.2
8IHF_5	BRIL	Q8TDS4	TERMINAL_N	ELECTRON MICROSCOPY	2.97	658	292	0	0.1934	1.0	1.0	True	False	E7_fusion_modelled=0<50;E9_fusion_disorder=1.00>0.2
8IHB_1	BRIL	Q8TDS4	TERMINAL_N	ELECTRON MICROSCOPY	2.85	658	292	0	0.1934	1.0	1.0	True	False	E7_fusion_modelled=0<50;E9_fusion_disorder=1.00>0.2
8IBV_1	BRIL	O43193	TERMINAL_N	ELECTRON MICROSCOPY	3.19	741	279	0	0.3228	1.0	1.0	True	False	E7_fusion_modelled=0<50;E9_fusion_disorder=1.00>0.2;E9_target_disorder=0.32>0.2
8IBU_5	BRIL	O43193	TERMINAL_N	ELECTRON MICROSCOPY	3.51	741	273	0	0.3374	1.0	1.0	True	False	E3_resolution=3.51>3.5;E7_fusion_modelled=0<50;E9_fusion_disorder=1.00>0.2;E9_target_disorder=0.34>0.2
8I7W_1	BRIL	Q8TDS4	TERMINAL_N	ELECTRON MICROSCOPY	3.39	476	291	0	0.1983	1.0	1.0	True	False	E7_fusion_modelled=0<50;E9_fusion_disorder=1.00>0.2
8I7V_1	BRIL	Q8TDS4	TERMINAL_N	ELECTRON MICROSCOPY	2.77	476	291	0	0.1983	1.0	1.0	True	False	E7_fusion_modelled=0<50;E9_fusion_disorder=1.00>0.2
8HVI_1	BRIL	Q9UNW8	TERMINAL_N	ELECTRON MICROSCOPY	3.04	510	308	0	0.1895	1.0	1.0	True	False	E7_fusion_modelled=0<50;E9_fusion_disorder=1.00>0.2
8TB0_2	BRIL	None	None	ELECTRON MICROSCOPY	3.47	995	0	0	1.0	1.0	0.0	True	False	E1_multi_uniprot_n=3;E6_align_coverage=0.00<0.8;E7_fusion_modelled=0<50;E8_target_modelled=0<80;E9_fusion_disorder=1.00>0.2;E9_target_disorder=1.00>0.2
8T1W_1	BRIL	P46095	INTERNAL_INSERTION	X-RAY DIFFRACTION	3.49	455	266	90	0.1192	0.1509	0.9972	False	False	
8T1V_1	BRIL	P46095	INTERNAL_INSERTION	X-RAY DIFFRACTION	2.6	455	266	86	0.1192	0.1887	0.9972	False	False	
8S4D_1	BRIL	P35414	INTERNAL_INSERTION	X-RAY DIFFRACTION	2.584	497	280	96	0.1054	0.04	0.9869	False	False	
8RQQ_1	BRIL	P29274	INTERNAL_INSERTION	X-RAY DIFFRACTION	2.37	447	296	90	0.0295	0.1429	0.9897	False	False	
8RLN_1	BRIL	P29274	INTERNAL_INSERTION	X-RAY DIFFRACTION	2.43	431	297	88	0.0294	0.1619	0.9923	False	False	
8QJ2_5	BRIL	None	None	ELECTRON MICROSCOPY	3.4	729	0	0	1.0	1.0	0.0	True	False	E1_multi_uniprot_n=3;E6_align_coverage=0.00<0.8;E7_fusion_modelled=0<50;E8_target_modelled=0<80;E9_fusion_disorder=1.00>0.2;E9_target_disorder=1.00>0.2
8PWN_1	BRIL	P29274	INTERNAL_INSERTION	X-RAY DIFFRACTION	2.4	433	297	85	0.0326	0.1584	0.982	False	False	
8KEX_1	BRIL	None	None	ELECTRON MICROSCOPY	3.2	710	0	0	1.0	1.0	0.0	True	False	E1_multi_uniprot_n=3;E6_align_coverage=0.00<0.8;E7_fusion_modelled=0<50;E8_target_modelled=0<80;E9_fusion_disorder=1.00>0.2;E9_target_disorder=1.00>0.2
8K9L_1	BRIL	P35372	TERMINAL_N	ELECTRON MICROSCOPY	3.05	453	282	0	0.0569	1.0	1.0	True	False	E7_fusion_modelled=0<50;E9_fusion_disorder=1.00>0.2
8K9K_1	BRIL	P35372	TERMINAL_N	ELECTRON MICROSCOPY	2.98	453	282	0	0.0569	1.0	1.0	True	False	E7_fusion_modelled=0<50;E9_fusion_disorder=1.00>0.2
8K8J_5	BRIL	P21554	TERMINAL_N	ELECTRON MICROSCOPY	2.88	525	279	0	0.2141	1.0	1.0	True	False	E7_fusion_modelled=0<50;E9_fusion_disorder=1.00>0.2;E9_target_disorder=0.21>0.2
8K4S_1	BRIL	None	None	ELECTRON MICROSCOPY	2.9	710	0	0	1.0	1.0	0.0	True	False	E1_multi_uniprot_n=3;E6_align_coverage=0.00<0.8;E7_fusion_modelled=0<50;E8_target_modelled=0<80;E9_fusion_disorder=1.00>0.2;E9_target_disorder=1.00>0.2
8K2X_4	BRIL	None	None	ELECTRON MICROSCOPY	3.2	657	0	0	1.0	1.0	0.0	True	False	E1_multi_uniprot_n=3;E6_align_coverage=0.00<0.8;E7_fusion_modelled=0<50;E8_target_modelled=0<80;E9_fusion_disorder=1.00>0.2;E9_target_disorder=1.00>0.2
8K2W_2	BRIL	None	None	ELECTRON MICROSCOPY	3.0	507	0	0	1.0	1.0	0.0	True	False	E1_multi_uniprot_n=3;E6_align_coverage=0.00<0.8;E7_fusion_modelled=0<50;E8_target_modelled=0<80;E9_fusion_disorder=1.00>0.2;E9_target_disorder=1.00>0.2
8JT8_1	BRIL	P28223	INTERNAL_INSERTION	X-RAY DIFFRACTION	2.7	376	274	81	0.0453	0.0	1.0	False	False	
8JT6_5	BRIL	P08908	TERMINAL_N	ELECTRON MICROSCOPY	3.0	544	278	0	0.3067	1.0	1.0	True	False	E7_fusion_modelled=0<50;E9_fusion_disorder=1.00>0.2;E9_target_disorder=0.31>0.2
8JSO_3	BRIL	Q96RJ0	TERMINAL_N	ELECTRON MICROSCOPY	3.4	470	283	0	0.1652	1.0	1.0	True	False	E7_fusion_modelled=0<50;E9_fusion_disorder=1.00>0.2
8JPP_4	BRIL	Q9BXA5	TERMINAL_N	ELECTRON MICROSCOPY	3.2	658	305	0	0.0868	1.0	1.0	True	False	E7_fusion_modelled=0<50;E9_fusion_disorder=1.00>0.2
8JPN_4	BRIL	None	None	ELECTRON MICROSCOPY	2.9	658	0	0	1.0	1.0	0.0	True	False	E1_multi_uniprot_n=3;E6_align_coverage=0.00<0.8;E7_fusion_modelled=0<50;E8_target_modelled=0<80;E9_fusion_disorder=1.00>0.2;E9_target_disorder=1.00>0.2
8JLR_3	BRIL	Q96RJ0	TERMINAL_N	ELECTRON MICROSCOPY	3.0	470	268	0	0.2094	1.0	1.0	True	False	E7_fusion_modelled=0<50;E9_fusion_disorder=1.00>0.2;E9_target_disorder=0.21>0.2
8JLQ_3	BRIL	Q96RJ0	TERMINAL_N	ELECTRON MICROSCOPY	2.84	470	283	0	0.1652	1.0	1.0	True	False	E7_fusion_modelled=0<50;E9_fusion_disorder=1.00>0.2
8JLP_3	BRIL	Q96RJ0	TERMINAL_N	ELECTRON MICROSCOPY	3.23	470	285	0	0.1593	1.0	1.0	True	False	E7_fusion_modelled=0<50;E9_fusion_disorder=1.00>0.2
8JLO_3	BRIL	Q96RJ0	TERMINAL_N	ELECTRON MICROSCOPY	3.52	470	286	0	0.1563	1.0	1.0	True	False	E3_resolution=3.52>3.5;E7_fusion_modelled=0<50;E9_fusion_disorder=1.00>0.2
8JLN_3	BRIL	Q96RJ0	TERMINAL_N	ELECTRON MICROSCOPY	3.24	470	286	0	0.1563	1.0	1.0	True	False	E7_fusion_modelled=0<50;E9_fusion_disorder=1.00>0.2
8WRZ_3	BRIL	P21554	TERMINAL_N	ELECTRON MICROSCOPY	3.6	476	284	0	0.2155	1.0	1.0	True	False	E3_resolution=3.60>3.5;E7_fusion_modelled=0<50;E9_fusion_disorder=1.00>0.2;E9_target_disorder=0.22>0.2
8WJX_5	BRIL	None	None	ELECTRON MICROSCOPY	3.2	680	0	0	1.0	1.0	0.0	True	False	E1_multi_uniprot_n=3;E6_align_coverage=0.00<0.8;E7_fusion_modelled=0<50;E8_target_modelled=0<80;E9_fusion_disorder=1.00>0.2;E9_target_disorder=1.00>0.2
8W8Q_1	BRIL	Q96P66	TERMINAL_N	ELECTRON MICROSCOPY	2.89	655	287	0	0.435	1.0	1.0	True	False	E7_fusion_modelled=0<50;E9_fusion_disorder=1.00>0.2;E9_target_disorder=0.44>0.2
8W8B_5	BRIL	P08908	TERMINAL_N	ELECTRON MICROSCOPY	3.0	543	278	0	0.3067	1.0	1.0	True	False	E7_fusion_modelled=0<50;E9_fusion_disorder=1.00>0.2;E9_target_disorder=0.31>0.2
8W77_1	BRIL	None	None	ELECTRON MICROSCOPY	3.61	440	0	10	1.0	0.913	0.0385	True	False	E1_not_chimeric_single_uniprot;E3_resolution=3.61>3.5;E6_align_coverage=0.04<0.8;E7_fusion_modelled=10<50;E8_target_modelled=0<80;E9_fusion_disorder=0.91>0.2;E9_target_disorder=1.00>0.2
8VHF_5	BRIL	Q8TDV5	TERMINAL_N	ELECTRON MICROSCOPY	3.51	615	296	0	0.1164	1.0	1.0	True	False	E3_resolution=3.51>3.5;E7_fusion_modelled=0<50;E9_fusion_disorder=1.00>0.2
8V8D_1	BRIL	P36544	INTERNAL_INSERTION	ELECTRON MICROSCOPY	3.31	599	377	0	0.1432	1.0	1.0	True	False	E7_fusion_modelled=0<50;E9_fusion_disorder=1.00>0.2
8V8C_1	BRIL	P36544	INTERNAL_INSERTION	ELECTRON MICROSCOPY	3.29	599	373	0	0.1523	1.0	1.0	True	False	E7_fusion_modelled=0<50;E9_fusion_disorder=1.00>0.2
8V8A_1	BRIL	P36544	INTERNAL_INSERTION	ELECTRON MICROSCOPY	2.19	599	394	0	0.1045	1.0	1.0	True	False	E7_fusion_modelled=0<50;E9_fusion_disorder=1.00>0.2
8V89_1	BRIL	P36544	INTERNAL_INSERTION	ELECTRON MICROSCOPY	2.53	599	394	0	0.1045	1.0	1.0	True	False	E7_fusion_modelled=0<50;E9_fusion_disorder=1.00>0.2
8V88_1	BRIL	P36544	INTERNAL_INSERTION	ELECTRON MICROSCOPY	2.3	599	394	0	0.1045	1.0	1.0	True	False	E7_fusion_modelled=0<50;E9_fusion_disorder=1.00>0.2
8V86_1	BRIL	P36544	INTERNAL_INSERTION	ELECTRON MICROSCOPY	2.47	599	394	0	0.1045	1.0	1.0	True	False	E7_fusion_modelled=0<50;E9_fusion_disorder=1.00>0.2
8V82_1	BRIL	P36544	INTERNAL_INSERTION	ELECTRON MICROSCOPY	2.61	599	394	0	0.1045	1.0	1.0	True	False	E7_fusion_modelled=0<50;E9_fusion_disorder=1.00>0.2
8V80_1	BRIL	P36544	INTERNAL_INSERTION	ELECTRON MICROSCOPY	2.34	599	394	0	0.1045	1.0	1.0	True	False	E7_fusion_modelled=0<50;E9_fusion_disorder=1.00>0.2
8UZJ_1	BRIL	P36544	INTERNAL_INSERTION	ELECTRON MICROSCOPY	2.3	599	394	0	0.1045	1.0	1.0	True	False	E7_fusion_modelled=0<50;E9_fusion_disorder=1.00>0.2
8UTB_1	BRIL	P36544	INTERNAL_INSERTION	ELECTRON MICROSCOPY	2.3	599	375	0	0.1477	1.0	1.0	True	False	E7_fusion_modelled=0<50;E9_fusion_disorder=1.00>0.2
8UT1_1	BRIL	P36544	INTERNAL_INSERTION	ELECTRON MICROSCOPY	2.3	599	394	0	0.1045	1.0	1.0	True	False	E7_fusion_modelled=0<50;E9_fusion_disorder=1.00>0.2
8UHB_1	BRIL	None	None	ELECTRON MICROSCOPY	3.35	524	0	0	1.0	1.0	0.0	True	False	E1_multi_uniprot_n=3;E6_align_coverage=0.00<0.8;E7_fusion_modelled=0<50;E8_target_modelled=0<80;E9_fusion_disorder=1.00>0.2;E9_target_disorder=1.00>0.2
8TS3_1	BRIL	Q9HD23	TERMINAL_C	ELECTRON MICROSCOPY	3.11	486	301	0	0.1865	1.0	1.0	True	False	E7_fusion_modelled=0<50;E9_fusion_disorder=1.00>0.2
8TS2_1	BRIL	Q9HD23	TERMINAL_C	ELECTRON MICROSCOPY	2.95	486	301	0	0.1865	1.0	1.0	True	False	E7_fusion_modelled=0<50;E9_fusion_disorder=1.00>0.2
8TS1_1	BRIL	Q9HD23	TERMINAL_C	ELECTRON MICROSCOPY	2.92	486	301	0	0.1865	1.0	1.0	True	False	E7_fusion_modelled=0<50;E9_fusion_disorder=1.00>0.2
8TH4_1	BRIL	P30556	INTERNAL_INSERTION	ELECTRON MICROSCOPY	3.3	433	279	92	0.1	0.1154	0.9712	False	False	
8TH3_1	BRIL	P30556	INTERNAL_INSERTION	ELECTRON MICROSCOPY	3.0	582	291	91	0.0613	0.125	0.972	False	False	
8TF5_1	BRIL	P46095	INTERNAL_INSERTION	X-RAY DIFFRACTION	2.1	436	265	98	0.1225	0.0755	0.9973	False	False	
8TB7_1	BRIL	Q9BZJ8	INTERNAL_INSERTION	ELECTRON MICROSCOPY	2.94	543	214	104	0.4663	0.0	0.9695	True	True	E9_target_disorder=0.47>0.2
8ZMG_1	BRIL	P28223	INTERNAL_INSERTION	X-RAY DIFFRACTION	3.4	414	279	81	0.0279	0.0	0.9863	False	False	
8ZMF_1	BRIL	P28335	INTERNAL_INSERTION	X-RAY DIFFRACTION	3.6	439	282	49	0.0569	0.5377	1.0	True	False	E3_resolution=3.60>3.5;E7_fusion_modelled=49<50;E9_fusion_disorder=0.54>0.2
8ZFM_1	BRIL	G5EG88	INTERNAL_INSERTION	ELECTRON MICROSCOPY	2.96	620	412	0	0.1488	1.0	1.0	True	False	E7_fusion_modelled=0<50;E9_fusion_disorder=1.00>0.2
8ZFL_1	BRIL	G5EG88	INTERNAL_INSERTION	ELECTRON MICROSCOPY	2.61	620	412	0	0.1488	1.0	1.0	True	False	E7_fusion_modelled=0<50;E9_fusion_disorder=1.00>0.2
8ZFK_1	BRIL	G5EG88	INTERNAL_INSERTION	ELECTRON MICROSCOPY	2.64	620	412	0	0.1488	1.0	1.0	True	False	E7_fusion_modelled=0<50;E9_fusion_disorder=1.00>0.2
8YZK_1	BRIL	Q9NZD1	TERMINAL_N	ELECTRON MICROSCOPY	3.4	421	264	0	0.0149	1.0	1.0	True	False	E7_fusion_modelled=0<50;E9_fusion_disorder=1.00>0.2
8YRG_5	BRIL	Q96LA9	TERMINAL_N	ELECTRON MICROSCOPY	3.14	472	237	0	0.2617	1.0	1.0	True	False	E7_fusion_modelled=0<50;E9_fusion_disorder=1.00>0.2;E9_target_disorder=0.26>0.2
8YNT_4	BRIL	A0A2R9AFP0	INTERNAL_INSERTION	ELECTRON MICROSCOPY	3.43	585	271	90	0.2961	0.0	0.9139	True	True	E9_target_disorder=0.30>0.2
8YNS_4	BRIL	None	None	ELECTRON MICROSCOPY	3.33	585	0	90	1.0	0.0	0.2375	True	False	E1_multi_uniprot_n=3;E6_align_coverage=0.24<0.8;E8_target_modelled=0<80;E9_target_disorder=1.00>0.2
8Y6N_1	BRIL	M1G2X2	INTERNAL_INSERTION	ELECTRON MICROSCOPY	3.4	640	384	0	0.2017	1.0	1.0	True	False	E7_fusion_modelled=0<50;E9_fusion_disorder=1.00>0.2;E9_target_disorder=0.20>0.2
8Y6M_1	BRIL	A2YGP9	INTERNAL_INSERTION	ELECTRON MICROSCOPY	2.91	628	413	0	0.1194	1.0	1.0	True	False	E7_fusion_modelled=0<50;E9_fusion_disorder=1.00>0.2
8Y6L_1	BRIL	Q0JNB6	INTERNAL_INSERTION	ELECTRON MICROSCOPY	3.4	647	409	0	0.1497	1.0	1.0	True	False	E7_fusion_modelled=0<50;E9_fusion_disorder=1.00>0.2
8Y6J_1	BRIL	Q7XPF8	INTERNAL_INSERTION	ELECTRON MICROSCOPY	3.46	662	425	0	0.1466	1.0	1.0	True	False	E7_fusion_modelled=0<50;E9_fusion_disorder=1.00>0.2
8XVL_4	BRIL	None	None	ELECTRON MICROSCOPY	3.22	783	0	92	1.0	0.1238	0.239	True	False	E1_multi_uniprot_n=3;E6_align_coverage=0.24<0.8;E8_target_modelled=0<80;E9_target_disorder=1.00>0.2
8XVK_4	BRIL	None	None	ELECTRON MICROSCOPY	3.21	783	0	92	1.0	0.1238	0.2347	True	False	E1_multi_uniprot_n=3;E6_align_coverage=0.23<0.8;E8_target_modelled=0<80;E9_target_disorder=1.00>0.2
8XVJ_4	BRIL	None	None	ELECTRON MICROSCOPY	3.26	783	0	92	1.0	0.1238	0.2317	True	False	E1_multi_uniprot_n=3;E6_align_coverage=0.23<0.8;E8_target_modelled=0<80;E9_target_disorder=1.00>0.2
8XV9_1	BRIL	Q9BZV2	TERMINAL_N	ELECTRON MICROSCOPY	3.8	607	388	0	0.2016	1.0	1.0	True	False	E3_resolution=3.80>3.5;E7_fusion_modelled=0<50;E9_fusion_disorder=1.00>0.2;E9_target_disorder=0.20>0.2
8XV5_1	BRIL	Q9BZV2	TERMINAL_N	ELECTRON MICROSCOPY	3.7	607	388	0	0.2016	1.0	1.0	True	False	E3_resolution=3.70>3.5;E7_fusion_modelled=0<50;E9_fusion_disorder=1.00>0.2;E9_target_disorder=0.20>0.2
8XV2_1	BRIL	Q9BZV2	TERMINAL_N	ELECTRON MICROSCOPY	3.7	607	388	0	0.2016	1.0	1.0	True	False	E3_resolution=3.70>3.5;E7_fusion_modelled=0<50;E9_fusion_disorder=1.00>0.2;E9_target_disorder=0.20>0.2
8XML_1	BRIL	P51685	TERMINAL_N	ELECTRON MICROSCOPY	2.58	461	223	0	0.3718	1.0	1.0	True	False	E7_fusion_modelled=0<50;E9_fusion_disorder=1.00>0.2;E9_target_disorder=0.37>0.2
8X64_1	BRIL	P35367	INTERNAL_INSERTION	ELECTRON MICROSCOPY	3.4	438	259	0	0.0616	1.0	0.9848	True	False	E7_fusion_modelled=0<50;E9_fusion_disorder=1.00>0.2
8X63_1	BRIL	P35367	INTERNAL_INSERTION	ELECTRON MICROSCOPY	3.2	438	266	0	0.0362	1.0	0.9852	True	False	E7_fusion_modelled=0<50;E9_fusion_disorder=1.00>0.2
8X5Y_1	BRIL	P35367	INTERNAL_INSERTION	ELECTRON MICROSCOPY	3.0	438	270	0	0.0217	1.0	0.9854	True	False	E7_fusion_modelled=0<50;E9_fusion_disorder=1.00>0.2
8X5X_1	BRIL	P35367	INTERNAL_INSERTION	ELECTRON MICROSCOPY	3.5	438	252	0	0.087	1.0	0.9844	True	False	E7_fusion_modelled=0<50;E9_fusion_disorder=1.00>0.2
8X2K_1	BRIL	P46089	TERMINAL_N	ELECTRON MICROSCOPY	3.03	466	260	0	0.2121	1.0	1.0	True	False	E7_fusion_modelled=0<50;E9_fusion_disorder=1.00>0.2;E9_target_disorder=0.21>0.2
9J31_4	BRIL	None	None	ELECTRON MICROSCOPY	3.05	642	0	0	1.0	1.0	0.0	True	False	E1_not_chimeric_single_uniprot;E6_align_coverage=0.00<0.8;E7_fusion_modelled=0<50;E8_target_modelled=0<80;E9_fusion_disorder=1.00>0.2;E9_target_disorder=1.00>0.2
9IZH_1	BRIL	Q92633	TERMINAL_N	ELECTRON MICROSCOPY	3.04	651	299	0	0.1763	1.0	1.0	True	False	E7_fusion_modelled=0<50;E9_fusion_disorder=1.00>0.2
9IZG_3	BRIL	Q92633	TERMINAL_N	ELECTRON MICROSCOPY	3.04	651	298	0	0.1791	1.0	1.0	True	False	E7_fusion_modelled=0<50;E9_fusion_disorder=1.00>0.2
9IZF_1	BRIL	Q92633	TERMINAL_N	ELECTRON MICROSCOPY	3.14	651	291	0	0.1983	1.0	1.0	True	False	E7_fusion_modelled=0<50;E9_fusion_disorder=1.00>0.2
9IYA_1	BRIL	Q9Y2T6	TERMINAL_C	ELECTRON MICROSCOPY	3.04	412	274	89	0.0552	0.1524	0.9732	False	False	
9IVK_1	BRIL	None	None	ELECTRON MICROSCOPY	2.74	285	0	96	1.0	0.068	0.3453	True	False	E1_not_chimeric_single_uniprot;E6_align_coverage=0.35<0.8;E8_target_modelled=0<80;E9_target_disorder=1.00>0.2
9ISI_1	BRIL	Q16581	INTERNAL_INSERTION	ELECTRON MICROSCOPY	3.56	613	252	95	0.4717	0.0952	0.9639	True	False	E3_resolution=3.56>3.5;E9_target_disorder=0.47>0.2
9IPO_1	BRIL	Q9UKL4	INTERNAL_INSERTION	ELECTRON MICROSCOPY	2.41	359	170	0	0.2975	1.0	1.0	True	False	E7_fusion_modelled=0<50;E9_fusion_disorder=1.00>0.2;E9_target_disorder=0.30>0.2
9IPN_1	BRIL	Q9UKL4	INTERNAL_INSERTION	ELECTRON MICROSCOPY	2.46	359	170	0	0.2975	1.0	1.0	True	False	E7_fusion_modelled=0<50;E9_fusion_disorder=1.00>0.2;E9_target_disorder=0.30>0.2
9IPM_1	BRIL	Q9UKL4	INTERNAL_INSERTION	ELECTRON MICROSCOPY	3.56	359	171	0	0.2934	1.0	1.0	True	False	E3_resolution=3.56>3.5;E7_fusion_modelled=0<50;E9_fusion_disorder=1.00>0.2;E9_target_disorder=0.29>0.2
9IP5_1	BRIL	Q9UKL4	INTERNAL_INSERTION	ELECTRON MICROSCOPY	3.52	359	166	0	0.314	1.0	1.0	True	False	E3_resolution=3.52>3.5;E7_fusion_modelled=0<50;E9_fusion_disorder=1.00>0.2;E9_target_disorder=0.31>0.2
9IBW_1	BRIL	P03999	INTERNAL_INSERTION	ELECTRON MICROSCOPY	3.22	488	306	92	0.1105	0.1238	0.9876	False	False	
9I3T_1	BRIL	P04001	INTERNAL_INSERTION	ELECTRON MICROSCOPY	3.7	492	290	105	0.1877	0.0094	1.0	False	False	E3_resolution=3.70>3.5
9GYO_5	BRIL	Q8TDU6	TERMINAL_N	ELECTRON MICROSCOPY	2.5	470	273	0	0.1727	1.0	1.0	True	False	E7_fusion_modelled=0<50;E9_fusion_disorder=1.00>0.2
9DYF_4	BRIL	P08908	TERMINAL_N	ELECTRON MICROSCOPY	2.74	552	288	0	0.2746	1.0	1.0	True	False	E7_fusion_modelled=0<50;E9_fusion_disorder=1.00>0.2;E9_target_disorder=0.27>0.2
9DYD_4	BRIL	P08908	TERMINAL_N	ELECTRON MICROSCOPY	2.96	552	286	0	0.2796	1.0	1.0	True	False	E7_fusion_modelled=0<50;E9_fusion_disorder=1.00>0.2;E9_target_disorder=0.28>0.2
9DVC_1	BRIL	None	None	ELECTRON MICROSCOPY	7.4	117	0	74	1.0	0.1778	0.8409	True	False	E1_not_chimeric_single_uniprot;E3_resolution=7.40>3.5;E8_target_modelled=0<80;E9_target_disorder=1.00>0.2
9DVB_1	BRIL	None	None	ELECTRON MICROSCOPY	3.6	117	0	74	1.0	0.1778	0.7327	True	False	E1_not_chimeric_single_uniprot;E3_resolution=3.60>3.5;E6_align_coverage=0.73<0.8;E8_target_modelled=0<80;E9_target_disorder=1.00>0.2
9CUG_1	BRIL	Q15306	TERMINAL_N	X-RAY DIFFRACTION	2.49	286	177	98	0.0112	0.0755	1.0	False	False	
9C3F_1	BRIL	P0AE16	TERMINAL_C	ELECTRON MICROSCOPY	3.78	600	485	0	0.0122	1.0	1.0	True	False	E3_resolution=3.78>3.5;E7_fusion_modelled=0<50;E9_fusion_disorder=1.00>0.2
8ZSV_5	BRIL	Q923Y8	TERMINAL_N	ELECTRON MICROSCOPY	2.96	488	281	0	0.1511	1.0	1.0	True	False	E7_fusion_modelled=0<50;E9_fusion_disorder=1.00>0.2
8ZSS_5	BRIL	Q96RJ0	TERMINAL_N	ELECTRON MICROSCOPY	3.07	495	282	0	0.1657	1.0	1.0	True	False	E7_fusion_modelled=0<50;E9_fusion_disorder=1.00>0.2
8ZSP_5	BRIL	Q96RJ0	TERMINAL_N	ELECTRON MICROSCOPY	3.14	495	281	0	0.1686	1.0	1.0	True	False	E7_fusion_modelled=0<50;E9_fusion_disorder=1.00>0.2
8ZSJ_5	BRIL	Q96RJ0	TERMINAL_N	ELECTRON MICROSCOPY	2.8	495	282	0	0.1657	1.0	1.0	True	False	E7_fusion_modelled=0<50;E9_fusion_disorder=1.00>0.2
8ZQE_5	BRIL	None	None	ELECTRON MICROSCOPY	2.9	881	0	0	1.0	1.0	0.0	True	False	E1_multi_uniprot_n=3;E6_align_coverage=0.00<0.8;E7_fusion_modelled=0<50;E8_target_modelled=0<80;E9_fusion_disorder=1.00>0.2;E9_target_disorder=1.00>0.2
9PXY_1	BRIL	P35372	TERMINAL_N	ELECTRON MICROSCOPY	3.0	622	286	0	0.2832	1.0	1.0	True	False	E7_fusion_modelled=0<50;E9_fusion_disorder=1.00>0.2;E9_target_disorder=0.28>0.2
9PXX_4	BRIL	P35372	TERMINAL_N	ELECTRON MICROSCOPY	3.1	622	286	0	0.2832	1.0	1.0	True	False	E7_fusion_modelled=0<50;E9_fusion_disorder=1.00>0.2;E9_target_disorder=0.28>0.2
9PXW_4	BRIL	P35372	TERMINAL_N	ELECTRON MICROSCOPY	3.8	622	287	0	0.2807	1.0	1.0	True	False	E3_resolution=3.80>3.5;E7_fusion_modelled=0<50;E9_fusion_disorder=1.00>0.2;E9_target_disorder=0.28>0.2
9PXV_5	BRIL	P35372	TERMINAL_N	ELECTRON MICROSCOPY	3.02	622	286	0	0.2832	1.0	1.0	True	False	E7_fusion_modelled=0<50;E9_fusion_disorder=1.00>0.2;E9_target_disorder=0.28>0.2
9PXU_1	BRIL	P35372	TERMINAL_N	ELECTRON MICROSCOPY	3.4	622	287	0	0.2807	1.0	1.0	True	False	E7_fusion_modelled=0<50;E9_fusion_disorder=1.00>0.2;E9_target_disorder=0.28>0.2
9PV0_1	BRIL	Q5HHX4	TERMINAL_C	ELECTRON MICROSCOPY	2.52	495	358	2	0.0604	0.9811	0.9972	True	False	E7_fusion_modelled=2<50;E9_fusion_disorder=0.98>0.2
9PQ4_1	BRIL	None	None	X-RAY DIFFRACTION	1.48	106	0	106	1.0	0.0	1.0	True	False	E1_not_chimeric_single_uniprot;E8_target_modelled=0<80;E9_target_disorder=1.00>0.2
9PPT_1	BRIL	None	None	X-RAY DIFFRACTION	1.78	106	0	106	1.0	0.0	1.0	True	False	E1_not_chimeric_single_uniprot;E8_target_modelled=0<80;E9_target_disorder=1.00>0.2
9PPS_1	BRIL	None	None	X-RAY DIFFRACTION	2.0	106	0	106	1.0	0.0	1.0	True	False	E1_not_chimeric_single_uniprot;E8_target_modelled=0<80;E9_target_disorder=1.00>0.2
9PPR_1	BRIL	None	None	X-RAY DIFFRACTION	1.57	106	0	106	1.0	0.0	1.0	True	False	E1_not_chimeric_single_uniprot;E8_target_modelled=0<80;E9_target_disorder=1.00>0.2
9PPO_1	BRIL	None	None	X-RAY DIFFRACTION	1.62	106	0	106	1.0	0.0	1.0	True	False	E1_not_chimeric_single_uniprot;E8_target_modelled=0<80;E9_target_disorder=1.00>0.2
9PPN_1	BRIL	None	None	X-RAY DIFFRACTION	1.87	106	0	106	1.0	0.0	1.0	True	False	E1_not_chimeric_single_uniprot;E8_target_modelled=0<80;E9_target_disorder=1.00>0.2
9PPM_1	BRIL	None	None	X-RAY DIFFRACTION	2.53	106	0	106	1.0	0.0	1.0	True	False	E1_not_chimeric_single_uniprot;E8_target_modelled=0<80;E9_target_disorder=1.00>0.2
9PNH_1	BRIL	None	None	X-RAY DIFFRACTION	1.84	106	0	106	1.0	0.0	1.0	True	False	E1_not_chimeric_single_uniprot;E8_target_modelled=0<80;E9_target_disorder=1.00>0.2
9PNG_1	BRIL	None	None	X-RAY DIFFRACTION	1.97	106	0	106	1.0	0.0	1.0	True	False	E1_not_chimeric_single_uniprot;E8_target_modelled=0<80;E9_target_disorder=1.00>0.2
9OXA_1	BRIL	P59537	TERMINAL_N	ELECTRON MICROSCOPY	2.9	645	284	0	0.0809	1.0	1.0	True	False	E7_fusion_modelled=0<50;E9_fusion_disorder=1.00>0.2
9M8V_1	BRIL	P46089	TERMINAL_N	ELECTRON MICROSCOPY	3.83	466	264	0	0.2	1.0	1.0	True	False	E3_resolution=3.83>3.5;E7_fusion_modelled=0<50;E9_fusion_disorder=1.00>0.2
9M8P_1	BRIL	P46089	TERMINAL_N	ELECTRON MICROSCOPY	3.42	466	254	0	0.2303	1.0	1.0	True	False	E7_fusion_modelled=0<50;E9_fusion_disorder=1.00>0.2;E9_target_disorder=0.23>0.2
9LRS_1	BRIL	Q96LA9	TERMINAL_N	ELECTRON MICROSCOPY	2.83	472	247	0	0.2305	1.0	1.0	True	False	E7_fusion_modelled=0<50;E9_fusion_disorder=1.00>0.2;E9_target_disorder=0.23>0.2
9KQM_1	BRIL	Q16572	TERMINAL_N	ELECTRON MICROSCOPY	3.5	637	403	0	0.2067	1.0	1.0	True	False	E7_fusion_modelled=0<50;E9_fusion_disorder=1.00>0.2;E9_target_disorder=0.21>0.2
9JRT_1	BRIL	P43116	INTERNAL_INSERTION	ELECTRON MICROSCOPY	3.28	684	271	93	0.1738	0.0312	0.9655	False	False	
9JRO_4	BRIL	P43116	INTERNAL_INSERTION	ELECTRON MICROSCOPY	3.5	684	272	94	0.1707	0.0208	0.9657	False	False	
9JKQ_5	BRIL	Q96RJ0	TERMINAL_N	ELECTRON MICROSCOPY	2.66	510	296	0	0.1268	1.0	1.0	True	False	E7_fusion_modelled=0<50;E9_fusion_disorder=1.00>0.2
9JG1_1	BRIL	Q9H3N8	INTERNAL_INSERTION	ELECTRON MICROSCOPY	3.62	427	277	96	0.0348	0.0857	0.9663	False	False	E3_resolution=3.62>3.5
9JG0_1	BRIL	Q9Y5X5	INTERNAL_INSERTION	ELECTRON MICROSCOPY	2.91	526	297	90	0.2404	0.1429	0.9675	True	True	E9_target_disorder=0.24>0.2
9UVW_1	BRIL	P30518	INTERNAL_INSERTION	ELECTRON MICROSCOPY	2.89	486	266	0	0.2245	1.0	1.0	True	False	E7_fusion_modelled=0<50;E9_fusion_disorder=1.00>0.2;E9_target_disorder=0.22>0.2
9UVV_1	BRIL	P30518	INTERNAL_INSERTION	ELECTRON MICROSCOPY	3.02	486	266	93	0.2245	0.1226	1.0	True	True	E9_target_disorder=0.22>0.2
9UVU_2	BRIL	P30411	INTERNAL_INSERTION	ELECTRON MICROSCOPY	3.69	487	246	18	0.3405	0.8302	1.0	True	False	E3_resolution=3.69>3.5;E7_fusion_modelled=18<50;E9_fusion_disorder=0.83>0.2;E9_target_disorder=0.34>0.2
9UVT_3	BRIL	P30411	INTERNAL_INSERTION	ELECTRON MICROSCOPY	3.29	487	246	89	0.3405	0.1604	1.0	True	True	E9_target_disorder=0.34>0.2
9UPV_4	BRIL	None	None	ELECTRON MICROSCOPY	2.7	648	0	0	1.0	1.0	0.0	True	False	E1_multi_uniprot_n=3;E6_align_coverage=0.00<0.8;E7_fusion_modelled=0<50;E8_target_modelled=0<80;E9_fusion_disorder=1.00>0.2;E9_target_disorder=1.00>0.2
9UPU_6	BRIL	None	None	ELECTRON MICROSCOPY	2.8	648	0	0	1.0	1.0	0.0	True	False	E1_multi_uniprot_n=3;E6_align_coverage=0.00<0.8;E7_fusion_modelled=0<50;E8_target_modelled=0<80;E9_fusion_disorder=1.00>0.2;E9_target_disorder=1.00>0.2
9UPO_1	BRIL	Q9XSX2	INTERNAL_INSERTION	ELECTRON MICROSCOPY	3.71	434	286	0	0.1588	1.0	1.0	True	False	E3_resolution=3.71>3.5;E7_fusion_modelled=0<50;E9_fusion_disorder=1.00>0.2
9UPN_1	BRIL	Q9XSX2	INTERNAL_INSERTION	ELECTRON MICROSCOPY	3.37	434	286	0	0.1588	1.0	1.0	True	False	E7_fusion_modelled=0<50;E9_fusion_disorder=1.00>0.2
9UPM_1	BRIL	Q9XSX4	INTERNAL_INSERTION	ELECTRON MICROSCOPY	3.21	452	294	0	0.1765	1.0	1.0	True	False	E7_fusion_modelled=0<50;E9_fusion_disorder=1.00>0.2
9TPQ_2	BRIL	P28472	INTERNAL_INSERTION	ELECTRON MICROSCOPY	2.9	451	326	0	0.024	1.0	0.9879	True	False	E7_fusion_modelled=0<50;E9_fusion_disorder=1.00>0.2
9TMP_1	BRIL	None	None	X-RAY DIFFRACTION	2.65	128	0	103	1.0	0.1953	1.0	True	False	E1_not_chimeric_single_uniprot;E8_target_modelled=0<80;E9_target_disorder=1.00>0.2
9T8D_1	BRIL	P35462	INTERNAL_INSERTION	ELECTRON MICROSCOPY	3.6	432	260	96	0.1003	0.0857	0.9544	False	False	E3_resolution=3.60>3.5
9SLD_2	BRIL	P28472	TERMINAL_C	ELECTRON MICROSCOPY	3.04	451	301	0	0.0195	1.0	0.9066	True	False	E7_fusion_modelled=0<50;E9_fusion_disorder=1.00>0.2
9SL1_2	BRIL	P28472	INTERNAL_INSERTION	ELECTRON MICROSCOPY	2.68	451	327	0	0.021	1.0	0.9849	True	False	E7_fusion_modelled=0<50;E9_fusion_disorder=1.00>0.2
9R42_4	BRIL	P35462	TERMINAL_N	ELECTRON MICROSCOPY	3.24	561	257	0	0.3575	1.0	1.0	True	False	E7_fusion_modelled=0<50;E9_fusion_disorder=1.00>0.2;E9_target_disorder=0.36>0.2
9QP4_1	BRIL	P03999	INTERNAL_INSERTION	ELECTRON MICROSCOPY	3.06	488	299	92	0.1308	0.1238	0.9874	False	False	
9QK1_2	BRIL	P28472	INTERNAL_INSERTION	ELECTRON MICROSCOPY	3.05	451	327	1	0.021	0.9905	0.9791	True	False	E7_fusion_modelled=1<50;E9_fusion_disorder=0.99>0.2
9QK0_2	BRIL	P28472	INTERNAL_INSERTION	ELECTRON MICROSCOPY	3.01	451	326	0	0.024	1.0	0.9879	True	False	E7_fusion_modelled=0<50;E9_fusion_disorder=1.00>0.2
9QJY_2	BRIL	P28472	TERMINAL_C	ELECTRON MICROSCOPY	2.78	451	300	0	0.0228	1.0	0.9091	True	False	E7_fusion_modelled=0<50;E9_fusion_disorder=1.00>0.2
9QJX_2	BRIL	P28472	INTERNAL_INSERTION	ELECTRON MICROSCOPY	2.7	451	326	0	0.024	1.0	0.9879	True	False	E7_fusion_modelled=0<50;E9_fusion_disorder=1.00>0.2
9QJV_2	BRIL	P28472	INTERNAL_INSERTION	ELECTRON MICROSCOPY	3.45	451	326	0	0.024	1.0	0.979	True	False	E7_fusion_modelled=0<50;E9_fusion_disorder=1.00>0.2
9QJS_2	BRIL	P28472	INTERNAL_INSERTION	ELECTRON MICROSCOPY	2.52	451	327	0	0.021	1.0	0.9879	True	False	E7_fusion_modelled=0<50;E9_fusion_disorder=1.00>0.2
9PY4_4	BRIL	P35372	TERMINAL_N	ELECTRON MICROSCOPY	2.78	622	286	0	0.2832	1.0	1.0	True	False	E7_fusion_modelled=0<50;E9_fusion_disorder=1.00>0.2;E9_target_disorder=0.28>0.2
9PY3_3	BRIL	P35372	TERMINAL_N	ELECTRON MICROSCOPY	3.2	622	286	0	0.2832	1.0	1.0	True	False	E7_fusion_modelled=0<50;E9_fusion_disorder=1.00>0.2;E9_target_disorder=0.28>0.2
9PY2_1	BRIL	P35372	TERMINAL_N	ELECTRON MICROSCOPY	3.16	622	286	0	0.2832	1.0	1.0	True	False	E7_fusion_modelled=0<50;E9_fusion_disorder=1.00>0.2;E9_target_disorder=0.28>0.2
9WIJ_1	BRIL	Q9NQS5	INTERNAL_INSERTION	ELECTRON MICROSCOPY	3.05	447	290	0	0.0554	1.0	1.0	True	False	E7_fusion_modelled=0<50;E9_fusion_disorder=1.00>0.2
9W6W_5	BRIL	P47898	TERMINAL_N	ELECTRON MICROSCOPY	3.13	481	274	0	0.2149	1.0	1.0	True	False	E7_fusion_modelled=0<50;E9_fusion_disorder=1.00>0.2;E9_target_disorder=0.21>0.2
9W41_5	BRIL	P29274	TERMINAL_N	ELECTRON MICROSCOPY	2.71	607	276	0	0.181	1.0	1.0	True	False	E7_fusion_modelled=0<50;E9_fusion_disorder=1.00>0.2
9W40_4	BRIL	P29275	TERMINAL_N	ELECTRON MICROSCOPY	3.2	607	289	0	0.1269	1.0	1.0	True	False	E7_fusion_modelled=0<50;E9_fusion_disorder=1.00>0.2
9W33_1	BRIL	P35346	INTERNAL_INSERTION	ELECTRON MICROSCOPY	2.69	389	278	98	0.0	0.0	0.9666	False	False	
9W32_1	BRIL	P35346	INTERNAL_INSERTION	ELECTRON MICROSCOPY	2.59	389	278	98	0.0	0.0	0.9666	False	False	
9W1Q_1	BRIL	O43826	TERMINAL_C	ELECTRON MICROSCOPY	3.2	551	392	0	0.0554	1.0	0.9727	True	False	E7_fusion_modelled=0<50;E9_fusion_disorder=1.00>0.2
9W1P_1	BRIL	O43826	TERMINAL_C	ELECTRON MICROSCOPY	3.4	551	392	0	0.0554	1.0	0.9727	True	False	E7_fusion_modelled=0<50;E9_fusion_disorder=1.00>0.2
9W0P_4	BRIL	Q9NYV8	TERMINAL_N	ELECTRON MICROSCOPY	3.6	483	282	0	0.1104	1.0	1.0	True	False	E3_resolution=3.60>3.5;E7_fusion_modelled=0<50;E9_fusion_disorder=1.00>0.2
9VV6_1	BRIL	None	None	ELECTRON MICROSCOPY	2.62	1398	0	0	1.0	1.0	0.0	True	False	E1_multi_uniprot_n=3;E6_align_coverage=0.00<0.8;E7_fusion_modelled=0<50;E8_target_modelled=0<80;E9_fusion_disorder=1.00>0.2;E9_target_disorder=1.00>0.2
9VUS_5	BRIL	None	None	ELECTRON MICROSCOPY	2.37	1398	0	0	1.0	1.0	0.0	True	False	E1_multi_uniprot_n=3;E6_align_coverage=0.00<0.8;E7_fusion_modelled=0<50;E8_target_modelled=0<80;E9_fusion_disorder=1.00>0.2;E9_target_disorder=1.00>0.2
9VO1_4	BRIL	P21453	TERMINAL_N	ELECTRON MICROSCOPY	2.97	534	281	0	0.2644	1.0	1.0	True	False	E7_fusion_modelled=0<50;E9_fusion_disorder=1.00>0.2;E9_target_disorder=0.26>0.2
9VO0_5	BRIL	P21453	TERMINAL_N	ELECTRON MICROSCOPY	2.79	534	279	0	0.2696	1.0	1.0	True	False	E7_fusion_modelled=0<50;E9_fusion_disorder=1.00>0.2;E9_target_disorder=0.27>0.2
9VNZ_5	BRIL	P21453	TERMINAL_N	ELECTRON MICROSCOPY	2.79	534	280	0	0.267	1.0	1.0	True	False	E7_fusion_modelled=0<50;E9_fusion_disorder=1.00>0.2;E9_target_disorder=0.27>0.2
9VNY_5	BRIL	P21453	TERMINAL_N	ELECTRON MICROSCOPY	3.69	534	280	0	0.267	1.0	1.0	True	False	E3_resolution=3.69>3.5;E7_fusion_modelled=0<50;E9_fusion_disorder=1.00>0.2;E9_target_disorder=0.27>0.2
9VNF_5	BRIL	P08908	TERMINAL_N	ELECTRON MICROSCOPY	2.74	549	276	0	0.3065	1.0	1.0	True	False	E7_fusion_modelled=0<50;E9_fusion_disorder=1.00>0.2;E9_target_disorder=0.31>0.2
9VMY_5	BRIL	P08908	TERMINAL_N	ELECTRON MICROSCOPY	2.86	549	277	0	0.304	1.0	1.0	True	False	E7_fusion_modelled=0<50;E9_fusion_disorder=1.00>0.2;E9_target_disorder=0.30>0.2
9VJG_5	BRIL	P08908	TERMINAL_N	ELECTRON MICROSCOPY	2.67	549	277	0	0.304	1.0	1.0	True	False	E7_fusion_modelled=0<50;E9_fusion_disorder=1.00>0.2;E9_target_disorder=0.30>0.2
9VJF_5	BRIL	P08908	TERMINAL_N	ELECTRON MICROSCOPY	2.7	549	280	0	0.2965	1.0	1.0	True	False	E7_fusion_modelled=0<50;E9_fusion_disorder=1.00>0.2;E9_target_disorder=0.30>0.2
9VJE_5	BRIL	P08908	TERMINAL_N	ELECTRON MICROSCOPY	2.47	549	276	0	0.3065	1.0	1.0	True	False	E7_fusion_modelled=0<50;E9_fusion_disorder=1.00>0.2;E9_target_disorder=0.31>0.2
9VJ6_5	BRIL	P08908	TERMINAL_N	ELECTRON MICROSCOPY	2.62	549	280	0	0.2965	1.0	1.0	True	False	E7_fusion_modelled=0<50;E9_fusion_disorder=1.00>0.2;E9_target_disorder=0.30>0.2
9VJ5_5	BRIL	P08908	TERMINAL_N	ELECTRON MICROSCOPY	2.69	549	276	0	0.3065	1.0	1.0	True	False	E7_fusion_modelled=0<50;E9_fusion_disorder=1.00>0.2;E9_target_disorder=0.31>0.2
9V82_1	BRIL	Q96LA9	TERMINAL_N	ELECTRON MICROSCOPY	2.56	472	244	0	0.2399	1.0	1.0	True	False	E7_fusion_modelled=0<50;E9_fusion_disorder=1.00>0.2;E9_target_disorder=0.24>0.2
9V81_5	BRIL	Q96LA9	TERMINAL_N	ELECTRON MICROSCOPY	2.63	472	244	0	0.2399	1.0	1.0	True	False	E7_fusion_modelled=0<50;E9_fusion_disorder=1.00>0.2;E9_target_disorder=0.24>0.2
9UVX_1	BRIL	P30518	INTERNAL_INSERTION	ELECTRON MICROSCOPY	3.31	486	263	0	0.2332	1.0	1.0	True	False	E7_fusion_modelled=0<50;E9_fusion_disorder=1.00>0.2;E9_target_disorder=0.23>0.2
9ZXC_1	BRIL	P30556	INTERNAL_INSERTION	ELECTRON MICROSCOPY	3.4	582	278	104	0.1032	0.0	0.7748	False	False	E6_align_coverage=0.77<0.8
9XZN_1	BRIL	Q8DPI1	TERMINAL_N	ELECTRON MICROSCOPY	3.63	594	475	104	0.0246	0.0095	0.9983	False	False	E3_resolution=3.63>3.5
9WIK_4	BRIL	Q9NQS5	TERMINAL_N	ELECTRON MICROSCOPY	3.3	691	283	0	0.2835	1.0	1.0	True	False	E7_fusion_modelled=0<50;E9_fusion_disorder=1.00>0.2;E9_target_disorder=0.28>0.2
137L_1	T4L	None	None	X-RAY DIFFRACTION	1.85	164	0	162	1.0	0.0122	1.0	True	False	E1_not_chimeric_single_uniprot;E8_target_modelled=0<80;E9_target_disorder=1.00>0.2
131L_1	T4L	None	None	X-RAY DIFFRACTION	1.7	164	0	162	1.0	0.0122	1.0	True	False	E1_not_chimeric_single_uniprot;E8_target_modelled=0<80;E9_target_disorder=1.00>0.2
130L_1	T4L	None	None	X-RAY DIFFRACTION	1.7	164	0	162	1.0	0.0122	1.0	True	False	E1_not_chimeric_single_uniprot;E8_target_modelled=0<80;E9_target_disorder=1.00>0.2
129L_1	T4L	None	None	X-RAY DIFFRACTION	1.7	164	0	162	1.0	0.0122	1.0	True	False	E1_not_chimeric_single_uniprot;E8_target_modelled=0<80;E9_target_disorder=1.00>0.2
128L_1	T4L	None	None	X-RAY DIFFRACTION	1.7	164	0	162	1.0	0.0122	1.0	True	False	E1_not_chimeric_single_uniprot;E8_target_modelled=0<80;E9_target_disorder=1.00>0.2
127L_1	T4L	None	None	X-RAY DIFFRACTION	1.85	164	0	162	1.0	0.0122	1.0	True	False	E1_not_chimeric_single_uniprot;E8_target_modelled=0<80;E9_target_disorder=1.00>0.2
126L_1	T4L	None	None	X-RAY DIFFRACTION	1.8	164	0	162	1.0	0.0122	1.0	True	False	E1_not_chimeric_single_uniprot;E8_target_modelled=0<80;E9_target_disorder=1.00>0.2
125L_1	T4L	None	None	X-RAY DIFFRACTION	1.85	164	0	162	1.0	0.0122	1.0	True	False	E1_not_chimeric_single_uniprot;E8_target_modelled=0<80;E9_target_disorder=1.00>0.2
123L_1	T4L	None	None	X-RAY DIFFRACTION	1.8	164	0	162	1.0	0.0122	1.0	True	False	E1_not_chimeric_single_uniprot;E8_target_modelled=0<80;E9_target_disorder=1.00>0.2
122L_1	T4L	None	None	X-RAY DIFFRACTION	1.8	164	0	162	1.0	0.0122	1.0	True	False	E1_not_chimeric_single_uniprot;E8_target_modelled=0<80;E9_target_disorder=1.00>0.2
120L_1	T4L	None	None	X-RAY DIFFRACTION	1.8	164	0	162	1.0	0.0122	1.0	True	False	E1_not_chimeric_single_uniprot;E8_target_modelled=0<80;E9_target_disorder=1.00>0.2
119L_1	T4L	None	None	X-RAY DIFFRACTION	1.65	164	0	162	1.0	0.0122	1.0	True	False	E1_not_chimeric_single_uniprot;E8_target_modelled=0<80;E9_target_disorder=1.00>0.2
118L_1	T4L	None	None	X-RAY DIFFRACTION	1.8	164	0	162	1.0	0.0122	1.0	True	False	E1_not_chimeric_single_uniprot;E8_target_modelled=0<80;E9_target_disorder=1.00>0.2
115L_1	T4L	None	None	X-RAY DIFFRACTION	1.8	164	0	162	1.0	0.0122	1.0	True	False	E1_not_chimeric_single_uniprot;E8_target_modelled=0<80;E9_target_disorder=1.00>0.2
114L_1	T4L	None	None	X-RAY DIFFRACTION	1.8	164	0	162	1.0	0.0122	1.0	True	False	E1_not_chimeric_single_uniprot;E8_target_modelled=0<80;E9_target_disorder=1.00>0.2
113L_1	T4L	None	None	X-RAY DIFFRACTION	1.8	164	0	162	1.0	0.0122	1.0	True	False	E1_not_chimeric_single_uniprot;E8_target_modelled=0<80;E9_target_disorder=1.00>0.2
112L_1	T4L	None	None	X-RAY DIFFRACTION	1.8	164	0	162	1.0	0.0122	1.0	True	False	E1_not_chimeric_single_uniprot;E8_target_modelled=0<80;E9_target_disorder=1.00>0.2
111L_1	T4L	None	None	X-RAY DIFFRACTION	1.8	164	0	162	1.0	0.0122	1.0	True	False	E1_not_chimeric_single_uniprot;E8_target_modelled=0<80;E9_target_disorder=1.00>0.2
110L_1	T4L	None	None	X-RAY DIFFRACTION	1.7	164	0	162	1.0	0.0122	1.0	True	False	E1_not_chimeric_single_uniprot;E8_target_modelled=0<80;E9_target_disorder=1.00>0.2
109L_1	T4L	None	None	X-RAY DIFFRACTION	1.85	164	0	162	1.0	0.0122	1.0	True	False	E1_not_chimeric_single_uniprot;E8_target_modelled=0<80;E9_target_disorder=1.00>0.2
108L_1	T4L	None	None	X-RAY DIFFRACTION	1.8	164	0	162	1.0	0.0122	1.0	True	False	E1_not_chimeric_single_uniprot;E8_target_modelled=0<80;E9_target_disorder=1.00>0.2
107L_1	T4L	None	None	X-RAY DIFFRACTION	1.8	164	0	162	1.0	0.0122	1.0	True	False	E1_not_chimeric_single_uniprot;E8_target_modelled=0<80;E9_target_disorder=1.00>0.2
104L_1	T4L	None	None	X-RAY DIFFRACTION	2.8	166	0	162	1.0	0.0122	0.9878	True	False	E1_not_chimeric_single_uniprot;E8_target_modelled=0<80;E9_target_disorder=1.00>0.2
103L_1	T4L	None	None	X-RAY DIFFRACTION	1.9	167	0	156	1.0	0.0488	0.9811	True	False	E1_not_chimeric_single_uniprot;E8_target_modelled=0<80;E9_target_disorder=1.00>0.2
102L_1	T4L	None	None	X-RAY DIFFRACTION	1.74	165	0	162	1.0	0.0122	0.9939	True	False	E1_not_chimeric_single_uniprot;E8_target_modelled=0<80;E9_target_disorder=1.00>0.2
151L_1	T4L	None	None	X-RAY DIFFRACTION	2.2	164	0	162	1.0	0.0122	1.0	True	False	E1_not_chimeric_single_uniprot;E8_target_modelled=0<80;E9_target_disorder=1.00>0.2
164L_1	T4L	None	None	X-RAY DIFFRACTION	1.8	164	0	162	1.0	0.0122	1.0	True	False	E1_not_chimeric_single_uniprot;E8_target_modelled=0<80;E9_target_disorder=1.00>0.2
163L_1	T4L	None	None	X-RAY DIFFRACTION	1.8	164	0	162	1.0	0.0122	1.0	True	False	E1_not_chimeric_single_uniprot;E8_target_modelled=0<80;E9_target_disorder=1.00>0.2
162L_1	T4L	None	None	X-RAY DIFFRACTION	1.8	164	0	162	1.0	0.0122	1.0	True	False	E1_not_chimeric_single_uniprot;E8_target_modelled=0<80;E9_target_disorder=1.00>0.2
161L_1	T4L	None	None	X-RAY DIFFRACTION	1.7	164	0	162	1.0	0.0122	1.0	True	False	E1_not_chimeric_single_uniprot;E8_target_modelled=0<80;E9_target_disorder=1.00>0.2
160L_1	T4L	None	None	X-RAY DIFFRACTION	1.8	164	0	162	1.0	0.0122	1.0	True	False	E1_not_chimeric_single_uniprot;E8_target_modelled=0<80;E9_target_disorder=1.00>0.2
159L_1	T4L	None	None	X-RAY DIFFRACTION	1.8	164	0	162	1.0	0.0122	1.0	True	False	E1_not_chimeric_single_uniprot;E8_target_modelled=0<80;E9_target_disorder=1.00>0.2
158L_1	T4L	None	None	X-RAY DIFFRACTION	1.8	164	0	162	1.0	0.0122	1.0	True	False	E1_not_chimeric_single_uniprot;E8_target_modelled=0<80;E9_target_disorder=1.00>0.2
157L_1	T4L	None	None	X-RAY DIFFRACTION	1.85	164	0	162	1.0	0.0122	1.0	True	False	E1_not_chimeric_single_uniprot;E8_target_modelled=0<80;E9_target_disorder=1.00>0.2
156L_1	T4L	None	None	X-RAY DIFFRACTION	1.8	164	0	162	1.0	0.0122	1.0	True	False	E1_not_chimeric_single_uniprot;E8_target_modelled=0<80;E9_target_disorder=1.00>0.2
155L_1	T4L	None	None	X-RAY DIFFRACTION	1.85	164	0	162	1.0	0.0122	1.0	True	False	E1_not_chimeric_single_uniprot;E8_target_modelled=0<80;E9_target_disorder=1.00>0.2
152L_1	T4L	None	None	X-RAY DIFFRACTION	2.0	164	0	163	1.0	0.0	0.9939	True	False	E1_not_chimeric_single_uniprot;E8_target_modelled=0<80;E9_target_disorder=1.00>0.2
150L_1	T4L	None	None	X-RAY DIFFRACTION	2.2	164	0	164	1.0	0.0	1.0	True	False	E1_not_chimeric_single_uniprot;E8_target_modelled=0<80;E9_target_disorder=1.00>0.2
149L_1	T4L	None	None	X-RAY DIFFRACTION	2.6	164	0	164	1.0	0.0	1.0	True	False	E1_not_chimeric_single_uniprot;E8_target_modelled=0<80;E9_target_disorder=1.00>0.2
148L_1	T4L	None	None	X-RAY DIFFRACTION	1.9	164	0	163	1.0	0.0061	1.0	True	False	E1_not_chimeric_single_uniprot;E8_target_modelled=0<80;E9_target_disorder=1.00>0.2
147L_1	T4L	None	None	X-RAY DIFFRACTION	2.0	164	0	162	1.0	0.0122	1.0	True	False	E1_not_chimeric_single_uniprot;E8_target_modelled=0<80;E9_target_disorder=1.00>0.2
146L_1	T4L	None	None	X-RAY DIFFRACTION	1.85	164	0	162	1.0	0.0122	1.0	True	False	E1_not_chimeric_single_uniprot;E8_target_modelled=0<80;E9_target_disorder=1.00>0.2
145L_1	T4L	None	None	X-RAY DIFFRACTION	2.0	164	0	162	1.0	0.0122	1.0	True	False	E1_not_chimeric_single_uniprot;E8_target_modelled=0<80;E9_target_disorder=1.00>0.2
144L_1	T4L	None	None	X-RAY DIFFRACTION	2.1	164	0	162	1.0	0.0122	1.0	True	False	E1_not_chimeric_single_uniprot;E8_target_modelled=0<80;E9_target_disorder=1.00>0.2
143L_1	T4L	None	None	X-RAY DIFFRACTION	2.0	164	0	162	1.0	0.0122	1.0	True	False	E1_not_chimeric_single_uniprot;E8_target_modelled=0<80;E9_target_disorder=1.00>0.2
142L_1	T4L	None	None	X-RAY DIFFRACTION	2.0	164	0	162	1.0	0.0122	1.0	True	False	E1_not_chimeric_single_uniprot;E8_target_modelled=0<80;E9_target_disorder=1.00>0.2
141L_1	T4L	None	None	X-RAY DIFFRACTION	2.0	164	0	162	1.0	0.0122	1.0	True	False	E1_not_chimeric_single_uniprot;E8_target_modelled=0<80;E9_target_disorder=1.00>0.2
140L_1	T4L	None	None	X-RAY DIFFRACTION	2.1	164	0	162	1.0	0.0122	1.0	True	False	E1_not_chimeric_single_uniprot;E8_target_modelled=0<80;E9_target_disorder=1.00>0.2
139L_1	T4L	None	None	X-RAY DIFFRACTION	1.7	164	0	162	1.0	0.0122	1.0	True	False	E1_not_chimeric_single_uniprot;E8_target_modelled=0<80;E9_target_disorder=1.00>0.2
138L_1	T4L	None	None	X-RAY DIFFRACTION	1.7	164	0	162	1.0	0.0122	1.0	True	False	E1_not_chimeric_single_uniprot;E8_target_modelled=0<80;E9_target_disorder=1.00>0.2
190L_1	T4L	None	None	X-RAY DIFFRACTION	2.0	164	0	162	1.0	0.0122	1.0	True	False	E1_not_chimeric_single_uniprot;E8_target_modelled=0<80;E9_target_disorder=1.00>0.2
189L_1	T4L	None	None	X-RAY DIFFRACTION	2.5	164	0	164	1.0	0.0	1.0	True	False	E1_not_chimeric_single_uniprot;E8_target_modelled=0<80;E9_target_disorder=1.00>0.2
188L_1	T4L	None	None	X-RAY DIFFRACTION	1.8	164	0	162	1.0	0.0122	1.0	True	False	E1_not_chimeric_single_uniprot;E8_target_modelled=0<80;E9_target_disorder=1.00>0.2
187L_1	T4L	None	None	X-RAY DIFFRACTION	1.8	164	0	162	1.0	0.0122	1.0	True	False	E1_not_chimeric_single_uniprot;E8_target_modelled=0<80;E9_target_disorder=1.00>0.2
186L_1	T4L	None	None	X-RAY DIFFRACTION	1.8	164	0	162	1.0	0.0122	1.0	True	False	E1_not_chimeric_single_uniprot;E8_target_modelled=0<80;E9_target_disorder=1.00>0.2
185L_1	T4L	None	None	X-RAY DIFFRACTION	1.8	164	0	162	1.0	0.0122	1.0	True	False	E1_not_chimeric_single_uniprot;E8_target_modelled=0<80;E9_target_disorder=1.00>0.2
184L_1	T4L	None	None	X-RAY DIFFRACTION	1.8	164	0	162	1.0	0.0122	1.0	True	False	E1_not_chimeric_single_uniprot;E8_target_modelled=0<80;E9_target_disorder=1.00>0.2
183L_1	T4L	None	None	X-RAY DIFFRACTION	1.8	164	0	162	1.0	0.0122	1.0	True	False	E1_not_chimeric_single_uniprot;E8_target_modelled=0<80;E9_target_disorder=1.00>0.2
182L_1	T4L	None	None	X-RAY DIFFRACTION	1.8	164	0	162	1.0	0.0122	1.0	True	False	E1_not_chimeric_single_uniprot;E8_target_modelled=0<80;E9_target_disorder=1.00>0.2
181L_1	T4L	None	None	X-RAY DIFFRACTION	1.8	164	0	162	1.0	0.0122	1.0	True	False	E1_not_chimeric_single_uniprot;E8_target_modelled=0<80;E9_target_disorder=1.00>0.2
180L_1	T4L	None	None	X-RAY DIFFRACTION	1.75	164	0	162	1.0	0.0122	1.0	True	False	E1_not_chimeric_single_uniprot;E8_target_modelled=0<80;E9_target_disorder=1.00>0.2
178L_1	T4L	None	None	X-RAY DIFFRACTION	2.71	164	0	162	1.0	0.0122	1.0	True	False	E1_not_chimeric_single_uniprot;E8_target_modelled=0<80;E9_target_disorder=1.00>0.2
177L_1	T4L	None	None	X-RAY DIFFRACTION	2.5	164	0	162	1.0	0.0122	1.0	True	False	E1_not_chimeric_single_uniprot;E8_target_modelled=0<80;E9_target_disorder=1.00>0.2
176L_1	T4L	None	None	X-RAY DIFFRACTION	2.2	164	0	164	1.0	0.0	1.0	True	False	E1_not_chimeric_single_uniprot;E8_target_modelled=0<80;E9_target_disorder=1.00>0.2
175L_1	T4L	None	None	X-RAY DIFFRACTION	2.1	164	0	162	1.0	0.0122	1.0	True	False	E1_not_chimeric_single_uniprot;E8_target_modelled=0<80;E9_target_disorder=1.00>0.2
174L_1	T4L	None	None	X-RAY DIFFRACTION	2.3	164	0	164	1.0	0.0	1.0	True	False	E1_not_chimeric_single_uniprot;E8_target_modelled=0<80;E9_target_disorder=1.00>0.2
173L_1	T4L	None	None	X-RAY DIFFRACTION	1.7	164	0	162	1.0	0.0122	1.0	True	False	E1_not_chimeric_single_uniprot;E8_target_modelled=0<80;E9_target_disorder=1.00>0.2
172L_1	T4L	None	None	X-RAY DIFFRACTION	1.9	164	0	164	1.0	0.0	1.0	True	False	E1_not_chimeric_single_uniprot;E8_target_modelled=0<80;E9_target_disorder=1.00>0.2
171L_1	T4L	None	None	X-RAY DIFFRACTION	2.5	164	0	162	1.0	0.0122	1.0	True	False	E1_not_chimeric_single_uniprot;E8_target_modelled=0<80;E9_target_disorder=1.00>0.2
170L_1	T4L	None	None	X-RAY DIFFRACTION	2.6	164	0	164	1.0	0.0	1.0	True	False	E1_not_chimeric_single_uniprot;E8_target_modelled=0<80;E9_target_disorder=1.00>0.2
169L_1	T4L	None	None	X-RAY DIFFRACTION	3.0	164	0	162	1.0	0.0122	1.0	True	False	E1_not_chimeric_single_uniprot;E8_target_modelled=0<80;E9_target_disorder=1.00>0.2
168L_1	T4L	None	None	X-RAY DIFFRACTION	2.9	164	0	164	1.0	0.0	1.0	True	False	E1_not_chimeric_single_uniprot;E8_target_modelled=0<80;E9_target_disorder=1.00>0.2
167L_1	T4L	None	None	X-RAY DIFFRACTION	2.2	164	0	163	1.0	0.0	0.9939	True	False	E1_not_chimeric_single_uniprot;E8_target_modelled=0<80;E9_target_disorder=1.00>0.2
166L_1	T4L	None	None	X-RAY DIFFRACTION	1.75	164	0	162	1.0	0.0122	1.0	True	False	E1_not_chimeric_single_uniprot;E8_target_modelled=0<80;E9_target_disorder=1.00>0.2
165L_1	T4L	None	None	X-RAY DIFFRACTION	1.75	164	0	162	1.0	0.0122	1.0	True	False	E1_not_chimeric_single_uniprot;E8_target_modelled=0<80;E9_target_disorder=1.00>0.2
1C6F_1	T4L	None	None	X-RAY DIFFRACTION	2.0	164	0	162	1.0	0.0122	1.0	True	False	E1_not_chimeric_single_uniprot;E8_target_modelled=0<80;E9_target_disorder=1.00>0.2
1C6G_1	T4L	None	None	X-RAY DIFFRACTION	1.9	164	0	162	1.0	0.0122	1.0	True	False	E1_not_chimeric_single_uniprot;E8_target_modelled=0<80;E9_target_disorder=1.00>0.2
1C6E_1	T4L	None	None	X-RAY DIFFRACTION	1.9	164	0	162	1.0	0.0122	1.0	True	False	E1_not_chimeric_single_uniprot;E8_target_modelled=0<80;E9_target_disorder=1.00>0.2
1C6D_1	T4L	None	None	X-RAY DIFFRACTION	2.0	164	0	162	1.0	0.0122	1.0	True	False	E1_not_chimeric_single_uniprot;E8_target_modelled=0<80;E9_target_disorder=1.00>0.2
1C6C_1	T4L	None	None	X-RAY DIFFRACTION	2.0	164	0	162	1.0	0.0122	1.0	True	False	E1_not_chimeric_single_uniprot;E8_target_modelled=0<80;E9_target_disorder=1.00>0.2
1C6B_1	T4L	None	None	X-RAY DIFFRACTION	2.2	164	0	162	1.0	0.0122	1.0	True	False	E1_not_chimeric_single_uniprot;E8_target_modelled=0<80;E9_target_disorder=1.00>0.2
1C6A_1	T4L	None	None	X-RAY DIFFRACTION	2.1	164	0	162	1.0	0.0122	1.0	True	False	E1_not_chimeric_single_uniprot;E8_target_modelled=0<80;E9_target_disorder=1.00>0.2
1C69_1	T4L	None	None	X-RAY DIFFRACTION	1.8	164	0	162	1.0	0.0122	1.0	True	False	E1_not_chimeric_single_uniprot;E8_target_modelled=0<80;E9_target_disorder=1.00>0.2
1C68_1	T4L	None	None	X-RAY DIFFRACTION	2.5	164	0	162	1.0	0.0122	1.0	True	False	E1_not_chimeric_single_uniprot;E8_target_modelled=0<80;E9_target_disorder=1.00>0.2
1C67_1	T4L	None	None	X-RAY DIFFRACTION	2.2	164	0	162	1.0	0.0122	1.0	True	False	E1_not_chimeric_single_uniprot;E8_target_modelled=0<80;E9_target_disorder=1.00>0.2
1C66_1	T4L	None	None	X-RAY DIFFRACTION	2.1	164	0	162	1.0	0.0122	1.0	True	False	E1_not_chimeric_single_uniprot;E8_target_modelled=0<80;E9_target_disorder=1.00>0.2
1C65_1	T4L	None	None	X-RAY DIFFRACTION	2.0	164	0	162	1.0	0.0122	1.0	True	False	E1_not_chimeric_single_uniprot;E8_target_modelled=0<80;E9_target_disorder=1.00>0.2
1C64_1	T4L	None	None	X-RAY DIFFRACTION	2.0	164	0	162	1.0	0.0122	1.0	True	False	E1_not_chimeric_single_uniprot;E8_target_modelled=0<80;E9_target_disorder=1.00>0.2
1C63_1	T4L	None	None	X-RAY DIFFRACTION	2.0	164	0	162	1.0	0.0122	1.0	True	False	E1_not_chimeric_single_uniprot;E8_target_modelled=0<80;E9_target_disorder=1.00>0.2
1C62_1	T4L	None	None	X-RAY DIFFRACTION	2.3	164	0	162	1.0	0.0122	1.0	True	False	E1_not_chimeric_single_uniprot;E8_target_modelled=0<80;E9_target_disorder=1.00>0.2
1C61_1	T4L	None	None	X-RAY DIFFRACTION	2.0	164	0	162	1.0	0.0122	1.0	True	False	E1_not_chimeric_single_uniprot;E8_target_modelled=0<80;E9_target_disorder=1.00>0.2
1C60_1	T4L	None	None	X-RAY DIFFRACTION	2.0	164	0	162	1.0	0.0122	1.0	True	False	E1_not_chimeric_single_uniprot;E8_target_modelled=0<80;E9_target_disorder=1.00>0.2
1B6I_1	T4L	None	None	X-RAY DIFFRACTION	1.9	164	0	162	1.0	0.0122	1.0	True	False	E1_not_chimeric_single_uniprot;E8_target_modelled=0<80;E9_target_disorder=1.00>0.2
199L_1	T4L	None	None	X-RAY DIFFRACTION	1.85	164	0	162	1.0	0.0122	1.0	True	False	E1_not_chimeric_single_uniprot;E8_target_modelled=0<80;E9_target_disorder=1.00>0.2
198L_1	T4L	None	None	X-RAY DIFFRACTION	2.0	164	0	162	1.0	0.0122	1.0	True	False	E1_not_chimeric_single_uniprot;E8_target_modelled=0<80;E9_target_disorder=1.00>0.2
197L_1	T4L	None	None	X-RAY DIFFRACTION	2.1	164	0	162	1.0	0.0122	1.0	True	False	E1_not_chimeric_single_uniprot;E8_target_modelled=0<80;E9_target_disorder=1.00>0.2
196L_1	T4L	None	None	X-RAY DIFFRACTION	2.3	164	0	162	1.0	0.0122	1.0	True	False	E1_not_chimeric_single_uniprot;E8_target_modelled=0<80;E9_target_disorder=1.00>0.2
195L_1	T4L	None	None	X-RAY DIFFRACTION	1.9	164	0	162	1.0	0.0122	1.0	True	False	E1_not_chimeric_single_uniprot;E8_target_modelled=0<80;E9_target_disorder=1.00>0.2
192L_1	T4L	None	None	X-RAY DIFFRACTION	1.9	164	0	162	1.0	0.0122	1.0	True	False	E1_not_chimeric_single_uniprot;E8_target_modelled=0<80;E9_target_disorder=1.00>0.2
191L_1	T4L	None	None	X-RAY DIFFRACTION	1.95	164	0	162	1.0	0.0122	1.0	True	False	E1_not_chimeric_single_uniprot;E8_target_modelled=0<80;E9_target_disorder=1.00>0.2
1C6H_1	T4L	None	None	X-RAY DIFFRACTION	1.9	164	0	162	1.0	0.0122	1.0	True	False	E1_not_chimeric_single_uniprot;E8_target_modelled=0<80;E9_target_disorder=1.00>0.2
1C6K_1	T4L	None	None	X-RAY DIFFRACTION	1.9	164	0	162	1.0	0.0122	1.0	True	False	E1_not_chimeric_single_uniprot;E8_target_modelled=0<80;E9_target_disorder=1.00>0.2
1C6L_1	T4L	None	None	X-RAY DIFFRACTION	1.9	164	0	162	1.0	0.0122	1.0	True	False	E1_not_chimeric_single_uniprot;E8_target_modelled=0<80;E9_target_disorder=1.00>0.2
1C6N_1	T4L	None	None	X-RAY DIFFRACTION	2.2	164	0	162	1.0	0.0122	1.0	True	False	E1_not_chimeric_single_uniprot;E8_target_modelled=0<80;E9_target_disorder=1.00>0.2
1C6P_1	T4L	None	None	X-RAY DIFFRACTION	1.9	164	0	162	1.0	0.0122	1.0	True	False	E1_not_chimeric_single_uniprot;E8_target_modelled=0<80;E9_target_disorder=1.00>0.2
1C6T_1	T4L	None	None	X-RAY DIFFRACTION	2.0	164	0	162	1.0	0.0122	1.0	True	False	E1_not_chimeric_single_uniprot;E8_target_modelled=0<80;E9_target_disorder=1.00>0.2
1CU0_1	T4L	None	None	X-RAY DIFFRACTION	2.2	164	0	162	1.0	0.0122	1.0	True	False	E1_not_chimeric_single_uniprot;E8_target_modelled=0<80;E9_target_disorder=1.00>0.2
1CU2_1	T4L	None	None	X-RAY DIFFRACTION	1.85	164	0	162	1.0	0.0122	1.0	True	False	E1_not_chimeric_single_uniprot;E8_target_modelled=0<80;E9_target_disorder=1.00>0.2
1CU3_1	T4L	None	None	X-RAY DIFFRACTION	2.12	164	0	162	1.0	0.0122	1.0	True	False	E1_not_chimeric_single_uniprot;E8_target_modelled=0<80;E9_target_disorder=1.00>0.2
1CUQ_1	T4L	None	None	X-RAY DIFFRACTION	2.05	164	0	162	1.0	0.0122	1.0	True	False	E1_not_chimeric_single_uniprot;E8_target_modelled=0<80;E9_target_disorder=1.00>0.2
1CV3_1	T4L	None	None	X-RAY DIFFRACTION	1.8	164	0	162	1.0	0.0122	1.0	True	False	E1_not_chimeric_single_uniprot;E8_target_modelled=0<80;E9_target_disorder=1.00>0.2
1CV4_1	T4L	None	None	X-RAY DIFFRACTION	1.9	164	0	162	1.0	0.0122	1.0	True	False	E1_not_chimeric_single_uniprot;E8_target_modelled=0<80;E9_target_disorder=1.00>0.2
1CV6_1	T4L	None	None	X-RAY DIFFRACTION	1.9	164	0	162	1.0	0.0122	1.0	True	False	E1_not_chimeric_single_uniprot;E8_target_modelled=0<80;E9_target_disorder=1.00>0.2
1CVK_1	T4L	None	None	X-RAY DIFFRACTION	1.8	164	0	162	1.0	0.0122	1.0	True	False	E1_not_chimeric_single_uniprot;E8_target_modelled=0<80;E9_target_disorder=1.00>0.2
1CV5_1	T4L	None	None	X-RAY DIFFRACTION	1.87	164	0	162	1.0	0.0122	1.0	True	False	E1_not_chimeric_single_uniprot;E8_target_modelled=0<80;E9_target_disorder=1.00>0.2
1CV1_1	T4L	None	None	X-RAY DIFFRACTION	2.1	164	0	162	1.0	0.0122	1.0	True	False	E1_not_chimeric_single_uniprot;E8_target_modelled=0<80;E9_target_disorder=1.00>0.2
1CV0_1	T4L	None	None	X-RAY DIFFRACTION	2.12	164	0	162	1.0	0.0122	1.0	True	False	E1_not_chimeric_single_uniprot;E8_target_modelled=0<80;E9_target_disorder=1.00>0.2
1CUP_1	T4L	None	None	X-RAY DIFFRACTION	1.89	164	0	162	1.0	0.0122	1.0	True	False	E1_not_chimeric_single_uniprot;E8_target_modelled=0<80;E9_target_disorder=1.00>0.2
1CU6_1	T4L	None	None	X-RAY DIFFRACTION	2.1	164	0	162	1.0	0.0122	1.0	True	False	E1_not_chimeric_single_uniprot;E8_target_modelled=0<80;E9_target_disorder=1.00>0.2
1CU5_1	T4L	None	None	X-RAY DIFFRACTION	2.05	164	0	162	1.0	0.0122	1.0	True	False	E1_not_chimeric_single_uniprot;E8_target_modelled=0<80;E9_target_disorder=1.00>0.2
1CTW_1	T4L	None	None	X-RAY DIFFRACTION	2.1	164	0	162	1.0	0.0122	1.0	True	False	E1_not_chimeric_single_uniprot;E8_target_modelled=0<80;E9_target_disorder=1.00>0.2
1C6Q_1	T4L	None	None	X-RAY DIFFRACTION	1.9	164	0	162	1.0	0.0122	1.0	True	False	E1_not_chimeric_single_uniprot;E8_target_modelled=0<80;E9_target_disorder=1.00>0.2
1C6M_1	T4L	None	None	X-RAY DIFFRACTION	2.1	164	0	162	1.0	0.0122	1.0	True	False	E1_not_chimeric_single_uniprot;E8_target_modelled=0<80;E9_target_disorder=1.00>0.2
1C6J_1	T4L	None	None	X-RAY DIFFRACTION	1.9	164	0	162	1.0	0.0122	1.0	True	False	E1_not_chimeric_single_uniprot;E8_target_modelled=0<80;E9_target_disorder=1.00>0.2
1C6I_1	T4L	None	None	X-RAY DIFFRACTION	1.9	164	0	162	1.0	0.0122	1.0	True	False	E1_not_chimeric_single_uniprot;E8_target_modelled=0<80;E9_target_disorder=1.00>0.2
1D3J_1	T4L	None	None	X-RAY DIFFRACTION	1.97	164	0	162	1.0	0.0122	1.0	True	False	E1_not_chimeric_single_uniprot;E8_target_modelled=0<80;E9_target_disorder=1.00>0.2
1G0J_1	T4L	None	None	X-RAY DIFFRACTION	1.8	164	0	164	1.0	0.0	1.0	True	False	E1_not_chimeric_single_uniprot;E8_target_modelled=0<80;E9_target_disorder=1.00>0.2
1G0P_1	T4L	None	None	X-RAY DIFFRACTION	1.8	164	0	164	1.0	0.0	1.0	True	False	E1_not_chimeric_single_uniprot;E8_target_modelled=0<80;E9_target_disorder=1.00>0.2
1G0M_1	T4L	None	None	X-RAY DIFFRACTION	1.7	164	0	162	1.0	0.0122	1.0	True	False	E1_not_chimeric_single_uniprot;E8_target_modelled=0<80;E9_target_disorder=1.00>0.2
1G0L_1	T4L	None	None	X-RAY DIFFRACTION	1.8	164	0	164	1.0	0.0	1.0	True	False	E1_not_chimeric_single_uniprot;E8_target_modelled=0<80;E9_target_disorder=1.00>0.2
1G0K_1	T4L	None	None	X-RAY DIFFRACTION	1.85	164	0	164	1.0	0.0	1.0	True	False	E1_not_chimeric_single_uniprot;E8_target_modelled=0<80;E9_target_disorder=1.00>0.2
1G0G_1	T4L	None	None	X-RAY DIFFRACTION	1.9	164	0	162	1.0	0.0122	1.0	True	False	E1_not_chimeric_single_uniprot;E8_target_modelled=0<80;E9_target_disorder=1.00>0.2
1G07_1	T4L	None	None	X-RAY DIFFRACTION	1.7	164	0	162	1.0	0.0122	1.0	True	False	E1_not_chimeric_single_uniprot;E8_target_modelled=0<80;E9_target_disorder=1.00>0.2
1G06_1	T4L	None	None	X-RAY DIFFRACTION	1.85	164	0	164	1.0	0.0	1.0	True	False	E1_not_chimeric_single_uniprot;E8_target_modelled=0<80;E9_target_disorder=1.00>0.2
1EPY_1	T4L	None	None	X-RAY DIFFRACTION	1.85	164	0	162	1.0	0.0122	1.0	True	False	E1_not_chimeric_single_uniprot;E8_target_modelled=0<80;E9_target_disorder=1.00>0.2
1DYG_1	T4L	None	None	X-RAY DIFFRACTION	2.1	164	0	162	1.0	0.0122	1.0	True	False	E1_not_chimeric_single_uniprot;E8_target_modelled=0<80;E9_target_disorder=1.00>0.2
1DYF_1	T4L	None	None	X-RAY DIFFRACTION	1.9	164	0	162	1.0	0.0122	1.0	True	False	E1_not_chimeric_single_uniprot;E8_target_modelled=0<80;E9_target_disorder=1.00>0.2
1DYE_1	T4L	None	None	X-RAY DIFFRACTION	1.8	164	0	162	1.0	0.0122	1.0	True	False	E1_not_chimeric_single_uniprot;E8_target_modelled=0<80;E9_target_disorder=1.00>0.2
1DYD_1	T4L	None	None	X-RAY DIFFRACTION	2.1	164	0	162	1.0	0.0122	1.0	True	False	E1_not_chimeric_single_uniprot;E8_target_modelled=0<80;E9_target_disorder=1.00>0.2
1DYC_1	T4L	None	None	X-RAY DIFFRACTION	2.1	164	0	162	1.0	0.0122	1.0	True	False	E1_not_chimeric_single_uniprot;E8_target_modelled=0<80;E9_target_disorder=1.00>0.2
1DYB_1	T4L	None	None	X-RAY DIFFRACTION	1.75	164	0	162	1.0	0.0122	1.0	True	False	E1_not_chimeric_single_uniprot;E8_target_modelled=0<80;E9_target_disorder=1.00>0.2
1DYA_1	T4L	None	None	X-RAY DIFFRACTION	1.9	164	0	162	1.0	0.0122	1.0	True	False	E1_not_chimeric_single_uniprot;E8_target_modelled=0<80;E9_target_disorder=1.00>0.2
1D9W_1	T4L	None	None	X-RAY DIFFRACTION	1.91	164	0	162	1.0	0.0122	1.0	True	False	E1_not_chimeric_single_uniprot;E8_target_modelled=0<80;E9_target_disorder=1.00>0.2
1D3N_1	T4L	None	None	X-RAY DIFFRACTION	2.0	164	0	162	1.0	0.0122	1.0	True	False	E1_not_chimeric_single_uniprot;E8_target_modelled=0<80;E9_target_disorder=1.00>0.2
1D3M_1	T4L	None	None	X-RAY DIFFRACTION	2.12	164	0	162	1.0	0.0122	1.0	True	False	E1_not_chimeric_single_uniprot;E8_target_modelled=0<80;E9_target_disorder=1.00>0.2
1D3F_1	T4L	None	None	X-RAY DIFFRACTION	2.05	164	0	162	1.0	0.0122	1.0	True	False	E1_not_chimeric_single_uniprot;E8_target_modelled=0<80;E9_target_disorder=1.00>0.2
1D2Y_1	T4L	None	None	X-RAY DIFFRACTION	2.06	164	0	162	1.0	0.0122	1.0	True	False	E1_not_chimeric_single_uniprot;E8_target_modelled=0<80;E9_target_disorder=1.00>0.2
1D2W_1	T4L	None	None	X-RAY DIFFRACTION	1.89	164	0	162	1.0	0.0122	1.0	True	False	E1_not_chimeric_single_uniprot;E8_target_modelled=0<80;E9_target_disorder=1.00>0.2
1CX7_1	T4L	None	None	X-RAY DIFFRACTION	1.94	164	0	162	1.0	0.0122	1.0	True	False	E1_not_chimeric_single_uniprot;E8_target_modelled=0<80;E9_target_disorder=1.00>0.2
1CX6_1	T4L	None	None	X-RAY DIFFRACTION	2.01	164	0	162	1.0	0.0122	1.0	True	False	E1_not_chimeric_single_uniprot;E8_target_modelled=0<80;E9_target_disorder=1.00>0.2
1L0K_1	T4L	None	None	X-RAY DIFFRACTION	2.02	162	0	162	1.0	0.0	1.0	True	False	E1_not_chimeric_single_uniprot;E8_target_modelled=0<80;E9_target_disorder=1.00>0.2
1L0J_1	T4L	None	None	X-RAY DIFFRACTION	1.98	162	0	162	1.0	0.0	1.0	True	False	E1_not_chimeric_single_uniprot;E8_target_modelled=0<80;E9_target_disorder=1.00>0.2
1L09_1	T4L	None	None	X-RAY DIFFRACTION	1.7	164	0	164	1.0	0.0	1.0	True	False	E1_not_chimeric_single_uniprot;E8_target_modelled=0<80;E9_target_disorder=1.00>0.2
1L08_1	T4L	None	None	X-RAY DIFFRACTION	1.7	164	0	164	1.0	0.0	1.0	True	False	E1_not_chimeric_single_uniprot;E8_target_modelled=0<80;E9_target_disorder=1.00>0.2
1L07_1	T4L	None	None	X-RAY DIFFRACTION	1.7	164	0	164	1.0	0.0	1.0	True	False	E1_not_chimeric_single_uniprot;E8_target_modelled=0<80;E9_target_disorder=1.00>0.2
1L06_1	T4L	None	None	X-RAY DIFFRACTION	1.7	164	0	164	1.0	0.0	1.0	True	False	E1_not_chimeric_single_uniprot;E8_target_modelled=0<80;E9_target_disorder=1.00>0.2
1L05_1	T4L	None	None	X-RAY DIFFRACTION	1.7	164	0	164	1.0	0.0	1.0	True	False	E1_not_chimeric_single_uniprot;E8_target_modelled=0<80;E9_target_disorder=1.00>0.2
1L04_1	T4L	None	None	X-RAY DIFFRACTION	1.7	164	0	164	1.0	0.0	1.0	True	False	E1_not_chimeric_single_uniprot;E8_target_modelled=0<80;E9_target_disorder=1.00>0.2
1L03_1	T4L	None	None	X-RAY DIFFRACTION	1.7	164	0	164	1.0	0.0	1.0	True	False	E1_not_chimeric_single_uniprot;E8_target_modelled=0<80;E9_target_disorder=1.00>0.2
1L02_1	T4L	None	None	X-RAY DIFFRACTION	1.7	164	0	164	1.0	0.0	1.0	True	False	E1_not_chimeric_single_uniprot;E8_target_modelled=0<80;E9_target_disorder=1.00>0.2
1L01_1	T4L	None	None	X-RAY DIFFRACTION	1.7	164	0	164	1.0	0.0	1.0	True	False	E1_not_chimeric_single_uniprot;E8_target_modelled=0<80;E9_target_disorder=1.00>0.2
1L00_1	T4L	None	None	X-RAY DIFFRACTION	1.9	164	0	164	1.0	0.0	1.0	True	False	E1_not_chimeric_single_uniprot;E8_target_modelled=0<80;E9_target_disorder=1.00>0.2
1KY1_1	T4L	None	None	X-RAY DIFFRACTION	2.05	162	0	162	1.0	0.0	1.0	True	False	E1_not_chimeric_single_uniprot;E8_target_modelled=0<80;E9_target_disorder=1.00>0.2
1KY0_1	T4L	None	None	X-RAY DIFFRACTION	1.97	162	0	162	1.0	0.0	1.0	True	False	E1_not_chimeric_single_uniprot;E8_target_modelled=0<80;E9_target_disorder=1.00>0.2
1KW7_1	T4L	None	None	X-RAY DIFFRACTION	1.89	162	0	162	1.0	0.0	1.0	True	False	E1_not_chimeric_single_uniprot;E8_target_modelled=0<80;E9_target_disorder=1.00>0.2
1KW5_1	T4L	None	None	X-RAY DIFFRACTION	1.75	162	0	162	1.0	0.0	1.0	True	False	E1_not_chimeric_single_uniprot;E8_target_modelled=0<80;E9_target_disorder=1.00>0.2
1KS3_1	T4L	None	None	X-RAY DIFFRACTION	2.16	162	0	162	1.0	0.0	1.0	True	False	E1_not_chimeric_single_uniprot;E8_target_modelled=0<80;E9_target_disorder=1.00>0.2
1KNI_1	T4L	None	None	X-RAY DIFFRACTION	1.7	164	0	162	1.0	0.0122	1.0	True	False	E1_not_chimeric_single_uniprot;E8_target_modelled=0<80;E9_target_disorder=1.00>0.2
1JTN_1	T4L	None	None	X-RAY DIFFRACTION	2.3	178	0	164	1.0	0.0	0.9266	True	False	E1_not_chimeric_single_uniprot;E8_target_modelled=0<80;E9_target_disorder=1.00>0.2
1JTM_1	T4L	None	None	X-RAY DIFFRACTION	1.9	178	0	162	1.0	0.0122	0.9529	True	False	E1_not_chimeric_single_uniprot;E8_target_modelled=0<80;E9_target_disorder=1.00>0.2
1JQU_1	T4L	None	None	X-RAY DIFFRACTION	2.6	164	0	164	1.0	0.0	1.0	True	False	E1_not_chimeric_single_uniprot;E8_target_modelled=0<80;E9_target_disorder=1.00>0.2
1I6S_1	T4L	None	None	X-RAY DIFFRACTION	1.9	164	0	162	1.0	0.0122	1.0	True	False	E1_not_chimeric_single_uniprot;E8_target_modelled=0<80;E9_target_disorder=1.00>0.2
1G1W_1	T4L	None	None	X-RAY DIFFRACTION	1.8	164	0	162	1.0	0.0122	1.0	True	False	E1_not_chimeric_single_uniprot;E8_target_modelled=0<80;E9_target_disorder=1.00>0.2
1G1V_1	T4L	None	None	X-RAY DIFFRACTION	1.9	164	0	162	1.0	0.0122	1.0	True	False	E1_not_chimeric_single_uniprot;E8_target_modelled=0<80;E9_target_disorder=1.00>0.2
1G0Q_1	T4L	None	None	X-RAY DIFFRACTION	1.8	164	0	164	1.0	0.0	1.0	True	False	E1_not_chimeric_single_uniprot;E8_target_modelled=0<80;E9_target_disorder=1.00>0.2
1L33_1	T4L	None	None	X-RAY DIFFRACTION	1.7	164	0	164	1.0	0.0	1.0	True	False	E1_not_chimeric_single_uniprot;E8_target_modelled=0<80;E9_target_disorder=1.00>0.2
1L34_1	T4L	None	None	X-RAY DIFFRACTION	1.9	164	0	164	1.0	0.0	1.0	True	False	E1_not_chimeric_single_uniprot;E8_target_modelled=0<80;E9_target_disorder=1.00>0.2
1L32_1	T4L	None	None	X-RAY DIFFRACTION	1.7	164	0	164	1.0	0.0	1.0	True	False	E1_not_chimeric_single_uniprot;E8_target_modelled=0<80;E9_target_disorder=1.00>0.2
1L31_1	T4L	None	None	X-RAY DIFFRACTION	1.8	164	0	164	1.0	0.0	1.0	True	False	E1_not_chimeric_single_uniprot;E8_target_modelled=0<80;E9_target_disorder=1.00>0.2
1L30_1	T4L	None	None	X-RAY DIFFRACTION	1.7	164	0	164	1.0	0.0	1.0	True	False	E1_not_chimeric_single_uniprot;E8_target_modelled=0<80;E9_target_disorder=1.00>0.2
1L29_1	T4L	None	None	X-RAY DIFFRACTION	1.7	164	0	164	1.0	0.0	1.0	True	False	E1_not_chimeric_single_uniprot;E8_target_modelled=0<80;E9_target_disorder=1.00>0.2
1L28_1	T4L	None	None	X-RAY DIFFRACTION	1.9	164	0	164	1.0	0.0	1.0	True	False	E1_not_chimeric_single_uniprot;E8_target_modelled=0<80;E9_target_disorder=1.00>0.2
1L27_1	T4L	None	None	X-RAY DIFFRACTION	1.8	164	0	164	1.0	0.0	1.0	True	False	E1_not_chimeric_single_uniprot;E8_target_modelled=0<80;E9_target_disorder=1.00>0.2
1L26_1	T4L	None	None	X-RAY DIFFRACTION	1.7	164	0	164	1.0	0.0	1.0	True	False	E1_not_chimeric_single_uniprot;E8_target_modelled=0<80;E9_target_disorder=1.00>0.2
1L25_1	T4L	None	None	X-RAY DIFFRACTION	1.8	164	0	164	1.0	0.0	1.0	True	False	E1_not_chimeric_single_uniprot;E8_target_modelled=0<80;E9_target_disorder=1.00>0.2
1L24_1	T4L	None	None	X-RAY DIFFRACTION	1.7	164	0	164	1.0	0.0	1.0	True	False	E1_not_chimeric_single_uniprot;E8_target_modelled=0<80;E9_target_disorder=1.00>0.2
1L23_1	T4L	None	None	X-RAY DIFFRACTION	1.7	164	0	164	1.0	0.0	1.0	True	False	E1_not_chimeric_single_uniprot;E8_target_modelled=0<80;E9_target_disorder=1.00>0.2
1L22_1	T4L	None	None	X-RAY DIFFRACTION	1.7	164	0	164	1.0	0.0	1.0	True	False	E1_not_chimeric_single_uniprot;E8_target_modelled=0<80;E9_target_disorder=1.00>0.2
1L21_1	T4L	None	None	X-RAY DIFFRACTION	1.85	164	0	164	1.0	0.0	1.0	True	False	E1_not_chimeric_single_uniprot;E8_target_modelled=0<80;E9_target_disorder=1.00>0.2
1L20_1	T4L	None	None	X-RAY DIFFRACTION	1.85	164	0	164	1.0	0.0	1.0	True	False	E1_not_chimeric_single_uniprot;E8_target_modelled=0<80;E9_target_disorder=1.00>0.2
1L19_1	T4L	None	None	X-RAY DIFFRACTION	1.7	164	0	164	1.0	0.0	1.0	True	False	E1_not_chimeric_single_uniprot;E8_target_modelled=0<80;E9_target_disorder=1.00>0.2
1L18_1	T4L	None	None	X-RAY DIFFRACTION	1.7	164	0	164	1.0	0.0	1.0	True	False	E1_not_chimeric_single_uniprot;E8_target_modelled=0<80;E9_target_disorder=1.00>0.2
1L17_1	T4L	None	None	X-RAY DIFFRACTION	1.7	164	0	164	1.0	0.0	1.0	True	False	E1_not_chimeric_single_uniprot;E8_target_modelled=0<80;E9_target_disorder=1.00>0.2
1L16_1	T4L	None	None	X-RAY DIFFRACTION	1.7	164	0	164	1.0	0.0	1.0	True	False	E1_not_chimeric_single_uniprot;E8_target_modelled=0<80;E9_target_disorder=1.00>0.2
1L15_1	T4L	None	None	X-RAY DIFFRACTION	1.7	164	0	164	1.0	0.0	1.0	True	False	E1_not_chimeric_single_uniprot;E8_target_modelled=0<80;E9_target_disorder=1.00>0.2
1L14_1	T4L	None	None	X-RAY DIFFRACTION	1.7	164	0	164	1.0	0.0	1.0	True	False	E1_not_chimeric_single_uniprot;E8_target_modelled=0<80;E9_target_disorder=1.00>0.2
1L13_1	T4L	None	None	X-RAY DIFFRACTION	1.7	164	0	164	1.0	0.0	1.0	True	False	E1_not_chimeric_single_uniprot;E8_target_modelled=0<80;E9_target_disorder=1.00>0.2
1L12_1	T4L	None	None	X-RAY DIFFRACTION	1.7	164	0	164	1.0	0.0	1.0	True	False	E1_not_chimeric_single_uniprot;E8_target_modelled=0<80;E9_target_disorder=1.00>0.2
1L11_1	T4L	None	None	X-RAY DIFFRACTION	1.7	164	0	164	1.0	0.0	1.0	True	False	E1_not_chimeric_single_uniprot;E8_target_modelled=0<80;E9_target_disorder=1.00>0.2
1L10_1	T4L	None	None	X-RAY DIFFRACTION	1.7	164	0	164	1.0	0.0	1.0	True	False	E1_not_chimeric_single_uniprot;E8_target_modelled=0<80;E9_target_disorder=1.00>0.2
1L59_1	T4L	None	None	X-RAY DIFFRACTION	1.75	164	0	162	1.0	0.0122	1.0	True	False	E1_not_chimeric_single_uniprot;E8_target_modelled=0<80;E9_target_disorder=1.00>0.2
1L58_1	T4L	None	None	X-RAY DIFFRACTION	1.65	164	0	164	1.0	0.0	1.0	True	False	E1_not_chimeric_single_uniprot;E8_target_modelled=0<80;E9_target_disorder=1.00>0.2
1L57_1	T4L	None	None	X-RAY DIFFRACTION	1.9	164	0	162	1.0	0.0122	1.0	True	False	E1_not_chimeric_single_uniprot;E8_target_modelled=0<80;E9_target_disorder=1.00>0.2
1L56_1	T4L	None	None	X-RAY DIFFRACTION	1.8	164	0	164	1.0	0.0	1.0	True	False	E1_not_chimeric_single_uniprot;E8_target_modelled=0<80;E9_target_disorder=1.00>0.2
1L55_1	T4L	None	None	X-RAY DIFFRACTION	1.9	164	0	162	1.0	0.0122	1.0	True	False	E1_not_chimeric_single_uniprot;E8_target_modelled=0<80;E9_target_disorder=1.00>0.2
1L54_1	T4L	None	None	X-RAY DIFFRACTION	1.9	164	0	164	1.0	0.0	1.0	True	False	E1_not_chimeric_single_uniprot;E8_target_modelled=0<80;E9_target_disorder=1.00>0.2
1L53_1	T4L	None	None	X-RAY DIFFRACTION	1.85	164	0	164	1.0	0.0	1.0	True	False	E1_not_chimeric_single_uniprot;E8_target_modelled=0<80;E9_target_disorder=1.00>0.2
1L52_1	T4L	None	None	X-RAY DIFFRACTION	1.7	164	0	164	1.0	0.0	1.0	True	False	E1_not_chimeric_single_uniprot;E8_target_modelled=0<80;E9_target_disorder=1.00>0.2
1L51_1	T4L	None	None	X-RAY DIFFRACTION	1.9	164	0	164	1.0	0.0	1.0	True	False	E1_not_chimeric_single_uniprot;E8_target_modelled=0<80;E9_target_disorder=1.00>0.2
1L50_1	T4L	None	None	X-RAY DIFFRACTION	1.85	164	0	164	1.0	0.0	1.0	True	False	E1_not_chimeric_single_uniprot;E8_target_modelled=0<80;E9_target_disorder=1.00>0.2
1L49_1	T4L	None	None	X-RAY DIFFRACTION	1.8	164	0	164	1.0	0.0	1.0	True	False	E1_not_chimeric_single_uniprot;E8_target_modelled=0<80;E9_target_disorder=1.00>0.2
1L48_1	T4L	None	None	X-RAY DIFFRACTION	1.7	164	0	164	1.0	0.0	1.0	True	False	E1_not_chimeric_single_uniprot;E8_target_modelled=0<80;E9_target_disorder=1.00>0.2
1L47_1	T4L	None	None	X-RAY DIFFRACTION	1.7	164	0	164	1.0	0.0	1.0	True	False	E1_not_chimeric_single_uniprot;E8_target_modelled=0<80;E9_target_disorder=1.00>0.2
1L46_1	T4L	None	None	X-RAY DIFFRACTION	1.7	164	0	164	1.0	0.0	1.0	True	False	E1_not_chimeric_single_uniprot;E8_target_modelled=0<80;E9_target_disorder=1.00>0.2
1L45_1	T4L	None	None	X-RAY DIFFRACTION	1.7	164	0	164	1.0	0.0	1.0	True	False	E1_not_chimeric_single_uniprot;E8_target_modelled=0<80;E9_target_disorder=1.00>0.2
1L44_1	T4L	None	None	X-RAY DIFFRACTION	1.7	164	0	164	1.0	0.0	1.0	True	False	E1_not_chimeric_single_uniprot;E8_target_modelled=0<80;E9_target_disorder=1.00>0.2
1L43_1	T4L	None	None	X-RAY DIFFRACTION	1.8	164	0	164	1.0	0.0	1.0	True	False	E1_not_chimeric_single_uniprot;E8_target_modelled=0<80;E9_target_disorder=1.00>0.2
1L42_1	T4L	None	None	X-RAY DIFFRACTION	1.8	164	0	164	1.0	0.0	1.0	True	False	E1_not_chimeric_single_uniprot;E8_target_modelled=0<80;E9_target_disorder=1.00>0.2
1L41_1	T4L	None	None	X-RAY DIFFRACTION	1.75	164	0	164	1.0	0.0	1.0	True	False	E1_not_chimeric_single_uniprot;E8_target_modelled=0<80;E9_target_disorder=1.00>0.2
1L40_1	T4L	None	None	X-RAY DIFFRACTION	1.85	164	0	164	1.0	0.0	1.0	True	False	E1_not_chimeric_single_uniprot;E8_target_modelled=0<80;E9_target_disorder=1.00>0.2
1L39_1	T4L	None	None	X-RAY DIFFRACTION	1.85	164	0	164	1.0	0.0	1.0	True	False	E1_not_chimeric_single_uniprot;E8_target_modelled=0<80;E9_target_disorder=1.00>0.2
1L38_1	T4L	None	None	X-RAY DIFFRACTION	1.8	164	0	164	1.0	0.0	1.0	True	False	E1_not_chimeric_single_uniprot;E8_target_modelled=0<80;E9_target_disorder=1.00>0.2
1L37_1	T4L	None	None	X-RAY DIFFRACTION	1.85	164	0	164	1.0	0.0	1.0	True	False	E1_not_chimeric_single_uniprot;E8_target_modelled=0<80;E9_target_disorder=1.00>0.2
1L36_1	T4L	None	None	X-RAY DIFFRACTION	1.7	164	0	162	1.0	0.0122	1.0	True	False	E1_not_chimeric_single_uniprot;E8_target_modelled=0<80;E9_target_disorder=1.00>0.2
1L35_1	T4L	None	None	X-RAY DIFFRACTION	1.8	164	0	163	1.0	0.0	0.9939	True	False	E1_not_chimeric_single_uniprot;E8_target_modelled=0<80;E9_target_disorder=1.00>0.2
1L85_1	T4L	None	None	X-RAY DIFFRACTION	2.0	164	0	162	1.0	0.0122	1.0	True	False	E1_not_chimeric_single_uniprot;E8_target_modelled=0<80;E9_target_disorder=1.00>0.2
1L84_1	T4L	None	None	X-RAY DIFFRACTION	1.9	164	0	162	1.0	0.0122	1.0	True	False	E1_not_chimeric_single_uniprot;E8_target_modelled=0<80;E9_target_disorder=1.00>0.2
1L83_1	T4L	None	None	X-RAY DIFFRACTION	1.7	164	0	162	1.0	0.0122	1.0	True	False	E1_not_chimeric_single_uniprot;E8_target_modelled=0<80;E9_target_disorder=1.00>0.2
1L82_1	T4L	None	None	X-RAY DIFFRACTION	2.1	164	0	162	1.0	0.0122	1.0	True	False	E1_not_chimeric_single_uniprot;E8_target_modelled=0<80;E9_target_disorder=1.00>0.2
1L81_1	T4L	None	None	X-RAY DIFFRACTION	2.0	164	0	162	1.0	0.0122	1.0	True	False	E1_not_chimeric_single_uniprot;E8_target_modelled=0<80;E9_target_disorder=1.00>0.2
1L80_1	T4L	None	None	X-RAY DIFFRACTION	1.8	164	0	162	1.0	0.0122	1.0	True	False	E1_not_chimeric_single_uniprot;E8_target_modelled=0<80;E9_target_disorder=1.00>0.2
1L79_1	T4L	None	None	X-RAY DIFFRACTION	1.9	164	0	162	1.0	0.0122	1.0	True	False	E1_not_chimeric_single_uniprot;E8_target_modelled=0<80;E9_target_disorder=1.00>0.2
1L77_1	T4L	None	None	X-RAY DIFFRACTION	2.05	164	0	162	1.0	0.0122	1.0	True	False	E1_not_chimeric_single_uniprot;E8_target_modelled=0<80;E9_target_disorder=1.00>0.2
1L76_1	T4L	None	None	X-RAY DIFFRACTION	1.9	164	0	162	1.0	0.0122	1.0	True	False	E1_not_chimeric_single_uniprot;E8_target_modelled=0<80;E9_target_disorder=1.00>0.2
1L75_1	T4L	None	None	X-RAY DIFFRACTION	1.9	164	0	162	1.0	0.0122	1.0	True	False	E1_not_chimeric_single_uniprot;E8_target_modelled=0<80;E9_target_disorder=1.00>0.2
1L74_1	T4L	None	None	X-RAY DIFFRACTION	1.7	164	0	162	1.0	0.0122	1.0	True	False	E1_not_chimeric_single_uniprot;E8_target_modelled=0<80;E9_target_disorder=1.00>0.2
1L73_1	T4L	None	None	X-RAY DIFFRACTION	2.05	164	0	162	1.0	0.0122	1.0	True	False	E1_not_chimeric_single_uniprot;E8_target_modelled=0<80;E9_target_disorder=1.00>0.2
1L72_1	T4L	None	None	X-RAY DIFFRACTION	1.85	164	0	162	1.0	0.0122	1.0	True	False	E1_not_chimeric_single_uniprot;E8_target_modelled=0<80;E9_target_disorder=1.00>0.2
1L71_1	T4L	None	None	X-RAY DIFFRACTION	1.85	164	0	162	1.0	0.0122	1.0	True	False	E1_not_chimeric_single_uniprot;E8_target_modelled=0<80;E9_target_disorder=1.00>0.2
1L70_1	T4L	None	None	X-RAY DIFFRACTION	1.9	164	0	162	1.0	0.0122	1.0	True	False	E1_not_chimeric_single_uniprot;E8_target_modelled=0<80;E9_target_disorder=1.00>0.2
1L69_1	T4L	None	None	X-RAY DIFFRACTION	1.9	164	0	162	1.0	0.0122	1.0	True	False	E1_not_chimeric_single_uniprot;E8_target_modelled=0<80;E9_target_disorder=1.00>0.2
1L68_1	T4L	None	None	X-RAY DIFFRACTION	1.7	164	0	162	1.0	0.0122	1.0	True	False	E1_not_chimeric_single_uniprot;E8_target_modelled=0<80;E9_target_disorder=1.00>0.2
1L67_1	T4L	None	None	X-RAY DIFFRACTION	1.9	164	0	162	1.0	0.0122	1.0	True	False	E1_not_chimeric_single_uniprot;E8_target_modelled=0<80;E9_target_disorder=1.00>0.2
1L66_1	T4L	None	None	X-RAY DIFFRACTION	1.7	164	0	162	1.0	0.0122	1.0	True	False	E1_not_chimeric_single_uniprot;E8_target_modelled=0<80;E9_target_disorder=1.00>0.2
1L65_1	T4L	None	None	X-RAY DIFFRACTION	1.7	164	0	162	1.0	0.0122	1.0	True	False	E1_not_chimeric_single_uniprot;E8_target_modelled=0<80;E9_target_disorder=1.00>0.2
1L64_1	T4L	None	None	X-RAY DIFFRACTION	1.9	164	0	162	1.0	0.0122	1.0	True	False	E1_not_chimeric_single_uniprot;E8_target_modelled=0<80;E9_target_disorder=1.00>0.2
1L63_1	T4L	None	None	X-RAY DIFFRACTION	1.75	164	0	162	1.0	0.0122	1.0	True	False	E1_not_chimeric_single_uniprot;E8_target_modelled=0<80;E9_target_disorder=1.00>0.2
1L62_1	T4L	None	None	X-RAY DIFFRACTION	1.7	164	0	162	1.0	0.0122	1.0	True	False	E1_not_chimeric_single_uniprot;E8_target_modelled=0<80;E9_target_disorder=1.00>0.2
1L61_1	T4L	None	None	X-RAY DIFFRACTION	1.8	164	0	162	1.0	0.0122	1.0	True	False	E1_not_chimeric_single_uniprot;E8_target_modelled=0<80;E9_target_disorder=1.00>0.2
1L60_1	T4L	None	None	X-RAY DIFFRACTION	1.7	164	0	164	1.0	0.0	1.0	True	False	E1_not_chimeric_single_uniprot;E8_target_modelled=0<80;E9_target_disorder=1.00>0.2
1L88_1	T4L	None	None	X-RAY DIFFRACTION	1.85	164	0	162	1.0	0.0122	1.0	True	False	E1_not_chimeric_single_uniprot;E8_target_modelled=0<80;E9_target_disorder=1.00>0.2
1LWK_1	T4L	None	None	X-RAY DIFFRACTION	2.1	164	0	162	1.0	0.0122	1.0	True	False	E1_not_chimeric_single_uniprot;E8_target_modelled=0<80;E9_target_disorder=1.00>0.2
1LWG_1	T4L	None	None	X-RAY DIFFRACTION	1.7	164	0	162	1.0	0.0122	1.0	True	False	E1_not_chimeric_single_uniprot;E8_target_modelled=0<80;E9_target_disorder=1.00>0.2
1LW9_1	T4L	None	None	X-RAY DIFFRACTION	1.45	164	0	164	1.0	0.0	1.0	True	False	E1_not_chimeric_single_uniprot;E8_target_modelled=0<80;E9_target_disorder=1.00>0.2
1LPY_1	T4L	None	None	X-RAY DIFFRACTION	1.65	164	0	162	1.0	0.0122	1.0	True	False	E1_not_chimeric_single_uniprot;E8_target_modelled=0<80;E9_target_disorder=1.00>0.2
1LLH_1	T4L	None	None	X-RAY DIFFRACTION	1.8	164	0	162	1.0	0.0122	1.0	True	False	E1_not_chimeric_single_uniprot;E8_target_modelled=0<80;E9_target_disorder=1.00>0.2
1LI6_1	T4L	None	None	X-RAY DIFFRACTION	2.0	164	0	162	1.0	0.0122	1.0	True	False	E1_not_chimeric_single_uniprot;E8_target_modelled=0<80;E9_target_disorder=1.00>0.2
1LI3_1	T4L	None	None	X-RAY DIFFRACTION	1.85	164	0	162	1.0	0.0122	1.0	True	False	E1_not_chimeric_single_uniprot;E8_target_modelled=0<80;E9_target_disorder=1.00>0.2
1LI2_1	T4L	None	None	X-RAY DIFFRACTION	2.0	164	0	162	1.0	0.0122	1.0	True	False	E1_not_chimeric_single_uniprot;E8_target_modelled=0<80;E9_target_disorder=1.00>0.2
1LGX_1	T4L	None	None	X-RAY DIFFRACTION	1.9	164	0	162	1.0	0.0122	1.0	True	False	E1_not_chimeric_single_uniprot;E8_target_modelled=0<80;E9_target_disorder=1.00>0.2
1LGW_1	T4L	None	None	X-RAY DIFFRACTION	1.85	164	0	162	1.0	0.0122	1.0	True	False	E1_not_chimeric_single_uniprot;E8_target_modelled=0<80;E9_target_disorder=1.00>0.2
1LGU_1	T4L	None	None	X-RAY DIFFRACTION	1.9	164	0	162	1.0	0.0122	1.0	True	False	E1_not_chimeric_single_uniprot;E8_target_modelled=0<80;E9_target_disorder=1.00>0.2
1L99_1	T4L	None	None	X-RAY DIFFRACTION	1.95	164	0	164	1.0	0.0	1.0	True	False	E1_not_chimeric_single_uniprot;E8_target_modelled=0<80;E9_target_disorder=1.00>0.2
1L98_1	T4L	None	None	X-RAY DIFFRACTION	1.8	164	0	164	1.0	0.0	1.0	True	False	E1_not_chimeric_single_uniprot;E8_target_modelled=0<80;E9_target_disorder=1.00>0.2
1L97_1	T4L	None	None	X-RAY DIFFRACTION	2.0	164	0	164	1.0	0.0	1.0	True	False	E1_not_chimeric_single_uniprot;E8_target_modelled=0<80;E9_target_disorder=1.00>0.2
1L96_1	T4L	None	None	X-RAY DIFFRACTION	2.0	164	0	162	1.0	0.0122	1.0	True	False	E1_not_chimeric_single_uniprot;E8_target_modelled=0<80;E9_target_disorder=1.00>0.2
1L95_1	T4L	None	None	X-RAY DIFFRACTION	2.0	164	0	162	1.0	0.0122	1.0	True	False	E1_not_chimeric_single_uniprot;E8_target_modelled=0<80;E9_target_disorder=1.00>0.2
1L94_1	T4L	None	None	X-RAY DIFFRACTION	1.8	164	0	162	1.0	0.0122	1.0	True	False	E1_not_chimeric_single_uniprot;E8_target_modelled=0<80;E9_target_disorder=1.00>0.2
1L93_1	T4L	None	None	X-RAY DIFFRACTION	1.8	164	0	162	1.0	0.0122	1.0	True	False	E1_not_chimeric_single_uniprot;E8_target_modelled=0<80;E9_target_disorder=1.00>0.2
1L92_1	T4L	None	None	X-RAY DIFFRACTION	1.7	164	0	162	1.0	0.0122	1.0	True	False	E1_not_chimeric_single_uniprot;E8_target_modelled=0<80;E9_target_disorder=1.00>0.2
1L91_1	T4L	None	None	X-RAY DIFFRACTION	1.8	164	0	162	1.0	0.0122	1.0	True	False	E1_not_chimeric_single_uniprot;E8_target_modelled=0<80;E9_target_disorder=1.00>0.2
1L90_1	T4L	None	None	X-RAY DIFFRACTION	1.75	164	0	162	1.0	0.0122	1.0	True	False	E1_not_chimeric_single_uniprot;E8_target_modelled=0<80;E9_target_disorder=1.00>0.2
1L89_1	T4L	None	None	X-RAY DIFFRACTION	1.9	164	0	162	1.0	0.0122	1.0	True	False	E1_not_chimeric_single_uniprot;E8_target_modelled=0<80;E9_target_disorder=1.00>0.2
1L87_1	T4L	None	None	X-RAY DIFFRACTION	1.8	164	0	162	1.0	0.0122	1.0	True	False	E1_not_chimeric_single_uniprot;E8_target_modelled=0<80;E9_target_disorder=1.00>0.2
1L86_1	T4L	None	None	X-RAY DIFFRACTION	1.8	164	0	162	1.0	0.0122	1.0	True	False	E1_not_chimeric_single_uniprot;E8_target_modelled=0<80;E9_target_disorder=1.00>0.2
1LYE_1	T4L	None	None	X-RAY DIFFRACTION	1.8	164	0	162	1.0	0.0122	1.0	True	False	E1_not_chimeric_single_uniprot;E8_target_modelled=0<80;E9_target_disorder=1.00>0.2
1LYF_1	T4L	None	None	X-RAY DIFFRACTION	1.8	164	0	162	1.0	0.0122	1.0	True	False	E1_not_chimeric_single_uniprot;E8_target_modelled=0<80;E9_target_disorder=1.00>0.2
1LYG_1	T4L	None	None	X-RAY DIFFRACTION	1.8	164	0	162	1.0	0.0122	1.0	True	False	E1_not_chimeric_single_uniprot;E8_target_modelled=0<80;E9_target_disorder=1.00>0.2
1LYH_1	T4L	None	None	X-RAY DIFFRACTION	1.7	164	0	162	1.0	0.0122	1.0	True	False	E1_not_chimeric_single_uniprot;E8_target_modelled=0<80;E9_target_disorder=1.00>0.2
1NHB_1	T4L	None	None	X-RAY DIFFRACTION	1.8	164	0	162	1.0	0.0122	1.0	True	False	E1_not_chimeric_single_uniprot;E8_target_modelled=0<80;E9_target_disorder=1.00>0.2
1OV5_1	T4L	None	None	X-RAY DIFFRACTION	2.1	164	0	162	1.0	0.0122	1.0	True	False	E1_not_chimeric_single_uniprot;E8_target_modelled=0<80;E9_target_disorder=1.00>0.2
1OVH_1	T4L	None	None	X-RAY DIFFRACTION	1.95	164	0	162	1.0	0.0122	1.0	True	False	E1_not_chimeric_single_uniprot;E8_target_modelled=0<80;E9_target_disorder=1.00>0.2
1OVJ_1	T4L	None	None	X-RAY DIFFRACTION	2.0	164	0	162	1.0	0.0122	1.0	True	False	E1_not_chimeric_single_uniprot;E8_target_modelled=0<80;E9_target_disorder=1.00>0.2
1P2L_1	T4L	None	None	X-RAY DIFFRACTION	1.58	164	0	164	1.0	0.0	1.0	True	False	E1_not_chimeric_single_uniprot;E8_target_modelled=0<80;E9_target_disorder=1.00>0.2
1P2R_1	T4L	None	None	X-RAY DIFFRACTION	1.58	164	0	164	1.0	0.0	1.0	True	False	E1_not_chimeric_single_uniprot;E8_target_modelled=0<80;E9_target_disorder=1.00>0.2
1P36_1	T4L	None	None	X-RAY DIFFRACTION	1.45	164	0	164	1.0	0.0	1.0	True	False	E1_not_chimeric_single_uniprot;E8_target_modelled=0<80;E9_target_disorder=1.00>0.2
1P37_1	T4L	None	None	X-RAY DIFFRACTION	1.57	164	0	164	1.0	0.0	1.0	True	False	E1_not_chimeric_single_uniprot;E8_target_modelled=0<80;E9_target_disorder=1.00>0.2
1P46_1	T4L	None	None	X-RAY DIFFRACTION	1.67	164	0	164	1.0	0.0	1.0	True	False	E1_not_chimeric_single_uniprot;E8_target_modelled=0<80;E9_target_disorder=1.00>0.2
1P56_1	T4L	None	None	X-RAY DIFFRACTION	1.8	176	0	162	1.0	0.0061	1.0	True	False	E1_not_chimeric_single_uniprot;E8_target_modelled=0<80;E9_target_disorder=1.00>0.2
1P64_1	T4L	None	None	X-RAY DIFFRACTION	1.62	164	0	164	1.0	0.0	1.0	True	False	E1_not_chimeric_single_uniprot;E8_target_modelled=0<80;E9_target_disorder=1.00>0.2
1P5C_1	T4L	None	None	X-RAY DIFFRACTION	2.5	167	0	151	1.0	0.0	0.9096	True	False	E1_not_chimeric_single_uniprot;E8_target_modelled=0<80;E9_target_disorder=1.00>0.2
1P3N_1	T4L	None	None	X-RAY DIFFRACTION	1.55	164	0	164	1.0	0.0	1.0	True	False	E1_not_chimeric_single_uniprot;E8_target_modelled=0<80;E9_target_disorder=1.00>0.2
1OYU_1	T4L	None	None	X-RAY DIFFRACTION	2.5	175	0	162	1.0	0.0122	0.9364	True	False	E1_not_chimeric_single_uniprot;E8_target_modelled=0<80;E9_target_disorder=1.00>0.2
1OWZ_1	T4L	None	None	X-RAY DIFFRACTION	1.9	164	0	162	1.0	0.0122	1.0	True	False	E1_not_chimeric_single_uniprot;E8_target_modelled=0<80;E9_target_disorder=1.00>0.2
1OWY_1	T4L	None	None	X-RAY DIFFRACTION	1.9	164	0	162	1.0	0.0122	1.0	True	False	E1_not_chimeric_single_uniprot;E8_target_modelled=0<80;E9_target_disorder=1.00>0.2
1OVK_1	T4L	None	None	X-RAY DIFFRACTION	2.1	164	0	162	1.0	0.0122	1.0	True	False	E1_not_chimeric_single_uniprot;E8_target_modelled=0<80;E9_target_disorder=1.00>0.2
1OV7_1	T4L	None	None	X-RAY DIFFRACTION	2.0	164	0	162	1.0	0.0122	1.0	True	False	E1_not_chimeric_single_uniprot;E8_target_modelled=0<80;E9_target_disorder=1.00>0.2
1LYJ_1	T4L	None	None	X-RAY DIFFRACTION	1.8	164	0	162	1.0	0.0122	1.0	True	False	E1_not_chimeric_single_uniprot;E8_target_modelled=0<80;E9_target_disorder=1.00>0.2
1LYI_1	T4L	None	None	X-RAY DIFFRACTION	2.0	164	0	162	1.0	0.0122	1.0	True	False	E1_not_chimeric_single_uniprot;E8_target_modelled=0<80;E9_target_disorder=1.00>0.2
1LYD_1	T4L	None	None	X-RAY DIFFRACTION	2.0	164	0	164	1.0	0.0	1.0	True	False	E1_not_chimeric_single_uniprot;E8_target_modelled=0<80;E9_target_disorder=1.00>0.2
1P6Y_1	T4L	None	None	X-RAY DIFFRACTION	1.54	164	0	164	1.0	0.0	1.0	True	False	E1_not_chimeric_single_uniprot;E8_target_modelled=0<80;E9_target_disorder=1.00>0.2
1QUD_1	T4L	None	None	X-RAY DIFFRACTION	1.75	162	0	162	1.0	0.0	1.0	True	False	E1_not_chimeric_single_uniprot;E8_target_modelled=0<80;E9_target_disorder=1.00>0.2
1QTZ_1	T4L	None	None	X-RAY DIFFRACTION	2.0	164	0	164	1.0	0.0	1.0	True	False	E1_not_chimeric_single_uniprot;E8_target_modelled=0<80;E9_target_disorder=1.00>0.2
1QTV_1	T4L	None	None	X-RAY DIFFRACTION	2.3	164	0	164	1.0	0.0	1.0	True	False	E1_not_chimeric_single_uniprot;E8_target_modelled=0<80;E9_target_disorder=1.00>0.2
1QTH_1	T4L	None	None	X-RAY DIFFRACTION	1.9	164	0	162	1.0	0.0122	1.0	True	False	E1_not_chimeric_single_uniprot;E8_target_modelled=0<80;E9_target_disorder=1.00>0.2
1QTD_1	T4L	None	None	X-RAY DIFFRACTION	2.5	162	0	162	1.0	0.0	1.0	True	False	E1_not_chimeric_single_uniprot;E8_target_modelled=0<80;E9_target_disorder=1.00>0.2
1QTC_1	T4L	None	None	X-RAY DIFFRACTION	2.5	162	0	162	1.0	0.0	1.0	True	False	E1_not_chimeric_single_uniprot;E8_target_modelled=0<80;E9_target_disorder=1.00>0.2
1QTB_1	T4L	None	None	X-RAY DIFFRACTION	1.9	162	0	162	1.0	0.0	1.0	True	False	E1_not_chimeric_single_uniprot;E8_target_modelled=0<80;E9_target_disorder=1.00>0.2
1QT8_1	T4L	None	None	X-RAY DIFFRACTION	1.9	164	0	164	1.0	0.0	1.0	True	False	E1_not_chimeric_single_uniprot;E8_target_modelled=0<80;E9_target_disorder=1.00>0.2
1QT7_1	T4L	None	None	X-RAY DIFFRACTION	1.8	164	0	164	1.0	0.0	1.0	True	False	E1_not_chimeric_single_uniprot;E8_target_modelled=0<80;E9_target_disorder=1.00>0.2
1QT6_1	T4L	None	None	X-RAY DIFFRACTION	1.9	164	0	164	1.0	0.0	1.0	True	False	E1_not_chimeric_single_uniprot;E8_target_modelled=0<80;E9_target_disorder=1.00>0.2
1QT5_1	T4L	None	None	X-RAY DIFFRACTION	1.8	164	0	164	1.0	0.0	1.0	True	False	E1_not_chimeric_single_uniprot;E8_target_modelled=0<80;E9_target_disorder=1.00>0.2
1QT4_1	T4L	None	None	X-RAY DIFFRACTION	2.1	164	0	164	1.0	0.0	1.0	True	False	E1_not_chimeric_single_uniprot;E8_target_modelled=0<80;E9_target_disorder=1.00>0.2
1QT3_1	T4L	None	None	X-RAY DIFFRACTION	1.85	164	0	164	1.0	0.0	1.0	True	False	E1_not_chimeric_single_uniprot;E8_target_modelled=0<80;E9_target_disorder=1.00>0.2
1QSQ_1	T4L	None	None	X-RAY DIFFRACTION	1.9	164	0	162	1.0	0.0122	1.0	True	False	E1_not_chimeric_single_uniprot;E8_target_modelled=0<80;E9_target_disorder=1.00>0.2
1QSB_1	T4L	None	None	X-RAY DIFFRACTION	1.8	162	0	162	1.0	0.0	1.0	True	False	E1_not_chimeric_single_uniprot;E8_target_modelled=0<80;E9_target_disorder=1.00>0.2
1QS9_1	T4L	None	None	X-RAY DIFFRACTION	1.85	162	0	162	1.0	0.0	1.0	True	False	E1_not_chimeric_single_uniprot;E8_target_modelled=0<80;E9_target_disorder=1.00>0.2
1QS5_1	T4L	None	None	X-RAY DIFFRACTION	2.5	162	0	162	1.0	0.0	1.0	True	False	E1_not_chimeric_single_uniprot;E8_target_modelled=0<80;E9_target_disorder=1.00>0.2
1PQO_1	T4L	None	None	X-RAY DIFFRACTION	1.65	164	0	164	1.0	0.0	1.0	True	False	E1_not_chimeric_single_uniprot;E8_target_modelled=0<80;E9_target_disorder=1.00>0.2
1PQM_1	T4L	None	None	X-RAY DIFFRACTION	1.52	164	0	164	1.0	0.0	1.0	True	False	E1_not_chimeric_single_uniprot;E8_target_modelled=0<80;E9_target_disorder=1.00>0.2
1PQK_1	T4L	None	None	X-RAY DIFFRACTION	2.0	164	0	164	1.0	0.0	1.0	True	False	E1_not_chimeric_single_uniprot;E8_target_modelled=0<80;E9_target_disorder=1.00>0.2
1PQJ_1	T4L	None	None	X-RAY DIFFRACTION	1.9	164	0	164	1.0	0.0	1.0	True	False	E1_not_chimeric_single_uniprot;E8_target_modelled=0<80;E9_target_disorder=1.00>0.2
1PQI_1	T4L	None	None	X-RAY DIFFRACTION	1.57	164	0	164	1.0	0.0	1.0	True	False	E1_not_chimeric_single_uniprot;E8_target_modelled=0<80;E9_target_disorder=1.00>0.2
1PQD_1	T4L	None	None	X-RAY DIFFRACTION	1.65	164	0	164	1.0	0.0	1.0	True	False	E1_not_chimeric_single_uniprot;E8_target_modelled=0<80;E9_target_disorder=1.00>0.2
1P7S_1	T4L	None	None	X-RAY DIFFRACTION	1.5	164	0	164	1.0	0.0	1.0	True	False	E1_not_chimeric_single_uniprot;E8_target_modelled=0<80;E9_target_disorder=1.00>0.2
1T97_1	T4L	None	None	X-RAY DIFFRACTION	2.7	175	0	154	1.0	0.061	0.9333	True	False	E1_not_chimeric_single_uniprot;E8_target_modelled=0<80;E9_target_disorder=1.00>0.2
210L_1	T4L	None	None	X-RAY DIFFRACTION	1.89	163	0	161	1.0	0.0123	1.0	True	False	E1_not_chimeric_single_uniprot;E8_target_modelled=0<80;E9_target_disorder=1.00>0.2
209L_1	T4L	None	None	X-RAY DIFFRACTION	2.7	167	0	162	1.0	0.0122	0.9818	True	False	E1_not_chimeric_single_uniprot;E8_target_modelled=0<80;E9_target_disorder=1.00>0.2
206L_1	T4L	None	None	X-RAY DIFFRACTION	1.75	164	0	162	1.0	0.0122	1.0	True	False	E1_not_chimeric_single_uniprot;E8_target_modelled=0<80;E9_target_disorder=1.00>0.2
205L_1	T4L	None	None	X-RAY DIFFRACTION	2.1	167	0	156	1.0	0.0488	0.9811	True	False	E1_not_chimeric_single_uniprot;E8_target_modelled=0<80;E9_target_disorder=1.00>0.2
201L_1	T4L	None	None	X-RAY DIFFRACTION	2.0	166	0	162	1.0	0.0122	0.9878	True	False	E1_not_chimeric_single_uniprot;E8_target_modelled=0<80;E9_target_disorder=1.00>0.2
200L_1	T4L	None	None	X-RAY DIFFRACTION	1.95	164	0	162	1.0	0.0122	1.0	True	False	E1_not_chimeric_single_uniprot;E8_target_modelled=0<80;E9_target_disorder=1.00>0.2
1ZYT_1	T4L	None	None	X-RAY DIFFRACTION	1.7	164	0	164	1.0	0.0	1.0	True	False	E1_not_chimeric_single_uniprot;E8_target_modelled=0<80;E9_target_disorder=1.00>0.2
1ZWN_1	T4L	None	None	X-RAY DIFFRACTION	1.8	164	0	164	1.0	0.0	1.0	True	False	E1_not_chimeric_single_uniprot;E8_target_modelled=0<80;E9_target_disorder=1.00>0.2
1ZUR_1	T4L	None	None	X-RAY DIFFRACTION	1.6	164	0	164	1.0	0.0	1.0	True	False	E1_not_chimeric_single_uniprot;E8_target_modelled=0<80;E9_target_disorder=1.00>0.2
1XEP_1	T4L	None	None	X-RAY DIFFRACTION	1.55	164	0	162	1.0	0.0122	1.0	True	False	E1_not_chimeric_single_uniprot;E8_target_modelled=0<80;E9_target_disorder=1.00>0.2
1TLA_1	T4L	None	None	X-RAY DIFFRACTION	2.0	164	0	162	1.0	0.0122	1.0	True	False	E1_not_chimeric_single_uniprot;E8_target_modelled=0<80;E9_target_disorder=1.00>0.2
1T8G_1	T4L	None	None	X-RAY DIFFRACTION	1.8	164	0	158	1.0	0.0366	1.0	True	False	E1_not_chimeric_single_uniprot;E8_target_modelled=0<80;E9_target_disorder=1.00>0.2
1T8F_1	T4L	None	None	X-RAY DIFFRACTION	2.15	164	0	162	1.0	0.0122	1.0	True	False	E1_not_chimeric_single_uniprot;E8_target_modelled=0<80;E9_target_disorder=1.00>0.2
1T8A_1	T4L	None	None	X-RAY DIFFRACTION	2.0	175	0	164	1.0	0.0	0.9371	True	False	E1_not_chimeric_single_uniprot;E8_target_modelled=0<80;E9_target_disorder=1.00>0.2
1T6H_1	T4L	None	None	X-RAY DIFFRACTION	2.01	164	0	164	1.0	0.0	1.0	True	False	E1_not_chimeric_single_uniprot;E8_target_modelled=0<80;E9_target_disorder=1.00>0.2
1SX7_1	T4L	None	None	X-RAY DIFFRACTION	1.06	164	0	164	1.0	0.0	1.0	True	False	E1_not_chimeric_single_uniprot;E8_target_modelled=0<80;E9_target_disorder=1.00>0.2
1SX2_1	T4L	None	None	X-RAY DIFFRACTION	1.06	164	0	164	1.0	0.0	1.0	True	False	E1_not_chimeric_single_uniprot;E8_target_modelled=0<80;E9_target_disorder=1.00>0.2
1SWZ_1	T4L	None	None	X-RAY DIFFRACTION	1.06	164	0	164	1.0	0.0	1.0	True	False	E1_not_chimeric_single_uniprot;E8_target_modelled=0<80;E9_target_disorder=1.00>0.2
1SWY_1	T4L	None	None	X-RAY DIFFRACTION	1.06	164	0	164	1.0	0.0	1.0	True	False	E1_not_chimeric_single_uniprot;E8_target_modelled=0<80;E9_target_disorder=1.00>0.2
1SSY_1	T4L	None	None	X-RAY DIFFRACTION	2.4	164	0	164	1.0	0.0	1.0	True	False	E1_not_chimeric_single_uniprot;E8_target_modelled=0<80;E9_target_disorder=1.00>0.2
1SSW_1	T4L	None	None	X-RAY DIFFRACTION	2.13	164	0	164	1.0	0.0	1.0	True	False	E1_not_chimeric_single_uniprot;E8_target_modelled=0<80;E9_target_disorder=1.00>0.2
1QUO_1	T4L	None	None	X-RAY DIFFRACTION	1.9	162	0	162	1.0	0.0	1.0	True	False	E1_not_chimeric_single_uniprot;E8_target_modelled=0<80;E9_target_disorder=1.00>0.2
1QUH_1	T4L	None	None	X-RAY DIFFRACTION	1.85	162	0	162	1.0	0.0	1.0	True	False	E1_not_chimeric_single_uniprot;E8_target_modelled=0<80;E9_target_disorder=1.00>0.2
1QUG_1	T4L	None	None	X-RAY DIFFRACTION	1.9	162	0	162	1.0	0.0	1.0	True	False	E1_not_chimeric_single_uniprot;E8_target_modelled=0<80;E9_target_disorder=1.00>0.2
235L_1	T4L	None	None	X-RAY DIFFRACTION	1.9	164	0	162	1.0	0.0122	1.0	True	False	E1_not_chimeric_single_uniprot;E8_target_modelled=0<80;E9_target_disorder=1.00>0.2
234L_1	T4L	None	None	X-RAY DIFFRACTION	1.9	164	0	162	1.0	0.0122	1.0	True	False	E1_not_chimeric_single_uniprot;E8_target_modelled=0<80;E9_target_disorder=1.00>0.2
233L_1	T4L	None	None	X-RAY DIFFRACTION	1.9	164	0	162	1.0	0.0122	1.0	True	False	E1_not_chimeric_single_uniprot;E8_target_modelled=0<80;E9_target_disorder=1.00>0.2
232L_1	T4L	None	None	X-RAY DIFFRACTION	1.73	164	0	162	1.0	0.0122	1.0	True	False	E1_not_chimeric_single_uniprot;E8_target_modelled=0<80;E9_target_disorder=1.00>0.2
231L_1	T4L	None	None	X-RAY DIFFRACTION	2.5	164	0	162	1.0	0.0122	1.0	True	False	E1_not_chimeric_single_uniprot;E8_target_modelled=0<80;E9_target_disorder=1.00>0.2
230L_1	T4L	None	None	X-RAY DIFFRACTION	1.9	164	0	164	1.0	0.0	1.0	True	False	E1_not_chimeric_single_uniprot;E8_target_modelled=0<80;E9_target_disorder=1.00>0.2
229L_1	T4L	None	None	X-RAY DIFFRACTION	1.8	164	0	162	1.0	0.0122	1.0	True	False	E1_not_chimeric_single_uniprot;E8_target_modelled=0<80;E9_target_disorder=1.00>0.2
228L_1	T4L	None	None	X-RAY DIFFRACTION	1.9	164	0	162	1.0	0.0122	1.0	True	False	E1_not_chimeric_single_uniprot;E8_target_modelled=0<80;E9_target_disorder=1.00>0.2
227L_1	T4L	None	None	X-RAY DIFFRACTION	2.0	164	0	162	1.0	0.0122	1.0	True	False	E1_not_chimeric_single_uniprot;E8_target_modelled=0<80;E9_target_disorder=1.00>0.2
226L_1	T4L	None	None	X-RAY DIFFRACTION	1.8	164	0	162	1.0	0.0122	1.0	True	False	E1_not_chimeric_single_uniprot;E8_target_modelled=0<80;E9_target_disorder=1.00>0.2
225L_1	T4L	None	None	X-RAY DIFFRACTION	1.9	164	0	162	1.0	0.0122	1.0	True	False	E1_not_chimeric_single_uniprot;E8_target_modelled=0<80;E9_target_disorder=1.00>0.2
224L_1	T4L	None	None	X-RAY DIFFRACTION	1.85	164	0	162	1.0	0.0122	1.0	True	False	E1_not_chimeric_single_uniprot;E8_target_modelled=0<80;E9_target_disorder=1.00>0.2
223L_1	T4L	None	None	X-RAY DIFFRACTION	1.9	164	0	162	1.0	0.0122	1.0	True	False	E1_not_chimeric_single_uniprot;E8_target_modelled=0<80;E9_target_disorder=1.00>0.2
222L_1	T4L	None	None	X-RAY DIFFRACTION	1.9	164	0	162	1.0	0.0122	1.0	True	False	E1_not_chimeric_single_uniprot;E8_target_modelled=0<80;E9_target_disorder=1.00>0.2
221L_1	T4L	None	None	X-RAY DIFFRACTION	1.7	164	0	162	1.0	0.0122	1.0	True	False	E1_not_chimeric_single_uniprot;E8_target_modelled=0<80;E9_target_disorder=1.00>0.2
220L_1	T4L	None	None	X-RAY DIFFRACTION	1.85	164	0	162	1.0	0.0122	1.0	True	False	E1_not_chimeric_single_uniprot;E8_target_modelled=0<80;E9_target_disorder=1.00>0.2
219L_1	T4L	None	None	X-RAY DIFFRACTION	1.66	164	0	164	1.0	0.0	1.0	True	False	E1_not_chimeric_single_uniprot;E8_target_modelled=0<80;E9_target_disorder=1.00>0.2
218L_1	T4L	None	None	X-RAY DIFFRACTION	2.05	165	0	162	1.0	0.0122	0.9939	True	False	E1_not_chimeric_single_uniprot;E8_target_modelled=0<80;E9_target_disorder=1.00>0.2
217L_1	T4L	None	None	X-RAY DIFFRACTION	1.7	164	0	162	1.0	0.0122	1.0	True	False	E1_not_chimeric_single_uniprot;E8_target_modelled=0<80;E9_target_disorder=1.00>0.2
216L_1	T4L	None	None	X-RAY DIFFRACTION	2.1	164	0	162	1.0	0.0122	1.0	True	False	E1_not_chimeric_single_uniprot;E8_target_modelled=0<80;E9_target_disorder=1.00>0.2
215L_1	T4L	None	None	X-RAY DIFFRACTION	1.96	165	0	162	1.0	0.0122	0.9939	True	False	E1_not_chimeric_single_uniprot;E8_target_modelled=0<80;E9_target_disorder=1.00>0.2
214L_1	T4L	None	None	X-RAY DIFFRACTION	1.89	165	0	162	1.0	0.0122	0.9939	True	False	E1_not_chimeric_single_uniprot;E8_target_modelled=0<80;E9_target_disorder=1.00>0.2
213L_1	T4L	None	None	X-RAY DIFFRACTION	2.13	165	0	162	1.0	0.0122	0.9939	True	False	E1_not_chimeric_single_uniprot;E8_target_modelled=0<80;E9_target_disorder=1.00>0.2
212L_1	T4L	None	None	X-RAY DIFFRACTION	1.76	168	0	164	1.0	0.0	0.9762	True	False	E1_not_chimeric_single_uniprot;E8_target_modelled=0<80;E9_target_disorder=1.00>0.2
211L_1	T4L	None	None	X-RAY DIFFRACTION	1.7	165	0	162	1.0	0.0122	0.9939	True	False	E1_not_chimeric_single_uniprot;E8_target_modelled=0<80;E9_target_disorder=1.00>0.2
244L_1	T4L	None	None	X-RAY DIFFRACTION	1.7	164	0	162	1.0	0.0122	1.0	True	False	E1_not_chimeric_single_uniprot;E8_target_modelled=0<80;E9_target_disorder=1.00>0.2
260L_1	T4L	None	None	X-RAY DIFFRACTION	1.8	164	0	162	1.0	0.0122	1.0	True	False	E1_not_chimeric_single_uniprot;E8_target_modelled=0<80;E9_target_disorder=1.00>0.2
259L_1	T4L	None	None	X-RAY DIFFRACTION	1.92	164	0	162	1.0	0.0122	1.0	True	False	E1_not_chimeric_single_uniprot;E8_target_modelled=0<80;E9_target_disorder=1.00>0.2
258L_1	T4L	None	None	X-RAY DIFFRACTION	1.8	164	0	163	1.0	0.0061	1.0	True	False	E1_not_chimeric_single_uniprot;E8_target_modelled=0<80;E9_target_disorder=1.00>0.2
257L_1	T4L	None	None	X-RAY DIFFRACTION	1.9	164	0	162	1.0	0.0122	1.0	True	False	E1_not_chimeric_single_uniprot;E8_target_modelled=0<80;E9_target_disorder=1.00>0.2
256L_1	T4L	None	None	X-RAY DIFFRACTION	1.8	164	0	164	1.0	0.0	1.0	True	False	E1_not_chimeric_single_uniprot;E8_target_modelled=0<80;E9_target_disorder=1.00>0.2
255L_1	T4L	None	None	X-RAY DIFFRACTION	1.8	164	0	164	1.0	0.0	1.0	True	False	E1_not_chimeric_single_uniprot;E8_target_modelled=0<80;E9_target_disorder=1.00>0.2
254L_1	T4L	None	None	X-RAY DIFFRACTION	1.9	164	0	164	1.0	0.0	1.0	True	False	E1_not_chimeric_single_uniprot;E8_target_modelled=0<80;E9_target_disorder=1.00>0.2
253L_1	T4L	None	None	X-RAY DIFFRACTION	2.0	164	0	164	1.0	0.0	1.0	True	False	E1_not_chimeric_single_uniprot;E8_target_modelled=0<80;E9_target_disorder=1.00>0.2
252L_1	T4L	None	None	X-RAY DIFFRACTION	2.1	164	0	164	1.0	0.0	1.0	True	False	E1_not_chimeric_single_uniprot;E8_target_modelled=0<80;E9_target_disorder=1.00>0.2
251L_1	T4L	None	None	X-RAY DIFFRACTION	2.6	164	0	162	1.0	0.0122	1.0	True	False	E1_not_chimeric_single_uniprot;E8_target_modelled=0<80;E9_target_disorder=1.00>0.2
250L_1	T4L	None	None	X-RAY DIFFRACTION	1.8	164	0	162	1.0	0.0122	1.0	True	False	E1_not_chimeric_single_uniprot;E8_target_modelled=0<80;E9_target_disorder=1.00>0.2
249L_1	T4L	None	None	X-RAY DIFFRACTION	1.9	164	0	164	1.0	0.0	1.0	True	False	E1_not_chimeric_single_uniprot;E8_target_modelled=0<80;E9_target_disorder=1.00>0.2
248L_1	T4L	None	None	X-RAY DIFFRACTION	1.9	164	0	162	1.0	0.0122	1.0	True	False	E1_not_chimeric_single_uniprot;E8_target_modelled=0<80;E9_target_disorder=1.00>0.2
247L_1	T4L	None	None	X-RAY DIFFRACTION	1.75	164	0	164	1.0	0.0	1.0	True	False	E1_not_chimeric_single_uniprot;E8_target_modelled=0<80;E9_target_disorder=1.00>0.2
246L_1	T4L	None	None	X-RAY DIFFRACTION	1.8	164	0	164	1.0	0.0	1.0	True	False	E1_not_chimeric_single_uniprot;E8_target_modelled=0<80;E9_target_disorder=1.00>0.2
245L_1	T4L	None	None	X-RAY DIFFRACTION	1.8	164	0	164	1.0	0.0	1.0	True	False	E1_not_chimeric_single_uniprot;E8_target_modelled=0<80;E9_target_disorder=1.00>0.2
243L_1	T4L	None	None	X-RAY DIFFRACTION	1.75	164	0	162	1.0	0.0122	1.0	True	False	E1_not_chimeric_single_uniprot;E8_target_modelled=0<80;E9_target_disorder=1.00>0.2
242L_1	T4L	None	None	X-RAY DIFFRACTION	1.8	164	0	164	1.0	0.0	1.0	True	False	E1_not_chimeric_single_uniprot;E8_target_modelled=0<80;E9_target_disorder=1.00>0.2
241L_1	T4L	None	None	X-RAY DIFFRACTION	1.7	164	0	162	1.0	0.0122	1.0	True	False	E1_not_chimeric_single_uniprot;E8_target_modelled=0<80;E9_target_disorder=1.00>0.2
240L_1	T4L	None	None	X-RAY DIFFRACTION	1.75	164	0	162	1.0	0.0122	1.0	True	False	E1_not_chimeric_single_uniprot;E8_target_modelled=0<80;E9_target_disorder=1.00>0.2
239L_1	T4L	None	None	X-RAY DIFFRACTION	1.8	164	0	162	1.0	0.0122	1.0	True	False	E1_not_chimeric_single_uniprot;E8_target_modelled=0<80;E9_target_disorder=1.00>0.2
238L_1	T4L	None	None	X-RAY DIFFRACTION	1.8	164	0	162	1.0	0.0122	1.0	True	False	E1_not_chimeric_single_uniprot;E8_target_modelled=0<80;E9_target_disorder=1.00>0.2
237L_1	T4L	None	None	X-RAY DIFFRACTION	1.7	164	0	164	1.0	0.0	1.0	True	False	E1_not_chimeric_single_uniprot;E8_target_modelled=0<80;E9_target_disorder=1.00>0.2
236L_1	T4L	None	None	X-RAY DIFFRACTION	1.9	164	0	162	1.0	0.0122	1.0	True	False	E1_not_chimeric_single_uniprot;E8_target_modelled=0<80;E9_target_disorder=1.00>0.2
2A4T_1	T4L	None	None	X-RAY DIFFRACTION	1.7	164	0	164	1.0	0.0	1.0	True	False	E1_not_chimeric_single_uniprot;E8_target_modelled=0<80;E9_target_disorder=1.00>0.2
2LC9_1	T4L	None	None	SOLUTION NMR	None	164	0	164	1.0	0.0	1.0	True	False	E1_not_chimeric_single_uniprot;E2_method=SOLUTION NMR;E3_no_resolution;E8_target_modelled=0<80;E9_target_disorder=1.00>0.2
2L78_1	T4L	None	None	X-RAY DIFFRACTION	2.0	164	0	162	1.0	0.0122	1.0	True	False	E1_not_chimeric_single_uniprot;E8_target_modelled=0<80;E9_target_disorder=1.00>0.2
2IGC_1	T4L	None	None	X-RAY DIFFRACTION	1.4	164	0	164	1.0	0.0	1.0	True	False	E1_not_chimeric_single_uniprot;E8_target_modelled=0<80;E9_target_disorder=1.00>0.2
2HUM_1	T4L	None	None	X-RAY DIFFRACTION	2.35	164	0	164	1.0	0.0	1.0	True	False	E1_not_chimeric_single_uniprot;E8_target_modelled=0<80;E9_target_disorder=1.00>0.2
2HUL_1	T4L	None	None	X-RAY DIFFRACTION	1.8	164	0	164	1.0	0.0	1.0	True	False	E1_not_chimeric_single_uniprot;E8_target_modelled=0<80;E9_target_disorder=1.00>0.2
2HUK_1	T4L	None	None	X-RAY DIFFRACTION	2.0	164	0	164	1.0	0.0	1.0	True	False	E1_not_chimeric_single_uniprot;E8_target_modelled=0<80;E9_target_disorder=1.00>0.2
2F47_1	T4L	None	None	X-RAY DIFFRACTION	1.7	175	0	164	1.0	0.0	0.9371	True	False	E1_not_chimeric_single_uniprot;E8_target_modelled=0<80;E9_target_disorder=1.00>0.2
2F32_1	T4L	None	None	X-RAY DIFFRACTION	1.8	175	0	164	1.0	0.0	0.9371	True	False	E1_not_chimeric_single_uniprot;E8_target_modelled=0<80;E9_target_disorder=1.00>0.2
2F2Q_1	T4L	None	None	X-RAY DIFFRACTION	1.45	175	0	164	1.0	0.0	0.9371	True	False	E1_not_chimeric_single_uniprot;E8_target_modelled=0<80;E9_target_disorder=1.00>0.2
2CUU_1	T4L	None	None	X-RAY DIFFRACTION	1.75	164	0	164	1.0	0.0	1.0	True	False	E1_not_chimeric_single_uniprot;E8_target_modelled=0<80;E9_target_disorder=1.00>0.2
2B7X_1	T4L	None	None	X-RAY DIFFRACTION	3.0	170	0	155	1.0	0.0549	0.9873	True	False	E1_not_chimeric_single_uniprot;E8_target_modelled=0<80;E9_target_disorder=1.00>0.2
2B75_1	T4L	None	None	X-RAY DIFFRACTION	2.1	162	0	162	1.0	0.0	1.0	True	False	E1_not_chimeric_single_uniprot;E8_target_modelled=0<80;E9_target_disorder=1.00>0.2
2B74_1	T4L	None	None	X-RAY DIFFRACTION	2.1	162	0	162	1.0	0.0	1.0	True	False	E1_not_chimeric_single_uniprot;E8_target_modelled=0<80;E9_target_disorder=1.00>0.2
2B73_1	T4L	None	None	X-RAY DIFFRACTION	2.15	162	0	162	1.0	0.0	1.0	True	False	E1_not_chimeric_single_uniprot;E8_target_modelled=0<80;E9_target_disorder=1.00>0.2
2B72_1	T4L	None	None	X-RAY DIFFRACTION	2.1	162	0	162	1.0	0.0	1.0	True	False	E1_not_chimeric_single_uniprot;E8_target_modelled=0<80;E9_target_disorder=1.00>0.2
2B70_1	T4L	None	None	X-RAY DIFFRACTION	2.4	162	0	162	1.0	0.0	1.0	True	False	E1_not_chimeric_single_uniprot;E8_target_modelled=0<80;E9_target_disorder=1.00>0.2
2B6Z_1	T4L	None	None	X-RAY DIFFRACTION	2.4	162	0	162	1.0	0.0	1.0	True	False	E1_not_chimeric_single_uniprot;E8_target_modelled=0<80;E9_target_disorder=1.00>0.2
2B6Y_1	T4L	None	None	X-RAY DIFFRACTION	2.4	162	0	162	1.0	0.0	1.0	True	False	E1_not_chimeric_single_uniprot;E8_target_modelled=0<80;E9_target_disorder=1.00>0.2
2B6X_1	T4L	None	None	X-RAY DIFFRACTION	2.107	162	0	162	1.0	0.0	1.0	True	False	E1_not_chimeric_single_uniprot;E8_target_modelled=0<80;E9_target_disorder=1.00>0.2
2B6W_1	T4L	None	None	X-RAY DIFFRACTION	2.2	162	0	162	1.0	0.0	1.0	True	False	E1_not_chimeric_single_uniprot;E8_target_modelled=0<80;E9_target_disorder=1.00>0.2
2B6T_1	T4L	None	None	X-RAY DIFFRACTION	2.1	162	0	162	1.0	0.0	1.0	True	False	E1_not_chimeric_single_uniprot;E8_target_modelled=0<80;E9_target_disorder=1.00>0.2
29AJ_1	T4L	Q5VT66	INTERNAL_INSERTION	X-RAY DIFFRACTION	1.63	455	282	161	0.0035	0.0	0.9977	False	False	
262L_1	T4L	None	None	X-RAY DIFFRACTION	2.5	173	0	173	1.0	0.0	1.0	True	False	E1_not_chimeric_single_uniprot;E8_target_modelled=0<80;E9_target_disorder=1.00>0.2
261L_1	T4L	None	None	X-RAY DIFFRACTION	2.5	173	0	173	1.0	0.0	1.0	True	False	E1_not_chimeric_single_uniprot;E8_target_modelled=0<80;E9_target_disorder=1.00>0.2
2LZM_1	T4L	None	None	X-RAY DIFFRACTION	1.7	164	0	164	1.0	0.0	1.0	True	False	E1_not_chimeric_single_uniprot;E8_target_modelled=0<80;E9_target_disorder=1.00>0.2
2QAR_3	T4L	None	None	X-RAY DIFFRACTION	2.4	163	0	161	1.0	0.0	0.9877	True	False	E1_not_chimeric_single_uniprot;E8_target_modelled=0<80;E9_target_disorder=1.00>0.2
2QB0_2	T4L	None	None	X-RAY DIFFRACTION	2.56	241	0	161	1.0	0.0	0.668	True	False	E1_not_chimeric_single_uniprot;E6_align_coverage=0.67<0.8;E8_target_modelled=0<80;E9_target_disorder=1.00>0.2
2RB2_1	T4L	None	None	X-RAY DIFFRACTION	1.463	162	0	162	1.0	0.0	1.0	True	False	E1_not_chimeric_single_uniprot;E8_target_modelled=0<80;E9_target_disorder=1.00>0.2
2RB1_1	T4L	None	None	X-RAY DIFFRACTION	1.7	162	0	162	1.0	0.0	1.0	True	False	E1_not_chimeric_single_uniprot;E8_target_modelled=0<80;E9_target_disorder=1.00>0.2
2RB0_1	T4L	None	None	X-RAY DIFFRACTION	1.84	162	0	162	1.0	0.0	1.0	True	False	E1_not_chimeric_single_uniprot;E8_target_modelled=0<80;E9_target_disorder=1.00>0.2
2RAZ_1	T4L	None	None	X-RAY DIFFRACTION	1.641	162	0	162	1.0	0.0	1.0	True	False	E1_not_chimeric_single_uniprot;E8_target_modelled=0<80;E9_target_disorder=1.00>0.2
2RAY_1	T4L	None	None	X-RAY DIFFRACTION	1.798	162	0	162	1.0	0.0	1.0	True	False	E1_not_chimeric_single_uniprot;E8_target_modelled=0<80;E9_target_disorder=1.00>0.2
2Q9E_1	T4L	None	None	X-RAY DIFFRACTION	2.1	164	0	164	1.0	0.0	1.0	True	False	E1_not_chimeric_single_uniprot;E8_target_modelled=0<80;E9_target_disorder=1.00>0.2
2Q9D_1	T4L	None	None	X-RAY DIFFRACTION	1.4	164	0	164	1.0	0.0	1.0	True	False	E1_not_chimeric_single_uniprot;E8_target_modelled=0<80;E9_target_disorder=1.00>0.2
2OU9_1	T4L	None	None	X-RAY DIFFRACTION	1.55	164	0	164	1.0	0.0	1.0	True	False	E1_not_chimeric_single_uniprot;E8_target_modelled=0<80;E9_target_disorder=1.00>0.2
2OU8_1	T4L	None	None	X-RAY DIFFRACTION	1.8	164	0	164	1.0	0.0	1.0	True	False	E1_not_chimeric_single_uniprot;E8_target_modelled=0<80;E9_target_disorder=1.00>0.2
2OU0_1	T4L	None	None	X-RAY DIFFRACTION	1.94	162	0	162	1.0	0.0	1.0	True	False	E1_not_chimeric_single_uniprot;E8_target_modelled=0<80;E9_target_disorder=1.00>0.2
2OTZ_1	T4L	None	None	X-RAY DIFFRACTION	2.07	162	0	162	1.0	0.0	1.0	True	False	E1_not_chimeric_single_uniprot;E8_target_modelled=0<80;E9_target_disorder=1.00>0.2
2OTY_1	T4L	None	None	X-RAY DIFFRACTION	1.83	162	0	162	1.0	0.0	1.0	True	False	E1_not_chimeric_single_uniprot;E8_target_modelled=0<80;E9_target_disorder=1.00>0.2
2OEA_1	T4L	None	None	X-RAY DIFFRACTION	2.01	164	0	162	1.0	0.0122	1.0	True	False	E1_not_chimeric_single_uniprot;E8_target_modelled=0<80;E9_target_disorder=1.00>0.2
2OE9_1	T4L	None	None	X-RAY DIFFRACTION	2.01	164	0	162	1.0	0.0122	1.0	True	False	E1_not_chimeric_single_uniprot;E8_target_modelled=0<80;E9_target_disorder=1.00>0.2
2OE7_1	T4L	None	None	X-RAY DIFFRACTION	2.1	164	0	162	1.0	0.0122	1.0	True	False	E1_not_chimeric_single_uniprot;E8_target_modelled=0<80;E9_target_disorder=1.00>0.2
2OE4_1	T4L	None	None	X-RAY DIFFRACTION	2.1	164	0	162	1.0	0.0122	1.0	True	False	E1_not_chimeric_single_uniprot;E8_target_modelled=0<80;E9_target_disorder=1.00>0.2
2O7A_1	T4L	None	None	X-RAY DIFFRACTION	0.84	124	0	115	1.0	0.0171	0.9914	True	False	E1_not_chimeric_single_uniprot;E8_target_modelled=0<80;E9_target_disorder=1.00>0.2
2O79_1	T4L	None	None	X-RAY DIFFRACTION	1.8	170	0	162	1.0	0.0122	1.0	True	False	E1_not_chimeric_single_uniprot;E8_target_modelled=0<80;E9_target_disorder=1.00>0.2
2O4W_1	T4L	None	None	X-RAY DIFFRACTION	1.9	171	0	162	1.0	0.0061	1.0	True	False	E1_not_chimeric_single_uniprot;E8_target_modelled=0<80;E9_target_disorder=1.00>0.2
2NTH_1	T4L	None	None	X-RAY DIFFRACTION	1.8	164	0	164	1.0	0.0	1.0	True	False	E1_not_chimeric_single_uniprot;E8_target_modelled=0<80;E9_target_disorder=1.00>0.2
2NTG_1	T4L	None	None	X-RAY DIFFRACTION	1.4	164	0	164	1.0	0.0	1.0	True	False	E1_not_chimeric_single_uniprot;E8_target_modelled=0<80;E9_target_disorder=1.00>0.2
2LCB_1	T4L	None	None	SOLUTION NMR	None	164	0	164	1.0	0.0	1.0	True	False	E1_not_chimeric_single_uniprot;E2_method=SOLUTION NMR;E3_no_resolution;E8_target_modelled=0<80;E9_target_disorder=1.00>0.2
2RH1_1	T4L	P07550	INTERNAL_INSERTION	X-RAY DIFFRACTION	2.4	500	281	161	0.1536	0.0	1.0	False	False	
3DMV_1	T4L	None	None	X-RAY DIFFRACTION	1.65	164	0	164	1.0	0.0	1.0	True	False	E1_not_chimeric_single_uniprot;E8_target_modelled=0<80;E9_target_disorder=1.00>0.2
3DKE_1	T4L	None	None	X-RAY DIFFRACTION	1.25	164	0	164	1.0	0.0	1.0	True	False	E1_not_chimeric_single_uniprot;E8_target_modelled=0<80;E9_target_disorder=1.00>0.2
3D4S_1	T4L	P07550	INTERNAL_INSERTION	X-RAY DIFFRACTION	2.8	490	278	161	0.1175	0.0	1.0	False	False	
3CDV_1	T4L	None	None	X-RAY DIFFRACTION	1.73	164	0	164	1.0	0.0	1.0	True	False	E1_not_chimeric_single_uniprot;E8_target_modelled=0<80;E9_target_disorder=1.00>0.2
3CDT_1	T4L	None	None	X-RAY DIFFRACTION	1.63	164	0	164	1.0	0.0	1.0	True	False	E1_not_chimeric_single_uniprot;E8_target_modelled=0<80;E9_target_disorder=1.00>0.2
3CDR_1	T4L	None	None	X-RAY DIFFRACTION	1.7	164	0	164	1.0	0.0	1.0	True	False	E1_not_chimeric_single_uniprot;E8_target_modelled=0<80;E9_target_disorder=1.00>0.2
3CDQ_1	T4L	None	None	X-RAY DIFFRACTION	1.68	164	0	164	1.0	0.0	1.0	True	False	E1_not_chimeric_single_uniprot;E8_target_modelled=0<80;E9_target_disorder=1.00>0.2
3CDO_1	T4L	None	None	X-RAY DIFFRACTION	1.87	164	0	162	1.0	0.0122	1.0	True	False	E1_not_chimeric_single_uniprot;E8_target_modelled=0<80;E9_target_disorder=1.00>0.2
3C8S_1	T4L	None	None	X-RAY DIFFRACTION	1.68	164	0	164	1.0	0.0	1.0	True	False	E1_not_chimeric_single_uniprot;E8_target_modelled=0<80;E9_target_disorder=1.00>0.2
3C8R_1	T4L	None	None	X-RAY DIFFRACTION	1.8	164	0	164	1.0	0.0	1.0	True	False	E1_not_chimeric_single_uniprot;E8_target_modelled=0<80;E9_target_disorder=1.00>0.2
3C8Q_1	T4L	None	None	X-RAY DIFFRACTION	1.64	164	0	164	1.0	0.0	1.0	True	False	E1_not_chimeric_single_uniprot;E8_target_modelled=0<80;E9_target_disorder=1.00>0.2
3C83_1	T4L	None	None	X-RAY DIFFRACTION	1.84	164	0	164	1.0	0.0	1.0	True	False	E1_not_chimeric_single_uniprot;E8_target_modelled=0<80;E9_target_disorder=1.00>0.2
3C82_1	T4L	None	None	X-RAY DIFFRACTION	1.68	164	0	164	1.0	0.0	1.0	True	False	E1_not_chimeric_single_uniprot;E8_target_modelled=0<80;E9_target_disorder=1.00>0.2
3C81_1	T4L	None	None	X-RAY DIFFRACTION	1.85	164	0	164	1.0	0.0	1.0	True	False	E1_not_chimeric_single_uniprot;E8_target_modelled=0<80;E9_target_disorder=1.00>0.2
3C80_1	T4L	None	None	X-RAY DIFFRACTION	1.99	164	0	162	1.0	0.0122	1.0	True	False	E1_not_chimeric_single_uniprot;E8_target_modelled=0<80;E9_target_disorder=1.00>0.2
3C7Z_1	T4L	None	None	X-RAY DIFFRACTION	1.67	164	0	164	1.0	0.0	1.0	True	False	E1_not_chimeric_single_uniprot;E8_target_modelled=0<80;E9_target_disorder=1.00>0.2
3C7Y_1	T4L	None	None	X-RAY DIFFRACTION	1.95	164	0	164	1.0	0.0	1.0	True	False	E1_not_chimeric_single_uniprot;E8_target_modelled=0<80;E9_target_disorder=1.00>0.2
3C7W_1	T4L	None	None	X-RAY DIFFRACTION	1.77	164	0	164	1.0	0.0	1.0	True	False	E1_not_chimeric_single_uniprot;E8_target_modelled=0<80;E9_target_disorder=1.00>0.2
2RBS_1	T4L	None	None	X-RAY DIFFRACTION	1.557	162	0	162	1.0	0.0	1.0	True	False	E1_not_chimeric_single_uniprot;E8_target_modelled=0<80;E9_target_disorder=1.00>0.2
2RBR_1	T4L	None	None	X-RAY DIFFRACTION	1.433	162	0	162	1.0	0.0	1.0	True	False	E1_not_chimeric_single_uniprot;E8_target_modelled=0<80;E9_target_disorder=1.00>0.2
2RBQ_1	T4L	None	None	X-RAY DIFFRACTION	1.633	162	0	162	1.0	0.0	1.0	True	False	E1_not_chimeric_single_uniprot;E8_target_modelled=0<80;E9_target_disorder=1.00>0.2
2RBP_1	T4L	None	None	X-RAY DIFFRACTION	1.467	162	0	162	1.0	0.0	1.0	True	False	E1_not_chimeric_single_uniprot;E8_target_modelled=0<80;E9_target_disorder=1.00>0.2
2RBO_1	T4L	None	None	X-RAY DIFFRACTION	1.29	162	0	162	1.0	0.0	1.0	True	False	E1_not_chimeric_single_uniprot;E8_target_modelled=0<80;E9_target_disorder=1.00>0.2
2RBN_1	T4L	None	None	X-RAY DIFFRACTION	1.29	162	0	162	1.0	0.0	1.0	True	False	E1_not_chimeric_single_uniprot;E8_target_modelled=0<80;E9_target_disorder=1.00>0.2
3DMX_1	T4L	None	None	X-RAY DIFFRACTION	1.8	164	0	164	1.0	0.0	1.0	True	False	E1_not_chimeric_single_uniprot;E8_target_modelled=0<80;E9_target_disorder=1.00>0.2
3DMZ_1	T4L	None	None	X-RAY DIFFRACTION	2.0	164	0	164	1.0	0.0	1.0	True	False	E1_not_chimeric_single_uniprot;E8_target_modelled=0<80;E9_target_disorder=1.00>0.2
3DN1_1	T4L	None	None	X-RAY DIFFRACTION	1.8	164	0	164	1.0	0.0	1.0	True	False	E1_not_chimeric_single_uniprot;E8_target_modelled=0<80;E9_target_disorder=1.00>0.2
3DN3_1	T4L	None	None	X-RAY DIFFRACTION	1.8	164	0	162	1.0	0.0122	1.0	True	False	E1_not_chimeric_single_uniprot;E8_target_modelled=0<80;E9_target_disorder=1.00>0.2
3DN6_1	T4L	None	None	X-RAY DIFFRACTION	1.8	164	0	164	1.0	0.0	1.0	True	False	E1_not_chimeric_single_uniprot;E8_target_modelled=0<80;E9_target_disorder=1.00>0.2
3FA0_1	T4L	None	None	X-RAY DIFFRACTION	1.09	162	0	162	1.0	0.0	1.0	True	False	E1_not_chimeric_single_uniprot;E8_target_modelled=0<80;E9_target_disorder=1.00>0.2
3FAD_1	T4L	None	None	X-RAY DIFFRACTION	1.2	164	0	164	1.0	0.0	1.0	True	False	E1_not_chimeric_single_uniprot;E8_target_modelled=0<80;E9_target_disorder=1.00>0.2
3G3V_1	T4L	None	None	X-RAY DIFFRACTION	2.1	164	0	164	1.0	0.0	1.0	True	False	E1_not_chimeric_single_uniprot;E8_target_modelled=0<80;E9_target_disorder=1.00>0.2
3G3W_1	T4L	None	None	X-RAY DIFFRACTION	2.3	164	0	162	1.0	0.0122	1.0	True	False	E1_not_chimeric_single_uniprot;E8_target_modelled=0<80;E9_target_disorder=1.00>0.2
3G3X_1	T4L	None	None	X-RAY DIFFRACTION	1.8	164	0	162	1.0	0.0122	1.0	True	False	E1_not_chimeric_single_uniprot;E8_target_modelled=0<80;E9_target_disorder=1.00>0.2
3GUN_1	T4L	None	None	X-RAY DIFFRACTION	1.5	164	0	162	1.0	0.0122	1.0	True	False	E1_not_chimeric_single_uniprot;E8_target_modelled=0<80;E9_target_disorder=1.00>0.2
3GUM_1	T4L	None	None	X-RAY DIFFRACTION	2.24	164	0	162	1.0	0.0122	1.0	True	False	E1_not_chimeric_single_uniprot;E8_target_modelled=0<80;E9_target_disorder=1.00>0.2
3GUL_1	T4L	None	None	X-RAY DIFFRACTION	2.07	164	0	162	1.0	0.0122	1.0	True	False	E1_not_chimeric_single_uniprot;E8_target_modelled=0<80;E9_target_disorder=1.00>0.2
3GUK_1	T4L	None	None	X-RAY DIFFRACTION	1.85	164	0	162	1.0	0.0122	1.0	True	False	E1_not_chimeric_single_uniprot;E8_target_modelled=0<80;E9_target_disorder=1.00>0.2
3GUJ_1	T4L	None	None	X-RAY DIFFRACTION	1.6	164	0	162	1.0	0.0122	1.0	True	False	E1_not_chimeric_single_uniprot;E8_target_modelled=0<80;E9_target_disorder=1.00>0.2
3GUI_1	T4L	None	None	X-RAY DIFFRACTION	1.45	164	0	162	1.0	0.0122	1.0	True	False	E1_not_chimeric_single_uniprot;E8_target_modelled=0<80;E9_target_disorder=1.00>0.2
3FI5_1	T4L	None	None	X-RAY DIFFRACTION	1.53	164	0	164	1.0	0.0	1.0	True	False	E1_not_chimeric_single_uniprot;E8_target_modelled=0<80;E9_target_disorder=1.00>0.2
3F9L_1	T4L	None	None	X-RAY DIFFRACTION	1.19	164	0	162	1.0	0.0122	1.0	True	False	E1_not_chimeric_single_uniprot;E8_target_modelled=0<80;E9_target_disorder=1.00>0.2
3F8V_1	T4L	None	None	X-RAY DIFFRACTION	1.08	164	0	164	1.0	0.0	1.0	True	False	E1_not_chimeric_single_uniprot;E8_target_modelled=0<80;E9_target_disorder=1.00>0.2
3EML_1	T4L	P29274	INTERNAL_INSERTION	X-RAY DIFFRACTION	2.6	488	288	160	0.0464	0.0	1.0	False	False	
3DNA_1	T4L	None	None	X-RAY DIFFRACTION	1.7	164	0	162	1.0	0.0122	1.0	True	False	E1_not_chimeric_single_uniprot;E8_target_modelled=0<80;E9_target_disorder=1.00>0.2
3DN8_1	T4L	None	None	X-RAY DIFFRACTION	1.7	164	0	162	1.0	0.0122	1.0	True	False	E1_not_chimeric_single_uniprot;E8_target_modelled=0<80;E9_target_disorder=1.00>0.2
3DN4_1	T4L	None	None	X-RAY DIFFRACTION	1.8	164	0	164	1.0	0.0	1.0	True	False	E1_not_chimeric_single_uniprot;E8_target_modelled=0<80;E9_target_disorder=1.00>0.2
3DN2_1	T4L	None	None	X-RAY DIFFRACTION	1.8	164	0	164	1.0	0.0	1.0	True	False	E1_not_chimeric_single_uniprot;E8_target_modelled=0<80;E9_target_disorder=1.00>0.2
3DN0_1	T4L	None	None	X-RAY DIFFRACTION	1.8	164	0	164	1.0	0.0	1.0	True	False	E1_not_chimeric_single_uniprot;E8_target_modelled=0<80;E9_target_disorder=1.00>0.2
3LZM_1	T4L	None	None	X-RAY DIFFRACTION	1.7	164	0	164	1.0	0.0	1.0	True	False	E1_not_chimeric_single_uniprot;E8_target_modelled=0<80;E9_target_disorder=1.00>0.2
3L64_1	T4L	None	None	X-RAY DIFFRACTION	1.9	164	0	164	1.0	0.0	1.0	True	False	E1_not_chimeric_single_uniprot;E8_target_modelled=0<80;E9_target_disorder=1.00>0.2
3L2X_1	T4L	None	None	X-RAY DIFFRACTION	1.8	164	0	164	1.0	0.0	1.0	True	False	E1_not_chimeric_single_uniprot;E8_target_modelled=0<80;E9_target_disorder=1.00>0.2
3K2R_1	T4L	None	None	X-RAY DIFFRACTION	1.5	164	0	162	1.0	0.0122	1.0	True	False	E1_not_chimeric_single_uniprot;E8_target_modelled=0<80;E9_target_disorder=1.00>0.2
3JR6_1	T4L	None	None	X-RAY DIFFRACTION	3.0	170	0	164	1.0	0.0	0.9647	True	False	E1_not_chimeric_single_uniprot;E8_target_modelled=0<80;E9_target_disorder=1.00>0.2
3HWL_1	T4L	None	None	X-RAY DIFFRACTION	1.8	164	0	162	1.0	0.0122	1.0	True	False	E1_not_chimeric_single_uniprot;E8_target_modelled=0<80;E9_target_disorder=1.00>0.2
3HUQ_1	T4L	None	None	X-RAY DIFFRACTION	1.45	162	0	162	1.0	0.0	1.0	True	False	E1_not_chimeric_single_uniprot;E8_target_modelled=0<80;E9_target_disorder=1.00>0.2
3HUK_1	T4L	None	None	X-RAY DIFFRACTION	1.29	164	0	162	1.0	0.0122	1.0	True	False	E1_not_chimeric_single_uniprot;E8_target_modelled=0<80;E9_target_disorder=1.00>0.2
3HUA_1	T4L	None	None	X-RAY DIFFRACTION	1.4	164	0	163	1.0	0.0061	1.0	True	False	E1_not_chimeric_single_uniprot;E8_target_modelled=0<80;E9_target_disorder=1.00>0.2
3HU9_1	T4L	None	None	X-RAY DIFFRACTION	1.46	164	0	162	1.0	0.0122	1.0	True	False	E1_not_chimeric_single_uniprot;E8_target_modelled=0<80;E9_target_disorder=1.00>0.2
3HU8_1	T4L	None	None	X-RAY DIFFRACTION	1.8	164	0	162	1.0	0.0122	1.0	True	False	E1_not_chimeric_single_uniprot;E8_target_modelled=0<80;E9_target_disorder=1.00>0.2
3HTG_1	T4L	None	None	X-RAY DIFFRACTION	1.26	164	0	162	1.0	0.0122	1.0	True	False	E1_not_chimeric_single_uniprot;E8_target_modelled=0<80;E9_target_disorder=1.00>0.2
3HTF_1	T4L	None	None	X-RAY DIFFRACTION	1.85	164	0	162	1.0	0.0122	1.0	True	False	E1_not_chimeric_single_uniprot;E8_target_modelled=0<80;E9_target_disorder=1.00>0.2
3HTD_1	T4L	None	None	X-RAY DIFFRACTION	1.4	164	0	163	1.0	0.0061	1.0	True	False	E1_not_chimeric_single_uniprot;E8_target_modelled=0<80;E9_target_disorder=1.00>0.2
3HTB_1	T4L	None	None	X-RAY DIFFRACTION	1.81	164	0	163	1.0	0.0061	1.0	True	False	E1_not_chimeric_single_uniprot;E8_target_modelled=0<80;E9_target_disorder=1.00>0.2
3HT9_1	T4L	None	None	X-RAY DIFFRACTION	2.02	164	0	162	1.0	0.0122	1.0	True	False	E1_not_chimeric_single_uniprot;E8_target_modelled=0<80;E9_target_disorder=1.00>0.2
3HT8_1	T4L	None	None	X-RAY DIFFRACTION	1.6	164	0	162	1.0	0.0122	1.0	True	False	E1_not_chimeric_single_uniprot;E8_target_modelled=0<80;E9_target_disorder=1.00>0.2
3HT7_1	T4L	None	None	X-RAY DIFFRACTION	1.7	164	0	162	1.0	0.0122	1.0	True	False	E1_not_chimeric_single_uniprot;E8_target_modelled=0<80;E9_target_disorder=1.00>0.2
3HT6_1	T4L	None	None	X-RAY DIFFRACTION	1.59	164	0	162	1.0	0.0122	1.0	True	False	E1_not_chimeric_single_uniprot;E8_target_modelled=0<80;E9_target_disorder=1.00>0.2
3HH6_1	T4L	None	None	X-RAY DIFFRACTION	1.25	164	0	163	1.0	0.0061	1.0	True	False	E1_not_chimeric_single_uniprot;E8_target_modelled=0<80;E9_target_disorder=1.00>0.2
3HH5_1	T4L	None	None	X-RAY DIFFRACTION	1.25	164	0	164	1.0	0.0	1.0	True	False	E1_not_chimeric_single_uniprot;E8_target_modelled=0<80;E9_target_disorder=1.00>0.2
3HH4_1	T4L	None	None	X-RAY DIFFRACTION	1.25	164	0	164	1.0	0.0	1.0	True	False	E1_not_chimeric_single_uniprot;E8_target_modelled=0<80;E9_target_disorder=1.00>0.2
3HH3_1	T4L	None	None	X-RAY DIFFRACTION	1.25	164	0	164	1.0	0.0	1.0	True	False	E1_not_chimeric_single_uniprot;E8_target_modelled=0<80;E9_target_disorder=1.00>0.2
3GUP_1	T4L	None	None	X-RAY DIFFRACTION	1.5	164	0	162	1.0	0.0122	1.0	True	False	E1_not_chimeric_single_uniprot;E8_target_modelled=0<80;E9_target_disorder=1.00>0.2
3GUO_1	T4L	None	None	X-RAY DIFFRACTION	2.16	164	0	162	1.0	0.0122	1.0	True	False	E1_not_chimeric_single_uniprot;E8_target_modelled=0<80;E9_target_disorder=1.00>0.2
3ODU_1	T4L	P61073	INTERNAL_INSERTION	X-RAY DIFFRACTION	2.5	502	293	160	0.0786	0.0	0.9721	False	False	
3OE6_1	T4L	P61073	INTERNAL_INSERTION	X-RAY DIFFRACTION	3.2	508	270	148	0.1667	0.075	1.0	False	False	
3OE8_1	T4L	P61073	INTERNAL_INSERTION	X-RAY DIFFRACTION	3.1	502	271	160	0.1478	0.0	0.9954	False	False	
3PBL_1	T4L	P35462	INTERNAL_INSERTION	X-RAY DIFFRACTION	2.89	481	272	160	0.0993	0.0	1.0	False	False	
3SN6_4	T4L	P07550	TERMINAL_N	X-RAY DIFFRACTION	3.2	514	284	159	0.1573	0.0063	1.0	False	False	
3V2Y_1	T4L	P21453	INTERNAL_INSERTION	X-RAY DIFFRACTION	2.8	520	291	160	0.0673	0.0	0.9912	False	False	
3V2W_1	T4L	P21453	INTERNAL_INSERTION	X-RAY DIFFRACTION	3.35	520	282	160	0.0962	0.0	1.0	False	False	
3UON_1	T4L	P08172	INTERNAL_INSERTION	X-RAY DIFFRACTION	3.0	467	278	160	0.0945	0.0	1.0	False	False	
3SBB_1	T4L	None	None	X-RAY DIFFRACTION	1.434	165	0	162	1.0	0.0	0.9939	True	False	E1_not_chimeric_single_uniprot;E8_target_modelled=0<80;E9_target_disorder=1.00>0.2
3SBA_1	T4L	None	None	X-RAY DIFFRACTION	2.75	165	0	161	1.0	0.0062	0.9938	True	False	E1_not_chimeric_single_uniprot;E8_target_modelled=0<80;E9_target_disorder=1.00>0.2
3SB9_1	T4L	None	None	X-RAY DIFFRACTION	2.45	165	0	162	1.0	0.0	0.9939	True	False	E1_not_chimeric_single_uniprot;E8_target_modelled=0<80;E9_target_disorder=1.00>0.2
3SB8_1	T4L	None	None	X-RAY DIFFRACTION	2.65	165	0	162	1.0	0.0	0.9818	True	False	E1_not_chimeric_single_uniprot;E8_target_modelled=0<80;E9_target_disorder=1.00>0.2
3SB7_1	T4L	None	None	X-RAY DIFFRACTION	2.7	165	0	162	1.0	0.0	0.9939	True	False	E1_not_chimeric_single_uniprot;E8_target_modelled=0<80;E9_target_disorder=1.00>0.2
3SB6_1	T4L	None	None	X-RAY DIFFRACTION	2.7	165	0	162	1.0	0.0	0.9878	True	False	E1_not_chimeric_single_uniprot;E8_target_modelled=0<80;E9_target_disorder=1.00>0.2
3SB5_1	T4L	None	None	X-RAY DIFFRACTION	2.46	165	0	162	1.0	0.0	0.9878	True	False	E1_not_chimeric_single_uniprot;E8_target_modelled=0<80;E9_target_disorder=1.00>0.2
3RZE_1	T4L	P35367	INTERNAL_INSERTION	X-RAY DIFFRACTION	3.1	452	269	159	0.0594	0.0	1.0	False	False	
3RUN_1	T4L	None	None	X-RAY DIFFRACTION	1.4	168	0	164	1.0	0.0	0.9762	True	False	E1_not_chimeric_single_uniprot;E8_target_modelled=0<80;E9_target_disorder=1.00>0.2
3QAK_1	T4L	P29274	INTERNAL_INSERTION	X-RAY DIFFRACTION	2.71	488	284	160	0.0596	0.0	1.0	False	False	
3PDS_1	T4L	P07550	INTERNAL_INSERTION	X-RAY DIFFRACTION	3.5	458	281	161	0.0344	0.0	1.0	False	False	
3P0G_1	T4L	P07550	INTERNAL_INSERTION	X-RAY DIFFRACTION	3.5	501	284	0	0.1446	1.0	1.0	True	False	E7_fusion_modelled=0<50;E9_fusion_disorder=1.00>0.2
3OE9_1	T4L	P61073	INTERNAL_INSERTION	X-RAY DIFFRACTION	3.1	499	263	157	0.1677	0.0187	1.0	False	False	
3OE0_1	T4L	P61073	INTERNAL_INSERTION	X-RAY DIFFRACTION	2.9	499	273	160	0.1361	0.0	1.0	False	False	
3NYA_1	T4L	P07550	INTERNAL_INSERTION	X-RAY DIFFRACTION	3.16	490	278	161	0.1175	0.0	1.0	False	False	
3NY9_1	T4L	P07550	INTERNAL_INSERTION	X-RAY DIFFRACTION	2.84	490	278	161	0.1175	0.0	1.0	False	False	
3NY8_1	T4L	P07550	INTERNAL_INSERTION	X-RAY DIFFRACTION	2.84	490	278	161	0.1175	0.0	1.0	False	False	
4I7R_1	T4L	None	None	X-RAY DIFFRACTION	1.52	187	0	164	1.0	0.0	0.9371	True	False	E1_not_chimeric_single_uniprot;E8_target_modelled=0<80;E9_target_disorder=1.00>0.2
4I7Q_1	T4L	None	None	X-RAY DIFFRACTION	1.58	187	0	164	1.0	0.0	0.9371	True	False	E1_not_chimeric_single_uniprot;E8_target_modelled=0<80;E9_target_disorder=1.00>0.2
4I7P_1	T4L	None	None	X-RAY DIFFRACTION	1.6	187	0	164	1.0	0.0	0.9318	True	False	E1_not_chimeric_single_uniprot;E8_target_modelled=0<80;E9_target_disorder=1.00>0.2
4I7O_1	T4L	None	None	X-RAY DIFFRACTION	1.73	187	0	164	1.0	0.0	0.9371	True	False	E1_not_chimeric_single_uniprot;E8_target_modelled=0<80;E9_target_disorder=1.00>0.2
4I7N_1	T4L	None	None	X-RAY DIFFRACTION	1.58	187	0	164	1.0	0.0	0.9371	True	False	E1_not_chimeric_single_uniprot;E8_target_modelled=0<80;E9_target_disorder=1.00>0.2
4I7M_1	T4L	None	None	X-RAY DIFFRACTION	1.48	187	0	164	1.0	0.0	0.9371	True	False	E1_not_chimeric_single_uniprot;E8_target_modelled=0<80;E9_target_disorder=1.00>0.2
4I7L_1	T4L	None	None	X-RAY DIFFRACTION	1.52	187	0	164	1.0	0.0	0.9318	True	False	E1_not_chimeric_single_uniprot;E8_target_modelled=0<80;E9_target_disorder=1.00>0.2
4I7K_1	T4L	None	None	X-RAY DIFFRACTION	1.72	187	0	164	1.0	0.0	0.9371	True	False	E1_not_chimeric_single_uniprot;E8_target_modelled=0<80;E9_target_disorder=1.00>0.2
4I7J_1	T4L	None	None	X-RAY DIFFRACTION	1.67	187	0	163	1.0	0.0061	0.9368	True	False	E1_not_chimeric_single_uniprot;E8_target_modelled=0<80;E9_target_disorder=1.00>0.2
4HTT_1	T4L	O67305	TERMINAL_C	X-RAY DIFFRACTION	6.8	418	225	0	0.0426	1.0	1.0	True	False	E3_resolution=6.80>3.5;E7_fusion_modelled=0<50;E9_fusion_disorder=1.00>0.2
4GRV_1	T4L	P20789	INTERNAL_INSERTION	X-RAY DIFFRACTION	2.802	510	293	157	0.0929	0.0187	0.9912	False	False	
4GBR_2	T4L	None	None	X-RAY DIFFRACTION	3.993	163	0	160	1.0	0.0	0.9877	True	False	E1_not_chimeric_single_uniprot;E3_resolution=3.99>3.5;E8_target_modelled=0<80;E9_target_disorder=1.00>0.2
4EXM_1	T4L	Q57159	TERMINAL_C	X-RAY DIFFRACTION	2.6	347	154	137	0.0778	0.1543	1.0	False	False	
4EPI_1	T4L	Q57159	COMPLEX	X-RAY DIFFRACTION	1.74	330	168	160	0.0059	0.0	0.997	False	False	
4EKS_1	T4L	None	None	X-RAY DIFFRACTION	1.64	187	0	164	1.0	0.0	0.9371	True	False	E1_not_chimeric_single_uniprot;E8_target_modelled=0<80;E9_target_disorder=1.00>0.2
4EKR_1	T4L	None	None	X-RAY DIFFRACTION	1.49	187	0	164	1.0	0.0	0.9371	True	False	E1_not_chimeric_single_uniprot;E8_target_modelled=0<80;E9_target_disorder=1.00>0.2
4EKQ_1	T4L	None	None	X-RAY DIFFRACTION	1.54	187	0	164	1.0	0.0	0.9371	True	False	E1_not_chimeric_single_uniprot;E8_target_modelled=0<80;E9_target_disorder=1.00>0.2
4EKP_1	T4L	None	None	X-RAY DIFFRACTION	1.64	187	0	164	1.0	0.0	0.9371	True	False	E1_not_chimeric_single_uniprot;E8_target_modelled=0<80;E9_target_disorder=1.00>0.2
4EJ4_1	T4L	P32300	INTERNAL_INSERTION	X-RAY DIFFRACTION	3.4	461	282	160	0.0631	0.0	1.0	False	False	
4E97_1	T4L	None	None	X-RAY DIFFRACTION	1.3	187	0	164	1.0	0.0	0.9371	True	False	E1_not_chimeric_single_uniprot;E8_target_modelled=0<80;E9_target_disorder=1.00>0.2
4DKL_1	T4L	P42866	INTERNAL_INSERTION	X-RAY DIFFRACTION	2.8	464	282	160	0.0693	0.0	1.0	False	False	
4DJH_1	T4L	P41145	INTERNAL_INSERTION	X-RAY DIFFRACTION	2.9	480	287	160	0.0889	0.0	1.0	False	False	
4DAJ_1	T4L	P08483	INTERNAL_INSERTION	X-RAY DIFFRACTION	3.4	479	268	161	0.1383	0.0	1.0	False	False	
4ARJ_1	T4L	Q57159	TERMINAL_C	X-RAY DIFFRACTION	2.593	339	151	163	0.0958	0.0	0.9874	False	False	
3VW7_1	T4L	P25116	INTERNAL_INSERTION	X-RAY DIFFRACTION	2.2	484	282	160	0.0874	0.0	1.0	False	False	
4I7T_1	T4L	None	None	X-RAY DIFFRACTION	1.55	187	0	164	1.0	0.0	0.9371	True	False	E1_not_chimeric_single_uniprot;E8_target_modelled=0<80;E9_target_disorder=1.00>0.2
4LDE_1	T4L	P07550	TERMINAL_N	X-RAY DIFFRACTION	2.79	469	283	160	0.0308	0.0	0.9758	False	False	
4LDO_1	T4L	P07550	TERMINAL_N	X-RAY DIFFRACTION	3.2	469	283	160	0.0308	0.0	0.9758	False	False	
4N9N_1	T4L	Q12151	INTERNAL_INSERTION	X-RAY DIFFRACTION	2.9	438	264	160	0.0222	0.0	0.9907	False	False	
4OO9_1	T4L	P41594	INTERNAL_INSERTION	X-RAY DIFFRACTION	2.6	444	247	161	0.0749	0.0	0.9976	False	False	
4RWS_1	T4L	P61073	INTERNAL_INSERTION	X-RAY DIFFRACTION	3.1	498	275	160	0.1297	0.0	0.9932	False	False	
4S0W_1	T4L	None	None	X-RAY DIFFRACTION	2.117	164	0	162	1.0	0.0122	1.0	True	False	E1_not_chimeric_single_uniprot;E8_target_modelled=0<80;E9_target_disorder=1.00>0.2
4W54_1	T4L	None	None	X-RAY DIFFRACTION	1.7901	172	0	164	1.0	0.0	1.0	True	False	E1_not_chimeric_single_uniprot;E8_target_modelled=0<80;E9_target_disorder=1.00>0.2
4W55_1	T4L	None	None	X-RAY DIFFRACTION	1.6401	172	0	164	1.0	0.0	1.0	True	False	E1_not_chimeric_single_uniprot;E8_target_modelled=0<80;E9_target_disorder=1.00>0.2
4W58_1	T4L	None	None	X-RAY DIFFRACTION	1.8	172	0	164	1.0	0.0	0.9939	True	False	E1_not_chimeric_single_uniprot;E8_target_modelled=0<80;E9_target_disorder=1.00>0.2
4W59_1	T4L	None	None	X-RAY DIFFRACTION	1.39	172	0	164	1.0	0.0	1.0	True	False	E1_not_chimeric_single_uniprot;E8_target_modelled=0<80;E9_target_disorder=1.00>0.2
4W57_1	T4L	None	None	X-RAY DIFFRACTION	1.6801	172	0	164	1.0	0.0	1.0	True	False	E1_not_chimeric_single_uniprot;E8_target_modelled=0<80;E9_target_disorder=1.00>0.2
4W56_1	T4L	None	None	X-RAY DIFFRACTION	1.63	172	0	164	1.0	0.0	1.0	True	False	E1_not_chimeric_single_uniprot;E8_target_modelled=0<80;E9_target_disorder=1.00>0.2
4W53_1	T4L	None	None	X-RAY DIFFRACTION	1.56	172	0	164	1.0	0.0	1.0	True	False	E1_not_chimeric_single_uniprot;E8_target_modelled=0<80;E9_target_disorder=1.00>0.2
4W52_1	T4L	None	None	X-RAY DIFFRACTION	1.5001	172	0	164	1.0	0.0	1.0	True	False	E1_not_chimeric_single_uniprot;E8_target_modelled=0<80;E9_target_disorder=1.00>0.2
4W51_1	T4L	None	None	X-RAY DIFFRACTION	1.45	172	0	164	1.0	0.0	1.0	True	False	E1_not_chimeric_single_uniprot;E8_target_modelled=0<80;E9_target_disorder=1.00>0.2
4U14_1	T4L	P08483	INTERNAL_INSERTION	X-RAY DIFFRACTION	3.57	460	275	161	0.0351	0.0	1.0	False	False	E3_resolution=3.57>3.5
4TN3_1	T4L	G9MAP5	TERMINAL_C	X-RAY DIFFRACTION	3.1989	400	196	163	0.0968	0.0	1.0	False	False	
4QKX_1	T4L	P07550	TERMINAL_N	X-RAY DIFFRACTION	3.3	469	283	160	0.0308	0.0	0.9758	False	False	
4PHU_1	T4L	O14842	INTERNAL_INSERTION	X-RAY DIFFRACTION	2.332	491	270	160	0.094	0.0	0.9908	False	False	
4LZM_1	T4L	None	None	X-RAY DIFFRACTION	1.7	164	0	162	1.0	0.0122	1.0	True	False	E1_not_chimeric_single_uniprot;E8_target_modelled=0<80;E9_target_disorder=1.00>0.2
4LDL_1	T4L	P07550	TERMINAL_N	X-RAY DIFFRACTION	3.1	469	283	160	0.0308	0.0	0.9758	False	False	
4K5Y_1	T4L	P34998	INTERNAL_INSERTION	X-RAY DIFFRACTION	2.977	441	247	160	0.0749	0.0	1.0	False	False	
4IAP_1	T4L	P38713	TERMINAL_N	X-RAY DIFFRACTION	2.3	260	79	160	0.0	0.0	0.9336	False	False	E8_target_modelled=79<80
4I7S_1	T4L	None	None	X-RAY DIFFRACTION	1.69	187	0	164	1.0	0.0	0.9371	True	False	E1_not_chimeric_single_uniprot;E8_target_modelled=0<80;E9_target_disorder=1.00>0.2
5JDT_1	T4L	None	None	X-RAY DIFFRACTION	1.0	164	0	164	1.0	0.0	1.0	True	False	E1_not_chimeric_single_uniprot;E8_target_modelled=0<80;E9_target_disorder=1.00>0.2
5I14_1	T4L	None	None	X-RAY DIFFRACTION	1.745	121	0	103	1.0	0.0096	0.8583	True	False	E1_not_chimeric_single_uniprot;E8_target_modelled=0<80;E9_target_disorder=1.00>0.2
5GLI_1	T4L	P24530	INTERNAL_INSERTION	X-RAY DIFFRACTION	2.5	464	315	101	0.0708	0.0	0.9697	False	False	
5GLH_1	T4L	P24530	INTERNAL_INSERTION	X-RAY DIFFRACTION	2.8	498	292	160	0.131	0.0	1.0	False	False	
5G27_1	T4L	None	None	X-RAY DIFFRACTION	1.61	164	0	164	1.0	0.0	1.0	True	False	E1_not_chimeric_single_uniprot;E8_target_modelled=0<80;E9_target_disorder=1.00>0.2
5EWX_1	T4L	P38507	COMPLEX	X-RAY DIFFRACTION	2.6	227	49	161	0.125	0.0	1.0	False	False	E8_target_modelled=49<80
5EUT_1	T4L	Q9BTU6	INTERNAL_INSERTION	X-RAY DIFFRACTION	2.802	556	319	163	0.1736	0.0	0.9938	False	False	
5EE7_1	T4L	P47871	INTERNAL_INSERTION	X-RAY DIFFRACTION	2.5	452	257	156	0.0755	0.0189	0.9928	False	False	
5DSG_1	T4L	P08173	INTERNAL_INSERTION	X-RAY DIFFRACTION	2.6	422	290	100	0.0461	0.0099	0.9949	False	False	
5DGY_1	T4L	None	None	X-RAY DIFFRACTION	7.7	906	0	160	1.0	0.0	0.1921	True	False	E1_multi_uniprot_n=3;E3_resolution=7.70>3.5;E6_align_coverage=0.19<0.8;E8_target_modelled=0<80;E9_target_disorder=1.00>0.2
5D6L_1	T4L	P07550	INTERNAL_INSERTION	X-RAY DIFFRACTION	3.2	500	274	161	0.1569	0.0	0.9842	False	False	
5D5B_1	T4L	P07550	INTERNAL_INSERTION	X-RAY DIFFRACTION	3.8	500	281	161	0.1536	0.0	1.0	False	False	E3_resolution=3.80>3.5
5D5A_1	T4L	P07550	INTERNAL_INSERTION	X-RAY DIFFRACTION	2.4826	500	281	161	0.1536	0.0	1.0	False	False	
5CXV_1	T4L	P11229	INTERNAL_INSERTION	X-RAY DIFFRACTION	2.7	515	285	159	0.1204	0.0	1.0	False	False	
5CGD_1	T4L	P41594	INTERNAL_INSERTION	X-RAY DIFFRACTION	2.603	444	246	161	0.0787	0.0	0.9975	False	False	
5CGC_1	T4L	P41594	INTERNAL_INSERTION	X-RAY DIFFRACTION	3.101	444	247	161	0.0749	0.0	0.9976	False	False	
5B2G_1	T4L	O14493	TERMINAL_N	X-RAY DIFFRACTION	3.5	364	171	160	0.0656	0.0062	0.997	False	False	
4ZWJ_1	T4L	None	None	X-RAY DIFFRACTION	3.302	906	0	160	1.0	0.0	0.1921	True	False	E1_multi_uniprot_n=3;E6_align_coverage=0.19<0.8;E8_target_modelled=0<80;E9_target_disorder=1.00>0.2
4YXC_1	T4L	None	None	X-RAY DIFFRACTION	2.3	185	0	160	1.0	0.0	0.8791	True	False	E1_not_chimeric_single_uniprot;E8_target_modelled=0<80;E9_target_disorder=1.00>0.2
4YXA_3	T4L	P0CL45	TERMINAL_C	X-RAY DIFFRACTION	2.35	197	30	134	0.0	0.1779	0.9762	False	False	E8_target_modelled=30<80
4YX7_3	T4L	P0CL45	TERMINAL_C	X-RAY DIFFRACTION	2.0007	197	30	162	0.0	0.0061	0.9796	False	False	E8_target_modelled=30<80
4XES_1	T4L	P20789	TERMINAL_C	X-RAY DIFFRACTION	2.6	541	307	160	0.1328	0.0	0.9915	False	False	
4XEE_1	T4L	P20789	TERMINAL_C	X-RAY DIFFRACTION	2.9	541	300	160	0.1525	0.0	0.9914	False	False	
4WTV_1	T4L	Q8TCG2	INTERNAL_INSERTION	X-RAY DIFFRACTION	1.9	514	284	163	0.1909	0.0	1.0	False	False	
4W8F_1	T4L	P36022	INTERNAL_INSERTION	X-RAY DIFFRACTION	3.541	2661	2448	160	0.0113	0.0	1.0	False	False	E3_resolution=3.54>3.5
5LWO_1	T4L	None	None	X-RAY DIFFRACTION	1.183	164	0	164	1.0	0.0	1.0	True	False	E1_not_chimeric_single_uniprot;E8_target_modelled=0<80;E9_target_disorder=1.00>0.2
5KW2_1	T4L	O14842	INTERNAL_INSERTION	X-RAY DIFFRACTION	2.76	491	247	160	0.1711	0.0	0.9903	False	False	
5KIO_1	T4L	None	None	X-RAY DIFFRACTION	1.63	170	0	162	1.0	0.0122	1.0	True	False	E1_not_chimeric_single_uniprot;E8_target_modelled=0<80;E9_target_disorder=1.00>0.2
5KIM_1	T4L	None	None	X-RAY DIFFRACTION	1.5	170	0	162	1.0	0.0122	1.0	True	False	E1_not_chimeric_single_uniprot;E8_target_modelled=0<80;E9_target_disorder=1.00>0.2
5KII_1	T4L	None	None	X-RAY DIFFRACTION	1.56	170	0	162	1.0	0.0122	1.0	True	False	E1_not_chimeric_single_uniprot;E8_target_modelled=0<80;E9_target_disorder=1.00>0.2
5KIG_1	T4L	None	None	X-RAY DIFFRACTION	1.5	170	0	162	1.0	0.0122	1.0	True	False	E1_not_chimeric_single_uniprot;E8_target_modelled=0<80;E9_target_disorder=1.00>0.2
5KI8_1	T4L	None	None	X-RAY DIFFRACTION	1.55	170	0	162	1.0	0.0122	1.0	True	False	E1_not_chimeric_single_uniprot;E8_target_modelled=0<80;E9_target_disorder=1.00>0.2
5KI3_1	T4L	None	None	X-RAY DIFFRACTION	1.65	170	0	162	1.0	0.0122	1.0	True	False	E1_not_chimeric_single_uniprot;E8_target_modelled=0<80;E9_target_disorder=1.00>0.2
5KI2_1	T4L	None	None	X-RAY DIFFRACTION	1.5	170	0	162	1.0	0.0122	1.0	True	False	E1_not_chimeric_single_uniprot;E8_target_modelled=0<80;E9_target_disorder=1.00>0.2
5KI1_1	T4L	None	None	X-RAY DIFFRACTION	1.46	170	0	162	1.0	0.0122	1.0	True	False	E1_not_chimeric_single_uniprot;E8_target_modelled=0<80;E9_target_disorder=1.00>0.2
5KHZ_1	T4L	None	None	X-RAY DIFFRACTION	1.49	170	0	162	1.0	0.0122	1.0	True	False	E1_not_chimeric_single_uniprot;E8_target_modelled=0<80;E9_target_disorder=1.00>0.2
5KGR_1	T4L	None	None	X-RAY DIFFRACTION	1.473	164	0	164	1.0	0.0	1.0	True	False	E1_not_chimeric_single_uniprot;E8_target_modelled=0<80;E9_target_disorder=1.00>0.2
5JWW_1	T4L	None	None	X-RAY DIFFRACTION	1.47	164	0	161	1.0	0.0183	1.0	True	False	E1_not_chimeric_single_uniprot;E8_target_modelled=0<80;E9_target_disorder=1.00>0.2
5JWV_1	T4L	None	None	X-RAY DIFFRACTION	1.3	164	0	161	1.0	0.0183	1.0	True	False	E1_not_chimeric_single_uniprot;E8_target_modelled=0<80;E9_target_disorder=1.00>0.2
5JWU_1	T4L	None	None	X-RAY DIFFRACTION	1.7	164	0	161	1.0	0.0183	1.0	True	False	E1_not_chimeric_single_uniprot;E8_target_modelled=0<80;E9_target_disorder=1.00>0.2
5JWT_1	T4L	None	None	X-RAY DIFFRACTION	1.41	164	0	161	1.0	0.0183	1.0	True	False	E1_not_chimeric_single_uniprot;E8_target_modelled=0<80;E9_target_disorder=1.00>0.2
5JWS_1	T4L	None	None	X-RAY DIFFRACTION	1.65	164	0	161	1.0	0.0183	1.0	True	False	E1_not_chimeric_single_uniprot;E8_target_modelled=0<80;E9_target_disorder=1.00>0.2
5JQH_1	T4L	P07550	TERMINAL_N	X-RAY DIFFRACTION	3.2	471	283	105	0.0341	0.3438	0.9923	True	True	E9_fusion_disorder=0.34>0.2
5JGZ_1	T4L	None	None	X-RAY DIFFRACTION	1.534	164	0	163	1.0	0.0061	1.0	True	False	E1_not_chimeric_single_uniprot;E8_target_modelled=0<80;E9_target_disorder=1.00>0.2
5JGX_1	T4L	None	None	X-RAY DIFFRACTION	1.533	164	0	164	1.0	0.0	1.0	True	False	E1_not_chimeric_single_uniprot;E8_target_modelled=0<80;E9_target_disorder=1.00>0.2
5JGV_1	T4L	None	None	X-RAY DIFFRACTION	1.732	164	0	163	1.0	0.0061	1.0	True	False	E1_not_chimeric_single_uniprot;E8_target_modelled=0<80;E9_target_disorder=1.00>0.2
5JGU_1	T4L	None	None	X-RAY DIFFRACTION	1.468	164	0	164	1.0	0.0	1.0	True	False	E1_not_chimeric_single_uniprot;E8_target_modelled=0<80;E9_target_disorder=1.00>0.2
5JGR_1	T4L	None	None	X-RAY DIFFRACTION	1.46	164	0	164	1.0	0.0	1.0	True	False	E1_not_chimeric_single_uniprot;E8_target_modelled=0<80;E9_target_disorder=1.00>0.2
5JGN_1	T4L	None	None	X-RAY DIFFRACTION	1.534	164	0	164	1.0	0.0	1.0	True	False	E1_not_chimeric_single_uniprot;E8_target_modelled=0<80;E9_target_disorder=1.00>0.2
5JEA_11	T4L	Q08491	TERMINAL_C	X-RAY DIFFRACTION	2.65	279	83	102	0.2455	0.378	1.0	True	True	E9_fusion_disorder=0.38>0.2;E9_target_disorder=0.25>0.2
5V7E_1	T4L	None	None	X-RAY DIFFRACTION	1.36	170	0	162	1.0	0.0122	1.0	True	False	E1_not_chimeric_single_uniprot;E8_target_modelled=0<80;E9_target_disorder=1.00>0.2
5VEW_1	T4L	P43220	INTERNAL_INSERTION	X-RAY DIFFRACTION	2.7	455	263	160	0.0993	0.0	1.0	False	False	
5VEX_1	T4L	P43220	INTERNAL_INSERTION	X-RAY DIFFRACTION	3.0	455	263	160	0.0993	0.0	1.0	False	False	
5XEZ_1	T4L	P47871	INTERNAL_INSERTION	X-RAY DIFFRACTION	3.0	574	389	156	0.0347	0.025	1.0	False	False	
5X93_1	T4L	P24530	INTERNAL_INSERTION	X-RAY DIFFRACTION	2.2	464	313	101	0.0657	0.0	0.9628	False	False	
5X7D_1	T4L	P07550	INTERNAL_INSERTION	X-RAY DIFFRACTION	2.703	500	279	161	0.1596	0.0	1.0	False	False	
5WF6_1	T4L	P29274	INTERNAL_INSERTION	X-RAY DIFFRACTION	2.9	504	281	160	0.0695	0.0	1.0	False	False	
5WF5_1	T4L	P29274	INTERNAL_INSERTION	X-RAY DIFFRACTION	2.6	504	284	160	0.0596	0.0	1.0	False	False	
5W0P_2	T4L	None	None	X-RAY DIFFRACTION	3.013	906	0	160	1.0	0.0	0.1882	True	False	E1_multi_uniprot_n=3;E6_align_coverage=0.19<0.8;E8_target_modelled=0<80;E9_target_disorder=1.00>0.2
5W0P_1	T4L	None	None	X-RAY DIFFRACTION	3.013	906	0	160	1.0	0.0	0.1885	True	False	E1_multi_uniprot_n=3;E6_align_coverage=0.19<0.8;E8_target_modelled=0<80;E9_target_disorder=1.00>0.2
5VNR_1	T4L	None	None	X-RAY DIFFRACTION	1.631	164	0	164	1.0	0.0	1.0	True	False	E1_not_chimeric_single_uniprot;E8_target_modelled=0<80;E9_target_disorder=1.00>0.2
5VNQ_1	T4L	None	None	NEUTRON DIFFRACTION	2.2	164	0	164	1.0	0.0	1.0	True	False	E1_not_chimeric_single_uniprot;E8_target_modelled=0<80;E9_target_disorder=1.00>0.2
5VBA_1	T4L	None	None	X-RAY DIFFRACTION	2.27	437	0	161	1.0	0.0	0.3946	True	False	E1_not_chimeric_single_uniprot;E6_align_coverage=0.39<0.8;E8_target_modelled=0<80;E9_target_disorder=1.00>0.2
5V88_1	T4L	Q96GG9	TERMINAL_N	X-RAY DIFFRACTION	1.601	384	187	164	0.0556	0.0	0.9669	False	False	
5V86_1	T4L	Q96GG9	TERMINAL_N	X-RAY DIFFRACTION	1.374	384	185	164	0.0657	0.0	0.9694	False	False	
5V83_1	T4L	Q96GG9	TERMINAL_N	X-RAY DIFFRACTION	2.002	384	188	164	0.0505	0.0	0.967	False	False	
5V7F_1	T4L	None	None	X-RAY DIFFRACTION	1.65	170	0	162	1.0	0.0122	1.0	True	False	E1_not_chimeric_single_uniprot;E8_target_modelled=0<80;E9_target_disorder=1.00>0.2
5V7D_1	T4L	None	None	X-RAY DIFFRACTION	1.35	170	0	162	1.0	0.0122	1.0	True	False	E1_not_chimeric_single_uniprot;E8_target_modelled=0<80;E9_target_disorder=1.00>0.2
5TZY_1	T4L	O14842	INTERNAL_INSERTION	X-RAY DIFFRACTION	3.22	491	274	141	0.0805	0.1187	0.9928	False	False	
5TZR_1	T4L	O14842	INTERNAL_INSERTION	X-RAY DIFFRACTION	2.2	491	273	160	0.0839	0.0	0.9908	False	False	
5T1A_1	T4L	P41597	INTERNAL_INSERTION	X-RAY DIFFRACTION	2.806	508	282	161	0.1104	0.0	0.9955	False	False	
5T04_1	T4L	P20789	INTERNAL_INSERTION	X-RAY DIFFRACTION	3.3	513	294	160	0.0982	0.0	0.9913	False	False	
5NDZ_1	T4L	None	None	X-RAY DIFFRACTION	3.6	619	0	150	1.0	0.0625	0.2698	True	False	E1_multi_uniprot_n=3;E3_resolution=3.60>3.5;E6_align_coverage=0.27<0.8;E8_target_modelled=0<80;E9_target_disorder=1.00>0.2
5NDD_1	T4L	None	None	X-RAY DIFFRACTION	2.801	619	0	160	1.0	0.0	0.2822	True	False	E1_multi_uniprot_n=3;E6_align_coverage=0.28<0.8;E8_target_modelled=0<80;E9_target_disorder=1.00>0.2
5LZM_1	T4L	None	None	X-RAY DIFFRACTION	1.8	164	0	162	1.0	0.0122	1.0	True	False	E1_not_chimeric_single_uniprot;E8_target_modelled=0<80;E9_target_disorder=1.00>0.2
5XF1_1	T4L	P47871	INTERNAL_INSERTION	X-RAY DIFFRACTION	3.19	574	389	155	0.0347	0.0312	1.0	False	False	
5YQZ_1	T4L	P47871	INTERNAL_INSERTION	X-RAY DIFFRACTION	3.0	575	398	160	0.0149	0.0	1.0	False	False	
6D27_1	T4L	Q9Y5Y4	INTERNAL_INSERTION	X-RAY DIFFRACTION	2.738	470	319	101	0.059	0.0	0.9481	False	False	
6J20_1	T4L	P25103	INTERNAL_INSERTION	X-RAY DIFFRACTION	2.7	441	289	101	0.1135	0.0	0.9799	False	False	
6IIH_1	T4L	Q8IYU8	TERMINAL_N	X-RAY DIFFRACTION	1.958	493	283	161	0.1211	0.0	0.9955	False	False	
6FW2_1	T4L	Q5VT66	INTERNAL_INSERTION	X-RAY DIFFRACTION	1.78	459	282	159	0.0	0.0	0.9932	False	False	
6FFI_1	T4L	P41594	INTERNAL_INSERTION	X-RAY DIFFRACTION	2.2	444	248	161	0.0712	0.0	0.9976	False	False	
6FFH_1	T4L	P41594	INTERNAL_INSERTION	X-RAY DIFFRACTION	2.65	444	252	161	0.0562	0.0	0.9976	False	False	
6D9M_1	T4L	Q39UD1	TERMINAL_N	X-RAY DIFFRACTION	1.35	337	163	161	0.0181	0.0	0.9939	False	False	
6D26_1	T4L	Q9Y5Y4	INTERNAL_INSERTION	X-RAY DIFFRACTION	2.798	470	323	101	0.0472	0.0	0.9485	False	False	
6CM4_1	T4L	P14416	INTERNAL_INSERTION	X-RAY DIFFRACTION	2.867	430	263	160	0.0223	0.0062	1.0	False	False	
6BG5_1	T4L	Q96GG9	TERMINAL_N	X-RAY DIFFRACTION	1.1	384	189	164	0.0455	0.0	0.9645	False	False	
6BG3_1	T4L	Q96GG9	TERMINAL_N	X-RAY DIFFRACTION	1.05	384	189	164	0.0455	0.0	0.9645	False	False	
6A9J_1	T4L	O94649	TERMINAL_N	X-RAY DIFFRACTION	2.7	389	173	160	0.2136	0.0062	0.9911	True	True	E9_target_disorder=0.21>0.2
6A9E_1	T4L	O94649	TERMINAL_N	X-RAY DIFFRACTION	3.205	389	175	161	0.2045	0.0	0.9912	True	True	E9_target_disorder=0.20>0.2
6A73_1	T4L	P61201	TERMINAL_C	X-RAY DIFFRACTION	2.447	304	130	160	0.0299	0.0184	1.0	False	False	
5ZKQ_1	T4L	P25105	INTERNAL_INSERTION	X-RAY DIFFRACTION	2.9	438	279	0	0.1	1.0	1.0	True	False	E7_fusion_modelled=0<50;E9_fusion_disorder=1.00>0.2
5ZHP_1	T4L	P08483	INTERNAL_INSERTION	X-RAY DIFFRACTION	3.1	418	289	100	0.0493	0.0	0.9873	False	False	
5ZBQ_1	T4L	P25929	TERMINAL_C	X-RAY DIFFRACTION	2.7	525	306	157	0.1429	0.0248	1.0	False	False	
5ZBH_1	T4L	P25929	INTERNAL_INSERTION	X-RAY DIFFRACTION	3.0	527	302	159	0.1371	0.0	1.0	False	False	
5YQR_1	T4L	Q08001	TERMINAL_N	X-RAY DIFFRACTION	2.402	276	108	157	0.0357	0.0187	0.9888	False	False	
5XSZ_1	T4L	Q08BG4	INTERNAL_INSERTION	X-RAY DIFFRACTION	3.2	477	279	160	0.0912	0.0	0.9799	False	False	
5XPR_1	T4L	P24530	INTERNAL_INSERTION	X-RAY DIFFRACTION	3.6	464	306	95	0.0866	0.0594	0.9757	False	False	E3_resolution=3.60>3.5
5XPF_1	T4L	None	None	X-RAY DIFFRACTION	1.04	164	0	164	1.0	0.0	1.0	True	False	E1_not_chimeric_single_uniprot;E8_target_modelled=0<80;E9_target_disorder=1.00>0.2
5XPE_1	T4L	None	None	X-RAY DIFFRACTION	1.648	164	0	164	1.0	0.0	1.0	True	False	E1_not_chimeric_single_uniprot;E8_target_modelled=0<80;E9_target_disorder=1.00>0.2
6KJV_1	T4L	P43220	INTERNAL_INSERTION	X-RAY DIFFRACTION	2.8	455	263	160	0.0962	0.0	1.0	False	False	
6KK1_1	T4L	P43220	INTERNAL_INSERTION	X-RAY DIFFRACTION	2.8	455	263	160	0.0962	0.0	1.0	False	False	
6KK7_1	T4L	P43220	INTERNAL_INSERTION	X-RAY DIFFRACTION	3.1	455	263	160	0.0962	0.0	1.0	False	False	
7L37_1	T4L	None	None	X-RAY DIFFRACTION	1.439	164	0	162	1.0	0.0122	1.0	True	False	E1_not_chimeric_single_uniprot;E8_target_modelled=0<80;E9_target_disorder=1.00>0.2
7F8Y_1	T4L	P32238	INTERNAL_INSERTION	X-RAY DIFFRACTION	2.5	534	278	160	0.1003	0.0	1.0	False	False	
7F8X_1	T4L	P32238	INTERNAL_INSERTION	X-RAY DIFFRACTION	3.0	534	283	160	0.1773	0.0	1.0	False	False	
7F8U_1	T4L	P32238	INTERNAL_INSERTION	X-RAY DIFFRACTION	2.8	534	278	160	0.0	0.0	1.0	False	False	
7DWS_1	T4L	None	None	X-RAY DIFFRACTION	2.8	176	0	162	1.0	0.0	0.9878	True	False	E1_not_chimeric_single_uniprot;E8_target_modelled=0<80;E9_target_disorder=1.00>0.2
6ZX9_3	T4L	A4UDG5	TERMINAL_N	X-RAY DIFFRACTION	2.5197288426	258	91	163	0.0109	0.0	0.9883	False	False	
6ZG9_1	T4L	P11229	INTERNAL_INSERTION	X-RAY DIFFRACTION	2.5	455	277	160	0.0	0.0	0.9798	False	False	
6ZG4_1	T4L	P11229	INTERNAL_INSERTION	X-RAY DIFFRACTION	2.33	455	277	160	0.0	0.0	0.9798	False	False	
6ZFZ_1	T4L	P11229	INTERNAL_INSERTION	X-RAY DIFFRACTION	2.17	455	277	160	0.0	0.0	0.9798	False	False	
6XYR_1	T4L	P0DP23	TERMINAL_N	X-RAY DIFFRACTION	2.079	361	145	163	0.0203	0.0	0.8851	False	False	
6WSK_1	T4L	Q5M7A7	TERMINAL_N	X-RAY DIFFRACTION	1.55	346	149	134	0.0915	0.1677	0.9861	False	False	
6U0F_1	T4L	None	None	X-RAY DIFFRACTION	2.053	164	0	164	1.0	0.0	1.0	True	False	E1_not_chimeric_single_uniprot;E8_target_modelled=0<80;E9_target_disorder=1.00>0.2
6U0C_1	T4L	None	None	X-RAY DIFFRACTION	2.0	164	0	164	1.0	0.0	1.0	True	False	E1_not_chimeric_single_uniprot;E8_target_modelled=0<80;E9_target_disorder=1.00>0.2
6U0B_1	T4L	None	None	X-RAY DIFFRACTION	1.951	164	0	164	1.0	0.0	1.0	True	False	E1_not_chimeric_single_uniprot;E8_target_modelled=0<80;E9_target_disorder=1.00>0.2
6QAJ_1	T4L	Q13263	TERMINAL_N	X-RAY DIFFRACTION	2.901	544	272	160	0.2402	0.0	0.9841	True	True	E9_target_disorder=0.24>0.2
6MXT_1	T4L	P07550	TERMINAL_N	X-RAY DIFFRACTION	2.95934213525	472	286	160	0.0744	0.0	0.9933	False	False	
6M9T_1	T4L	P43115	INTERNAL_INSERTION	X-RAY DIFFRACTION	2.5	537	273	160	0.1947	0.0	0.9752	False	False	
6LZM_1	T4L	None	None	X-RAY DIFFRACTION	1.8	164	0	162	1.0	0.0122	1.0	True	False	E1_not_chimeric_single_uniprot;E8_target_modelled=0<80;E9_target_disorder=1.00>0.2
6KPC_1	T4L	P34972	INTERNAL_INSERTION	X-RAY DIFFRACTION	3.2	500	283	160	0.0341	0.0	0.9955	False	False	
6K69_2	T4L	None	None	X-RAY DIFFRACTION	2.401	206	0	164	1.0	0.0	0.9425	True	False	E1_not_chimeric_single_uniprot;E8_target_modelled=0<80;E9_target_disorder=1.00>0.2
6K1Q_1	T4L	P24530	INTERNAL_INSERTION	X-RAY DIFFRACTION	2.7	464	300	99	0.1045	0.0198	0.9732	False	False	
6J21_1	T4L	P25103	INTERNAL_INSERTION	X-RAY DIFFRACTION	3.2	441	289	101	0.1135	0.0	0.9799	False	False	
7L3A_1	T4L	None	None	X-RAY DIFFRACTION	1.11	164	0	162	1.0	0.0122	1.0	True	False	E1_not_chimeric_single_uniprot;E8_target_modelled=0<80;E9_target_disorder=1.00>0.2
7LOB_1	T4L	None	None	X-RAY DIFFRACTION	1.1	172	0	162	1.0	0.0122	1.0	True	False	E1_not_chimeric_single_uniprot;E8_target_modelled=0<80;E9_target_disorder=1.00>0.2
7LZM_1	T4L	None	None	X-RAY DIFFRACTION	1.8	164	0	162	1.0	0.0122	1.0	True	False	E1_not_chimeric_single_uniprot;E8_target_modelled=0<80;E9_target_disorder=1.00>0.2
7LX9_1	T4L	None	None	X-RAY DIFFRACTION	1.19	172	0	160	1.0	0.0244	1.0	True	False	E1_not_chimeric_single_uniprot;E8_target_modelled=0<80;E9_target_disorder=1.00>0.2
7LX8_1	T4L	None	None	X-RAY DIFFRACTION	1.03	172	0	161	1.0	0.0183	1.0	True	False	E1_not_chimeric_single_uniprot;E8_target_modelled=0<80;E9_target_disorder=1.00>0.2
7LX7_1	T4L	None	None	X-RAY DIFFRACTION	1.05	172	0	162	1.0	0.0122	1.0	True	False	E1_not_chimeric_single_uniprot;E8_target_modelled=0<80;E9_target_disorder=1.00>0.2
7LX6_1	T4L	None	None	X-RAY DIFFRACTION	1.05	172	0	162	1.0	0.0122	1.0	True	False	E1_not_chimeric_single_uniprot;E8_target_modelled=0<80;E9_target_disorder=1.00>0.2
7LOJ_1	T4L	None	None	X-RAY DIFFRACTION	1.5	172	0	162	1.0	0.0122	1.0	True	False	E1_not_chimeric_single_uniprot;E8_target_modelled=0<80;E9_target_disorder=1.00>0.2
7LOF_1	T4L	None	None	X-RAY DIFFRACTION	1.05	172	0	163	1.0	0.0061	1.0	True	False	E1_not_chimeric_single_uniprot;E8_target_modelled=0<80;E9_target_disorder=1.00>0.2
7LOE_1	T4L	None	None	X-RAY DIFFRACTION	1.01	172	0	163	1.0	0.0061	1.0	True	False	E1_not_chimeric_single_uniprot;E8_target_modelled=0<80;E9_target_disorder=1.00>0.2
7LOD_1	T4L	None	None	X-RAY DIFFRACTION	1.02	172	0	162	1.0	0.0122	1.0	True	False	E1_not_chimeric_single_uniprot;E8_target_modelled=0<80;E9_target_disorder=1.00>0.2
7LOC_1	T4L	None	None	X-RAY DIFFRACTION	1.16	172	0	162	1.0	0.0122	1.0	True	False	E1_not_chimeric_single_uniprot;E8_target_modelled=0<80;E9_target_disorder=1.00>0.2
7LOA_1	T4L	None	None	X-RAY DIFFRACTION	1.07	172	0	163	1.0	0.0061	1.0	True	False	E1_not_chimeric_single_uniprot;E8_target_modelled=0<80;E9_target_disorder=1.00>0.2
7L3K_1	T4L	None	None	X-RAY DIFFRACTION	1.11	164	0	162	1.0	0.0122	1.0	True	False	E1_not_chimeric_single_uniprot;E8_target_modelled=0<80;E9_target_disorder=1.00>0.2
7L3J_1	T4L	None	None	X-RAY DIFFRACTION	1.49	164	0	162	1.0	0.0122	1.0	True	False	E1_not_chimeric_single_uniprot;E8_target_modelled=0<80;E9_target_disorder=1.00>0.2
7L3I_1	T4L	None	None	X-RAY DIFFRACTION	1.46	164	0	162	1.0	0.0122	1.0	True	False	E1_not_chimeric_single_uniprot;E8_target_modelled=0<80;E9_target_disorder=1.00>0.2
7L3H_1	T4L	None	None	X-RAY DIFFRACTION	1.39	164	0	162	1.0	0.0122	1.0	True	False	E1_not_chimeric_single_uniprot;E8_target_modelled=0<80;E9_target_disorder=1.00>0.2
7L3G_1	T4L	None	None	X-RAY DIFFRACTION	1.27	164	0	164	1.0	0.0	1.0	True	False	E1_not_chimeric_single_uniprot;E8_target_modelled=0<80;E9_target_disorder=1.00>0.2
7L3F_1	T4L	None	None	X-RAY DIFFRACTION	1.49	164	0	162	1.0	0.0122	1.0	True	False	E1_not_chimeric_single_uniprot;E8_target_modelled=0<80;E9_target_disorder=1.00>0.2
7L3E_1	T4L	None	None	X-RAY DIFFRACTION	1.13	164	0	162	1.0	0.0122	1.0	True	False	E1_not_chimeric_single_uniprot;E8_target_modelled=0<80;E9_target_disorder=1.00>0.2
7L3D_1	T4L	None	None	X-RAY DIFFRACTION	1.35	164	0	162	1.0	0.0122	1.0	True	False	E1_not_chimeric_single_uniprot;E8_target_modelled=0<80;E9_target_disorder=1.00>0.2
7L3C_1	T4L	None	None	X-RAY DIFFRACTION	1.31	164	0	162	1.0	0.0122	1.0	True	False	E1_not_chimeric_single_uniprot;E8_target_modelled=0<80;E9_target_disorder=1.00>0.2
7L3B_1	T4L	None	None	X-RAY DIFFRACTION	1.27	164	0	162	1.0	0.0122	1.0	True	False	E1_not_chimeric_single_uniprot;E8_target_modelled=0<80;E9_target_disorder=1.00>0.2
7L39_1	T4L	None	None	X-RAY DIFFRACTION	1.35	164	0	162	1.0	0.0122	1.0	True	False	E1_not_chimeric_single_uniprot;E8_target_modelled=0<80;E9_target_disorder=1.00>0.2
7L38_1	T4L	None	None	X-RAY DIFFRACTION	1.33	164	0	162	1.0	0.0122	1.0	True	False	E1_not_chimeric_single_uniprot;E8_target_modelled=0<80;E9_target_disorder=1.00>0.2
8DCR_5	T4L	P07700	TERMINAL_N	ELECTRON MICROSCOPY	2.6	508	275	0	0.0833	1.0	1.0	True	False	E7_fusion_modelled=0<50;E9_fusion_disorder=1.00>0.2
8DCS_5	T4L	P07700	TERMINAL_N	ELECTRON MICROSCOPY	2.5	508	275	0	0.0833	1.0	1.0	True	False	E7_fusion_modelled=0<50;E9_fusion_disorder=1.00>0.2
9HHM_1	T4L	Q8TCG2	INTERNAL_INSERTION	X-RAY DIFFRACTION	2.25	517	283	163	0.1937	0.0	1.0	False	False	
9HC3_1	T4L	P41594	INTERNAL_INSERTION	X-RAY DIFFRACTION	2.9	444	252	161	0.0562	0.0	0.9952	False	False	
9HC0_1	T4L	P41594	INTERNAL_INSERTION	X-RAY DIFFRACTION	2.33	444	252	161	0.0562	0.0	0.9976	False	False	
9CBM_4	T4L	P08913	TERMINAL_N	ELECTRON MICROSCOPY	3.2	484	257	0	0.1107	1.0	1.0	True	False	E7_fusion_modelled=0<50;E9_fusion_disorder=1.00>0.2
9CBL_4	T4L	P08913	TERMINAL_N	ELECTRON MICROSCOPY	2.8	484	256	0	0.1142	1.0	1.0	True	False	E7_fusion_modelled=0<50;E9_fusion_disorder=1.00>0.2
9A08_1	T4L	None	None	None	None	164	0	164	1.0	0.0	1.0	True	False	E1_not_chimeric_single_uniprot;E2_method=None;E3_no_resolution;E8_target_modelled=0<80;E9_target_disorder=1.00>0.2
8YIC_4	T4L	P21453	TERMINAL_N	ELECTRON MICROSCOPY	3.47	515	299	0	0.1128	1.0	1.0	True	False	E7_fusion_modelled=0<50;E9_fusion_disorder=1.00>0.2
8W1V_1	T4L	P07550	TERMINAL_C	X-RAY DIFFRACTION	3.0	549	282	159	0.2274	0.0063	1.0	True	True	E9_target_disorder=0.23>0.2
8UGW_1	T4L	P29274	TERMINAL_N	X-RAY DIFFRACTION	3.9	472	276	97	0.1402	0.0762	0.9688	False	False	E3_resolution=3.90>3.5
8THL_5	T4L	P35348	TERMINAL_N	ELECTRON MICROSCOPY	3.1	503	244	0	0.2078	1.0	1.0	True	False	E7_fusion_modelled=0<50;E9_fusion_disorder=1.00>0.2;E9_target_disorder=0.21>0.2
8THK_5	T4L	P35348	TERMINAL_N	ELECTRON MICROSCOPY	2.6	503	244	0	0.2078	1.0	1.0	True	False	E7_fusion_modelled=0<50;E9_fusion_disorder=1.00>0.2;E9_target_disorder=0.21>0.2
8EIT_5	T4L	O14842	TERMINAL_N	ELECTRON MICROSCOPY	2.8	501	268	0	0.1037	1.0	1.0	True	False	E7_fusion_modelled=0<50;E9_fusion_disorder=1.00>0.2
8A5X_1	T4L	Q8TCG2	INTERNAL_INSERTION	X-RAY DIFFRACTION	2.4	514	303	163	0.1368	0.0	1.0	False	False	
7Z36_1	T4L	Q13263	TERMINAL_N	X-RAY DIFFRACTION	2.8	482	265	160	0.1047	0.0	0.9815	False	False	
7XKA_1	T4L	P07550	TERMINAL_N	X-RAY DIFFRACTION	3.1	469	283	160	0.0308	0.0	0.9758	False	False	
7XK9_1	T4L	P07550	TERMINAL_N	X-RAY DIFFRACTION	3.4	469	283	160	0.0308	0.0	0.9758	False	False	
7XB5_1	T4L	Q12151	INTERNAL_INSERTION	X-RAY DIFFRACTION	3.44	465	250	104	0.1071	0.35	0.9888	True	True	E9_fusion_disorder=0.35>0.2
7SJ6_1	T4L	None	None	X-RAY DIFFRACTION	1.72	187	0	164	1.0	0.0	0.9425	True	False	E1_not_chimeric_single_uniprot;E8_target_modelled=0<80;E9_target_disorder=1.00>0.2
7RX9_1	T4L	Q8TCU6	INTERNAL_INSERTION	X-RAY DIFFRACTION	3.22	606	432	0	0.0292	1.0	1.0	True	False	E7_fusion_modelled=0<50;E9_fusion_disorder=1.00>0.2
7P2L_1	T4L	P41594	INTERNAL_INSERTION	X-RAY DIFFRACTION	2.54	464	252	161	0.0562	0.0	0.9976	False	False	
7MI8_1	T4L	P36022	INTERNAL_INSERTION	ELECTRON MICROSCOPY	3.7	2661	868	0	0.6497	1.0	1.0	True	False	E3_resolution=3.70>3.5;E7_fusion_modelled=0<50;E9_fusion_disorder=1.00>0.2;E9_target_disorder=0.65>0.2
7MI6_1	T4L	P36022	INTERNAL_INSERTION	ELECTRON MICROSCOPY	3.9	2661	2419	0	0.0238	1.0	1.0	True	False	E3_resolution=3.90>3.5;E7_fusion_modelled=0<50;E9_fusion_disorder=1.00>0.2
7MI3_1	T4L	P36022	INTERNAL_INSERTION	ELECTRON MICROSCOPY	3.5	2661	1192	0	0.519	1.0	1.0	True	False	E7_fusion_modelled=0<50;E9_fusion_disorder=1.00>0.2;E9_target_disorder=0.52>0.2
9W3F_1	T4L	P07550	INTERNAL_INSERTION	ELECTRON MICROSCOPY	3.04	517	275	0	0.1717	1.0	1.0	True	False	E7_fusion_modelled=0<50;E9_fusion_disorder=1.00>0.2
9RKI_1	T4L	P07550	INTERNAL_INSERTION	X-RAY DIFFRACTION	2.6	442	281	161	0.0	0.0	1.0	False	False	
9RKH_1	T4L	P07550	INTERNAL_INSERTION	X-RAY DIFFRACTION	2.5	442	281	161	0.0	0.0	1.0	False	False	
9RKG_1	T4L	P07550	INTERNAL_INSERTION	X-RAY DIFFRACTION	2.45	443	281	161	0.0	0.0	0.9977	False	False	
9RKF_1	T4L	P07550	INTERNAL_INSERTION	X-RAY DIFFRACTION	2.45	443	282	161	0.0	0.0	1.0	False	False	
9Q1F_1	T4L	None	None	X-RAY DIFFRACTION	2.65	379	0	161	1.0	0.0	0.4328	True	False	E1_not_chimeric_single_uniprot;E6_align_coverage=0.43<0.8;E8_target_modelled=0<80;E9_target_disorder=1.00>0.2
1MPC_1	MBP	None	None	X-RAY DIFFRACTION	2.1	370	0	370	1.0	0.0	1.0	True	False	E1_not_chimeric_single_uniprot;E8_target_modelled=0<80;E9_target_disorder=1.00>0.2
1MPB_1	MBP	None	None	X-RAY DIFFRACTION	2.0	370	0	370	1.0	0.0	1.0	True	False	E1_not_chimeric_single_uniprot;E8_target_modelled=0<80;E9_target_disorder=1.00>0.2
1MH4_1	MBP	P0CY11	TERMINAL_N	X-RAY DIFFRACTION	2.3	421	52	366	0.0545	0.0	1.0	False	False	E8_target_modelled=52<80
1MH3_1	MBP	P0CY11	TERMINAL_N	X-RAY DIFFRACTION	2.1	421	55	366	0.0	0.0	1.0	False	False	E8_target_modelled=55<80
1MG1_1	MBP	None	None	X-RAY DIFFRACTION	2.5	450	0	362	1.0	0.0	0.8044	True	False	E1_not_chimeric_single_uniprot;E8_target_modelled=0<80;E9_target_disorder=1.00>0.2
1MDQ_1	MBP	None	None	X-RAY DIFFRACTION	1.9	371	0	370	1.0	0.0	0.9973	True	False	E1_not_chimeric_single_uniprot;E8_target_modelled=0<80;E9_target_disorder=1.00>0.2
1MDP_1	MBP	None	None	X-RAY DIFFRACTION	2.3	363	0	363	1.0	0.0	1.0	True	False	E1_not_chimeric_single_uniprot;E8_target_modelled=0<80;E9_target_disorder=1.00>0.2
1LLS_1	MBP	None	None	X-RAY DIFFRACTION	1.8	370	0	370	1.0	0.0	1.0	True	False	E1_not_chimeric_single_uniprot;E8_target_modelled=0<80;E9_target_disorder=1.00>0.2
1LAX_1	MBP	None	None	X-RAY DIFFRACTION	1.85	370	0	369	1.0	0.0027	1.0	True	False	E1_not_chimeric_single_uniprot;E8_target_modelled=0<80;E9_target_disorder=1.00>0.2
1JW5_1	MBP	None	None	X-RAY DIFFRACTION	2.0	370	0	370	1.0	0.0	1.0	True	False	E1_not_chimeric_single_uniprot;E8_target_modelled=0<80;E9_target_disorder=1.00>0.2
1JW4_1	MBP	None	None	X-RAY DIFFRACTION	2.0	370	0	370	1.0	0.0	1.0	True	False	E1_not_chimeric_single_uniprot;E8_target_modelled=0<80;E9_target_disorder=1.00>0.2
1JVY_1	MBP	None	None	X-RAY DIFFRACTION	1.9	372	0	370	1.0	0.0	0.9973	True	False	E1_not_chimeric_single_uniprot;E8_target_modelled=0<80;E9_target_disorder=1.00>0.2
1JVX_1	MBP	None	None	X-RAY DIFFRACTION	2.5	372	0	370	1.0	0.0	0.9973	True	False	E1_not_chimeric_single_uniprot;E8_target_modelled=0<80;E9_target_disorder=1.00>0.2
1IUD_1	MBP	None	None	X-RAY DIFFRACTION	2.7	380	0	363	1.0	0.0189	0.9864	True	False	E1_not_chimeric_single_uniprot;E8_target_modelled=0<80;E9_target_disorder=1.00>0.2
1HSJ_1	MBP	Q9F0R1	TERMINAL_N	X-RAY DIFFRACTION	2.3	487	115	361	0.0	0.0	0.9774	False	False	
1FQD_1	MBP	None	None	X-RAY DIFFRACTION	2.3	370	0	369	1.0	0.0	0.9973	True	False	E1_not_chimeric_single_uniprot;E8_target_modelled=0<80;E9_target_disorder=1.00>0.2
1FQC_1	MBP	None	None	X-RAY DIFFRACTION	2.3	370	0	369	1.0	0.0	0.9973	True	False	E1_not_chimeric_single_uniprot;E8_target_modelled=0<80;E9_target_disorder=1.00>0.2
1FQB_1	MBP	None	None	X-RAY DIFFRACTION	1.9	370	0	369	1.0	0.0	0.9973	True	False	E1_not_chimeric_single_uniprot;E8_target_modelled=0<80;E9_target_disorder=1.00>0.2
1FQA_1	MBP	None	None	X-RAY DIFFRACTION	1.9	370	0	369	1.0	0.0	0.9973	True	False	E1_not_chimeric_single_uniprot;E8_target_modelled=0<80;E9_target_disorder=1.00>0.2
1EZP_1	MBP	None	None	SOLUTION NMR	None	370	0	370	1.0	0.0	1.0	True	False	E1_not_chimeric_single_uniprot;E2_method=SOLUTION NMR;E3_no_resolution;E8_target_modelled=0<80;E9_target_disorder=1.00>0.2
1EZO_1	MBP	None	None	SOLUTION NMR	None	370	0	370	1.0	0.0	1.0	True	False	E1_not_chimeric_single_uniprot;E2_method=SOLUTION NMR;E3_no_resolution;E8_target_modelled=0<80;E9_target_disorder=1.00>0.2
1EZ9_1	MBP	None	None	X-RAY DIFFRACTION	1.9	370	0	370	1.0	0.0	1.0	True	False	E1_not_chimeric_single_uniprot;E8_target_modelled=0<80;E9_target_disorder=1.00>0.2
1DMB_1	MBP	None	None	X-RAY DIFFRACTION	1.8	370	0	370	1.0	0.0	1.0	True	False	E1_not_chimeric_single_uniprot;E8_target_modelled=0<80;E9_target_disorder=1.00>0.2
1ANF_1	MBP	None	None	X-RAY DIFFRACTION	1.67	370	0	370	1.0	0.0	1.0	True	False	E1_not_chimeric_single_uniprot;E8_target_modelled=0<80;E9_target_disorder=1.00>0.2
1A7L_1	MBP	None	None	X-RAY DIFFRACTION	2.9	389	0	360	1.0	0.0083	0.9474	True	False	E1_not_chimeric_single_uniprot;E8_target_modelled=0<80;E9_target_disorder=1.00>0.2
1T0K_3	MBP	None	None	X-RAY DIFFRACTION	3.24	381	0	362	1.0	0.0109	0.9918	True	False	E1_not_chimeric_single_uniprot;E8_target_modelled=0<80;E9_target_disorder=1.00>0.2
2H25_1	MBP	None	None	SOLUTION NMR	None	370	0	370	1.0	0.0	1.0	True	False	E1_not_chimeric_single_uniprot;E2_method=SOLUTION NMR;E3_no_resolution;E8_target_modelled=0<80;E9_target_disorder=1.00>0.2
2N44_1	MBP	None	None	SOLUTION NMR	None	370	0	370	1.0	0.0	1.0	True	False	E1_not_chimeric_single_uniprot;E2_method=SOLUTION NMR;E3_no_resolution;E8_target_modelled=0<80;E9_target_disorder=1.00>0.2
2MV0_1	MBP	None	None	SOLUTION NMR	None	370	0	370	1.0	0.0	1.0	True	False	E1_not_chimeric_single_uniprot;E2_method=SOLUTION NMR;E3_no_resolution;E8_target_modelled=0<80;E9_target_disorder=1.00>0.2
2KLF_1	MBP	None	None	SOLUTION NMR	None	370	0	370	1.0	0.0	1.0	True	False	E1_not_chimeric_single_uniprot;E2_method=SOLUTION NMR;E3_no_resolution;E8_target_modelled=0<80;E9_target_disorder=1.00>0.2
2D21_1	MBP	None	None	SOLUTION NMR	None	370	0	370	1.0	0.0	1.0	True	False	E1_not_chimeric_single_uniprot;E2_method=SOLUTION NMR;E3_no_resolution;E8_target_modelled=0<80;E9_target_disorder=1.00>0.2
28XA_1	MBP	Q96PV6	TERMINAL_N	ELECTRON MICROSCOPY	4.86	688	220	0	0.2903	1.0	1.0	True	False	E3_resolution=4.86>3.5;E7_fusion_modelled=0<50;E9_fusion_disorder=1.00>0.2;E9_target_disorder=0.29>0.2
28WZ_1	MBP	Q96PV6	TERMINAL_N	ELECTRON MICROSCOPY	3.5	687	223	0	0.2806	1.0	1.0	True	False	E7_fusion_modelled=0<50;E9_fusion_disorder=1.00>0.2;E9_target_disorder=0.28>0.2
28WY_1	MBP	A6NKF1	TERMINAL_N	ELECTRON MICROSCOPY	3.6	736	301	0	0.1592	1.0	1.0	True	False	E3_resolution=3.60>3.5;E7_fusion_modelled=0<50;E9_fusion_disorder=1.00>0.2
21DH_1	MBP	None	None	X-RAY DIFFRACTION	2.57	487	0	362	1.0	0.0	0.7802	True	False	E1_not_chimeric_single_uniprot;E6_align_coverage=0.78<0.8;E8_target_modelled=0<80;E9_target_disorder=1.00>0.2
1ZMG_1	MBP	None	None	X-RAY DIFFRACTION	2.5	370	0	370	1.0	0.0	1.0	True	False	E1_not_chimeric_single_uniprot;E8_target_modelled=0<80;E9_target_disorder=1.00>0.2
1ZKB_1	MBP	None	None	X-RAY DIFFRACTION	2.2	370	0	370	1.0	0.0	1.0	True	False	E1_not_chimeric_single_uniprot;E8_target_modelled=0<80;E9_target_disorder=1.00>0.2
1ZJL_1	MBP	None	None	X-RAY DIFFRACTION	2.0	370	0	370	1.0	0.0	1.0	True	False	E1_not_chimeric_single_uniprot;E8_target_modelled=0<80;E9_target_disorder=1.00>0.2
1ZIU_1	MBP	None	None	X-RAY DIFFRACTION	2.0	370	0	370	1.0	0.0	1.0	True	False	E1_not_chimeric_single_uniprot;E8_target_modelled=0<80;E9_target_disorder=1.00>0.2
1YTV_1	MBP	None	None	X-RAY DIFFRACTION	1.8	366	0	366	1.0	0.0	1.0	True	False	E1_not_chimeric_single_uniprot;E8_target_modelled=0<80;E9_target_disorder=1.00>0.2
1Y4C_1	MBP	None	None	X-RAY DIFFRACTION	1.9	494	0	363	1.0	0.0082	0.7562	True	False	E1_not_chimeric_single_uniprot;E6_align_coverage=0.76<0.8;E8_target_modelled=0<80;E9_target_disorder=1.00>0.2
1SVX_2	MBP	None	None	X-RAY DIFFRACTION	2.24	395	0	362	1.0	0.0055	0.981	True	False	E1_not_chimeric_single_uniprot;E8_target_modelled=0<80;E9_target_disorder=1.00>0.2
1R6Z_1	MBP	Q9VUQ5	TERMINAL_N	X-RAY DIFFRACTION	2.8	509	126	365	0.0735	0.0027	0.9879	False	False	
1PEB_1	MBP	None	None	X-RAY DIFFRACTION	2.6	366	0	366	1.0	0.0	1.0	True	False	E1_not_chimeric_single_uniprot;E8_target_modelled=0<80;E9_target_disorder=1.00>0.2
1OMP_1	MBP	None	None	X-RAY DIFFRACTION	1.8	370	0	370	1.0	0.0	1.0	True	False	E1_not_chimeric_single_uniprot;E8_target_modelled=0<80;E9_target_disorder=1.00>0.2
1NMU_1	MBP	None	None	X-RAY DIFFRACTION	2.31	382	0	364	1.0	0.0055	0.9891	True	False	E1_not_chimeric_single_uniprot;E8_target_modelled=0<80;E9_target_disorder=1.00>0.2
1NL5_1	MBP	None	None	X-RAY DIFFRACTION	2.1	366	0	366	1.0	0.0	1.0	True	False	E1_not_chimeric_single_uniprot;E8_target_modelled=0<80;E9_target_disorder=1.00>0.2
1N3X_1	MBP	None	None	X-RAY DIFFRACTION	2.5	366	0	366	1.0	0.0	1.0	True	False	E1_not_chimeric_single_uniprot;E8_target_modelled=0<80;E9_target_disorder=1.00>0.2
1N3W_1	MBP	None	None	X-RAY DIFFRACTION	2.6	366	0	366	1.0	0.0	1.0	True	False	E1_not_chimeric_single_uniprot;E8_target_modelled=0<80;E9_target_disorder=1.00>0.2
1MPD_1	MBP	None	None	X-RAY DIFFRACTION	2.3	370	0	370	1.0	0.0	1.0	True	False	E1_not_chimeric_single_uniprot;E8_target_modelled=0<80;E9_target_disorder=1.00>0.2
3H4Z_1	MBP	P49273	COMPLEX	X-RAY DIFFRACTION	2.35	568	205	363	0.0	0.0	1.0	False	False	
3H3G_1	MBP	Q03431	TERMINAL_N	X-RAY DIFFRACTION	1.94	539	100	367	0.3711	0.0	0.9915	True	True	E9_target_disorder=0.37>0.2
3G7W_1	MBP	P10997	TERMINAL_N	X-RAY DIFFRACTION	1.75	393	22	366	0.0	0.0	0.9873	False	False	E8_target_modelled=22<80
3G7V_1	MBP	P10997	TERMINAL_N	X-RAY DIFFRACTION	1.86	408	29	366	0.2162	0.0	0.99	True	False	E8_target_modelled=29<80;E9_target_disorder=0.22>0.2
3F5F_1	MBP	Q76KB1	TERMINAL_N	X-RAY DIFFRACTION	2.65	658	286	361	0.0069	0.0	0.9863	False	False	
3EHU_1	MBP	P34998	TERMINAL_N	X-RAY DIFFRACTION	1.96	476	78	357	0.1875	0.0272	0.9864	False	False	E8_target_modelled=78<80
3EHT_1	MBP	P34998	TERMINAL_N	X-RAY DIFFRACTION	3.4	476	80	366	0.1667	0.0027	0.9867	False	False	
3EHS_1	MBP	P34998	TERMINAL_N	X-RAY DIFFRACTION	2.76	476	85	366	0.1146	0.0027	0.9869	False	False	
3EF7_1	MBP	P10761	TERMINAL_N	X-RAY DIFFRACTION	3.1	481	92	367	0.1238	0.0	0.9829	False	False	
3DM0_1	MBP	O24456	TERMINAL_N	X-RAY DIFFRACTION	2.4	694	307	366	0.0583	0.0	0.997	False	False	
3D4G_1	MBP	P10761	TERMINAL_N	X-RAY DIFFRACTION	2.3	481	105	366	0.0	0.0027	1.0	False	False	
3D4C_1	MBP	P10761	TERMINAL_N	X-RAY DIFFRACTION	2.9	481	105	364	0.0	0.0082	0.9979	False	False	
3CSG_1	MBP	None	None	X-RAY DIFFRACTION	1.798	461	0	365	1.0	0.0027	0.7969	True	False	E1_not_chimeric_single_uniprot;E6_align_coverage=0.80<0.8;E8_target_modelled=0<80;E9_target_disorder=1.00>0.2
3CSB_1	MBP	None	None	X-RAY DIFFRACTION	1.999	465	0	366	1.0	0.0	0.7888	True	False	E1_not_chimeric_single_uniprot;E6_align_coverage=0.79<0.8;E8_target_modelled=0<80;E9_target_disorder=1.00>0.2
3C4M_1	MBP	Q03431	TERMINAL_N	X-RAY DIFFRACTION	1.95	539	96	367	0.3962	0.0	0.9872	True	True	E9_target_disorder=0.40>0.2
3A3C_1	MBP	P36046	TERMINAL_N	X-RAY DIFFRACTION	2.5	451	87	364	0.0	0.0	1.0	False	False	
30GB_9	MBP	None	None	ELECTRON MICROSCOPY	2.9	1258	0	0	1.0	1.0	0.0	True	False	E1_not_chimeric_single_uniprot;E6_align_coverage=0.00<0.8;E7_fusion_modelled=0<50;E8_target_modelled=0<80;E9_fusion_disorder=1.00>0.2;E9_target_disorder=1.00>0.2
30GA_10	MBP	None	None	ELECTRON MICROSCOPY	3.2	1258	0	0	1.0	1.0	0.0	True	False	E1_not_chimeric_single_uniprot;E6_align_coverage=0.00<0.8;E7_fusion_modelled=0<50;E8_target_modelled=0<80;E9_fusion_disorder=1.00>0.2;E9_target_disorder=1.00>0.2
2ZXT_1	MBP	P36046	TERMINAL_N	X-RAY DIFFRACTION	3.0	465	87	364	0.1212	0.0055	1.0	False	False	
2VGQ_1	MBP	Q7Z434	TERMINAL_N	X-RAY DIFFRACTION	2.1	477	91	361	0.0	0.0028	0.9805	False	False	
2V93_1	MBP	None	None	SOLUTION NMR	None	370	0	366	1.0	0.0108	1.0	True	False	E1_not_chimeric_single_uniprot;E2_method=SOLUTION NMR;E3_no_resolution;E8_target_modelled=0<80;E9_target_disorder=1.00>0.2
2R6G_2	MBP	None	None	X-RAY DIFFRACTION	2.8	370	0	370	1.0	0.0	1.0	True	False	E1_not_chimeric_single_uniprot;E8_target_modelled=0<80;E9_target_disorder=1.00>0.2
2OBG_1	MBP	None	None	X-RAY DIFFRACTION	2.35	461	0	364	1.0	0.0055	0.7965	True	False	E1_not_chimeric_single_uniprot;E6_align_coverage=0.80<0.8;E8_target_modelled=0<80;E9_target_disorder=1.00>0.2
2NVU_2	MBP	None	None	X-RAY DIFFRACTION	2.8	805	0	354	1.0	0.038	0.4487	True	False	E1_not_chimeric_single_uniprot;E6_align_coverage=0.45<0.8;E8_target_modelled=0<80;E9_target_disorder=1.00>0.2
2N45_1	MBP	None	None	SOLUTION NMR	None	370	0	370	1.0	0.0	1.0	True	False	E1_not_chimeric_single_uniprot;E2_method=SOLUTION NMR;E3_no_resolution;E8_target_modelled=0<80;E9_target_disorder=1.00>0.2
3OB4_1	MBP	A5Z1Q8	TERMINAL_N	X-RAY DIFFRACTION	2.706	500	104	366	0.2	0.0	0.9916	False	False	
3OAI_1	MBP	P25189	TERMINAL_N	X-RAY DIFFRACTION	2.1	507	121	366	0.0	0.0	0.998	False	False	
3O3U_1	MBP	Q15109	TERMINAL_N	X-RAY DIFFRACTION	1.497	581	209	357	0.0	0.0	0.9759	False	False	
3N96_1	MBP	Q13324	TERMINAL_N	X-RAY DIFFRACTION	2.75	482	101	366	0.0561	0.0054	0.9873	False	False	
3N95_1	MBP	Q13324	TERMINAL_N	X-RAY DIFFRACTION	2.72	482	98	366	0.0841	0.0054	0.9872	False	False	
3N94_1	MBP	P41586	TERMINAL_N	X-RAY DIFFRACTION	1.8	475	94	365	0.0	0.0054	0.985	False	False	
3N93_1	MBP	Q13324	TERMINAL_N	X-RAY DIFFRACTION	2.5	482	99	366	0.0748	0.0054	0.9873	False	False	
3MQ9_1	MBP	Q10589	TERMINAL_N	X-RAY DIFFRACTION	2.8	471	74	366	0.0	0.0081	0.9692	False	False	E8_target_modelled=74<80
3MP8_1	MBP	P25554	TERMINAL_N	X-RAY DIFFRACTION	1.92	522	146	366	0.0581	0.0	0.9981	False	False	
3MP6_1	MBP	P25554	TERMINAL_N	X-RAY DIFFRACTION	1.48	522	141	366	0.0903	0.0	0.998	False	False	
3MP1_1	MBP	P25554	TERMINAL_N	X-RAY DIFFRACTION	2.6	522	142	366	0.0839	0.0	0.998	False	False	
3MBP_1	MBP	None	None	X-RAY DIFFRACTION	1.7	370	0	370	1.0	0.0	1.0	True	False	E1_not_chimeric_single_uniprot;E8_target_modelled=0<80;E9_target_disorder=1.00>0.2
3LC8_1	MBP	O75787	TERMINAL_N	X-RAY DIFFRACTION	2.0	384	8	362	0.5556	0.0	0.9946	True	False	E8_target_modelled=8<80;E9_target_disorder=0.56>0.2
3LBS_1	MBP	O75787	TERMINAL_N	X-RAY DIFFRACTION	2.15	384	9	361	0.5	0.0028	0.9946	True	False	E8_target_modelled=9<80;E9_target_disorder=0.50>0.2
3L2J_1	MBP	Q03431	TERMINAL_N	X-RAY DIFFRACTION	3.24	535	112	364	0.2956	0.0	0.9835	True	True	E9_target_disorder=0.30>0.2
3KJT_1	MBP	None	None	X-RAY DIFFRACTION	1.5	372	0	370	1.0	0.0	1.0	True	False	E1_not_chimeric_single_uniprot;E8_target_modelled=0<80;E9_target_disorder=1.00>0.2
3J9P_1	MBP	O75762	TERMINAL_N	ELECTRON MICROSCOPY	4.24	1528	560	0	0.4991	1.0	1.0	True	False	E3_resolution=4.24>3.5;E7_fusion_modelled=0<50;E9_fusion_disorder=1.00>0.2;E9_target_disorder=0.50>0.2
3IOW_1	MBP	P42858	TERMINAL_N	X-RAY DIFFRACTION	3.5	449	44	358	0.2667	0.0	0.971	True	False	E8_target_modelled=44<80;E9_target_disorder=0.27>0.2
3IOV_1	MBP	P42858	TERMINAL_N	X-RAY DIFFRACTION	3.7	449	35	358	0.4167	0.0	0.9704	True	False	E3_resolution=3.70>3.5;E8_target_modelled=35<80;E9_target_disorder=0.42>0.2
3IOU_1	MBP	P42858	TERMINAL_N	X-RAY DIFFRACTION	3.7	449	32	358	0.4667	0.0	0.9701	True	False	E3_resolution=3.70>3.5;E8_target_modelled=32<80;E9_target_disorder=0.47>0.2
3IOT_1	MBP	P42858	TERMINAL_N	X-RAY DIFFRACTION	3.5	449	18	358	0.7	0.0	0.9691	True	False	E8_target_modelled=18<80;E9_target_disorder=0.70>0.2
3IOR_1	MBP	P42858	TERMINAL_N	X-RAY DIFFRACTION	3.6	449	20	358	0.6667	0.0	0.9692	True	False	E3_resolution=3.60>3.5;E8_target_modelled=20<80;E9_target_disorder=0.67>0.2
3IO6_1	MBP	P42858	TERMINAL_N	X-RAY DIFFRACTION	3.7	449	30	358	0.5	0.0	0.97	True	False	E3_resolution=3.70>3.5;E8_target_modelled=30<80;E9_target_disorder=0.50>0.2
3HST_1	MBP	None	None	X-RAY DIFFRACTION	2.25	387	0	361	1.0	0.0137	0.989	True	False	E1_not_chimeric_single_uniprot;E8_target_modelled=0<80;E9_target_disorder=1.00>0.2
3HPI_1	MBP	None	None	X-RAY DIFFRACTION	2.0	372	0	369	1.0	0.0027	1.0	True	False	E1_not_chimeric_single_uniprot;E8_target_modelled=0<80;E9_target_disorder=1.00>0.2
3OSQ_1	MBP	None	None	X-RAY DIFFRACTION	1.9	661	0	367	1.0	0.0027	0.6036	True	False	E1_not_chimeric_single_uniprot;E6_align_coverage=0.60<0.8;E8_target_modelled=0<80;E9_target_disorder=1.00>0.2
3PGF_1	MBP	None	None	X-RAY DIFFRACTION	2.1	398	0	358	1.0	0.0245	1.0	True	False	E1_not_chimeric_single_uniprot;E8_target_modelled=0<80;E9_target_disorder=1.00>0.2
3PUX_1	MBP	None	None	X-RAY DIFFRACTION	2.3	378	0	370	1.0	0.0	0.9893	True	False	E1_not_chimeric_single_uniprot;E8_target_modelled=0<80;E9_target_disorder=1.00>0.2
3PUZ_1	MBP	None	None	X-RAY DIFFRACTION	2.9	370	0	370	1.0	0.0	1.0	True	False	E1_not_chimeric_single_uniprot;E8_target_modelled=0<80;E9_target_disorder=1.00>0.2
3Q25_1	MBP	P37840	TERMINAL_N	X-RAY DIFFRACTION	1.9	390	19	365	0.0	0.0027	0.9897	False	False	E8_target_modelled=19<80
3Q27_1	MBP	P37840	TERMINAL_N	X-RAY DIFFRACTION	1.302	397	20	366	0.2308	0.0	0.9897	True	False	E8_target_modelled=20<80;E9_target_disorder=0.23>0.2
3Q29_1	MBP	P37840	TERMINAL_N	X-RAY DIFFRACTION	2.3	390	11	366	0.4211	0.0	0.9895	True	False	E8_target_modelled=11<80;E9_target_disorder=0.42>0.2
3RUM_1	MBP	None	None	X-RAY DIFFRACTION	1.851	378	0	366	1.0	0.0	0.9683	True	False	E1_not_chimeric_single_uniprot;E8_target_modelled=0<80;E9_target_disorder=1.00>0.2
3SER_1	MBP	None	None	X-RAY DIFFRACTION	2.35	372	0	358	1.0	0.0	0.9676	True	False	E1_not_chimeric_single_uniprot;E8_target_modelled=0<80;E9_target_disorder=1.00>0.2
3SET_1	MBP	None	None	X-RAY DIFFRACTION	1.9	372	0	358	1.0	0.0	0.9676	True	False	E1_not_chimeric_single_uniprot;E8_target_modelled=0<80;E9_target_disorder=1.00>0.2
3SEV_1	MBP	None	None	X-RAY DIFFRACTION	3.05	372	0	358	1.0	0.0	0.9676	True	False	E1_not_chimeric_single_uniprot;E8_target_modelled=0<80;E9_target_disorder=1.00>0.2
3SEW_1	MBP	None	None	X-RAY DIFFRACTION	1.55	372	0	358	1.0	0.0	0.9676	True	False	E1_not_chimeric_single_uniprot;E8_target_modelled=0<80;E9_target_disorder=1.00>0.2
3SEY_1	MBP	None	None	X-RAY DIFFRACTION	1.85	372	0	358	1.0	0.0	0.965	True	False	E1_not_chimeric_single_uniprot;E8_target_modelled=0<80;E9_target_disorder=1.00>0.2
3SEX_1	MBP	None	None	X-RAY DIFFRACTION	1.95	372	0	358	1.0	0.0	0.9676	True	False	E1_not_chimeric_single_uniprot;E8_target_modelled=0<80;E9_target_disorder=1.00>0.2
3SEU_1	MBP	None	None	X-RAY DIFFRACTION	1.85	372	0	355	1.0	0.0084	0.9699	True	False	E1_not_chimeric_single_uniprot;E8_target_modelled=0<80;E9_target_disorder=1.00>0.2
3SES_1	MBP	None	None	X-RAY DIFFRACTION	1.9	372	0	358	1.0	0.0	0.9676	True	False	E1_not_chimeric_single_uniprot;E8_target_modelled=0<80;E9_target_disorder=1.00>0.2
3RLF_1	MBP	None	None	X-RAY DIFFRACTION	2.2	380	0	370	1.0	0.0	0.9893	True	False	E1_not_chimeric_single_uniprot;E8_target_modelled=0<80;E9_target_disorder=1.00>0.2
3Q28_1	MBP	P37840	TERMINAL_N	X-RAY DIFFRACTION	1.6	393	15	366	0.3182	0.0	0.987	True	False	E8_target_modelled=15<80;E9_target_disorder=0.32>0.2
3Q26_1	MBP	P37840	TERMINAL_N	X-RAY DIFFRACTION	1.54	404	25	366	0.2424	0.0	0.9899	True	False	E8_target_modelled=25<80;E9_target_disorder=0.24>0.2
3PY7_1	MBP	P06931	TERMINAL_N	X-RAY DIFFRACTION	2.288	523	120	365	0.1241	0.0027	0.97	False	False	
3PV0_1	MBP	None	None	X-RAY DIFFRACTION	3.1	370	0	370	1.0	0.0	1.0	True	False	E1_not_chimeric_single_uniprot;E8_target_modelled=0<80;E9_target_disorder=1.00>0.2
3PUY_1	MBP	None	None	X-RAY DIFFRACTION	3.1	378	0	370	1.0	0.0	0.9893	True	False	E1_not_chimeric_single_uniprot;E8_target_modelled=0<80;E9_target_disorder=1.00>0.2
3PUW_1	MBP	None	None	X-RAY DIFFRACTION	2.3	378	0	370	1.0	0.0	0.9893	True	False	E1_not_chimeric_single_uniprot;E8_target_modelled=0<80;E9_target_disorder=1.00>0.2
3PUV_1	MBP	None	None	X-RAY DIFFRACTION	2.4	378	0	370	1.0	0.0	0.9893	True	False	E1_not_chimeric_single_uniprot;E8_target_modelled=0<80;E9_target_disorder=1.00>0.2
3OSR_1	MBP	None	None	X-RAY DIFFRACTION	2.0	653	0	329	1.0	0.0	0.5447	True	False	E1_not_chimeric_single_uniprot;E6_align_coverage=0.54<0.8;E8_target_modelled=0<80;E9_target_disorder=1.00>0.2
4JBZ_1	MBP	Q5EAW4	TERMINAL_N	X-RAY DIFFRACTION	2.4	403	28	366	0.0667	0.0	0.9825	False	False	E8_target_modelled=28<80
4IRL_1	MBP	B0V1H4	TERMINAL_N	X-RAY DIFFRACTION	1.47	476	87	358	0.0645	0.0	0.9632	False	False	
4IKM_1	MBP	Q9Y2G2	TERMINAL_N	X-RAY DIFFRACTION	2.4606	469	87	366	0.0	0.0	0.9784	False	False	
4IFP_1	MBP	Q9C000	TERMINAL_N	X-RAY DIFFRACTION	1.9948	466	84	366	0.0	0.0	0.9825	False	False	
4H1G_1	MBP	C4YKK8	COMPLEX	X-RAY DIFFRACTION	2.15	715	300	360	0.1279	0.0	0.9851	False	False	
4GLI_1	MBP	Q16637	TERMINAL_N	X-RAY DIFFRACTION	1.903	401	19	369	0.4062	0.0	1.0	True	False	E8_target_modelled=19<80;E9_target_disorder=0.41>0.2
4GIZ_1	MBP	Q05086	TERMINAL_N	X-RAY DIFFRACTION	2.55	382	16	366	0.0	0.0	1.0	False	False	E8_target_modelled=16<80
4FED_1	MBP	P42858	TERMINAL_N	X-RAY DIFFRACTION	2.807	452	17	358	0.7344	0.0	0.9352	True	False	E8_target_modelled=17<80;E9_target_disorder=0.73>0.2
4FEC_1	MBP	P42858	TERMINAL_N	X-RAY DIFFRACTION	3.0	452	17	358	0.7344	0.0	0.9328	True	False	E8_target_modelled=17<80;E9_target_disorder=0.73>0.2
4FE8_1	MBP	P42858	TERMINAL_N	X-RAY DIFFRACTION	3.0	452	17	358	0.7344	0.0	0.9328	True	False	E8_target_modelled=17<80;E9_target_disorder=0.73>0.2
4EXK_1	MBP	A0A0F6B1U8	TERMINAL_N	X-RAY DIFFRACTION	1.28	487	104	367	0.0	0.0	0.9916	False	False	
4EGC_1	MBP	Q15475	TERMINAL_N	X-RAY DIFFRACTION	1.994	559	169	366	0.1058	0.0	0.9926	False	False	
4EDQ_1	MBP	O70468	TERMINAL_N	X-RAY DIFFRACTION	1.641	492	114	357	0.0579	0.0028	0.9752	False	False	
4DXC_1	MBP	P62593	TERMINAL_N	X-RAY DIFFRACTION	2.3	637	242	349	0.0082	0.0251	0.9471	False	False	
4DXB_1	MBP	P62593	TERMINAL_N	X-RAY DIFFRACTION	2.29	637	244	358	0.0	0.0	0.9451	False	False	
4BLD_1	MBP	Q9UMX1	TERMINAL_N	X-RAY DIFFRACTION	2.802	753	357	367	0.0325	0.0	0.9864	False	False	
4BLB_1	MBP	Q9UMX1	TERMINAL_N	X-RAY DIFFRACTION	2.8	753	357	367	0.0325	0.0	0.9864	False	False	
4BLA_1	MBP	Q9UMX1	TERMINAL_N	X-RAY DIFFRACTION	3.5	756	362	364	0.0216	0.0082	0.9945	False	False	
4BL9_1	MBP	Q9UMX1	TERMINAL_N	X-RAY DIFFRACTION	2.8	756	353	366	0.0459	0.0027	0.9958	False	False	
4BL8_1	MBP	Q9UMX1	TERMINAL_N	X-RAY DIFFRACTION	3.04	831	360	364	0.2035	0.0082	0.9959	True	True	E9_target_disorder=0.20>0.2
4B3N_1	MBP	Q0PF16	TERMINAL_N	X-RAY DIFFRACTION	3.3	602	192	365	0.1233	0.0108	1.0	False	False	
3WOA_1	MBP	P03034	TERMINAL_C	X-RAY DIFFRACTION	2.0	417	43	366	0.0652	0.0027	0.9903	False	False	E8_target_modelled=43<80
3WAI_1	MBP	O29867	TERMINAL_N	X-RAY DIFFRACTION	1.897	739	352	357	0.0461	0.0246	0.9972	False	False	
3W15_3	MBP	P27796	TERMINAL_C	X-RAY DIFFRACTION	1.8	389	15	370	0.0	0.0	0.9897	False	False	E8_target_modelled=15<80
3VFJ_1	MBP	None	None	X-RAY DIFFRACTION	2.05	378	0	366	1.0	0.0	0.9708	True	False	E1_not_chimeric_single_uniprot;E8_target_modelled=0<80;E9_target_disorder=1.00>0.2
4RWG_1	MBP	None	None	X-RAY DIFFRACTION	2.44	593	0	366	1.0	0.0027	0.6571	True	False	E1_multi_uniprot_n=3;E6_align_coverage=0.66<0.8;E8_target_modelled=0<80;E9_target_disorder=1.00>0.2
4RWF_1	MBP	None	None	X-RAY DIFFRACTION	1.76	591	0	366	1.0	0.0027	0.6595	True	False	E1_multi_uniprot_n=3;E6_align_coverage=0.66<0.8;E8_target_modelled=0<80;E9_target_disorder=1.00>0.2
4RG5_1	MBP	Q09808	TERMINAL_N	X-RAY DIFFRACTION	1.7	401	32	369	0.0	0.0	1.0	False	False	E8_target_modelled=32<80
4R0Y_1	MBP	P97836	TERMINAL_N	X-RAY DIFFRACTION	2.0	501	106	361	0.2206	0.0	0.9957	True	True	E9_target_disorder=0.22>0.2
4QVH_1	MBP	O33336	TERMINAL_N	X-RAY DIFFRACTION	1.75	598	227	365	0.0	0.0027	0.9933	False	False	
4QSZ_1	MBP	P0C872	TERMINAL_N	X-RAY DIFFRACTION	2.86	687	314	361	0.0032	0.0	0.984	False	False	
4PQK_1	MBP	B1B3N6	TERMINAL_N	X-RAY DIFFRACTION	3.401	487	112	366	0.0667	0.0	1.0	False	False	
4PE2_1	MBP	None	None	X-RAY DIFFRACTION	1.724	516	0	365	1.0	0.0027	0.7359	True	False	E1_not_chimeric_single_uniprot;E6_align_coverage=0.74<0.8;E8_target_modelled=0<80;E9_target_disorder=1.00>0.2
4OZQ_1	MBP	None	None	X-RAY DIFFRACTION	2.71	720	0	352	1.0	0.0249	0.5154	True	False	E1_not_chimeric_single_uniprot;E6_align_coverage=0.52<0.8;E8_target_modelled=0<80;E9_target_disorder=1.00>0.2
4OGM_1	MBP	None	None	X-RAY DIFFRACTION	2.234	520	0	357	1.0	0.0111	0.714	True	False	E1_not_chimeric_single_uniprot;E6_align_coverage=0.71<0.8;E8_target_modelled=0<80;E9_target_disorder=1.00>0.2
4O4B_1	MBP	None	None	X-RAY DIFFRACTION	1.8	396	0	366	1.0	0.0	0.9786	True	False	E1_not_chimeric_single_uniprot;E8_target_modelled=0<80;E9_target_disorder=1.00>0.2
4O2X_1	MBP	Q8IEB2	TERMINAL_N	X-RAY DIFFRACTION	2.7	507	92	363	0.2459	0.0082	0.9956	True	True	E9_target_disorder=0.25>0.2
4NUF_1	MBP	Q62227	TERMINAL_N	X-RAY DIFFRACTION	2.8	580	179	366	0.1311	0.0054	0.9927	False	False	
4NDZ_1	MBP	Q76KB1	TERMINAL_N	X-RAY DIFFRACTION	3.45	658	287	0	0.0035	1.0	1.0	True	False	E7_fusion_modelled=0<50;E9_fusion_disorder=1.00>0.2
4N4X_1	MBP	Q9NP55	TERMINAL_N	X-RAY DIFFRACTION	2.501	584	165	361	0.229	0.0	0.9832	True	True	E9_target_disorder=0.23>0.2
4MBP_1	MBP	None	None	X-RAY DIFFRACTION	1.7	370	0	370	1.0	0.0	1.0	True	False	E1_not_chimeric_single_uniprot;E8_target_modelled=0<80;E9_target_disorder=1.00>0.2
4LOG_1	MBP	Q9Y5X4	TERMINAL_N	X-RAY DIFFRACTION	2.7	574	183	364	0.0567	0.0082	0.9892	False	False	
4KYE_1	MBP	P21738	TERMINAL_N	X-RAY DIFFRACTION	2.6	420	34	366	0.3585	0.0	1.0	True	False	E8_target_modelled=34<80;E9_target_disorder=0.36>0.2
4KYD_1	MBP	P21738	TERMINAL_N	X-RAY DIFFRACTION	2.21	420	31	366	0.3673	0.0	0.99	True	False	E8_target_modelled=31<80;E9_target_disorder=0.37>0.2
4KYC_1	MBP	Q91MK1	TERMINAL_N	X-RAY DIFFRACTION	1.95	420	50	366	0.0	0.0	0.9905	False	False	E8_target_modelled=50<80
4KV3_1	MBP	None	None	X-RAY DIFFRACTION	2.2	461	0	362	1.0	0.0109	0.7939	True	False	E1_not_chimeric_single_uniprot;E6_align_coverage=0.79<0.8;E8_target_modelled=0<80;E9_target_disorder=1.00>0.2
4KI0_2	MBP	None	None	X-RAY DIFFRACTION	2.38	380	0	370	1.0	0.0	1.0	True	False	E1_not_chimeric_single_uniprot;E8_target_modelled=0<80;E9_target_disorder=1.00>0.2
4KHZ_1	MBP	None	None	X-RAY DIFFRACTION	2.9	380	0	370	1.0	0.0	1.0	True	False	E1_not_chimeric_single_uniprot;E8_target_modelled=0<80;E9_target_disorder=1.00>0.2
4KEG_1	MBP	Q9NP55	TERMINAL_N	X-RAY DIFFRACTION	2.5	584	165	361	0.229	0.0	0.9832	True	True	E9_target_disorder=0.23>0.2
4JKM_2	MBP	None	None	X-RAY DIFFRACTION	2.263	400	0	249	1.0	0.3197	0.9881	True	False	E1_not_chimeric_single_uniprot;E8_target_modelled=0<80;E9_fusion_disorder=0.32>0.2;E9_target_disorder=1.00>0.2
4WJV_2	MBP	None	None	X-RAY DIFFRACTION	3.2	381	0	366	1.0	0.0027	0.9919	True	False	E1_not_chimeric_single_uniprot;E8_target_modelled=0<80;E9_target_disorder=1.00>0.2
4WMS_1	MBP	Q07820	TERMINAL_N	X-RAY DIFFRACTION	1.9	518	144	363	0.027	0.0082	0.9922	False	False	
4XR8_1	MBP	Q05086	TERMINAL_N	X-RAY DIFFRACTION	2.25	383	12	366	0.0	0.0	0.9869	False	False	E8_target_modelled=12<80
5BK1_3	MBP	None	None	X-RAY DIFFRACTION	2.15	398	0	366	1.0	0.0027	1.0	True	False	E1_not_chimeric_single_uniprot;E8_target_modelled=0<80;E9_target_disorder=1.00>0.2
5BJZ_1	MBP	None	None	X-RAY DIFFRACTION	1.95	398	0	366	1.0	0.0027	0.9973	True	False	E1_not_chimeric_single_uniprot;E8_target_modelled=0<80;E9_target_disorder=1.00>0.2
5B3Z_1	MBP	Q13526	TERMINAL_C	X-RAY DIFFRACTION	2.3	403	35	366	0.0	0.0027	0.9975	False	False	E8_target_modelled=35<80
5B3Y_1	MBP	Q13526	TERMINAL_C	X-RAY DIFFRACTION	1.901	390	13	366	0.3158	0.0027	0.9921	True	False	E8_target_modelled=13<80;E9_target_disorder=0.32>0.2
5B3X_1	MBP	Q13526	TERMINAL_C	X-RAY DIFFRACTION	2.4	382	9	365	0.1818	0.0054	0.992	False	False	E8_target_modelled=9<80
5B3W_1	MBP	Q13526	TERMINAL_C	X-RAY DIFFRACTION	2.4	382	11	365	0.0	0.0054	0.9895	False	False	E8_target_modelled=11<80
5AZA_1	MBP	I6V0B8	TERMINAL_N	X-RAY DIFFRACTION	2.08	872	448	368	0.0608	0.0	0.9761	False	False	
5AZ9_1	MBP	Q62760	TERMINAL_N	X-RAY DIFFRACTION	1.82	430	58	363	0.0645	0.0	0.9906	False	False	E8_target_modelled=58<80
5AZ8_1	MBP	Q62760	TERMINAL_N	X-RAY DIFFRACTION	1.7	435	62	367	0.0	0.0027	0.9908	False	False	E8_target_modelled=62<80
5AZ7_1	MBP	Q62760	TERMINAL_N	X-RAY DIFFRACTION	1.96	435	62	368	0.0	0.0	0.9908	False	False	E8_target_modelled=62<80
5AZ6_1	MBP	Q62760	TERMINAL_N	X-RAY DIFFRACTION	2.56	433	62	368	0.0	0.0	0.9931	False	False	E8_target_modelled=62<80
5AQ9_2	MBP	None	None	X-RAY DIFFRACTION	1.86	395	0	360	1.0	0.0	0.9704	True	False	E1_not_chimeric_single_uniprot;E8_target_modelled=0<80;E9_target_disorder=1.00>0.2
4XZV_1	MBP	O43715	TERMINAL_N	X-RAY DIFFRACTION	3.58	446	46	366	0.3867	0.0	0.9904	True	False	E3_resolution=3.58>3.5;E8_target_modelled=46<80;E9_target_disorder=0.39>0.2
4XZS_1	MBP	O43715	TERMINAL_N	X-RAY DIFFRACTION	2.12	446	51	366	0.32	0.0	0.9905	True	False	E8_target_modelled=51<80;E9_target_disorder=0.32>0.2
4XA2_1	MBP	None	None	X-RAY DIFFRACTION	1.98	498	0	366	1.0	0.0	0.7469	True	False	E1_not_chimeric_single_uniprot;E6_align_coverage=0.75<0.8;E8_target_modelled=0<80;E9_target_disorder=1.00>0.2
4WTH_1	MBP	P54252	TERMINAL_N	X-RAY DIFFRACTION	2.25	441	33	366	0.3654	0.0	0.9901	True	False	E8_target_modelled=33<80;E9_target_disorder=0.37>0.2
4WMX_1	MBP	Q07820	TERMINAL_N	X-RAY DIFFRACTION	2.0	518	148	364	0.0	0.0055	0.9922	False	False	
4WMW_1	MBP	Q07820	TERMINAL_N	X-RAY DIFFRACTION	1.9	518	148	362	0.0	0.0109	0.9922	False	False	
4WMV_1	MBP	Q07820	TERMINAL_N	X-RAY DIFFRACTION	2.4	518	148	362	0.0	0.0109	0.9922	False	False	
4WMU_1	MBP	Q07820	TERMINAL_N	X-RAY DIFFRACTION	1.55	518	147	365	0.0068	0.0027	0.9922	False	False	
4WMT_1	MBP	Q07820	TERMINAL_N	X-RAY DIFFRACTION	2.35	518	147	363	0.0068	0.0082	0.9942	False	False	
4TSM_1	MBP	None	None	X-RAY DIFFRACTION	1.899	520	0	366	1.0	0.0	0.7248	True	False	E1_not_chimeric_single_uniprot;E6_align_coverage=0.72<0.8;E8_target_modelled=0<80;E9_target_disorder=1.00>0.2
5IIC_1	MBP	Q8WR62	TERMINAL_N	X-RAY DIFFRACTION	2.9	496	101	367	0.114	0.0	0.9915	False	False	
5II5_1	MBP	Q8WR62	COMPLEX	X-RAY DIFFRACTION	1.8	496	109	364	0.0522	0.0055	0.9937	False	False	
5IHJ_1	MBP	None	None	X-RAY DIFFRACTION	2.2	495	0	365	1.0	0.0027	0.7541	True	False	E1_not_chimeric_single_uniprot;E6_align_coverage=0.75<0.8;E8_target_modelled=0<80;E9_target_disorder=1.00>0.2
5I69_1	MBP	Q2W8S0	TERMINAL_N	X-RAY DIFFRACTION	2.7	412	17	363	0.2273	0.0	1.0	True	False	E8_target_modelled=17<80;E9_target_disorder=0.23>0.2
5I04_1	MBP	P17813	TERMINAL_N	X-RAY DIFFRACTION	2.42	692	296	367	0.0513	0.0	0.9925	False	False	
5HZW_1	MBP	P17813	TERMINAL_N	X-RAY DIFFRACTION	4.451	691	301	364	0.0353	0.0082	0.9955	False	False	E3_resolution=4.45>3.5
5HZV_1	MBP	P17813	TERMINAL_N	X-RAY DIFFRACTION	2.7	626	228	367	0.0656	0.0	0.995	False	False	
5HZ7_1	MBP	None	None	X-RAY DIFFRACTION	1.43	490	0	366	1.0	0.0	0.7469	True	False	E1_not_chimeric_single_uniprot;E6_align_coverage=0.75<0.8;E8_target_modelled=0<80;E9_target_disorder=1.00>0.2
5H7Q_1	MBP	P41218	TERMINAL_N	X-RAY DIFFRACTION	1.451	479	94	370	0.0105	0.0	0.9893	False	False	
5H7N_1	MBP	P59046	TERMINAL_N	X-RAY DIFFRACTION	1.849	478	85	370	0.1327	0.0	0.9956	False	False	
5GXV_1	MBP	None	None	X-RAY DIFFRACTION	2.1	468	0	366	1.0	0.0	0.8044	True	False	E1_not_chimeric_single_uniprot;E8_target_modelled=0<80;E9_target_disorder=1.00>0.2
5GS2_1	MBP	None	None	X-RAY DIFFRACTION	3.592	367	0	367	1.0	0.0	1.0	True	False	E1_not_chimeric_single_uniprot;E3_resolution=3.59>3.5;E8_target_modelled=0<80;E9_target_disorder=1.00>0.2
5GRU_1	MBP	None	None	X-RAY DIFFRACTION	1.955	383	0	360	1.0	0.0164	1.0	True	False	E1_not_chimeric_single_uniprot;E8_target_modelled=0<80;E9_target_disorder=1.00>0.2
5GPQ_1	MBP	Q9I9N6	TERMINAL_N	X-RAY DIFFRACTION	2.1	467	83	358	0.0	0.0	0.9587	False	False	
5GPP_1	MBP	Q9I9N6	TERMINAL_N	X-RAY DIFFRACTION	2.0	468	86	358	0.0	0.0	0.9631	False	False	
5FSG_1	MBP	P05133	TERMINAL_N	X-RAY DIFFRACTION	3.209	698	287	358	0.0946	0.0	0.9758	False	False	
5FIO_2	MBP	None	None	X-RAY DIFFRACTION	2.1	395	0	360	1.0	0.011	0.9836	True	False	E1_not_chimeric_single_uniprot;E8_target_modelled=0<80;E9_target_disorder=1.00>0.2
5EDU_1	MBP	Q9UBN7	TERMINAL_N	X-RAY DIFFRACTION	2.79	745	357	359	0.0	0.0191	0.9944	False	False	
5E24_1	MBP	None	None	X-RAY DIFFRACTION	2.14	370	0	370	1.0	0.0	1.0	True	False	E1_not_chimeric_single_uniprot;E8_target_modelled=0<80;E9_target_disorder=1.00>0.2
5DIS_4	MBP	P35658	TERMINAL_N	X-RAY DIFFRACTION	2.85	479	64	322	0.4286	0.0955	0.9772	True	False	E8_target_modelled=64<80;E9_target_disorder=0.43>0.2
5DFM_1	MBP	None	None	X-RAY DIFFRACTION	2.301	534	0	354	1.0	0.0112	0.6955	True	False	E1_not_chimeric_single_uniprot;E6_align_coverage=0.70<0.8;E8_target_modelled=0<80;E9_target_disorder=1.00>0.2
5CFV_1	MBP	None	None	X-RAY DIFFRACTION	1.8	495	0	365	1.0	0.0027	0.7541	True	False	E1_not_chimeric_single_uniprot;E6_align_coverage=0.75<0.8;E8_target_modelled=0<80;E9_target_disorder=1.00>0.2
5CBN_1	MBP	None	None	X-RAY DIFFRACTION	2.3	369	0	362	1.0	0.0109	1.0	True	False	E1_not_chimeric_single_uniprot;E8_target_modelled=0<80;E9_target_disorder=1.00>0.2
5BMY_1	MBP	Q13526	TERMINAL_C	X-RAY DIFFRACTION	2.001	389	17	365	0.0	0.0054	0.9871	False	False	E8_target_modelled=17<80
5BK2_1	MBP	None	None	X-RAY DIFFRACTION	2.6	398	0	366	1.0	0.0	0.9973	True	False	E1_not_chimeric_single_uniprot;E8_target_modelled=0<80;E9_target_disorder=1.00>0.2
5W0U_1	MBP	Q9GZX7	TERMINAL_N	X-RAY DIFFRACTION	2.9	549	164	365	0.0296	0.0027	0.976	False	False	
5WVN_1	MBP	None	None	X-RAY DIFFRACTION	2.8	509	0	365	1.0	0.0027	0.748	True	False	E1_not_chimeric_single_uniprot;E6_align_coverage=0.75<0.8;E8_target_modelled=0<80;E9_target_disorder=1.00>0.2
5WVM_1	MBP	None	None	X-RAY DIFFRACTION	2.9	509	0	365	1.0	0.0027	0.7419	True	False	E1_not_chimeric_single_uniprot;E6_align_coverage=0.74<0.8;E8_target_modelled=0<80;E9_target_disorder=1.00>0.2
5WQ6_1	MBP	None	None	X-RAY DIFFRACTION	1.648	476	0	366	1.0	0.0	0.7837	True	False	E1_not_chimeric_single_uniprot;E6_align_coverage=0.78<0.8;E8_target_modelled=0<80;E9_target_disorder=1.00>0.2
5WPZ_1	MBP	P41218	TERMINAL_N	X-RAY DIFFRACTION	2.0	477	87	370	0.0842	0.0	0.9935	False	False	
5W1C_1	MBP	Q9GZX7	TERMINAL_N	X-RAY DIFFRACTION	3.18	549	172	366	0.0282	0.0	0.9908	False	False	
5W0Z_1	MBP	Q9GZX7	TERMINAL_N	X-RAY DIFFRACTION	3.61	549	161	365	0.0473	0.0027	0.9759	False	False	E3_resolution=3.61>3.5
5W0R_1	MBP	Q9GZX7	TERMINAL_N	X-RAY DIFFRACTION	2.4	549	169	366	0.0	0.0	0.9763	False	False	
5VAW_1	MBP	A0A0D5YCX7	TERMINAL_N	X-RAY DIFFRACTION	1.69	508	130	354	0.0152	0.0328	1.0	False	False	
5V6Y_1	MBP	None	None	X-RAY DIFFRACTION	2.8	593	0	367	1.0	0.0	0.6673	True	False	E1_multi_uniprot_n=3;E6_align_coverage=0.67<0.8;E8_target_modelled=0<80;E9_target_disorder=1.00>0.2
5TTD_1	MBP	D2KPJ6	TERMINAL_N	X-RAY DIFFRACTION	2.0	499	122	359	0.0	0.0028	0.9796	False	False	
5T0A_1	MBP	None	None	X-RAY DIFFRACTION	1.95	692	0	365	1.0	0.0027	0.5448	True	False	E1_not_chimeric_single_uniprot;E6_align_coverage=0.54<0.8;E8_target_modelled=0<80;E9_target_disorder=1.00>0.2
5T05_1	MBP	None	None	X-RAY DIFFRACTION	1.952	692	0	365	1.0	0.0027	0.5448	True	False	E1_not_chimeric_single_uniprot;E6_align_coverage=0.54<0.8;E8_target_modelled=0<80;E9_target_disorder=1.00>0.2
5T03_1	MBP	None	None	X-RAY DIFFRACTION	2.1	692	0	365	1.0	0.0027	0.5448	True	False	E1_not_chimeric_single_uniprot;E6_align_coverage=0.54<0.8;E8_target_modelled=0<80;E9_target_disorder=1.00>0.2
5OSQ_1	MBP	P10761	TERMINAL_N	X-RAY DIFFRACTION	2.05	481	102	366	0.0	0.0027	0.9915	False	False	
5MM3_1	MBP	Q2W8S0	COMPLEX	X-RAY DIFFRACTION	2.1	412	17	354	0.1905	0.0354	1.0	False	False	E8_target_modelled=17<80
5M15_1	MBP	None	None	X-RAY DIFFRACTION	1.9	373	0	366	1.0	0.0	1.0	True	False	E1_not_chimeric_single_uniprot;E8_target_modelled=0<80;E9_target_disorder=1.00>0.2
5M14_1	MBP	None	None	X-RAY DIFFRACTION	1.6	373	0	366	1.0	0.0	1.0	True	False	E1_not_chimeric_single_uniprot;E8_target_modelled=0<80;E9_target_disorder=1.00>0.2
5M13_1	MBP	None	None	X-RAY DIFFRACTION	1.372	373	0	366	1.0	0.0	1.0	True	False	E1_not_chimeric_single_uniprot;E8_target_modelled=0<80;E9_target_disorder=1.00>0.2
5LEM_2	MBP	None	None	X-RAY DIFFRACTION	2.98	395	0	362	1.0	0.0055	0.9945	True	False	E1_not_chimeric_single_uniprot;E8_target_modelled=0<80;E9_target_disorder=1.00>0.2
5LEL_2	MBP	None	None	X-RAY DIFFRACTION	3.1	395	0	362	1.0	0.0055	0.9837	True	False	E1_not_chimeric_single_uniprot;E8_target_modelled=0<80;E9_target_disorder=1.00>0.2
5K94_1	MBP	P10408	COMPLEX	X-RAY DIFFRACTION	2.1	508	140	366	0.0	0.0	1.0	False	False	
5JST_1	MBP	A6ZQL5	TERMINAL_N	X-RAY DIFFRACTION	2.199	443	60	363	0.1549	0.0082	0.9883	False	False	E8_target_modelled=60<80
5JQE_1	MBP	Q14790	TERMINAL_N	X-RAY DIFFRACTION	3.157	565	182	359	0.0215	0.011	0.9945	False	False	
5IQZ_1	MBP	Q9NRC8	TERMINAL_N	X-RAY DIFFRACTION	2.334	443	60	364	0.1667	0.0055	0.9953	False	False	E8_target_modelled=60<80
6DBT_1	MBP	O13033	TERMINAL_N	ELECTRON MICROSCOPY	4.3	1159	614	0	0.1932	1.0	1.0	True	False	E3_resolution=4.30>3.5;E7_fusion_modelled=0<50;E9_fusion_disorder=1.00>0.2
6DBR_1	MBP	O13033	TERMINAL_N	ELECTRON MICROSCOPY	4.0	1159	550	0	0.2773	1.0	1.0	True	False	E3_resolution=4.00>3.5;E7_fusion_modelled=0<50;E9_fusion_disorder=1.00>0.2;E9_target_disorder=0.28>0.2
6DBQ_1	MBP	O13033	TERMINAL_N	ELECTRON MICROSCOPY	4.22	1159	621	0	0.184	1.0	1.0	True	False	E3_resolution=4.22>3.5;E7_fusion_modelled=0<50;E9_fusion_disorder=1.00>0.2
6DBO_1	MBP	O13033	TERMINAL_N	ELECTRON MICROSCOPY	4.4	1159	542	0	0.2878	1.0	1.0	True	False	E3_resolution=4.40>3.5;E7_fusion_modelled=0<50;E9_fusion_disorder=1.00>0.2;E9_target_disorder=0.29>0.2
6DBL_1	MBP	O13033	TERMINAL_N	ELECTRON MICROSCOPY	5.0	1159	616	0	0.1905	1.0	1.0	True	False	E3_resolution=5.00>3.5;E7_fusion_modelled=0<50;E9_fusion_disorder=1.00>0.2
6DBJ_1	MBP	O13033	TERMINAL_N	ELECTRON MICROSCOPY	3.0	1159	552	0	0.2746	1.0	1.0	True	False	E7_fusion_modelled=0<50;E9_fusion_disorder=1.00>0.2;E9_target_disorder=0.27>0.2
6DBI_1	MBP	O13033	TERMINAL_N	ELECTRON MICROSCOPY	3.4	1159	622	0	0.1827	1.0	1.0	True	False	E7_fusion_modelled=0<50;E9_fusion_disorder=1.00>0.2
6D67_1	MBP	P28562	TERMINAL_N	X-RAY DIFFRACTION	2.55	520	143	365	0.0	0.0	0.9883	False	False	
6D66_1	MBP	P28562	TERMINAL_N	X-RAY DIFFRACTION	2.226	520	143	364	0.0	0.0027	0.9807	False	False	
6D65_1	MBP	P28562	TERMINAL_N	X-RAY DIFFRACTION	2.348	520	141	365	0.014	0.0	0.9902	False	False	
6D1U_1	MBP	None	None	X-RAY DIFFRACTION	2.05	593	0	364	1.0	0.0082	0.6582	True	False	E1_multi_uniprot_n=3;E6_align_coverage=0.66<0.8;E8_target_modelled=0<80;E9_target_disorder=1.00>0.2
6CXS_2	MBP	None	None	X-RAY DIFFRACTION	2.8	398	0	249	1.0	0.3197	0.9881	True	False	E1_not_chimeric_single_uniprot;E8_target_modelled=0<80;E9_fusion_disorder=0.32>0.2;E9_target_disorder=1.00>0.2
6BUZ_7	MBP	Q96H22	TERMINAL_N	ELECTRON MICROSCOPY	3.92	668	134	0	0.5315	1.0	1.0	True	False	E3_resolution=3.92>3.5;E7_fusion_modelled=0<50;E9_fusion_disorder=1.00>0.2;E9_target_disorder=0.53>0.2
6APX_1	MBP	P28562	TERMINAL_N	X-RAY DIFFRACTION	2.491	520	143	363	0.0	0.0082	0.9922	False	False	
6ANV_1	MBP	L7P7M1	TERMINAL_C	X-RAY DIFFRACTION	2.265	452	78	370	0.0	0.0	0.9933	False	False	E8_target_modelled=78<80
5ZR0_1	MBP	P0A850	TERMINAL_N	SOLUTION NMR	None	142	102	29	0.0	0.0	0.9225	False	False	E2_method=SOLUTION NMR;E3_no_resolution;E7_fusion_modelled=29<50
5ZNZ_1	MBP	B1AWN9	TERMINAL_N	X-RAY DIFFRACTION	2.55	464	77	365	0.061	0.0027	0.9844	False	False	E8_target_modelled=77<80
5ZNY_1	MBP	B1AWN9	TERMINAL_N	X-RAY DIFFRACTION	2.74	464	76	365	0.0732	0.0027	0.9844	False	False	E8_target_modelled=76<80
5ZCA_1	MBP	P03034	TERMINAL_C	X-RAY DIFFRACTION	1.801	391	14	365	0.3636	0.0	0.9896	True	False	E8_target_modelled=14<80;E9_target_disorder=0.36>0.2
5Z0V_1	MBP	Q32ZE1	TERMINAL_N	X-RAY DIFFRACTION	2.913	445	75	369	0.0	0.0	1.0	False	False	E8_target_modelled=75<80
5Z0R_1	MBP	Q32ZE1	TERMINAL_N	X-RAY DIFFRACTION	2.05	445	75	367	0.0	0.0054	1.0	False	False	E8_target_modelled=75<80
5YGS_1	MBP	Q93038	TERMINAL_N	X-RAY DIFFRACTION	2.691	463	88	366	0.0	0.0	0.9956	False	False	
5YGP_1	MBP	Q93038	TERMINAL_N	X-RAY DIFFRACTION	2.09	463	88	364	0.0	0.0055	0.9978	False	False	
5YEV_1	MBP	Q93038	COMPLEX	X-RAY DIFFRACTION	2.5	464	85	368	0.023	0.0	1.0	False	False	
5Y2G_1	MBP	P09879	TERMINAL_N	X-RAY DIFFRACTION	3.0	595	210	364	0.0	0.0055	0.988	False	False	
6LF3_1	MBP	Q14289	TERMINAL_N	X-RAY DIFFRACTION	3.2	419	2	365	0.96	0.0027	0.9946	True	False	E8_target_modelled=2<80;E9_target_disorder=0.96>0.2
6LES_1	MBP	Q05397	TERMINAL_N	X-RAY DIFFRACTION	2.004	397	2	362	0.9286	0.0109	0.9945	True	False	E8_target_modelled=2<80;E9_target_disorder=0.93>0.2
6KXG_1	MBP	None	None	X-RAY DIFFRACTION	2.805	462	0	363	1.0	0.0082	0.8501	True	False	E1_not_chimeric_single_uniprot;E8_target_modelled=0<80;E9_target_disorder=1.00>0.2
6KI0_1	MBP	Q9ULZ3	TERMINAL_N	X-RAY DIFFRACTION	2.0	466	84	358	0.0	0.0	0.963	False	False	
6KEA_1	MBP	None	None	X-RAY DIFFRACTION	2.35	631	0	364	1.0	0.0055	0.6265	True	False	E1_multi_uniprot_n=4;E6_align_coverage=0.63<0.8;E8_target_modelled=0<80;E9_target_disorder=1.00>0.2
6K7F_1	MBP	P53220	TERMINAL_N	X-RAY DIFFRACTION	1.8	499	113	368	0.0	0.0	0.9639	False	False	
6K7E_1	MBP	P53220	TERMINAL_N	X-RAY DIFFRACTION	1.534	507	113	367	0.0	0.0027	0.9639	False	False	
6K7D_1	MBP	P53220	TERMINAL_N	X-RAY DIFFRACTION	2.0	506	113	368	0.0	0.0	0.9639	False	False	
6I4Y_1	MBP	O43715	TERMINAL_N	X-RAY DIFFRACTION	2.91	446	57	367	0.2192	0.0	0.9883	True	False	E8_target_modelled=57<80;E9_target_disorder=0.22>0.2
6HDC_1	MBP	None	None	X-RAY DIFFRACTION	3.4	486	0	342	1.0	0.0526	0.7419	True	False	E1_not_chimeric_single_uniprot;E6_align_coverage=0.74<0.8;E8_target_modelled=0<80;E9_target_disorder=1.00>0.2
6HDB_1	MBP	None	None	X-RAY DIFFRACTION	2.9	486	0	342	1.0	0.0526	0.7419	True	False	E1_not_chimeric_single_uniprot;E6_align_coverage=0.74<0.8;E8_target_modelled=0<80;E9_target_disorder=1.00>0.2
6HDA_1	MBP	None	None	X-RAY DIFFRACTION	3.8	486	0	342	1.0	0.0526	0.7419	True	False	E1_not_chimeric_single_uniprot;E3_resolution=3.80>3.5;E6_align_coverage=0.74<0.8;E8_target_modelled=0<80;E9_target_disorder=1.00>0.2
6HD9_1	MBP	None	None	X-RAY DIFFRACTION	3.5	486	0	342	1.0	0.0526	0.7419	True	False	E1_not_chimeric_single_uniprot;E6_align_coverage=0.74<0.8;E8_target_modelled=0<80;E9_target_disorder=1.00>0.2
6HD8_1	MBP	None	None	X-RAY DIFFRACTION	2.4	486	0	342	1.0	0.0526	0.7419	True	False	E1_not_chimeric_single_uniprot;E6_align_coverage=0.74<0.8;E8_target_modelled=0<80;E9_target_disorder=1.00>0.2
6EQZ_1	MBP	Q2W8S0	COMPLEX	X-RAY DIFFRACTION	2.293	401	21	353	0.0	0.0056	0.992	False	False	E8_target_modelled=21<80
6EG3_1	MBP	P51531	TERMINAL_N	X-RAY DIFFRACTION	2.84	621	251	359	0.0	0.0191	0.9935	False	False	
6EG2_1	MBP	P51531	TERMINAL_N	X-RAY DIFFRACTION	2.98	621	251	364	0.0	0.0055	0.9935	False	False	
6DM8_1	MBP	P97287	TERMINAL_N	X-RAY DIFFRACTION	2.7	518	144	366	0.0336	0.0	0.9942	False	False	
6DKS_4	MBP	None	None	X-RAY DIFFRACTION	2.78	407	0	365	1.0	0.0	0.8968	True	False	E1_not_chimeric_single_uniprot;E8_target_modelled=0<80;E9_target_disorder=1.00>0.2
6DD5_1	MBP	F2K1V9	TERMINAL_N	X-RAY DIFFRACTION	2.85	678	279	358	0.0822	0.0	0.977	False	False	
6DBX_1	MBP	O13033	TERMINAL_N	ELECTRON MICROSCOPY	4.2	1159	615	0	0.1919	1.0	1.0	True	False	E3_resolution=4.20>3.5;E7_fusion_modelled=0<50;E9_fusion_disorder=1.00>0.2
6DBW_1	MBP	O13033	TERMINAL_N	ELECTRON MICROSCOPY	4.7	1159	614	0	0.1932	1.0	1.0	True	False	E3_resolution=4.70>3.5;E7_fusion_modelled=0<50;E9_fusion_disorder=1.00>0.2
6DBV_3	MBP	O13033	TERMINAL_N	ELECTRON MICROSCOPY	4.29	1159	621	0	0.184	1.0	1.0	True	False	E3_resolution=4.29>3.5;E7_fusion_modelled=0<50;E9_fusion_disorder=1.00>0.2
6DBV_1	MBP	O13033	TERMINAL_N	ELECTRON MICROSCOPY	4.29	1159	616	0	0.1905	1.0	1.0	True	False	E3_resolution=4.29>3.5;E7_fusion_modelled=0<50;E9_fusion_disorder=1.00>0.2
6DBU_1	MBP	O13033	TERMINAL_N	ELECTRON MICROSCOPY	3.9	1159	543	0	0.2865	1.0	1.0	True	False	E3_resolution=3.90>3.5;E7_fusion_modelled=0<50;E9_fusion_disorder=1.00>0.2;E9_target_disorder=0.29>0.2
6VLS_1	MBP	W8GI72	TERMINAL_N	X-RAY DIFFRACTION	3.2	966	578	366	0.0203	0.0	0.9906	False	False	
6V2E_1	MBP	None	None	X-RAY DIFFRACTION	1.83	591	0	366	1.0	0.0027	0.6595	True	False	E1_multi_uniprot_n=3;E6_align_coverage=0.66<0.8;E8_target_modelled=0<80;E9_target_disorder=1.00>0.2
6USM_1	MBP	None	None	X-RAY DIFFRACTION	3.37	371	0	364	1.0	0.0055	0.9891	True	False	E1_not_chimeric_single_uniprot;E8_target_modelled=0<80;E9_target_disorder=1.00>0.2
6TZC_1	MBP	None	None	X-RAY DIFFRACTION	2.41	371	0	365	1.0	0.0027	0.9946	True	False	E1_not_chimeric_single_uniprot;E8_target_modelled=0<80;E9_target_disorder=1.00>0.2
6SWR_1	MBP	None	None	X-RAY DIFFRACTION	3.2	486	0	342	1.0	0.0604	0.7435	True	False	E1_not_chimeric_single_uniprot;E6_align_coverage=0.74<0.8;E8_target_modelled=0<80;E9_target_disorder=1.00>0.2
6SQC_1	MBP	Q92793	COMPLEX	X-RAY DIFFRACTION	2.28	424	54	368	0.0	0.0	0.9953	False	False	E8_target_modelled=54<80
6SMV_1	MBP	None	None	X-RAY DIFFRACTION	2.14	538	0	367	1.0	0.0	0.699	True	False	E1_multi_uniprot_n=3;E6_align_coverage=0.70<0.8;E8_target_modelled=0<80;E9_target_disorder=1.00>0.2
6SLM_1	MBP	None	None	X-RAY DIFFRACTION	2.8	551	0	370	1.0	0.0027	0.6865	True	False	E1_multi_uniprot_n=3;E6_align_coverage=0.69<0.8;E8_target_modelled=0<80;E9_target_disorder=1.00>0.2
6SJA_1	MBP	Q14653	TERMINAL_N	X-RAY DIFFRACTION	1.5	383	12	361	0.0	0.0	0.9739	False	False	E8_target_modelled=12<80
6SIV_1	MBP	Q14653	TERMINAL_N	X-RAY DIFFRACTION	1.752	383	12	362	0.0	0.0	0.9765	False	False	E8_target_modelled=12<80
6QZ7_1	MBP	Q07820	TERMINAL_N	X-RAY DIFFRACTION	2.2	518	149	362	0.0	0.0109	0.9961	False	False	
6QYO_1	MBP	Q07820	TERMINAL_N	X-RAY DIFFRACTION	2.1	518	147	363	0.0134	0.0082	0.9942	False	False	
6QYN_1	MBP	Q07820	TERMINAL_N	X-RAY DIFFRACTION	2.5	518	149	363	0.0	0.0082	0.9942	False	False	
6QYL_1	MBP	Q07820	TERMINAL_N	X-RAY DIFFRACTION	2.2	518	149	362	0.0	0.0109	0.9961	False	False	
6QYK_1	MBP	Q07820	TERMINAL_N	X-RAY DIFFRACTION	2.3	518	148	363	0.0067	0.0082	0.9942	False	False	
6QXJ_1	MBP	Q07820	TERMINAL_N	X-RAY DIFFRACTION	1.7	518	148	362	0.0067	0.0109	0.9942	False	False	
6QUG_1	MBP	I7MHJ5	TERMINAL_N	X-RAY DIFFRACTION	2.7	402	0	366	1.0	0.0	0.9812	True	False	E8_target_modelled=0<80;E9_target_disorder=1.00>0.2
6QGD_1	MBP	Q07820	TERMINAL_N	X-RAY DIFFRACTION	1.8	518	147	362	0.0134	0.0109	0.9941	False	False	
6P6W_1	MBP	A8EVM5	TERMINAL_N	ELECTRON MICROSCOPY	4.0	661	229	0	0.1423	1.0	1.0	True	False	E3_resolution=4.00>3.5;E7_fusion_modelled=0<50;E9_fusion_disorder=1.00>0.2
6OB5_1	MBP	None	None	X-RAY DIFFRACTION	2.208	372	0	360	1.0	0.0323	1.0	True	False	E1_not_chimeric_single_uniprot;E8_target_modelled=0<80;E9_target_disorder=1.00>0.2
6NDJ_1	MBP	P59044	TERMINAL_N	X-RAY DIFFRACTION	2.27	473	73	359	0.2151	0.0	0.9841	True	False	E8_target_modelled=73<80;E9_target_disorder=0.22>0.2
6N85_2	MBP	P19087	TERMINAL_N	X-RAY DIFFRACTION	2.5	415	24	365	0.0	0.0027	0.9898	False	False	E8_target_modelled=24<80
6N84_1	MBP	P19087	TERMINAL_N	X-RAY DIFFRACTION	1.75	415	22	366	0.0833	0.0	0.9898	False	False	E8_target_modelled=22<80
6M4W_1	MBP	P62942	TERMINAL_N	X-RAY DIFFRACTION	3.11	405	32	366	0.0	0.0	0.9876	False	False	E8_target_modelled=32<80
6M4V_1	MBP	P62942	TERMINAL_N	X-RAY DIFFRACTION	2.92	405	32	360	0.0	0.0164	0.9899	False	False	E8_target_modelled=32<80
6ZHO_1	MBP	None	None	X-RAY DIFFRACTION	1.6	594	0	367	1.0	0.0	0.636	True	False	E1_multi_uniprot_n=3;E6_align_coverage=0.64<0.8;E8_target_modelled=0<80;E9_target_disorder=1.00>0.2
7FBC_1	MBP	None	None	X-RAY DIFFRACTION	1.85	461	0	370	1.0	0.0	0.8026	True	False	E1_not_chimeric_single_uniprot;E8_target_modelled=0<80;E9_target_disorder=1.00>0.2
7FBB_1	MBP	None	None	X-RAY DIFFRACTION	2.307	442	0	363	1.0	0.0	0.8213	True	False	E1_not_chimeric_single_uniprot;E8_target_modelled=0<80;E9_target_disorder=1.00>0.2
7E29_1	MBP	Q04213	TERMINAL_N	X-RAY DIFFRACTION	2.303	551	124	366	0.3034	0.0	0.9879	True	True	E9_target_disorder=0.30>0.2
7DDE_1	MBP	None	None	ELECTRON MICROSCOPY	2.26	929	0	0	1.0	1.0	0.0	True	False	E1_multi_uniprot_n=3;E6_align_coverage=0.00<0.8;E7_fusion_modelled=0<50;E8_target_modelled=0<80;E9_fusion_disorder=1.00>0.2;E9_target_disorder=1.00>0.2
7DD9_1	MBP	None	None	ELECTRON MICROSCOPY	2.4	1584	0	0	1.0	1.0	0.0	True	False	E1_multi_uniprot_n=3;E6_align_coverage=0.00<0.8;E7_fusion_modelled=0<50;E8_target_modelled=0<80;E9_fusion_disorder=1.00>0.2;E9_target_disorder=1.00>0.2
7CY8_1	MBP	A0A2K3D5Z7	TERMINAL_N	X-RAY DIFFRACTION	2.4	917	499	352	0.062	0.0383	0.9918	False	False	
7CY7_1	MBP	A0A2K3D5Z7	TERMINAL_N	X-RAY DIFFRACTION	2.15	917	500	365	0.0602	0.0027	0.992	False	False	
7CY6_1	MBP	A0A2K3D5Z7	TERMINAL_N	X-RAY DIFFRACTION	2.1	917	500	365	0.0602	0.0027	0.992	False	False	
7CY5_1	MBP	A0A2K3D5Z7	TERMINAL_N	X-RAY DIFFRACTION	2.2	917	492	363	0.0752	0.0082	0.9919	False	False	
7CY4_1	MBP	A0A2K3D5Z7	TERMINAL_N	X-RAY DIFFRACTION	2.2	917	494	357	0.0714	0.0246	0.9918	False	False	
7BY0_7	MBP	O57393	TERMINAL_N	ELECTRON MICROSCOPY	4.5	664	51	0	0.8271	1.0	1.0	True	False	E3_resolution=4.50>3.5;E7_fusion_modelled=0<50;E8_target_modelled=51<80;E9_fusion_disorder=1.00>0.2;E9_target_disorder=0.83>0.2
7BXT_8	MBP	None	None	ELECTRON MICROSCOPY	4.2	630	0	0	1.0	1.0	0.0	True	False	E1_not_chimeric_single_uniprot;E3_resolution=4.20>3.5;E6_align_coverage=0.00<0.8;E7_fusion_modelled=0<50;E8_target_modelled=0<80;E9_fusion_disorder=1.00>0.2;E9_target_disorder=1.00>0.2
7BG0_1	MBP	P10997	TERMINAL_N	X-RAY DIFFRACTION	2.89	408	33	361	0.1081	0.0	0.9777	False	False	E8_target_modelled=33<80
7B01_1	MBP	Q76LX8	TERMINAL_N	X-RAY DIFFRACTION	2.8	608	222	366	0.0826	0.0	1.0	False	False	
6YSN_1	MBP	Q9UL62	TERMINAL_N	ELECTRON MICROSCOPY	3.0	1146	606	0	0.2078	1.0	1.0	True	False	E7_fusion_modelled=0<50;E9_fusion_disorder=1.00>0.2;E9_target_disorder=0.21>0.2
6YBL_1	MBP	Q07820	TERMINAL_N	X-RAY DIFFRACTION	2.1	518	149	362	0.0	0.0109	0.9961	False	False	
6YBK_1	MBP	Q07820	TERMINAL_N	X-RAY DIFFRACTION	2.0	518	149	364	0.0	0.0055	0.9961	False	False	
6YBJ_1	MBP	Q07820	TERMINAL_N	X-RAY DIFFRACTION	2.5	518	149	363	0.0	0.0082	0.9961	False	False	
6XRX_1	MBP	Q8T5C5	TERMINAL_N	X-RAY DIFFRACTION	1.95	554	181	367	0.0163	0.0	0.9946	False	False	
6XDS_1	MBP	Q9NZC2	TERMINAL_N	X-RAY DIFFRACTION	1.466	492	115	363	0.0336	0.0082	0.9856	False	False	
6X91_1	MBP	P41238	TERMINAL_N	X-RAY DIFFRACTION	3.51	593	222	366	0.0	0.0	0.9932	False	False	E3_resolution=3.51>3.5
6WGZ_1	MBP	None	None	X-RAY DIFFRACTION	2.2	371	0	362	1.0	0.0109	0.9918	True	False	E1_not_chimeric_single_uniprot;E8_target_modelled=0<80;E9_target_disorder=1.00>0.2
6WBJ_1	MBP	Q9Z0J1	TERMINAL_N	X-RAY DIFFRACTION	1.651	447	63	364	0.0308	0.0	0.9884	False	False	E8_target_modelled=63<80
6WBH_1	MBP	Q9Z0J1	TERMINAL_N	X-RAY DIFFRACTION	2.455	447	62	364	0.0462	0.0	0.9884	False	False	E8_target_modelled=62<80
7RJ5_1	MBP	None	None	ELECTRON MICROSCOPY	7.0	723	0	0	1.0	1.0	0.0	True	False	E1_not_chimeric_single_uniprot;E3_resolution=7.00>3.5;E6_align_coverage=0.00<0.8;E7_fusion_modelled=0<50;E8_target_modelled=0<80;E9_fusion_disorder=1.00>0.2;E9_target_disorder=1.00>0.2
7P1H_1	MBP	A0A023NA98	TERMINAL_N	ELECTRON MICROSCOPY	3.9	827	395	0	0.0814	1.0	1.0	True	False	E3_resolution=3.90>3.5;E7_fusion_modelled=0<50;E9_fusion_disorder=1.00>0.2
7P1G_1	MBP	Q9I1S4	TERMINAL_N	ELECTRON MICROSCOPY	3.2	773	347	0	0.0796	1.0	1.0	True	False	E7_fusion_modelled=0<50;E9_fusion_disorder=1.00>0.2
7P0I_1	MBP	None	None	X-RAY DIFFRACTION	2.3	594	0	367	1.0	0.0	0.6427	True	False	E1_multi_uniprot_n=3;E6_align_coverage=0.64<0.8;E8_target_modelled=0<80;E9_target_disorder=1.00>0.2
7P0F_1	MBP	None	None	X-RAY DIFFRACTION	1.85	594	0	367	1.0	0.0	0.6637	True	False	E1_multi_uniprot_n=3;E6_align_coverage=0.66<0.8;E8_target_modelled=0<80;E9_target_disorder=1.00>0.2
7OMT_1	MBP	None	None	X-RAY DIFFRACTION	2.0	520	0	360	1.0	0.0	0.7453	True	False	E1_not_chimeric_single_uniprot;E6_align_coverage=0.75<0.8;E8_target_modelled=0<80;E9_target_disorder=1.00>0.2
7OMM_4	MBP	None	None	ELECTRON MICROSCOPY	3.4	526	0	360	1.0	0.0	0.7362	True	False	E1_not_chimeric_single_uniprot;E6_align_coverage=0.74<0.8;E8_target_modelled=0<80;E9_target_disorder=1.00>0.2
7OMM_3	MBP	None	None	ELECTRON MICROSCOPY	3.4	520	0	360	1.0	0.0	0.7516	True	False	E1_not_chimeric_single_uniprot;E6_align_coverage=0.75<0.8;E8_target_modelled=0<80;E9_target_disorder=1.00>0.2
7O2W_2	MBP	Q8TEV9	TERMINAL_C	ELECTRON MICROSCOPY	3.8	1206	422	0	0.4425	1.0	1.0	True	False	E3_resolution=3.80>3.5;E7_fusion_modelled=0<50;E9_fusion_disorder=1.00>0.2;E9_target_disorder=0.44>0.2
7NZM_5	MBP	O75807	TERMINAL_C	ELECTRON MICROSCOPY	3.96	444	59	0	0.1806	1.0	1.0	True	False	E3_resolution=3.96>3.5;E7_fusion_modelled=0<50;E8_target_modelled=59<80;E9_fusion_disorder=1.00>0.2
7MQ7_1	MBP	None	None	X-RAY DIFFRACTION	1.95	373	0	370	1.0	0.0	0.992	True	False	E1_not_chimeric_single_uniprot;E8_target_modelled=0<80;E9_target_disorder=1.00>0.2
7MQ6_1	MBP	None	None	X-RAY DIFFRACTION	2.372	373	0	370	1.0	0.0	0.992	True	False	E1_not_chimeric_single_uniprot;E8_target_modelled=0<80;E9_target_disorder=1.00>0.2
7MN8_3	MBP	P04626	TERMINAL_C	ELECTRON MICROSCOPY	3.45	1455	579	0	0.4373	1.0	1.0	True	False	E7_fusion_modelled=0<50;E9_fusion_disorder=1.00>0.2;E9_target_disorder=0.44>0.2
7MN6_2	MBP	P04626	TERMINAL_C	ELECTRON MICROSCOPY	3.09	1455	579	0	0.4373	1.0	1.0	True	False	E7_fusion_modelled=0<50;E9_fusion_disorder=1.00>0.2;E9_target_disorder=0.44>0.2
7MN5_3	MBP	P04626	TERMINAL_C	ELECTRON MICROSCOPY	2.93	1455	579	0	0.4373	1.0	1.0	True	False	E7_fusion_modelled=0<50;E9_fusion_disorder=1.00>0.2;E9_target_disorder=0.44>0.2
7MK7_1	MBP	Q6UXT8	TERMINAL_C	X-RAY DIFFRACTION	2.42815184462	421	47	322	0.3286	0.0826	1.0	True	False	E8_target_modelled=47<80;E9_target_disorder=0.33>0.2
7MHW_1	MBP	Q2YLR6	TERMINAL_N	X-RAY DIFFRACTION	2.55	481	98	363	0.0297	0.0082	0.9788	False	False	
7M74_4	MBP	None	None	ELECTRON MICROSCOPY	3.93	373	0	362	1.0	0.0136	0.9864	True	False	E1_not_chimeric_single_uniprot;E3_resolution=3.93>3.5;E8_target_modelled=0<80;E9_target_disorder=1.00>0.2
7KD4_1	MBP	Q91MK1	TERMINAL_N	X-RAY DIFFRACTION	1.312	431	64	366	0.0	0.0	0.9977	False	False	E8_target_modelled=64<80
7K48_1	MBP	None	None	ELECTRON MICROSCOPY	3.6	611	0	0	1.0	1.0	0.0	True	False	E1_multi_uniprot_n=3;E3_resolution=3.60>3.5;E6_align_coverage=0.00<0.8;E7_fusion_modelled=0<50;E8_target_modelled=0<80;E9_fusion_disorder=1.00>0.2;E9_target_disorder=1.00>0.2
7JTR_1	MBP	None	None	X-RAY DIFFRACTION	2.5	369	0	369	1.0	0.0	1.0	True	False	E1_not_chimeric_single_uniprot;E8_target_modelled=0<80;E9_target_disorder=1.00>0.2
7JIJ_1	MBP	None	None	X-RAY DIFFRACTION	5.5	373	0	362	1.0	0.0136	0.9864	True	False	E1_not_chimeric_single_uniprot;E3_resolution=5.50>3.5;E8_target_modelled=0<80;E9_target_disorder=1.00>0.2
7JHH_4	MBP	None	None	ELECTRON MICROSCOPY	3.92	373	0	362	1.0	0.0136	0.9864	True	False	E1_not_chimeric_single_uniprot;E3_resolution=3.92>3.5;E8_target_modelled=0<80;E9_target_disorder=1.00>0.2
7JHG_4	MBP	None	None	ELECTRON MICROSCOPY	3.47	373	0	362	1.0	0.0136	0.9864	True	False	E1_not_chimeric_single_uniprot;E8_target_modelled=0<80;E9_target_disorder=1.00>0.2
7FBD_1	MBP	None	None	X-RAY DIFFRACTION	2.85	450	0	370	1.0	0.0	0.8222	True	False	E1_not_chimeric_single_uniprot;E8_target_modelled=0<80;E9_target_disorder=1.00>0.2
7RW6_1	MBP	P03190	TERMINAL_N	ELECTRON MICROSCOPY	2.55	1197	642	0	0.2228	1.0	1.0	True	False	E7_fusion_modelled=0<50;E9_fusion_disorder=1.00>0.2;E9_target_disorder=0.22>0.2
7TSZ_6	MBP	O32591	TERMINAL_N	ELECTRON MICROSCOPY	4.5	764	8	0	0.9772	1.0	0.8	True	False	E3_resolution=4.50>3.5;E7_fusion_modelled=0<50;E8_target_modelled=8<80;E9_fusion_disorder=1.00>0.2;E9_target_disorder=0.98>0.2
7TT0_5	MBP	O32591	TERMINAL_N	ELECTRON MICROSCOPY	4.3	764	22	0	0.9373	1.0	0.9167	True	False	E3_resolution=4.30>3.5;E7_fusion_modelled=0<50;E8_target_modelled=22<80;E9_fusion_disorder=1.00>0.2;E9_target_disorder=0.94>0.2
7TT1_1	MBP	O32591	TERMINAL_N	ELECTRON MICROSCOPY	4.3	764	16	0	0.9544	1.0	0.8889	True	False	E3_resolution=4.30>3.5;E7_fusion_modelled=0<50;E8_target_modelled=16<80;E9_fusion_disorder=1.00>0.2;E9_target_disorder=0.95>0.2
7TT2_6	MBP	O32591	TERMINAL_N	ELECTRON MICROSCOPY	4.2	764	16	0	0.9544	1.0	0.8889	True	False	E3_resolution=4.20>3.5;E7_fusion_modelled=0<50;E8_target_modelled=16<80;E9_fusion_disorder=1.00>0.2;E9_target_disorder=0.95>0.2
7TT3_6	MBP	O32591	TERMINAL_N	ELECTRON MICROSCOPY	4.3	764	22	0	0.9373	1.0	0.9167	True	False	E3_resolution=4.30>3.5;E7_fusion_modelled=0<50;E8_target_modelled=22<80;E9_fusion_disorder=1.00>0.2;E9_target_disorder=0.94>0.2
7TT5_1	MBP	O32591	TERMINAL_N	ELECTRON MICROSCOPY	4.3	764	147	0	0.5812	1.0	0.9866	True	False	E3_resolution=4.30>3.5;E7_fusion_modelled=0<50;E9_fusion_disorder=1.00>0.2;E9_target_disorder=0.58>0.2
7TT6_1	MBP	O32591	TERMINAL_N	ELECTRON MICROSCOPY	4.3	764	147	0	0.5812	1.0	0.9866	True	False	E3_resolution=4.30>3.5;E7_fusion_modelled=0<50;E9_fusion_disorder=1.00>0.2;E9_target_disorder=0.58>0.2
7W3Z_1	MBP	P30550	TERMINAL_N	ELECTRON MICROSCOPY	3.0	897	301	0	0.0535	1.0	1.0	True	False	E7_fusion_modelled=0<50;E9_fusion_disorder=1.00>0.2
7VQO_1	MBP	None	None	ELECTRON MICROSCOPY	2.19	1616	0	0	1.0	1.0	0.0	True	False	E1_multi_uniprot_n=3;E6_align_coverage=0.00<0.8;E7_fusion_modelled=0<50;E8_target_modelled=0<80;E9_fusion_disorder=1.00>0.2;E9_target_disorder=1.00>0.2
7VN8_1	MBP	Q8S307	COMPLEX	X-RAY DIFFRACTION	2.04	439	74	362	0.0263	0.0	1.0	False	False	E8_target_modelled=74<80
7VN7_1	MBP	Q8S307	COMPLEX	X-RAY DIFFRACTION	2.11	439	74	362	0.0263	0.0	0.9977	False	False	E8_target_modelled=74<80
7VN6_1	MBP	Q8S307	COMPLEX	X-RAY DIFFRACTION	2.79	439	74	362	0.0263	0.0	0.9977	False	False	E8_target_modelled=74<80
7VN5_1	MBP	Q8S307	COMPLEX	X-RAY DIFFRACTION	1.95	439	74	362	0.0263	0.0	1.0	False	False	E8_target_modelled=74<80
7VN4_1	MBP	Q8S307	COMPLEX	X-RAY DIFFRACTION	2.1	439	74	362	0.0263	0.0	1.0	False	False	E8_target_modelled=74<80
7VN3_1	MBP	Q8S307	COMPLEX	X-RAY DIFFRACTION	1.94	439	74	362	0.0263	0.0	0.9977	False	False	E8_target_modelled=74<80
7VN2_1	MBP	Q8S307	COMPLEX	X-RAY DIFFRACTION	2.42	439	74	362	0.0263	0.0	1.0	False	False	E8_target_modelled=74<80
7VH1_2	MBP	Q6IUF9	TERMINAL_N	ELECTRON MICROSCOPY	4.2	496	49	0	0.4731	1.0	1.0	True	False	E3_resolution=4.20>3.5;E7_fusion_modelled=0<50;E8_target_modelled=49<80;E9_fusion_disorder=1.00>0.2;E9_target_disorder=0.47>0.2
7VGQ_2	MBP	Q6IUF9	TERMINAL_N	ELECTRON MICROSCOPY	4.0	496	49	0	0.4731	1.0	1.0	True	False	E3_resolution=4.00>3.5;E7_fusion_modelled=0<50;E8_target_modelled=49<80;E9_fusion_disorder=1.00>0.2;E9_target_disorder=0.47>0.2
7UAJ_1	MBP	P03126	TERMINAL_N	X-RAY DIFFRACTION	3.25	537	138	366	0.0861	0.0	0.9863	False	False	
7U0I_7	MBP	Q01860	TERMINAL_N	ELECTRON MICROSCOPY	2.6	550	75	0	0.5161	1.0	1.0	True	False	E7_fusion_modelled=0<50;E8_target_modelled=75<80;E9_fusion_disorder=1.00>0.2;E9_target_disorder=0.52>0.2
7U0G_7	MBP	Q01860	TERMINAL_N	ELECTRON MICROSCOPY	2.6	550	134	0	0.1242	1.0	1.0	True	False	E7_fusion_modelled=0<50;E9_fusion_disorder=1.00>0.2
7TT7_5	MBP	O32591	TERMINAL_N	ELECTRON MICROSCOPY	4.8	764	150	0	0.5726	1.0	0.9868	True	False	E3_resolution=4.80>3.5;E7_fusion_modelled=0<50;E9_fusion_disorder=1.00>0.2;E9_target_disorder=0.57>0.2
7TT4_2	MBP	O32591	TERMINAL_N	ELECTRON MICROSCOPY	4.2	764	23	0	0.9345	1.0	0.92	True	False	E3_resolution=4.20>3.5;E7_fusion_modelled=0<50;E8_target_modelled=23<80;E9_fusion_disorder=1.00>0.2;E9_target_disorder=0.93>0.2
7T31_1	MBP	Q185H8	TERMINAL_N	X-RAY DIFFRACTION	2.3	512	120	367	0.0977	0.0	0.9939	False	False	
8DEI_1	MBP	Q12495	TERMINAL_N	X-RAY DIFFRACTION	2.81	490	87	364	0.0333	0.0055	0.9495	False	False	
8EL0_1	MBP	Q07820	TERMINAL_N	X-RAY DIFFRACTION	1.917	532	148	366	0.0067	0.0	0.9961	False	False	
8F23_1	MBP	None	None	X-RAY DIFFRACTION	1.93	366	0	366	1.0	0.0	1.0	True	False	E1_not_chimeric_single_uniprot;E8_target_modelled=0<80;E9_target_disorder=1.00>0.2
8ETB_1	MBP	None	None	X-RAY DIFFRACTION	1.63	366	0	366	1.0	0.0	1.0	True	False	E1_not_chimeric_single_uniprot;E8_target_modelled=0<80;E9_target_disorder=1.00>0.2
8EL1_1	MBP	Q07820	TERMINAL_N	X-RAY DIFFRACTION	2.406	532	148	362	0.0067	0.0109	0.9961	False	False	
8EKX_1	MBP	Q07820	TERMINAL_N	X-RAY DIFFRACTION	1.55	532	148	366	0.0067	0.0	0.9961	False	False	
8DX4_1	MBP	A0A0H3N4W9	TERMINAL_N	X-RAY DIFFRACTION	2.487	512	130	366	0.0441	0.0	0.998	False	False	
8CRB_3	MBP	G3XD49	TERMINAL_N	ELECTRON MICROSCOPY	4.6	692	139	0	0.524	1.0	1.0	True	False	E3_resolution=4.60>3.5;E7_fusion_modelled=0<50;E9_fusion_disorder=1.00>0.2;E9_target_disorder=0.52>0.2
8CR9_3	MBP	G3XD49	TERMINAL_N	ELECTRON MICROSCOPY	4.2	692	132	0	0.5479	1.0	1.0	True	False	E3_resolution=4.20>3.5;E7_fusion_modelled=0<50;E9_fusion_disorder=1.00>0.2;E9_target_disorder=0.55>0.2
8CE0_1	MBP	P02649	TERMINAL_N	X-RAY DIFFRACTION	1.75	675	143	0	0.5217	1.0	1.0	True	False	E7_fusion_modelled=0<50;E9_fusion_disorder=1.00>0.2;E9_target_disorder=0.52>0.2
8CDY_1	MBP	P02649	TERMINAL_N	X-RAY DIFFRACTION	1.9	675	143	0	0.5217	1.0	1.0	True	False	E7_fusion_modelled=0<50;E9_fusion_disorder=1.00>0.2;E9_target_disorder=0.52>0.2
8C8F_1	MBP	None	None	X-RAY DIFFRACTION	1.15	396	0	370	1.0	0.0657	1.0	True	False	E1_not_chimeric_single_uniprot;E8_target_modelled=0<80;E9_target_disorder=1.00>0.2
8C5L_1	MBP	P10588	COMPLEX	X-RAY DIFFRACTION	2.6	568	187	363	0.0556	0.0	0.9892	False	False	
8AX9_1	MBP	P02649	TERMINAL_N	X-RAY DIFFRACTION	1.549	675	143	0	0.5217	1.0	1.0	True	False	E7_fusion_modelled=0<50;E9_fusion_disorder=1.00>0.2;E9_target_disorder=0.52>0.2
8AX8_1	MBP	P02649	TERMINAL_N	X-RAY DIFFRACTION	1.551	675	135	0	0.5485	1.0	1.0	True	False	E7_fusion_modelled=0<50;E9_fusion_disorder=1.00>0.2;E9_target_disorder=0.55>0.2
8AX7_1	MBP	None	None	X-RAY DIFFRACTION	1.65	593	0	367	1.0	0.0	0.645	True	False	E1_multi_uniprot_n=3;E6_align_coverage=0.64<0.8;E8_target_modelled=0<80;E9_target_disorder=1.00>0.2
8AX6_1	MBP	None	None	X-RAY DIFFRACTION	1.9	593	0	367	1.0	0.0	0.6461	True	False	E1_multi_uniprot_n=3;E6_align_coverage=0.65<0.8;E8_target_modelled=0<80;E9_target_disorder=1.00>0.2
8AX5_1	MBP	None	None	X-RAY DIFFRACTION	2.75	593	0	367	1.0	0.0	0.6685	True	False	E1_multi_uniprot_n=3;E6_align_coverage=0.67<0.8;E8_target_modelled=0<80;E9_target_disorder=1.00>0.2
8AG0_2	MBP	O43715	TERMINAL_N	X-RAY DIFFRACTION	2.7	446	55	361	0.2667	0.0	0.9765	True	False	E8_target_modelled=55<80;E9_target_disorder=0.27>0.2
7Z7H_2	MBP	Q8GF97	TERMINAL_N	ELECTRON MICROSCOPY	3.8	578	181	0	0.0055	1.0	1.0	True	False	E3_resolution=3.80>3.5;E7_fusion_modelled=0<50;E9_fusion_disorder=1.00>0.2
7Y5Q_1	MBP	Q13219	TERMINAL_N	ELECTRON MICROSCOPY	3.8	1944	380	0	0.7544	1.0	1.0	True	False	E3_resolution=3.80>3.5;E7_fusion_modelled=0<50;E9_fusion_disorder=1.00>0.2;E9_target_disorder=0.75>0.2
7XQC_1	MBP	P9WFM7	TERMINAL_N	X-RAY DIFFRACTION	2.8	450	44	366	0.45	0.0	0.9903	True	False	E8_target_modelled=44<80;E9_target_disorder=0.45>0.2
7XMN_1	MBP	None	None	X-RAY DIFFRACTION	2.3	370	0	363	1.0	0.0082	0.9891	True	False	E1_not_chimeric_single_uniprot;E8_target_modelled=0<80;E9_target_disorder=1.00>0.2
7WR3_1	MBP	A0A0H2US87	TERMINAL_N	X-RAY DIFFRACTION	1.87	806	424	358	0.0208	0.0	0.9849	False	False	
7W40_1	MBP	P30550	TERMINAL_N	ELECTRON MICROSCOPY	3.0	897	301	0	0.0535	1.0	1.0	True	False	E7_fusion_modelled=0<50;E9_fusion_disorder=1.00>0.2
8T2I_2	MBP	None	None	ELECTRON MICROSCOPY	10.4	404	0	366	1.0	0.0	0.9812	True	False	E1_not_chimeric_single_uniprot;E3_resolution=10.40>3.5;E8_target_modelled=0<80;E9_target_disorder=1.00>0.2
8SVY_1	MBP	Q07820	TERMINAL_N	X-RAY DIFFRACTION	1.47	518	149	365	0.0	0.0027	0.9942	False	False	
8SQB_6	MBP	Q7BSW5	TERMINAL_N	ELECTRON MICROSCOPY	3.8	581	67	0	0.6825	1.0	1.0	True	False	E3_resolution=3.80>3.5;E7_fusion_modelled=0<50;E8_target_modelled=67<80;E9_fusion_disorder=1.00>0.2;E9_target_disorder=0.68>0.2
8SQA_6	MBP	O32591	TERMINAL_N	ELECTRON MICROSCOPY	4.2	551	68	0	0.3585	1.0	1.0	True	False	E3_resolution=4.20>3.5;E7_fusion_modelled=0<50;E8_target_modelled=68<80;E9_fusion_disorder=1.00>0.2;E9_target_disorder=0.36>0.2
8SOK_1	MBP	Q2NKJ3	TERMINAL_N	ELECTRON MICROSCOPY	4.1	1613	1158	0	0.0485	1.0	1.0	True	False	E3_resolution=4.10>3.5;E7_fusion_modelled=0<50;E9_fusion_disorder=1.00>0.2
8SOJ_1	MBP	Q2NKJ3	TERMINAL_N	ELECTRON MICROSCOPY	3.8	1613	1158	0	0.0485	1.0	1.0	True	False	E3_resolution=3.80>3.5;E7_fusion_modelled=0<50;E9_fusion_disorder=1.00>0.2
8SBU_1	MBP	Q59028	TERMINAL_N	X-RAY DIFFRACTION	2.2	618	218	367	0.0954	0.0027	1.0	False	False	
8QSO_1	MBP	Q07820	TERMINAL_N	X-RAY DIFFRACTION	2.106	518	149	366	0.0	0.0	0.9942	False	False	
8JYX_1	MBP	Q7SBA0	TERMINAL_N	X-RAY DIFFRACTION	2.35	635	191	366	0.2568	0.0	0.9858	True	True	E9_target_disorder=0.26>0.2
8JXS_3	MBP	None	None	ELECTRON MICROSCOPY	3.0	559	0	264	1.0	0.2807	0.7742	True	False	E1_multi_uniprot_n=3;E6_align_coverage=0.77<0.8;E8_target_modelled=0<80;E9_fusion_disorder=0.28>0.2;E9_target_disorder=1.00>0.2
8JXR_3	MBP	None	None	ELECTRON MICROSCOPY	3.57	559	0	264	1.0	0.2807	0.7742	True	False	E1_multi_uniprot_n=3;E3_resolution=3.57>3.5;E6_align_coverage=0.77<0.8;E8_target_modelled=0<80;E9_fusion_disorder=0.28>0.2;E9_target_disorder=1.00>0.2
8JI0_2	MBP	M9ZTT7	TERMINAL_N	ELECTRON MICROSCOPY	3.0	786	157	0	0.5901	1.0	1.0	True	False	E7_fusion_modelled=0<50;E9_fusion_disorder=1.00>0.2;E9_target_disorder=0.59>0.2
8J2P_1	MBP	P29590	TERMINAL_N	X-RAY DIFFRACTION	2.09	428	42	365	0.2222	0.0027	0.9855	True	False	E8_target_modelled=42<80;E9_target_disorder=0.22>0.2
8J25_1	MBP	P29590	TERMINAL_N	X-RAY DIFFRACTION	2.6	428	42	365	0.2222	0.0027	0.9855	True	False	E8_target_modelled=42<80;E9_target_disorder=0.22>0.2
8IIZ_1	MBP	O95619	TERMINAL_N	X-RAY DIFFRACTION	2.1	514	136	366	0.0355	0.0	0.9921	False	False	
8IIY_1	MBP	O95619	TERMINAL_N	X-RAY DIFFRACTION	2.15	514	138	364	0.0213	0.0055	0.9921	False	False	
8HLB_1	MBP	P20333	TERMINAL_C	ELECTRON MICROSCOPY	3.63	550	112	0	0.3708	1.0	1.0	True	False	E3_resolution=3.63>3.5;E7_fusion_modelled=0<50;E9_fusion_disorder=1.00>0.2;E9_target_disorder=0.37>0.2
8HGH_1	MBP	Q13219	TERMINAL_N	ELECTRON MICROSCOPY	4.16	1944	1462	0	0.0549	1.0	1.0	True	False	E3_resolution=4.16>3.5;E7_fusion_modelled=0<50;E9_fusion_disorder=1.00>0.2
8H68_1	MBP	Q8MNT9	TERMINAL_N	X-RAY DIFFRACTION	2.2	634	254	366	0.0231	0.0	0.9936	False	False	
8GKH_2	MBP	A0A0L0H5U9	TERMINAL_N	ELECTRON MICROSCOPY	2.7	1032	600	0	0.0581	1.0	1.0	True	False	E7_fusion_modelled=0<50;E9_fusion_disorder=1.00>0.2
8GCR_1	MBP	P03126	TERMINAL_N	ELECTRON MICROSCOPY	3.38	541	140	0	0.1139	1.0	1.0	True	False	E7_fusion_modelled=0<50;E9_fusion_disorder=1.00>0.2
8G8W_3	MBP	None	None	ELECTRON MICROSCOPY	3.8	494	0	88	1.0	0.7556	0.4093	True	False	E1_not_chimeric_single_uniprot;E3_resolution=3.80>3.5;E6_align_coverage=0.41<0.8;E8_target_modelled=0<80;E9_fusion_disorder=0.76>0.2;E9_target_disorder=1.00>0.2
8G8W_2	MBP	None	None	ELECTRON MICROSCOPY	3.8	490	0	274	1.0	0.2389	0.6884	True	False	E1_not_chimeric_single_uniprot;E3_resolution=3.80>3.5;E6_align_coverage=0.69<0.8;E8_target_modelled=0<80;E9_fusion_disorder=0.24>0.2;E9_target_disorder=1.00>0.2
8FV5_1	MBP	F8SJT5	TERMINAL_N	ELECTRON MICROSCOPY	4.21	996	525	0	0.1279	1.0	1.0	True	False	E3_resolution=4.21>3.5;E7_fusion_modelled=0<50;E9_fusion_disorder=1.00>0.2
8FNE_1	MBP	F8SJT5	TERMINAL_N	ELECTRON MICROSCOPY	3.9	996	525	0	0.1279	1.0	1.0	True	False	E3_resolution=3.90>3.5;E7_fusion_modelled=0<50;E9_fusion_disorder=1.00>0.2
8ZMS_1	MBP	Q16572	TERMINAL_N	ELECTRON MICROSCOPY	3.7	1047	372	0	0.2424	1.0	0.9637	True	False	E3_resolution=3.70>3.5;E7_fusion_modelled=0<50;E9_fusion_disorder=1.00>0.2;E9_target_disorder=0.24>0.2
8ZMR_1	MBP	Q16572	TERMINAL_N	ELECTRON MICROSCOPY	3.5	1047	370	0	0.2464	1.0	0.9635	True	False	E7_fusion_modelled=0<50;E9_fusion_disorder=1.00>0.2;E9_target_disorder=0.25>0.2
8ZHS_1	MBP	None	None	X-RAY DIFFRACTION	2.4	504	0	366	1.0	0.0	0.7262	True	False	E1_not_chimeric_single_uniprot;E6_align_coverage=0.73<0.8;E8_target_modelled=0<80;E9_target_disorder=1.00>0.2
8YBE_1	MBP	None	None	ELECTRON MICROSCOPY	2.3	371	0	370	1.0	0.0	1.0	True	False	E1_not_chimeric_single_uniprot;E8_target_modelled=0<80;E9_target_disorder=1.00>0.2
8XB4_1	MBP	P23975	TERMINAL_N	ELECTRON MICROSCOPY	2.92	1244	536	0	0.0496	1.0	1.0	True	False	E7_fusion_modelled=0<50;E9_fusion_disorder=1.00>0.2
8XB3_1	MBP	P23975	TERMINAL_N	ELECTRON MICROSCOPY	2.8	1244	535	0	0.0514	1.0	1.0	True	False	E7_fusion_modelled=0<50;E9_fusion_disorder=1.00>0.2
8XB2_1	MBP	P23975	TERMINAL_N	ELECTRON MICROSCOPY	3.04	1244	536	0	0.0496	1.0	1.0	True	False	E7_fusion_modelled=0<50;E9_fusion_disorder=1.00>0.2
8X7W_1	MBP	P59047	TERMINAL_N	ELECTRON MICROSCOPY	3.36	1530	976	0	0.1461	1.0	1.0	True	False	E7_fusion_modelled=0<50;E9_fusion_disorder=1.00>0.2
8X7V_1	MBP	P59047	TERMINAL_N	ELECTRON MICROSCOPY	3.01	1530	976	0	0.1461	1.0	1.0	True	False	E7_fusion_modelled=0<50;E9_fusion_disorder=1.00>0.2
8X2Y_6	MBP	P47128	TERMINAL_N	ELECTRON MICROSCOPY	4.1	537	55	0	0.5133	1.0	1.0	True	False	E3_resolution=4.10>3.5;E7_fusion_modelled=0<50;E8_target_modelled=55<80;E9_fusion_disorder=1.00>0.2;E9_target_disorder=0.51>0.2
8X2X_1	MBP	P47128	TERMINAL_N	ELECTRON MICROSCOPY	3.8	537	23	0	0.7965	1.0	1.0	True	False	E3_resolution=3.80>3.5;E7_fusion_modelled=0<50;E8_target_modelled=23<80;E9_fusion_disorder=1.00>0.2;E9_target_disorder=0.80>0.2
8VXN_1	MBP	None	None	X-RAY DIFFRACTION	2.09	547	0	366	1.0	0.0	0.7276	True	False	E1_multi_uniprot_n=3;E6_align_coverage=0.73<0.8;E8_target_modelled=0<80;E9_target_disorder=1.00>0.2
8VXM_1	MBP	None	None	X-RAY DIFFRACTION	2.1	547	0	366	1.0	0.0	0.7107	True	False	E1_multi_uniprot_n=3;E6_align_coverage=0.71<0.8;E8_target_modelled=0<80;E9_target_disorder=1.00>0.2
8VWZ_1	MBP	None	None	X-RAY DIFFRACTION	2.33	547	0	365	1.0	0.0027	0.7199	True	False	E1_multi_uniprot_n=3;E6_align_coverage=0.72<0.8;E8_target_modelled=0<80;E9_target_disorder=1.00>0.2
8VWX_1	MBP	None	None	X-RAY DIFFRACTION	1.77	547	0	366	1.0	0.0	0.7291	True	False	E1_multi_uniprot_n=3;E6_align_coverage=0.73<0.8;E8_target_modelled=0<80;E9_target_disorder=1.00>0.2
8VRS_1	MBP	Q8WXI7	TERMINAL_N	X-RAY DIFFRACTION	2.47	397	19	366	0.2692	0.0	0.9872	True	False	E8_target_modelled=19<80;E9_target_disorder=0.27>0.2
8VG1_8	MBP	P43694	TERMINAL_N	ELECTRON MICROSCOPY	2.48	835	53	0	0.8801	1.0	1.0	True	False	E7_fusion_modelled=0<50;E8_target_modelled=53<80;E9_fusion_disorder=1.00>0.2;E9_target_disorder=0.88>0.2
8VG0_7	MBP	P43694	TERMINAL_N	ELECTRON MICROSCOPY	3.07	835	53	0	0.8801	1.0	1.0	True	False	E7_fusion_modelled=0<50;E8_target_modelled=53<80;E9_fusion_disorder=1.00>0.2;E9_target_disorder=0.88>0.2
8TNR_3	MBP	Q13422	TERMINAL_N	ELECTRON MICROSCOPY	2.5	455	35	0	0.0278	1.0	1.0	True	False	E7_fusion_modelled=0<50;E8_target_modelled=35<80;E9_fusion_disorder=1.00>0.2
8TNQ_3	MBP	Q13422	TERMINAL_N	ELECTRON MICROSCOPY	2.41	455	35	0	0.0278	1.0	1.0	True	False	E7_fusion_modelled=0<50;E8_target_modelled=35<80;E9_fusion_disorder=1.00>0.2
8TNP_3	MBP	Q13422	TERMINAL_N	ELECTRON MICROSCOPY	3.3	455	33	0	0.0833	1.0	1.0	True	False	E7_fusion_modelled=0<50;E8_target_modelled=33<80;E9_fusion_disorder=1.00>0.2
8TLX_1	MBP	P42568	TERMINAL_N	X-RAY DIFFRACTION	2.097	442	69	366	0.0	0.0	0.9909	False	False	E8_target_modelled=69<80
8TLW_1	MBP	P42568	TERMINAL_N	X-RAY DIFFRACTION	2.106	442	69	366	0.0	0.0	0.9932	False	False	E8_target_modelled=69<80
8TLV_1	MBP	P42568	TERMINAL_N	X-RAY DIFFRACTION	2.659	443	63	366	0.087	0.0	0.9908	False	False	E8_target_modelled=63<80
8T6F_1	MBP	Q07820	TERMINAL_N	X-RAY DIFFRACTION	1.56	518	148	366	0.0	0.0	0.9923	False	False	
9BDT_4	MBP	None	None	ELECTRON MICROSCOPY	5.4	545	0	357	1.0	0.0028	0.6946	True	False	E1_multi_uniprot_n=3;E3_resolution=5.40>3.5;E6_align_coverage=0.69<0.8;E8_target_modelled=0<80;E9_target_disorder=1.00>0.2
9BOI_1	MBP	None	None	ELECTRON MICROSCOPY	3.22	1275	0	0	1.0	1.0	0.0	True	False	E1_multi_uniprot_n=3;E6_align_coverage=0.00<0.8;E7_fusion_modelled=0<50;E8_target_modelled=0<80;E9_fusion_disorder=1.00>0.2;E9_target_disorder=1.00>0.2
9FYQ_3	MBP	None	None	ELECTRON MICROSCOPY	3.25	490	0	0	1.0	1.0	0.0	True	False	E1_not_chimeric_single_uniprot;E6_align_coverage=0.00<0.8;E7_fusion_modelled=0<50;E8_target_modelled=0<80;E9_fusion_disorder=1.00>0.2;E9_target_disorder=1.00>0.2
9FKQ_1	MBP	None	None	ELECTRON MICROSCOPY	2.45	392	0	362	1.0	0.0109	1.0	True	False	E1_not_chimeric_single_uniprot;E8_target_modelled=0<80;E9_target_disorder=1.00>0.2
9FGV_1	MBP	None	None	ELECTRON MICROSCOPY	3.39	392	0	366	1.0	0.0	1.0	True	False	E1_not_chimeric_single_uniprot;E8_target_modelled=0<80;E9_target_disorder=1.00>0.2
9DH3_1	MBP	Q96P20	TERMINAL_N	ELECTRON MICROSCOPY	3.76	1267	815	366	0.0954	0.0	1.0	False	False	E3_resolution=3.76>3.5
9COO_2	MBP	None	None	ELECTRON MICROSCOPY	3.73	545	0	26	1.0	0.9274	0.2031	True	False	E1_multi_uniprot_n=3;E3_resolution=3.73>3.5;E6_align_coverage=0.20<0.8;E7_fusion_modelled=26<50;E8_target_modelled=0<80;E9_fusion_disorder=0.93>0.2;E9_target_disorder=1.00>0.2
9CLD_1	MBP	None	None	X-RAY DIFFRACTION	1.58	373	0	370	1.0	0.0	0.9973	True	False	E1_not_chimeric_single_uniprot;E8_target_modelled=0<80;E9_target_disorder=1.00>0.2
9CLC_1	MBP	None	None	X-RAY DIFFRACTION	1.48	373	0	370	1.0	0.0	1.0	True	False	E1_not_chimeric_single_uniprot;E8_target_modelled=0<80;E9_target_disorder=1.00>0.2
9CF3_4	MBP	A0A0B7NJM7	TERMINAL_N	ELECTRON MICROSCOPY	3.2	1259	726	0	0.1439	1.0	1.0	True	False	E7_fusion_modelled=0<50;E9_fusion_disorder=1.00>0.2
9CF2_3	MBP	A0A0B7NJM7	TERMINAL_N	ELECTRON MICROSCOPY	3.15	1259	726	0	0.1439	1.0	1.0	True	False	E7_fusion_modelled=0<50;E9_fusion_disorder=1.00>0.2
9CF1_3	MBP	A0A0B7NJM7	TERMINAL_N	ELECTRON MICROSCOPY	3.52	1259	726	0	0.1439	1.0	1.0	True	False	E3_resolution=3.52>3.5;E7_fusion_modelled=0<50;E9_fusion_disorder=1.00>0.2
9CF0_3	MBP	A0A0B7NJM7	TERMINAL_N	ELECTRON MICROSCOPY	3.47	1259	722	0	0.1486	1.0	1.0	True	False	E7_fusion_modelled=0<50;E9_fusion_disorder=1.00>0.2
9CEZ_2	MBP	A0A0L0H5U9	TERMINAL_N	ELECTRON MICROSCOPY	3.41	1032	590	0	0.0738	1.0	1.0	True	False	E7_fusion_modelled=0<50;E9_fusion_disorder=1.00>0.2
9CEY_2	MBP	A0A0L0H5U9	TERMINAL_N	ELECTRON MICROSCOPY	3.22	1032	607	0	0.0471	1.0	1.0	True	False	E7_fusion_modelled=0<50;E9_fusion_disorder=1.00>0.2
9CEX_4	MBP	A0A0L0H5U9	TERMINAL_N	ELECTRON MICROSCOPY	3.27	1032	600	0	0.0581	1.0	1.0	True	False	E7_fusion_modelled=0<50;E9_fusion_disorder=1.00>0.2
9CEW_2	MBP	A0A0L0H5U9	TERMINAL_N	ELECTRON MICROSCOPY	2.88	1032	600	0	0.0581	1.0	1.0	True	False	E7_fusion_modelled=0<50;E9_fusion_disorder=1.00>0.2
9CEV_2	MBP	A0A0L0H5U9	TERMINAL_N	ELECTRON MICROSCOPY	3.26	1032	600	0	0.0581	1.0	1.0	True	False	E7_fusion_modelled=0<50;E9_fusion_disorder=1.00>0.2
9CEU_2	MBP	A0A0L0H5U9	TERMINAL_N	ELECTRON MICROSCOPY	3.29	1032	607	0	0.0471	1.0	1.0	True	False	E7_fusion_modelled=0<50;E9_fusion_disorder=1.00>0.2
9CET_2	MBP	L1JXG4	TERMINAL_N	ELECTRON MICROSCOPY	3.0	1100	609	0	0.1161	1.0	1.0	True	False	E7_fusion_modelled=0<50;E9_fusion_disorder=1.00>0.2
9CES_2	MBP	L1JXG4	TERMINAL_N	ELECTRON MICROSCOPY	3.28	1100	609	0	0.1161	1.0	1.0	True	False	E7_fusion_modelled=0<50;E9_fusion_disorder=1.00>0.2
9CER_1	MBP	L1JXG4	TERMINAL_N	ELECTRON MICROSCOPY	4.7	1100	609	0	0.1161	1.0	1.0	True	False	E3_resolution=4.70>3.5;E7_fusion_modelled=0<50;E9_fusion_disorder=1.00>0.2
9BDE_4	MBP	None	None	ELECTRON MICROSCOPY	4.18	545	0	310	1.0	0.1341	0.6652	True	False	E1_multi_uniprot_n=3;E3_resolution=4.18>3.5;E6_align_coverage=0.67<0.8;E8_target_modelled=0<80;E9_target_disorder=1.00>0.2
9BCG_1	MBP	Q07820	TERMINAL_N	X-RAY DIFFRACTION	1.898	516	148	366	0.0	0.0	0.9961	False	False	
8ZQE_5	MBP	None	None	ELECTRON MICROSCOPY	2.9	881	0	0	1.0	1.0	0.0	True	False	E1_multi_uniprot_n=3;E6_align_coverage=0.00<0.8;E7_fusion_modelled=0<50;E8_target_modelled=0<80;E9_fusion_disorder=1.00>0.2;E9_target_disorder=1.00>0.2
9VUL_2	MBP	P35975	TERMINAL_N	ELECTRON MICROSCOPY	3.13	2630	1262	0	0.4219	1.0	1.0	True	False	E7_fusion_modelled=0<50;E9_fusion_disorder=1.00>0.2;E9_target_disorder=0.42>0.2
9VUL_1	MBP	P35974	TERMINAL_N	ELECTRON MICROSCOPY	3.13	602	133	0	0.348	1.0	1.0	True	False	E7_fusion_modelled=0<50;E9_fusion_disorder=1.00>0.2;E9_target_disorder=0.35>0.2
9VBV_1	MBP	Q8GZ99	TERMINAL_C	ELECTRON MICROSCOPY	3.61	893	521	0	0.0038	1.0	1.0	True	False	E3_resolution=3.61>3.5;E7_fusion_modelled=0<50;E9_fusion_disorder=1.00>0.2
9VBD_1	MBP	Q8GZ99	TERMINAL_C	ELECTRON MICROSCOPY	3.26	893	521	0	0.0038	1.0	1.0	True	False	E7_fusion_modelled=0<50;E9_fusion_disorder=1.00>0.2
9UU0_1	MBP	None	None	X-RAY DIFFRACTION	2.72	590	0	366	1.0	0.0	0.6203	True	False	E1_not_chimeric_single_uniprot;E6_align_coverage=0.62<0.8;E8_target_modelled=0<80;E9_target_disorder=1.00>0.2
9UJY_1	MBP	Q9W1K4	TERMINAL_N	X-RAY DIFFRACTION	2.26	426	64	359	0.0	0.0	0.993	False	False	E8_target_modelled=64<80
9TNZ_1	MBP	P23497	TERMINAL_N	ELECTRON MICROSCOPY	3.52	525	99	0	0.1538	1.0	1.0	True	False	E3_resolution=3.52>3.5;E7_fusion_modelled=0<50;E9_fusion_disorder=1.00>0.2
9T3X_3	MBP	Q86VM9	TERMINAL_N	ELECTRON MICROSCOPY	2.1	464	7	0	0.8	1.0	0.3889	True	False	E6_align_coverage=0.39<0.8;E7_fusion_modelled=0<50;E8_target_modelled=7<80;E9_fusion_disorder=1.00>0.2;E9_target_disorder=0.80>0.2
9SKZ_1	MBP	O85042	TERMINAL_N	ELECTRON MICROSCOPY	2.22	919	467	0	0.0897	1.0	1.0	True	False	E7_fusion_modelled=0<50;E9_fusion_disorder=1.00>0.2
9SKY_1	MBP	O85042	TERMINAL_N	ELECTRON MICROSCOPY	2.18	919	475	0	0.0741	1.0	1.0	True	False	E7_fusion_modelled=0<50;E9_fusion_disorder=1.00>0.2
9SKX_1	MBP	O85042	TERMINAL_N	ELECTRON MICROSCOPY	2.08	919	475	0	0.0741	1.0	1.0	True	False	E7_fusion_modelled=0<50;E9_fusion_disorder=1.00>0.2
9SKW_1	MBP	O85042	TERMINAL_N	ELECTRON MICROSCOPY	2.27	919	467	0	0.0897	1.0	1.0	True	False	E7_fusion_modelled=0<50;E9_fusion_disorder=1.00>0.2
9SKV_1	MBP	O85042	TERMINAL_N	ELECTRON MICROSCOPY	2.12	919	475	0	0.0741	1.0	1.0	True	False	E7_fusion_modelled=0<50;E9_fusion_disorder=1.00>0.2
9SKU_1	MBP	O85042	TERMINAL_N	ELECTRON MICROSCOPY	2.06	919	467	0	0.0897	1.0	1.0	True	False	E7_fusion_modelled=0<50;E9_fusion_disorder=1.00>0.2
9SKT_1	MBP	O85042	TERMINAL_N	ELECTRON MICROSCOPY	2.45	919	475	0	0.0741	1.0	1.0	True	False	E7_fusion_modelled=0<50;E9_fusion_disorder=1.00>0.2
9SKS_1	MBP	O85042	TERMINAL_N	ELECTRON MICROSCOPY	2.15	919	475	0	0.0741	1.0	1.0	True	False	E7_fusion_modelled=0<50;E9_fusion_disorder=1.00>0.2
9SKR_1	MBP	O85042	TERMINAL_N	ELECTRON MICROSCOPY	2.13	919	467	0	0.0897	1.0	1.0	True	False	E7_fusion_modelled=0<50;E9_fusion_disorder=1.00>0.2
9PX5_1	MBP	Q9NZC2	TERMINAL_N	X-RAY DIFFRACTION	3.7	492	103	360	0.1271	0.0164	0.9978	False	False	E3_resolution=3.70>3.5
9PGN_1	MBP	None	None	SOLUTION NMR	None	369	0	369	1.0	0.0	1.0	True	False	E1_not_chimeric_single_uniprot;E2_method=SOLUTION NMR;E3_no_resolution;E8_target_modelled=0<80;E9_target_disorder=1.00>0.2
9P0X_4	MBP	P13726	TERMINAL_C	ELECTRON MICROSCOPY	3.7	611	201	0	0.159	1.0	1.0	True	False	E3_resolution=3.70>3.5;E7_fusion_modelled=0<50;E9_fusion_disorder=1.00>0.2
9LN6_2	MBP	Q96T88	TERMINAL_N	ELECTRON MICROSCOPY	3.49	495	75	0	0.0385	1.0	1.0	True	False	E7_fusion_modelled=0<50;E8_target_modelled=75<80;E9_fusion_disorder=1.00>0.2
9LN6_1	MBP	Q86W24	TERMINAL_N	ELECTRON MICROSCOPY	3.49	1506	937	0	0.1427	1.0	1.0	True	False	E7_fusion_modelled=0<50;E9_fusion_disorder=1.00>0.2
9HXN_1	MBP	None	None	ELECTRON MICROSCOPY	3.23	1052	0	0	1.0	1.0	0.0	True	False	E1_not_chimeric_single_uniprot;E6_align_coverage=0.00<0.8;E7_fusion_modelled=0<50;E8_target_modelled=0<80;E9_fusion_disorder=1.00>0.2;E9_target_disorder=1.00>0.2
9HXJ_1	MBP	None	None	ELECTRON MICROSCOPY	3.0	1029	0	0	1.0	1.0	0.0	True	False	E1_not_chimeric_single_uniprot;E6_align_coverage=0.00<0.8;E7_fusion_modelled=0<50;E8_target_modelled=0<80;E9_fusion_disorder=1.00>0.2;E9_target_disorder=1.00>0.2
9FYR_3	MBP	None	None	ELECTRON MICROSCOPY	3.6	490	0	0	1.0	1.0	0.0	True	False	E1_not_chimeric_single_uniprot;E3_resolution=3.60>3.5;E6_align_coverage=0.00<0.8;E7_fusion_modelled=0<50;E8_target_modelled=0<80;E9_fusion_disorder=1.00>0.2;E9_target_disorder=1.00>0.2
9XQC_5	MBP	O95800	TERMINAL_C	ELECTRON MICROSCOPY	3.0	440	266	0	0.257	1.0	1.0	True	False	E7_fusion_modelled=0<50;E9_fusion_disorder=1.00>0.2;E9_target_disorder=0.26>0.2
9XKO_1	MBP	None	None	ELECTRON MICROSCOPY	2.35	397	0	365	1.0	0.0027	0.9918	True	False	E1_not_chimeric_single_uniprot;E8_target_modelled=0<80;E9_target_disorder=1.00>0.2
9WY8_1	MBP	None	None	ELECTRON MICROSCOPY	2.69	962	0	0	1.0	1.0	0.0	True	False	E1_not_chimeric_single_uniprot;E6_align_coverage=0.00<0.8;E7_fusion_modelled=0<50;E8_target_modelled=0<80;E9_fusion_disorder=1.00>0.2;E9_target_disorder=1.00>0.2
9WBG_1	MBP	Q504T8	TERMINAL_N	ELECTRON MICROSCOPY	4.23	856	196	0	0.5812	1.0	1.0	True	False	E3_resolution=4.23>3.5;E7_fusion_modelled=0<50;E9_fusion_disorder=1.00>0.2;E9_target_disorder=0.58>0.2
9W98_1	MBP	P48065	TERMINAL_N	ELECTRON MICROSCOPY	2.71	1291	536	0	0.127	1.0	1.0	True	False	E7_fusion_modelled=0<50;E9_fusion_disorder=1.00>0.2
9W97_1	MBP	P48065	TERMINAL_N	ELECTRON MICROSCOPY	2.84	1291	540	0	0.1205	1.0	1.0	True	False	E7_fusion_modelled=0<50;E9_fusion_disorder=1.00>0.2
9W3K_1	MBP	None	None	ELECTRON MICROSCOPY	3.08	559	0	338	1.0	0.079	0.8145	True	False	E1_multi_uniprot_n=3;E8_target_modelled=0<80;E9_target_disorder=1.00>0.2
9W39_1	MBP	Q504T8	TERMINAL_N	ELECTRON MICROSCOPY	3.65	856	84	0	0.8205	1.0	1.0	True	False	E3_resolution=3.65>3.5;E7_fusion_modelled=0<50;E9_fusion_disorder=1.00>0.2;E9_target_disorder=0.82>0.2
9VV6_1	MBP	None	None	ELECTRON MICROSCOPY	2.62	1398	0	0	1.0	1.0	0.0	True	False	E1_multi_uniprot_n=3;E6_align_coverage=0.00<0.8;E7_fusion_modelled=0<50;E8_target_modelled=0<80;E9_fusion_disorder=1.00>0.2;E9_target_disorder=1.00>0.2
9VUS_5	MBP	None	None	ELECTRON MICROSCOPY	2.37	1398	0	0	1.0	1.0	0.0	True	False	E1_multi_uniprot_n=3;E6_align_coverage=0.00<0.8;E7_fusion_modelled=0<50;E8_target_modelled=0<80;E9_fusion_disorder=1.00>0.2;E9_target_disorder=1.00>0.2
9VUM_2	MBP	Q9IK91	TERMINAL_N	ELECTRON MICROSCOPY	2.84	638	143	0	0.4042	1.0	1.0	True	False	E7_fusion_modelled=0<50;E9_fusion_disorder=1.00>0.2;E9_target_disorder=0.40>0.2
9VUM_1	MBP	Q997F0	TERMINAL_N	ELECTRON MICROSCOPY	2.84	1904	1281	0	0.1256	1.0	1.0	True	False	E7_fusion_modelled=0<50;E9_fusion_disorder=1.00>0.2
