fusion_partners	ligand_chains	ligand_sites	passes_validation	pdb_id	receptor_chains	receptor_is_chimeric_chain	site_class	split	system_id
GST-Sj26	1.C	GSH:FUSION	True	1DUG	1.A,1.B	True	FUSION	train	1dug__1__1.A_1.B__1.C
GST-Sj26	1.D	GSH:FUSION	True	1DUG	1.A,1.B	True	FUSION	train	1dug__1__1.A_1.B__1.D
MBP	1.C,1.D	GLC:FUSION;GLC:FUSION	False	1HSJ	1.A	True	FUSION	train	1hsj__1__1.A__1.C_1.D
MBP	1.E,1.F	GLC:FUSION;GLC:FUSION	False	1HSJ	1.B	True	FUSION	train	1hsj__1__1.B__1.E_1.F
MBP	1.D	GLC:FUSION;GLC:FUSION;GLC:FUSION;GLC:FUSION	False	1R6Z	1.A	True	FUSION	train	1r6z__1__1.A__1.D
MBP	1.E		False	1R6Z	1.B	False		train	1r6z__1__1.B__1.E
MBP	1.F		False	1R6Z	1.C	False		train	1r6z__1__1.C__1.F
MBP	1.D	GLC:FUSION;GLC:FUSION;GLC:FUSION;GLC:FUSION	False	1R6Z	1.A	True	FUSION	train	1r6z__2__1.A__1.D
MBP	1.E		False	1R6Z	1.B	False		train	1r6z__3__1.B__1.E
MBP	1.F		False	1R6Z	1.C	False		train	1r6z__4__1.C__1.F
T4L	1.B	GLC:FUSION;GLC:FUSION	False	2RH1	1.A	True	FUSION	train	2rh1__1__1.A__1.B
T4L	1.I	CAU:TARGET	False	2RH1	1.A	True	TARGET	train	2rh1__1__1.A__1.I
T4L	1.M,1.O	CLR:TARGET;CLR:TARGET	False	2RH1	1.A	True	TARGET	train	2rh1__1__1.A__1.M_1.O
T4L	1.N,1.P	CLR:TARGET;PLM:TARGET	False	2RH1	1.A	True	TARGET	train	2rh1__1__1.A__1.N_1.P
MBP	1.B	GLC:FUSION;GLC:FUSION;GLC:FUSION;GLC:FUSION	False	2VGQ	1.A	True	FUSION	train	2vgq__1__1.A__1.B
MBP	1.B	GLC:FUSION;GLC:FUSION	False	2ZXT	1.A	True	FUSION	train	2zxt__1__1.A__1.B
MBP	1.B	GLC:FUSION;GLC:FUSION	False	3A3C	1.A	True	FUSION	train	3a3c__1__1.A__1.B
MBP	1.E	GLC:FUSION;GLC:FUSION	False	3C4M	1.A	True	FUSION	train	3c4m__1__1.A__1.E
MBP	1.F	GLC:FUSION;GLC:FUSION	False	3C4M	1.B	True	FUSION	train	3c4m__2__1.B__1.F
MBP	1.B	GLC:FUSION;GLC:FUSION	True	3D4C	1.A	True	FUSION	train	3d4c__1__1.A__1.B
MBP	1.I	GLC:FUSION;GLC:FUSION	True	3D4G	1.A	True	FUSION	train	3d4g__1__1.A__1.I
MBP	1.J	GLC:FUSION;GLC:FUSION	True	3D4G	1.B	True	FUSION	train	3d4g__2__1.B__1.J
MBP	1.K	GLC:FUSION;GLC:FUSION	True	3D4G	1.C	True	FUSION	train	3d4g__3__1.C__1.K
MBP	1.L	GLC:FUSION;GLC:FUSION	True	3D4G	1.D	True	FUSION	train	3d4g__4__1.D__1.L
MBP	1.M	GLC:FUSION;GLC:FUSION	True	3D4G	1.E	True	FUSION	train	3d4g__5__1.E__1.M
MBP	1.N	GLC:FUSION;GLC:FUSION	True	3D4G	1.F	True	FUSION	train	3d4g__6__1.F__1.N
MBP	1.O	GLC:FUSION;GLC:FUSION	True	3D4G	1.G	True	FUSION	train	3d4g__7__1.G__1.O
MBP	1.P	GLC:FUSION;GLC:FUSION	True	3D4G	1.H	True	FUSION	train	3d4g__8__1.H__1.P
T4L	1.B	TIM:TARGET	True	3D4S	1.A	True	TARGET	train	3d4s__1__1.A__1.B
T4L	1.C,1.D	CLR:TARGET;CLR:TARGET	False	3D4S	1.A	True	TARGET	train	3d4s__1__1.A__1.C_1.D
MBP	1.B,1.C		False	3DM0	1.A	True		removed	3dm0__1__1.A__1.B_1.C
MBP	1.C	GLC:FUSION;GLC:FUSION	False	3EF7	1.A	True	FUSION	train	3ef7__1__1.A__1.C
MBP	1.D	GLC:FUSION;GLC:FUSION	False	3EF7	1.B	True	FUSION	train	3ef7__2__1.B__1.D
MBP	1.C	GLC:FUSION;GLC:FUSION	False	3EF7	1.A	True	FUSION	train	3ef7__3__1.A__1.C
MBP	1.D	GLC:FUSION;GLC:FUSION	False	3EF7	1.B	True	FUSION	train	3ef7__3__1.B__1.D
MBP	2.C	GLC:FUSION;GLC:FUSION	False	3EF7	2.A	True	FUSION	train	3ef7__3__2.A__2.C
MBP	2.D	GLC:FUSION;GLC:FUSION	False	3EF7	2.B	True	FUSION	train	3ef7__3__2.B__2.D
MBP	1.B	GLC:FUSION;GLC:FUSION	False	3EHS	1.A	True	FUSION	train	3ehs__1__1.A__1.B
MBP	1.C	GLC:FUSION;GLC:FUSION	True	3EHT	1.A	True	FUSION	train	3eht__1__1.A__1.C
MBP	1.E	GLC:FUSION;GLC:FUSION	True	3EHU	1.A	True	FUSION	train	3ehu__1__1.A__1.E
MBP	1.F	GLC:FUSION;GLC:FUSION	True	3EHU	1.B	True	FUSION	train	3ehu__2__1.B__1.F
T4L	1.B	ZMA:TARGET	True	3EML	1.A	True	TARGET	train	3eml__1__1.A__1.B
MBP	1.B	GLC:FUSION;GLC:FUSION	False	3F5F	1.A	True	FUSION	train	3f5f__1__1.A__1.B
MBP	1.C	A3P:TARGET	True	3F5F	1.A	True	TARGET	train	3f5f__1__1.A__1.C
MBP	2.B	GLC:FUSION;GLC:FUSION	False	3F5F	2.A	True	FUSION	train	3f5f__1__2.A__2.B
MBP	2.C	A3P:TARGET	True	3F5F	2.A	True	TARGET	train	3f5f__1__2.A__2.C
MBP	3.B	GLC:FUSION;GLC:FUSION	False	3F5F	3.A	True	FUSION	train	3f5f__1__3.A__3.B
MBP	3.C	A3P:TARGET	True	3F5F	3.A	True	TARGET	train	3f5f__1__3.A__3.C
MBP	1.E	GLC:FUSION;GLC:FUSION	True	3G7V	1.A	True	FUSION	train	3g7v__1__1.A__1.E
MBP	1.F	GLC:FUSION;GLC:FUSION	True	3G7V	1.B	True	FUSION	train	3g7v__1__1.B__1.F
MBP	1.G	GLC:FUSION;GLC:FUSION	True	3G7V	1.C	True	FUSION	train	3g7v__2__1.C__1.G
MBP	1.H	GLC:FUSION;GLC:FUSION	True	3G7V	1.D	True	FUSION	train	3g7v__2__1.D__1.H
MBP	1.B	GLC:FUSION;GLC:FUSION;GLC:FUSION	False	3G7W	1.A	True	FUSION	train	3g7w__1__1.A__1.B
MBP	1.B	GLC:FUSION;GLC:FUSION;GLC:FUSION	False	3G7W	1.A	True	FUSION	train	3g7w__2__1.A__1.B
MBP	2.B	GLC:FUSION;GLC:FUSION;GLC:FUSION	False	3G7W	2.A	True	FUSION	train	3g7w__2__2.A__2.B
MBP	1.C	GLC:FUSION;GLC:FUSION	True	3H3G	1.A	True	FUSION	train	3h3g__1__1.A__1.C
MBP	1.D	GLC:FUSION;GLC:FUSION	True	3H4Z	1.A	True	FUSION	train	3h4z__1__1.A__1.D
MBP	1.E	GLC:FUSION;GLC:FUSION	True	3H4Z	1.B	True	FUSION	train	3h4z__2__1.B__1.E
MBP	1.F	GLC:FUSION;GLC:FUSION	True	3H4Z	1.C	True	FUSION	train	3h4z__3__1.C__1.F
MBP	1.C	GLC:FUSION;GLC:FUSION	True	3L2J	1.A	True	FUSION	train	3l2j__1__1.A__1.C
MBP	1.D	GLC:FUSION;GLC:FUSION	False	3L2J	1.B	True	FUSION	train	3l2j__1__1.B__1.D
MBP	1.C	GLC:FUSION;GLC:FUSION	False	3LBS	1.A	True	FUSION	train	3lbs__1__1.A__1.C
MBP	1.D	GLC:FUSION;GLC:FUSION	False	3LBS	1.B	True	FUSION	train	3lbs__1__1.B__1.D
MBP	1.B	GLC:FUSION;GLC:FUSION	False	3MP1	1.A	True	FUSION	train	3mp1__1__1.A__1.B
MBP	1.C	GLC:FUSION;GLC:FUSION	True	3MP1	1.A	True	FUSION	train	3mp1__1__1.A__1.C
MBP	1.B	GLC:FUSION;GLC:FUSION	False	3MP6	1.A	True	FUSION	train	3mp6__1__1.A__1.B
MBP	1.C	GLC:FUSION;GLC:FUSION	True	3MP6	1.A	True	FUSION	train	3mp6__1__1.A__1.C
MBP	1.B,1.T	NA:FUSION;GLC:FUSION;GLC:FUSION	False	3MP8	1.A	True	FUSION	train	3mp8__1__1.A__1.B_1.T
MBP	1.Z	4BZ:FUSION	False	3MP8	1.A	True	FUSION	train	3mp8__1__1.A__1.Z
MBP	1.D	GLC:FUSION;GLC:FUSION	True	3N93	1.A	True	FUSION	train	3n93__1__1.A__1.D
MBP	1.E	GLC:FUSION;GLC:FUSION	True	3N93	1.B	True	FUSION	train	3n93__1__1.B__1.E
MBP	2.D	GLC:FUSION;GLC:FUSION	True	3N93	2.A	True	FUSION	train	3n93__1__2.A__2.D
MBP	2.E	GLC:FUSION;GLC:FUSION	True	3N93	2.B	True	FUSION	train	3n93__1__2.B__2.E
MBP	1.D	GLC:FUSION;GLC:FUSION	True	3N93	1.A	True	FUSION	train	3n93__2__1.A__1.D
MBP	1.E	GLC:FUSION;GLC:FUSION	True	3N93	1.B	True	FUSION	train	3n93__2__1.B__1.E
MBP	1.D	GLC:FUSION;GLC:FUSION	True	3N93	1.A	True	FUSION	train	3n93__3__1.A__1.D
MBP	1.E	GLC:FUSION;GLC:FUSION	True	3N93	1.B	True	FUSION	train	3n93__4__1.B__1.E
MBP	1.B	GLC:FUSION;GLC:FUSION	True	3N94	1.A	True	FUSION	train	3n94__1__1.A__1.B
MBP	1.G	GLC:FUSION;GLC:FUSION	True	3N95	1.A	True	FUSION	train	3n95__1__1.A__1.G
MBP	1.I	GLC:FUSION;GLC:FUSION	True	3N95	1.C	True	FUSION	train	3n95__1__1.C__1.I
MBP	2.H	GLC:FUSION;GLC:FUSION	True	3N95	2.B	True	FUSION	train	3n95__1__2.B__2.H
MBP	2.J	GLC:FUSION;GLC:FUSION	True	3N95	2.D	True	FUSION	train	3n95__1__2.D__2.J
MBP	1.G	GLC:FUSION;GLC:FUSION	True	3N95	1.A	True	FUSION	train	3n95__2__1.A__1.G
MBP	1.I	GLC:FUSION;GLC:FUSION	True	3N95	1.C	True	FUSION	train	3n95__2__1.C__1.I
MBP	1.H	GLC:FUSION;GLC:FUSION	True	3N95	1.B	True	FUSION	train	3n95__3__1.B__1.H
MBP	1.J	GLC:FUSION;GLC:FUSION	True	3N95	1.D	True	FUSION	train	3n95__3__1.D__1.J
MBP	1.G	GLC:FUSION;GLC:FUSION	True	3N95	1.A	True	FUSION	train	3n95__4__1.A__1.G
MBP	1.H	GLC:FUSION;GLC:FUSION	True	3N95	1.B	True	FUSION	train	3n95__5__1.B__1.H
MBP	1.I	GLC:FUSION;GLC:FUSION	True	3N95	1.C	True	FUSION	train	3n95__6__1.C__1.I
MBP	1.J	GLC:FUSION;GLC:FUSION	True	3N95	1.D	True	FUSION	train	3n95__7__1.D__1.J
MBP	1.I	GLC:FUSION;GLC:FUSION	True	3N96	1.A	True	FUSION	train	3n96__1__1.A__1.I
MBP	1.L	GLC:FUSION;GLC:FUSION	True	3N96	1.D	True	FUSION	train	3n96__1__1.D__1.L
MBP	1.J	GLC:FUSION;GLC:FUSION	True	3N96	1.B	True	FUSION	train	3n96__2__1.B__1.J
MBP	1.K	GLC:FUSION;GLC:FUSION	True	3N96	1.C	True	FUSION	train	3n96__2__1.C__1.K
MBP	1.I	GLC:FUSION;GLC:FUSION	True	3N96	1.A	True	FUSION	train	3n96__3__1.A__1.I
MBP	1.J	GLC:FUSION;GLC:FUSION	True	3N96	1.B	True	FUSION	train	3n96__4__1.B__1.J
MBP	1.K	GLC:FUSION;GLC:FUSION	True	3N96	1.C	True	FUSION	train	3n96__5__1.C__1.K
MBP	1.L	GLC:FUSION;GLC:FUSION	True	3N96	1.D	True	FUSION	train	3n96__6__1.D__1.L
T4L	1.B,1.C,1.E,1.H	CLR:TARGET;CLR:TARGET;OLA:TARGET;PGE:TARGET	False	3NY8	1.A	True	TARGET	train	3ny8__1__1.A__1.B_1.C_1.E_1.H
T4L	1.D	JRZ:TARGET	False	3NY8	1.A	True	TARGET	train	3ny8__1__1.A__1.D
T4L	1.B	CLR:TARGET	False	3NY9	1.A	True	TARGET	train	3ny9__1__1.A__1.B
T4L	1.C	CLR:TARGET	False	3NY9	1.A	True	TARGET	train	3ny9__1__1.A__1.C
T4L	1.D	JSZ:TARGET	False	3NY9	1.A	True	TARGET	train	3ny9__1__1.A__1.D
T4L	1.B,1.C	CLR:TARGET;CLR:TARGET	False	3NYA	1.A	True	TARGET	train	3nya__1__1.A__1.B_1.C
T4L	1.D	JTZ:TARGET	False	3NYA	1.A	True	TARGET	train	3nya__1__1.A__1.D
MBP	1.B		True	3O3U	1.A	False		train	3o3u__1__1.A__1.B
MBP	1.C	GLC:FUSION;GLC:FUSION	False	3OAI	1.A	True	FUSION	train	3oai__1__1.A__1.C
MBP	1.D	GLC:FUSION;GLC:FUSION	False	3OAI	1.B	True	FUSION	train	3oai__2__1.B__1.D
MBP	1.B	GLC:FUSION;GLC:FUSION;GLC:FUSION	False	3OB4	1.A	True	FUSION	train	3ob4__1__1.A__1.B
MBP	2.B	GLC:FUSION;GLC:FUSION;GLC:FUSION	False	3OB4	2.A	True	FUSION	train	3ob4__1__2.A__2.B
T4L	1.C,1.E	ITD:TARGET;OLC:TARGET	False	3ODU	1.A	True	TARGET	train	3odu__1__1.A__1.C_1.E
T4L	1.H	ITD:TARGET	True	3ODU	1.B	True	TARGET	train	3odu__1__1.B__1.H
T4L	1.B	ALN:TARGET	False	3OE0	1.A,2.A	True	TARGET	train	3oe0__1__1.A_2.A__1.B
T4L	2.B	ALN:TARGET	False	3OE0	1.A,2.A	True	TARGET	train	3oe0__1__1.A_2.A__2.B
T4L	1.B	ITD:TARGET	False	3OE6	1.A	True	TARGET	train	3oe6__1__1.A__1.B
T4L	2.B	ITD:TARGET	False	3OE6	2.A	True	TARGET	train	3oe6__1__2.A__2.B
T4L	1.E	ITD:TARGET	True	3OE8	1.B	True	TARGET	train	3oe8__1__1.B__1.E
T4L	1.F	ITD:TARGET	True	3OE8	1.C	True	TARGET	train	3oe8__1__1.C__1.F
T4L	1.D	ITD:TARGET	False	3OE8	1.A	True	TARGET	train	3oe8__2__1.A__1.D
T4L	1.E	ITD:TARGET	True	3OE8	1.B	True	TARGET	train	3oe8__2__1.B__1.E
T4L	1.F	ITD:TARGET	True	3OE8	1.C	True	TARGET	train	3oe8__2__1.C__1.F
T4L	1.D	ITD:TARGET	False	3OE8	1.A	True	TARGET	train	3oe8__3__1.A__1.D
T4L	1.C	ITD:TARGET	True	3OE9	1.A	True	TARGET	train	3oe9__1__1.A__1.C
T4L	1.D	ITD:TARGET	True	3OE9	1.B	True	TARGET	train	3oe9__1__1.B__1.D
T4L	1.C	P0G:TARGET	False	3P0G	1.A	True	TARGET	train	3p0g__1__1.A__1.C
T4L	1.C	GLC:FUSION;GLC:FUSION	False	3PBL	1.A	True	FUSION	train	3pbl__1__1.A__1.C
T4L	1.E	ETQ:TARGET	True	3PBL	1.A	True	TARGET	train	3pbl__1__1.A__1.E
T4L	1.D	GLC:FUSION;GLC:FUSION	True	3PBL	1.B	True	FUSION	train	3pbl__2__1.B__1.D
T4L	1.F	ETQ:TARGET	True	3PBL	1.B	True	TARGET	train	3pbl__2__1.B__1.F
T4L	1.B	ERC:TARGET	False	3PDS	1.A	True	TARGET	train	3pds__1__1.A__1.B
T4L	1.C	CLR:TARGET	False	3PDS	1.A	True	TARGET	train	3pds__1__1.A__1.C
MBP	1.B	GLC:FUSION;GLC:FUSION;GLC:FUSION	True	3PY7	1.A	True	FUSION	train	3py7__1__1.A__1.B
MBP	1.B	GLC:FUSION;GLC:FUSION	True	3Q25	1.A	True	FUSION	train	3q25__1__1.A__1.B
MBP	1.B	GLC:FUSION;GLC:FUSION	True	3Q25	1.A	True	FUSION	train	3q25__2__1.A__1.B
MBP	2.B	GLC:FUSION;GLC:FUSION	True	3Q25	2.A	True	FUSION	train	3q25__2__2.A__2.B
MBP	1.B	GLC:FUSION;GLC:FUSION	False	3Q26	1.A	True	FUSION	train	3q26__1__1.A__1.B
MBP	1.B	GLC:FUSION;GLC:FUSION	False	3Q27	1.A	True	FUSION	train	3q27__1__1.A__1.B
MBP	1.B	GLC:FUSION;GLC:FUSION	False	3Q28	1.A	True	FUSION	train	3q28__1__1.A__1.B
MBP	1.C	SO4:FUSION;SO4:FUSION;SO4:FUSION;SO4:FUSION;SO4:FUSION;SO4:FUSION;GOL:FUSION;GOL:FUSION;GLC:FUSION;GLC:FUSION	True	3Q29	1.A	True	FUSION	train	3q29__1__1.A__1.C
MBP	1.D		True	3Q29	1.B	False		train	3q29__1__1.B__1.D
MBP	1.D		True	3Q29	1.B	False		train	3q29__2__1.B__1.D
MBP	2.C	SO4:FUSION;SO4:FUSION;SO4:FUSION;SO4:FUSION;SO4:FUSION;SO4:FUSION;GOL:FUSION;GOL:FUSION;GLC:FUSION;GLC:FUSION	True	3Q29	2.A	True	FUSION	train	3q29__2__2.A__2.C
T4L	1.B	UKA:TARGET	False	3QAK	1.A	True	TARGET	train	3qak__1__1.A__1.B
T4L	1.B,1.C,1.D	5EH:TARGET;D7V:TARGET;PO4:TARGET	False	3RZE	1.A	True	TARGET	train	3rze__1__1.A__1.B_1.C_1.D
T4L	1.F		False	3SN6	1.D	False		train	3sn6__1__1.D__1.F
BRIL/cyt-b562,GFP	1.D		True	3U8P	1.A	True		removed	3u8p__1__1.A__1.D
BRIL/cyt-b562,GFP	1.E		True	3U8P	1.B	True		removed	3u8p__2__1.B__1.E
BRIL/cyt-b562,GFP	1.F		True	3U8P	1.C	True		removed	3u8p__3__1.C__1.F
SUMO/Smt3	1.B	FK5:TARGET	False	3UF8	1.A	True	TARGET	train	3uf8__1__1.A__1.B
T4L	1.B	QNB:TARGET	False	3UON	1.A	True	TARGET	train	3uon__1__1.A__1.B
T4L	1.C	BGC:FUSION	False	3UON	1.A	True	FUSION	train	3uon__1__1.A__1.C
SUMO/Smt3	1.B	FK5:TARGET	False	3UQA	1.A	True	TARGET	train	3uqa__1__1.A__1.B
SUMO/Smt3	1.B	FK5:TARGET	False	3UQB	1.A	True	TARGET	train	3uqb__1__1.A__1.B
T4L	1.B	ML5:TARGET	False	3V2W	1.A	True	TARGET	train	3v2w__1__1.A__1.B
T4L	1.C	NAG:TARGET	False	3V2W	1.A	True	TARGET	train	3v2w__1__1.A__1.C
T4L	1.B	ML5:TARGET	False	3V2Y	1.A	True	TARGET	train	3v2y__1__1.A__1.B
T4L	1.C	NAG:TARGET	False	3V2Y	1.A	True	TARGET	train	3v2y__1__1.A__1.C
SUMO/Smt3	1.B	FK5:TARGET	False	3VAW	1.A	True	TARGET	train	3vaw__1__1.A__1.B
T4L	1.B,1.H	VPX:TARGET;OLC:TARGET	False	3VW7	1.A	True	TARGET	train	3vw7__1__1.A__1.B_1.H
MBP	1.B	GLC:FUSION;GLC:FUSION	True	3WOA	1.A	True	FUSION	train	3woa__1__1.A__1.B
GST-Sj26	1.C,1.L	ATP:TARGET;MG:TARGET	False	4AI6	1.A	True	TARGET	train	4ai6__1__1.A__1.C_1.L
GST-Sj26	1.D	ADP:TARGET	False	4AI6	1.A	True	TARGET	train	4ai6__1__1.A__1.D
GST-Sj26	1.E		False	4AI6	1.A	True		removed	4ai6__1__1.A__1.E
GST-Sj26	1.G,1.H	MG:TARGET;ATP:TARGET	False	4AI6	1.B	True	TARGET	train	4ai6__1__1.B__1.G_1.H
GST-Sj26	1.I	ADP:TARGET	False	4AI6	1.B	True	TARGET	train	4ai6__1__1.B__1.I
GST-Sj26	1.J		False	4AI6	1.B	True		removed	4ai6__1__1.B__1.J
GST-Sj26	1.C,1.E	ATP:TARGET;MG:TARGET	False	4AKG	1.A	True	TARGET	train	4akg__1__1.A__1.C_1.E
GST-Sj26	1.D	ADP:TARGET	False	4AKG	1.A	True	TARGET	train	4akg__1__1.A__1.D
GST-Sj26	1.H,1.J	ATP:TARGET;MG:TARGET	False	4AKG	1.B	True	TARGET	train	4akg__1__1.B__1.H_1.J
GST-Sj26	1.I	ADP:TARGET	False	4AKG	1.B	True	TARGET	train	4akg__1__1.B__1.I
GST-Sj26	1.C,1.G	ATP:TARGET;MG:TARGET	False	4AKH	1.A	True	TARGET	train	4akh__1__1.A__1.C_1.G
GST-Sj26	1.D	ANP:TARGET	False	4AKH	1.A	True	TARGET	train	4akh__1__1.A__1.D
GST-Sj26	1.H,1.L	ATP:TARGET;MG:TARGET	False	4AKH	1.B	True	TARGET	train	4akh__2__1.B__1.H_1.L
GST-Sj26	1.I	ANP:TARGET	False	4AKH	1.B	True	TARGET	train	4akh__2__1.B__1.I
GST-Sj26	1.C,1.G	ATP:TARGET;MG:TARGET	False	4AKI	1.A	True	TARGET	train	4aki__1__1.A__1.C_1.G
GST-Sj26	1.H,1.L	ATP:TARGET;MG:TARGET	False	4AKI	1.B	True	TARGET	train	4aki__1__1.B__1.H_1.L
GFP	1.C,1.D,1.E		True	4ANJ	1.A	True		removed	4anj__1__1.A__1.C_1.D_1.E
MBP	1.C		True	4B3N	1.A	True		removed	4b3n__1__1.A__1.C
MBP	1.D		True	4B3N	1.B	True		removed	4b3n__2__1.B__1.D
MBP	1.C	GLC:FUSION;GLC:FUSION	True	4BL8	1.A	True	FUSION	train	4bl8__1__1.A__1.C
MBP	1.D	GLC:FUSION;GLC:FUSION	True	4BL8	1.B	True	FUSION	train	4bl8__2__1.B__1.D
MBP	1.E	GLC:FUSION;GLC:FUSION	True	4BL9	1.A	True	FUSION	train	4bl9__1__1.A__1.E
MBP	1.F	GLC:FUSION;GLC:FUSION	True	4BL9	1.B	True	FUSION	train	4bl9__2__1.B__1.F
MBP	1.G	GLC:FUSION;GLC:FUSION	True	4BL9	1.C	True	FUSION	train	4bl9__3__1.C__1.G
MBP	1.H	GLC:FUSION;GLC:FUSION	True	4BL9	1.D	True	FUSION	train	4bl9__4__1.D__1.H
MBP	1.G		True	4BLB	1.C	True	NOT_ON_CHIMERIC_ENTITY	train	4blb__1__1.C__1.G
MBP	1.K	GLC:FUSION;GLC:FUSION	True	4BLB	1.C	True	FUSION	train	4blb__1__1.C__1.K
MBP	1.E		True	4BLB	1.A	True	NOT_ON_CHIMERIC_ENTITY	train	4blb__2__1.A__1.E
MBP	1.I	GLC:FUSION;GLC:FUSION	True	4BLB	1.A	True	FUSION	train	4blb__2__1.A__1.I
MBP	1.H		True	4BLB	1.D	True	NOT_ON_CHIMERIC_ENTITY	train	4blb__3__1.D__1.H
MBP	1.L	GLC:FUSION;GLC:FUSION	True	4BLB	1.D	True	FUSION	train	4blb__3__1.D__1.L
MBP	1.F		True	4BLB	1.B	True	NOT_ON_CHIMERIC_ENTITY	train	4blb__4__1.B__1.F
MBP	1.J	GLC:FUSION;GLC:FUSION	True	4BLB	1.B	True	FUSION	train	4blb__4__1.B__1.J
MBP	1.E		True	4BLD	1.A	True	NOT_ON_CHIMERIC_ENTITY	train	4bld__1__1.A__1.E
MBP	1.I	GLC:FUSION;GLC:FUSION	True	4BLD	1.A	True	FUSION	train	4bld__1__1.A__1.I
MBP	1.G		True	4BLD	1.C	True	NOT_ON_CHIMERIC_ENTITY	train	4bld__2__1.C__1.G
MBP	1.K	GLC:FUSION;GLC:FUSION	True	4BLD	1.C	True	FUSION	train	4bld__2__1.C__1.K
MBP	1.F		True	4BLD	1.B	True	NOT_ON_CHIMERIC_ENTITY	train	4bld__3__1.B__1.F
MBP	1.J	GLC:FUSION;GLC:FUSION	True	4BLD	1.B	True	FUSION	train	4bld__3__1.B__1.J
MBP	1.H		True	4BLD	1.D	True	NOT_ON_CHIMERIC_ENTITY	train	4bld__4__1.D__1.H
MBP	1.L	GLC:FUSION;GLC:FUSION	True	4BLD	1.D	True	FUSION	train	4bld__4__1.D__1.L
T4L	1.E	0HK:TARGET	False	4DAJ	1.A	True	TARGET	train	4daj__1__1.A__1.E
T4L	1.J	0HK:TARGET	False	4DAJ	1.B	True	TARGET	train	4daj__2__1.B__1.J
T4L	1.L	0HK:TARGET	False	4DAJ	1.C	True	TARGET	train	4daj__3__1.C__1.L
T4L	1.O	0HK:TARGET	False	4DAJ	1.D	True	TARGET	train	4daj__4__1.D__1.O
T4L	1.E	0HK:TARGET	False	4DAJ	1.A	True	TARGET	train	4daj__5__1.A__1.E
T4L	1.J	0HK:TARGET	False	4DAJ	1.B	True	TARGET	train	4daj__5__1.B__1.J
T4L	1.L	0HK:TARGET	False	4DAJ	1.C	True	TARGET	train	4daj__6__1.C__1.L
T4L	1.O	0HK:TARGET	False	4DAJ	1.D	True	TARGET	train	4daj__6__1.D__1.O
T4L	1.C	JDC:TARGET	True	4DJH	1.A	True	TARGET	train	4djh__1__1.A__1.C
T4L	1.E	JDC:TARGET	True	4DJH	1.B	True	TARGET	train	4djh__1__1.B__1.E
T4L	1.E	JDC:TARGET	True	4DJH	1.B	True	TARGET	train	4djh__2__1.B__1.E
T4L	2.C	JDC:TARGET	True	4DJH	2.A	True	TARGET	train	4djh__2__2.A__2.C
T4L	1.O	CLR:TARGET	True	4DKL	1.A,2.A	True	TARGET	train	4dkl__1__1.A_2.A__1.O
T4L	2.O	CLR:TARGET	True	4DKL	1.A,2.A	True	TARGET	train	4dkl__1__1.A_2.A__2.O
T4L	1.B	BF0:TARGET	True	4DKL	1.A	True	TARGET	train	4dkl__1__1.A__1.B
T4L	2.B	BF0:TARGET	True	4DKL	2.A	True	TARGET	train	4dkl__1__2.A__2.B
BRIL/cyt-b562	1.C	0NN:TARGET	True	4EA3	1.A	True	TARGET	train	4ea3__1__1.A__1.C
BRIL/cyt-b562	2.F	0NN:TARGET	True	4EA3	2.B	True	TARGET	train	4ea3__1__2.B__2.F
BRIL/cyt-b562	1.C	0NN:TARGET	True	4EA3	1.A	True	TARGET	train	4ea3__2__1.A__1.C
BRIL/cyt-b562	2.F	0NN:TARGET	True	4EA3	2.B	True	TARGET	train	4ea3__2__2.B__2.F
BRIL/cyt-b562	1.C	0NN:TARGET	True	4EA3	1.A	True	TARGET	train	4ea3__3__1.A__1.C
BRIL/cyt-b562	1.F	0NN:TARGET	True	4EA3	1.B	True	TARGET	train	4ea3__3__1.B__1.F
MBP	1.C	GLC:FUSION;GLC:FUSION;GLC:FUSION	True	4EDQ	1.A	True	FUSION	train	4edq__1__1.A__1.C
MBP	1.D	GLC:FUSION;GLC:FUSION;GLC:FUSION	True	4EDQ	1.B	True	FUSION	train	4edq__2__1.B__1.D
MBP	1.C	GLC:FUSION;GLC:FUSION	True	4EGC	1.A	True	FUSION	train	4egc__1__1.A__1.C
BRIL/cyt-b562	1.B	ZMA:TARGET	False	4EIY	1.A	True	TARGET	train	4eiy__1__1.A__1.B
BRIL/cyt-b562	1.BA,1.F,1.W	CLR:TARGET;OLC:TARGET;OLC:TARGET	False	4EIY	1.A	True	TARGET	train	4eiy__1__1.A__1.BA_1.F_1.W
BRIL/cyt-b562	1.E,1.H	CLR:TARGET;OLA:TARGET	False	4EIY	1.A	True	TARGET	train	4eiy__1__1.A__1.E_1.H
T4L	1.B	EJ4:TARGET	True	4EJ4	1.A	True	TARGET	train	4ej4__1__1.A__1.B
MBP	1.B	GLC:FUSION;GLC:FUSION;GLC:FUSION;GLC:FUSION	False	4EXK	1.A	True	FUSION	train	4exk__1__1.A__1.B
MBP	2.B	GLC:FUSION;GLC:FUSION;GLC:FUSION;GLC:FUSION	False	4EXK	2.A	True	FUSION	train	4exk__1__2.A__2.B
SUMO/Smt3	1.C	854:TARGET	False	4FN2	1.A	True	TARGET	train	4fn2__1__1.A__1.C
SUMO/Smt3	1.D	854:TARGET	False	4FN2	1.B	True	TARGET	train	4fn2__2__1.B__1.D
SUMO/Smt3	1.C	861:TARGET	True	4G50	1.A	True	TARGET	train	4g50__1__1.A__1.C
SUMO/Smt3	1.F	861:TARGET	False	4G50	1.B	True	TARGET	train	4g50__2__1.B__1.F
SUMO/Smt3	1.F	861:TARGET	False	4GGQ	1.A	True	TARGET	train	4ggq__1__1.A__1.F
SUMO/Smt3	1.I	861:TARGET	False	4GGQ	1.B	True	TARGET	train	4ggq__2__1.B__1.I
SUMO/Smt3	1.J	861:TARGET	True	4GGQ	1.C	True	TARGET	train	4ggq__3__1.C__1.J
SUMO/Smt3	1.K	861:TARGET	True	4GGQ	1.D	True	TARGET	train	4ggq__4__1.D__1.K
SUMO/Smt3	1.C	4GI:TARGET	False	4GIV	1.A	True	TARGET	train	4giv__1__1.A__1.C
SUMO/Smt3	1.F	4GI:TARGET	False	4GIV	1.B	True	TARGET	train	4giv__2__1.B__1.F
MBP	1.E	GLC:FUSION;GLC:FUSION;GLC:FUSION;GLC:FUSION;GLC:FUSION;GLC:FUSION	True	4GIZ	1.A,1.C	True	FUSION	train	4giz__1__1.A_1.C__1.E
MBP	1.F	GLC:FUSION;GLC:FUSION;GLC:FUSION;GLC:FUSION;GLC:FUSION	True	4GIZ	1.B,1.D	True	FUSION	train	4giz__2__1.B_1.D__1.F
T4L	1.B		False	4GRV	1.A	True	NOT_ON_CHIMERIC_ENTITY	train	4grv__1__1.A__1.B
MBP	1.B		False	4H1G	1.A	True		removed	4h1g__1__1.A__1.B
MBP	1.C,1.D		False	4H1G	1.A	True		removed	4h1g__1__1.A__1.C_1.D
BRIL/cyt-b562	1.B	2GM:TARGET	True	4IAQ	1.A	True	TARGET	train	4iaq__1__1.A__1.B
BRIL/cyt-b562	2.B	2GM:TARGET	True	4IAQ	2.A	True	TARGET	train	4iaq__1__2.A__2.B
BRIL/cyt-b562	1.B	ERM:TARGET	True	4IAR	1.A	True	TARGET	train	4iar__1__1.A__1.B
BRIL/cyt-b562	1.B	ERM:TARGET	False	4IB4	1.A	True	TARGET	train	4ib4__1__1.A__1.B
BRIL/cyt-b562	1.C,1.D,1.G,1.H	PLM:TARGET;CLR:TARGET;OLB:TARGET;OLB:TARGET	False	4IB4	1.A	True	TARGET	train	4ib4__1__1.A__1.C_1.D_1.G_1.H
MBP	1.D	GLC:FUSION;GLC:FUSION	True	4IFP	1.A	True	FUSION	train	4ifp__1__1.A__1.D
MBP	1.E	GLC:FUSION;GLC:FUSION	True	4IFP	1.B	True	FUSION	train	4ifp__2__1.B__1.E
MBP	1.F	GLC:FUSION;GLC:FUSION	True	4IFP	1.C	True	FUSION	train	4ifp__3__1.C__1.F
MBP	1.B	GLC:FUSION;GLC:FUSION	False	4IKM	1.A	True	FUSION	train	4ikm__1__1.A__1.B
MBP	1.D	GLC:FUSION;GLC:FUSION;GLC:FUSION;GLC:FUSION	False	4IRL	1.A	True	FUSION	train	4irl__1__1.A__1.D
MBP	1.E	GLC:FUSION;GLC:FUSION;GLC:FUSION;GLC:FUSION	True	4IRL	1.B	True	FUSION	train	4irl__2__1.B__1.E
MBP	1.F	GLC:FUSION;GLC:FUSION;GLC:FUSION;GLC:FUSION	True	4IRL	1.C	True	FUSION	train	4irl__3__1.C__1.F
MBP	1.D	GLC:FUSION;GLC:FUSION	False	4JBZ	1.A	True	FUSION	train	4jbz__1__1.A__1.D
MBP	1.E	GLC:FUSION;GLC:FUSION	False	4JBZ	1.B	True	FUSION	train	4jbz__1__1.B__1.E
MBP	1.F	GLC:FUSION;GLC:FUSION	False	4JBZ	1.C	True	FUSION	train	4jbz__1__1.C__1.F
BRIL/cyt-b562	1.C	1KS:TARGET	True	4JKV	1.A	True	TARGET	train	4jkv__1__1.A__1.C
BRIL/cyt-b562	1.L	1KS:TARGET	True	4JKV	1.B	True	TARGET	train	4jkv__1__1.B__1.L
T4L	1.D	1Q5:TARGET	True	4K5Y	1.A	True	TARGET	train	4k5y__1__1.A__1.D
T4L	1.I	1Q5:TARGET	True	4K5Y	1.B	True	TARGET	train	4k5y__2__1.B__1.I
T4L	1.R	1Q5:TARGET	True	4K5Y	1.C	True	TARGET	train	4k5y__3__1.C__1.R
MBP	1.B,1.D	BO3:FUSION;GLC:FUSION;GLC:FUSION	False	4KYC	1.A	True	FUSION	train	4kyc__1__1.A__1.B_1.D
MBP	1.C	GLC:FUSION;GLC:FUSION	True	4KYD	1.A	True	FUSION	train	4kyd__1__1.A__1.C
MBP	1.D	GLC:FUSION;GLC:FUSION	True	4KYD	1.B	True	FUSION	train	4kyd__2__1.B__1.D
MBP	1.C	GLC:FUSION;GLC:FUSION	True	4KYD	1.A	True	FUSION	train	4kyd__3__1.A__1.C
MBP	1.D	GLC:FUSION;GLC:FUSION	True	4KYD	1.B	True	FUSION	train	4kyd__3__1.B__1.D
MBP	1.B	GLC:FUSION;GLC:FUSION	False	4KYE	1.A	True	FUSION	train	4kye__1__1.A__1.B
MBP	1.B	GLC:FUSION;GLC:FUSION	False	4KYE	1.A	True	FUSION	train	4kye__2__1.A__1.B
MBP	2.B	GLC:FUSION;GLC:FUSION	False	4KYE	2.A	True	FUSION	train	4kye__2__2.A__2.B
T4L	1.C	P0G:TARGET	True	4LDE	1.A	True	TARGET	train	4lde__1__1.A__1.C
T4L	1.E	1WV:TARGET	False	4LDE	1.A	True	TARGET	train	4lde__1__1.A__1.E
T4L	1.C	XQC:TARGET	True	4LDL	1.A	True	TARGET	train	4ldl__1__1.A__1.C
T4L	1.E	1WV:TARGET	False	4LDL	1.A	True	TARGET	train	4ldl__1__1.A__1.E
T4L	1.C	1WV:TARGET	False	4LDO	1.A	True	TARGET	train	4ldo__1__1.A__1.C
T4L	1.D	ALE:TARGET	True	4LDO	1.A	True	TARGET	train	4ldo__1__1.A__1.D
rubredoxin	1.C	MRV:TARGET	False	4MBS	1.A	True	TARGET	train	4mbs__1__1.A__1.C
rubredoxin	1.K	MRV:TARGET	False	4MBS	1.B	True	TARGET	train	4mbs__2__1.B__1.K
BRIL/cyt-b562	1.T	EJ4:TARGET	False	4N6H	1.A	True	TARGET	train	4n6h__1__1.A__1.T
BRIL/cyt-b562	1.C	ERM:TARGET	False	4NC3	1.A	True	TARGET	train	4nc3__1__1.A__1.C
BRIL/cyt-b562	1.D,1.F	CLR:TARGET	False	4NC3	1.A	True	TARGET	train	4nc3__1__1.A__1.D_1.F
MBP	1.G,1.R	NPO:TARGET;BDP:TARGET;GNS:TARGET;IDR:TARGET;GNS:TARGET;BDP:TARGET;BDP:TARGET	False	4NDZ	1.A,1.B	True	TARGET	train	4ndz__1__1.A_1.B__1.G_1.R
MBP	1.Q	A3P:TARGET	False	4NDZ	1.A	True	TARGET	train	4ndz__1__1.A__1.Q
MBP	1.I,1.T	NPO:TARGET;BDP:TARGET;GNS:TARGET;IDR:TARGET;GNS:TARGET;BDP:TARGET	False	4NDZ	1.B,1.C	True	TARGET	train	4ndz__1__1.B_1.C__1.I_1.T
MBP	1.H	GLC:FUSION;GLC:FUSION	False	4NDZ	1.B	True	FUSION	train	4ndz__1__1.B__1.H
MBP	1.S	A3P:TARGET	False	4NDZ	1.B	True	TARGET	train	4ndz__1__1.B__1.S
MBP	1.J	GLC:FUSION;GLC:FUSION	False	4NDZ	1.C	True	FUSION	train	4ndz__1__1.C__1.J
MBP	1.U	A3P:TARGET	False	4NDZ	1.C	True	TARGET	train	4ndz__1__1.C__1.U
MBP	1.L,1.W	NPO:TARGET;BDP:TARGET;GNS:TARGET;IDR:TARGET;GNS:TARGET;BDP:TARGET;BDP:TARGET	False	4NDZ	1.D,1.E	True	TARGET	train	4ndz__2__1.D_1.E__1.L_1.W
MBP	1.P	BDP:TARGET;GNS:TARGET;IDR:TARGET;GNS:TARGET;BDP:INTERFACE	False	4NDZ	1.D,1.F	True	INTERFACE;TARGET	train	4ndz__2__1.D_1.F__1.P
MBP	1.K	GLC:FUSION;GLC:FUSION	False	4NDZ	1.D	True	FUSION	train	4ndz__2__1.D__1.K
MBP	1.V	A3P:TARGET	False	4NDZ	1.D	True	TARGET	train	4ndz__2__1.D__1.V
MBP	1.N,1.Y	NPO:TARGET;BDP:TARGET;GNS:TARGET;IDR:TARGET;GNS:TARGET;BDP:INTERFACE	False	4NDZ	1.E,1.F	True	INTERFACE;TARGET	train	4ndz__2__1.E_1.F__1.N_1.Y
MBP	1.M	GLC:FUSION;GLC:FUSION	False	4NDZ	1.E	True	FUSION	train	4ndz__2__1.E__1.M
MBP	1.X	A3P:TARGET	False	4NDZ	1.E	True	TARGET	train	4ndz__2__1.E__1.X
MBP	1.O	GLC:FUSION;GLC:FUSION	False	4NDZ	1.F	True	FUSION	train	4ndz__2__1.F__1.O
MBP	1.Z	A3P:TARGET	False	4NDZ	1.F	True	TARGET	train	4ndz__2__1.F__1.Z
BRIL/cyt-b562	1.B	AZJ:TARGET	True	4NTJ	1.A	True	TARGET	train	4ntj__1__1.A__1.B
BRIL/cyt-b562	1.C	CLR:TARGET	True	4NTJ	1.A	True	TARGET	train	4ntj__1__1.A__1.C
BRIL/cyt-b562	1.D,1.F	CLR:TARGET;OLC:TARGET	False	4NTJ	1.A	True	TARGET	train	4ntj__1__1.A__1.D_1.F
MBP	1.C	GLC:FUSION;GLC:FUSION	True	4NUF	1.A	True	FUSION	train	4nuf__1__1.A__1.C
BRIL/cyt-b562	1.B	CY8:TARGET	False	4O9R	1.A	True	TARGET	train	4o9r__1__1.A__1.B
T4L	1.F	2U8:TARGET	True	4OO9	1.A	True	TARGET	train	4oo9__1__1.A__1.F
BRIL/cyt-b562	1.C	FM9:TARGET	True	4OR2	1.A	True	TARGET	train	4or2__1__1.A__1.C
BRIL/cyt-b562	1.K	FM9:TARGET	True	4OR2	1.B	True	TARGET	train	4or2__1__1.B__1.K
GFP	1.C		False	4PA0	1.A	True		removed	4pa0__1__1.A__1.C
GFP	1.D		False	4PA0	1.B	True		removed	4pa0__2__1.B__1.D
T4L	1.B	2YB:TARGET	True	4PHU	1.A	True	TARGET	train	4phu__1__1.A__1.B
MBP	1.E	GLC:FUSION;GLC:FUSION;GLC:FUSION	True	4PQK	1.A	True	FUSION	train	4pqk__1__1.A__1.E
MBP	1.F	GLC:FUSION;GLC:FUSION;GLC:FUSION	False	4PQK	1.B	True	FUSION	train	4pqk__2__1.B__1.F
MBP	1.G	GLC:FUSION;GLC:FUSION;GLC:FUSION	True	4PQK	1.C	True	FUSION	train	4pqk__3__1.C__1.G
MBP	1.H	GLC:FUSION;GLC:FUSION;GLC:FUSION	True	4PQK	1.D	True	FUSION	train	4pqk__4__1.D__1.H
BRIL/cyt-b562	1.B	6AD:TARGET	True	4PXZ	1.A	True	TARGET	train	4pxz__1__1.A__1.B
BRIL/cyt-b562	1.C	CLR:TARGET	False	4PXZ	1.A	True	TARGET	train	4pxz__1__1.A__1.C
BRIL/cyt-b562	1.B	6AT:TARGET	False	4PY0	1.A	True	TARGET	train	4py0__1__1.A__1.B
BRIL/cyt-b562	1.B	A8T:TARGET	True	4QIM	1.A	True	TARGET	train	4qim__1__1.A__1.B
BRIL/cyt-b562	1.B	SG8:TARGET	False	4QIN	1.A	True	TARGET	train	4qin__1__1.A__1.B
BRIL/cyt-b562	2.B	SG8:TARGET	False	4QIN	2.A	True	TARGET	train	4qin__1__2.A__2.B
T4L	1.E	35V:TARGET	True	4QKX	1.A	True	TARGET	train	4qkx__1__1.A__1.E
MBP	1.C,1.D,1.E	GLC:FUSION;GLC:FUSION;FLC:FUSION	False	4QSZ	1.A	True	FUSION	train	4qsz__1__1.A__1.C_1.D_1.E
MBP	1.F,1.G,1.H	GLC:FUSION;GLC:FUSION;FLC:FUSION	False	4QSZ	1.B	True	FUSION	train	4qsz__2__1.B__1.F_1.G_1.H
MBP	1.C,1.D,1.E	GLC:FUSION;GLC:FUSION;FLC:FUSION	False	4QSZ	1.A	True	FUSION	train	4qsz__3__1.A__1.C_1.D_1.E
MBP	1.F,1.G,1.H	GLC:FUSION;GLC:FUSION;FLC:FUSION	False	4QSZ	1.B	True	FUSION	train	4qsz__3__1.B__1.F_1.G_1.H
MBP	1.E,1.F		True	4QVH	1.A,2.B	True		removed	4qvh__1__1.A_2.B__1.E_1.F
MBP	2.L,2.M		True	4QVH	1.A,2.B	True		removed	4qvh__1__1.A_2.B__2.L_2.M
MBP	1.C		True	4QVH	1.A	True		removed	4qvh__1__1.A__1.C
MBP	2.D		True	4QVH	2.B	True		removed	4qvh__1__2.B__2.D
MBP	1.C	GLC:FUSION;GLC:FUSION	True	4RG5	1.A	True	FUSION	train	4rg5__1__1.A__1.C
MBP	1.D	GLC:FUSION;GLC:FUSION	False	4RG5	1.B	True	FUSION	train	4rg5__1__1.B__1.D
BRIL/cyt-b562	1.D	DI7:TARGET;DI8:TARGET	False	4RWA	1.A	True	TARGET	train	4rwa__1__1.A__1.D
BRIL/cyt-b562	1.C	DI7:TARGET;DI8:TARGET	True	4RWA	1.B	True	TARGET	train	4rwa__2__1.B__1.C
BRIL/cyt-b562	1.D	DI7:TARGET;DI8:TARGET	True	4RWD	1.A	True	TARGET	train	4rwd__1__1.A__1.D
BRIL/cyt-b562	1.C	DI7:TARGET;DI8:TARGET;NH2:TARGET	True	4RWD	1.B	True	TARGET	train	4rwd__2__1.B__1.C
MBP	1.C		True	4RWF	1.A	True		train	4rwf__1__1.A__1.C
MBP	1.D		True	4RWG	1.A	True		train	4rwg__1__1.A__1.D
MBP	1.G		True	4RWG	1.A	True		train	4rwg__1__1.A__1.G
MBP	1.E		True	4RWG	1.B	True		train	4rwg__2__1.B__1.E
MBP	1.H		True	4RWG	1.B	True		train	4rwg__2__1.B__1.H
MBP	1.F		True	4RWG	1.C	True		train	4rwg__3__1.C__1.F
MBP	1.I		True	4RWG	1.C	True		train	4rwg__3__1.C__1.I
T4L	1.B	0HK:TARGET	False	4U14	1.A	True	TARGET	train	4u14__1__1.A__1.B
T4L	1.B	0HK:TARGET	False	4U14	1.A	True	TARGET	train	4u14__2__1.A__1.B
T4L	2.B	0HK:TARGET	False	4U14	2.A	True	TARGET	train	4u14__2__2.A__2.B
T4L	1.C		False	4W8F	1.A	True		removed	4w8f__1__1.A__1.C
T4L	1.D,1.G	ANP:TARGET;MG:TARGET	False	4W8F	1.A	True	TARGET	train	4w8f__1__1.A__1.D_1.G
T4L	1.E	ANP:TARGET	False	4W8F	1.A	True	TARGET	train	4w8f__1__1.A__1.E
T4L	1.F		False	4W8F	1.A	True		removed	4w8f__1__1.A__1.F
T4L	1.H		False	4W8F	1.B	True		removed	4w8f__2__1.B__1.H
T4L	1.I,1.L	ANP:TARGET;MG:TARGET	False	4W8F	1.B	True	TARGET	train	4w8f__2__1.B__1.I_1.L
T4L	1.J	ANP:TARGET	False	4W8F	1.B	True	TARGET	train	4w8f__2__1.B__1.J
T4L	1.K		False	4W8F	1.B	True		removed	4w8f__2__1.B__1.K
T4L	1.D,1.G	ANP:TARGET;MG:TARGET	False	4W8F	1.A	True	TARGET	train	4w8f__3__1.A__1.D_1.G
T4L	1.E	ANP:TARGET	False	4W8F	1.A	True	TARGET	train	4w8f__3__1.A__1.E
T4L	1.I,1.L	ANP:TARGET;MG:TARGET	False	4W8F	1.B	True	TARGET	train	4w8f__3__1.B__1.I_1.L
T4L	1.J	ANP:TARGET	False	4W8F	1.B	True	TARGET	train	4w8f__3__1.B__1.J
MBP	1.B	GLC:FUSION;GLC:FUSION	True	4WMS	1.A	True	FUSION	train	4wms__1__1.A__1.B
MBP	1.B	GLC:FUSION;GLC:FUSION	True	4WMT	1.A	True	FUSION	train	4wmt__1__1.A__1.B
MBP	1.C	865:TARGET	False	4WMT	1.A	True	TARGET	train	4wmt__1__1.A__1.C
MBP	1.B	GLC:FUSION;GLC:FUSION	False	4WMU	1.A	True	FUSION	train	4wmu__1__1.A__1.B
MBP	1.C	19H:TARGET	False	4WMU	1.A	True	TARGET	train	4wmu__1__1.A__1.C
MBP	1.B	GLC:FUSION;GLC:FUSION	False	4WMV	1.A	True	FUSION	train	4wmv__1__1.A__1.B
MBP	1.E	3R4:TARGET	False	4WMV	1.A	True	TARGET	train	4wmv__1__1.A__1.E
MBP	1.B	GLC:FUSION;GLC:FUSION	True	4WMW	1.A	True	FUSION	train	4wmw__1__1.A__1.B
MBP	1.M	3R6:TARGET	False	4WMW	1.A	True	TARGET	train	4wmw__1__1.A__1.M
MBP	1.B	GLC:FUSION;GLC:FUSION	False	4WMX	1.A	True	FUSION	train	4wmx__1__1.A__1.B
MBP	1.C	3R7:TARGET	False	4WMX	1.A	True	TARGET	train	4wmx__1__1.A__1.C
MBP	1.C	GLC:FUSION;GLC:FUSION	True	4WTH	1.A	True	FUSION	train	4wth__1__1.A__1.C
MBP	1.D	GLC:FUSION;GLC:FUSION	True	4WTH	1.B	True	FUSION	train	4wth__2__1.B__1.D
T4L	1.C	ATP:TARGET	False	4WTV	1.A	True	TARGET	train	4wtv__1__1.A__1.C
T4L	1.D	ATP:TARGET	False	4WTV	1.B	True	TARGET	train	4wtv__2__1.B__1.D
T4L	1.B,1.G		False	4XEE	1.A	True	NOT_ON_CHIMERIC_ENTITY	train	4xee__1__1.A__1.B_1.G
T4L	1.B		False	4XES	1.A	True	NOT_ON_CHIMERIC_ENTITY	train	4xes__1__1.A__1.B
rubredoxin	1.B,1.F,1.O	BUR:TARGET;Y01:TARGET	False	4XNV	1.A	True	TARGET	train	4xnv__1__1.A__1.B_1.F_1.O
rubredoxin	1.C,1.H,1.I,1.K	CLR:TARGET;OLC:TARGET;OLC:TARGET;OLC:TARGET	False	4XNV	1.A	True	TARGET	train	4xnv__1__1.A__1.C_1.H_1.I_1.K
rubredoxin	1.D,1.G,1.M,1.N	Y01:TARGET;OLC:TARGET;OLC:TARGET;OLC:TARGET	False	4XNV	1.A	True	TARGET	train	4xnv__1__1.A__1.D_1.G_1.M_1.N
rubredoxin	1.E	Y01:TARGET	False	4XNV	1.A	True	TARGET	train	4xnv__1__1.A__1.E
rubredoxin	1.C	2ID:TARGET;2ID:TARGET;ZN:FUSION	False	4XNW	1.A	True	FUSION;TARGET	train	4xnw__1__1.A__1.C
rubredoxin	1.E		False	4XNW	1.B	False		train	4xnw__2__1.B__1.E
MBP	1.G	GLC:FUSION;GLC:FUSION;GLC:FUSION;GLC:FUSION	False	4XR8	1.A	True	FUSION	train	4xr8__1__1.A__1.G
MBP	1.H	GLC:FUSION;GLC:FUSION	False	4XR8	1.B	True	FUSION	train	4xr8__2__1.B__1.H
MBP	1.C	GLC:FUSION;GLC:FUSION	True	4XZS	1.A	True	FUSION	train	4xzs__1__1.A__1.C
MBP	1.D	GLC:FUSION;GLC:FUSION	True	4XZS	1.B	True	FUSION	train	4xzs__2__1.B__1.D
MBP	1.I	GLC:FUSION;GLC:FUSION	False	4XZV	1.A	True	FUSION	train	4xzv__1__1.A__1.I
MBP	1.J	GLC:FUSION;GLC:FUSION	False	4XZV	1.C	True	FUSION	train	4xzv__2__1.C__1.J
MBP	1.K	GLC:FUSION;GLC:FUSION	False	4XZV	1.E	True	FUSION	train	4xzv__3__1.E__1.K
MBP	1.L	GLC:FUSION;GLC:FUSION	False	4XZV	1.G	True	FUSION	train	4xzv__4__1.G__1.L
BRIL/cyt-b562	1.B	ON7:TARGET	False	4Z34	1.A	True	TARGET	train	4z34__1__1.A__1.B
BRIL/cyt-b562	1.C	1WV:TARGET	False	4Z34	1.A	True	TARGET	train	4z34__1__1.A__1.C
BRIL/cyt-b562	1.B	ON9:TARGET	False	4Z35	1.A	True	TARGET	train	4z35__1__1.A__1.B
BRIL/cyt-b562	1.C	1WV:TARGET	False	4Z35	1.A	True	TARGET	train	4z35__1__1.A__1.C
BRIL/cyt-b562	1.B	ON3:TARGET	False	4Z36	1.A	True	TARGET	train	4z36__1__1.A__1.B
BRIL/cyt-b562	1.C	1WV:TARGET	False	4Z36	1.A	True	TARGET	train	4z36__1__1.A__1.C
BRIL/cyt-b562	1.B	OLM:TARGET	True	4ZUD	1.A	True	TARGET	train	4zud__1__1.A__1.B
MBP	1.C	GLC:FUSION;GLC:FUSION	False	5AZ6	1.A	True	FUSION	train	5az6__1__1.A__1.C
MBP	1.D	GLC:FUSION;GLC:FUSION	False	5AZ6	1.B	True	FUSION	train	5az6__2__1.B__1.D
MBP	1.B	GLC:FUSION;GLC:FUSION	True	5AZ7	1.A	True	FUSION	train	5az7__1__1.A__1.B
MBP	1.D		False	5AZ8	1.A,1.B	True	NOT_ON_CHIMERIC_ENTITY	train	5az8__1__1.A_1.B__1.D
MBP	1.C	GLC:FUSION;GLC:FUSION	True	5AZ8	1.A	True	FUSION	train	5az8__1__1.A__1.C
MBP	1.B	GLC:FUSION;GLC:FUSION	False	5AZA	1.A	True	FUSION	train	5aza__1__1.A__1.B
MBP	1.C	GLC:FUSION;GLC:FUSION	True	5B3W	1.A	True	FUSION	train	5b3w__1__1.A__1.C
MBP	1.D	GLC:FUSION;GLC:FUSION	True	5B3W	1.B	True	FUSION	train	5b3w__2__1.B__1.D
MBP	1.B	GLC:FUSION;GLC:FUSION	False	5B3X	1.A	True	FUSION	train	5b3x__1__1.A__1.B
MBP	1.B		True	5B3Y	1.A	True		removed	5b3y__1__1.A__1.B
MBP	1.E		True	5B3Z	1.A	True		removed	5b3z__1__1.A__1.E
MBP	1.F		True	5B3Z	1.B	True		removed	5b3z__2__1.B__1.F
MBP	1.G		True	5B3Z	1.C	True		removed	5b3z__3__1.C__1.G
MBP	1.H		True	5B3Z	1.D	True		removed	5b3z__4__1.D__1.H
GFP	1.K		False	5BKF	1.A,1.B	False		train	5bkf__1__1.A_1.B__1.K
GFP	1.H		False	5BKF	1.A,1.E	True		removed	5bkf__1__1.A_1.E__1.H
GFP	1.F		False	5BKF	1.A	False		train	5bkf__1__1.A__1.F
GFP	1.G		False	5BKF	1.A	False		train	5bkf__1__1.A__1.G
GFP	1.N		False	5BKF	1.B,1.C	False		train	5bkf__1__1.B_1.C__1.N
GFP	1.I		False	5BKF	1.B	False		train	5bkf__1__1.B__1.I
GFP	1.J		False	5BKF	1.B	False		train	5bkf__1__1.B__1.J
GFP	1.Q		False	5BKF	1.C,1.D	False		train	5bkf__1__1.C_1.D__1.Q
GFP	1.L		False	5BKF	1.C	False		train	5bkf__1__1.C__1.L
GFP	1.M		False	5BKF	1.C	False		train	5bkf__1__1.C__1.M
GFP	1.S		False	5BKF	1.D,1.E	True		removed	5bkf__1__1.D_1.E__1.S
GFP	1.O		False	5BKF	1.D	False		train	5bkf__1__1.D__1.O
GFP	1.P		False	5BKF	1.D	False		train	5bkf__1__1.D__1.P
GFP	1.R		False	5BKF	1.E	True		removed	5bkf__1__1.E__1.R
GFP	1.K		False	5BKG	1.A,1.B	False		train	5bkg__1__1.A_1.B__1.K
GFP	1.H		False	5BKG	1.A,1.E	True		removed	5bkg__1__1.A_1.E__1.H
GFP	1.F		False	5BKG	1.A	False		train	5bkg__1__1.A__1.F
GFP	1.G		False	5BKG	1.A	False		train	5bkg__1__1.A__1.G
GFP	1.L		False	5BKG	1.B,1.C	False		train	5bkg__1__1.B_1.C__1.L
GFP	1.I		False	5BKG	1.B	False		train	5bkg__1__1.B__1.I
GFP	1.J		False	5BKG	1.B	False		train	5bkg__1__1.B__1.J
GFP	1.M,1.N		False	5BKG	1.C	False		train	5bkg__1__1.C__1.M_1.N
GFP	1.O		False	5BKG	1.D	False		train	5bkg__1__1.D__1.O
GFP	1.P		False	5BKG	1.D	False		train	5bkg__1__1.D__1.P
GFP	1.Q		False	5BKG	1.E	True		removed	5bkg__1__1.E__1.Q
MBP	1.B		True	5BMY	1.A	True		removed	5bmy__1__1.A__1.B
T4L	1.G	51D:TARGET	False	5CGC	1.A	True	TARGET	train	5cgc__1__1.A__1.G
T4L	1.F	51E:TARGET	True	5CGD	1.A	True	TARGET	train	5cgd__1__1.A__1.F
T4L	1.B,1.F	PGE:TARGET	False	5CXV	1.A	True	TARGET	train	5cxv__1__1.A__1.B_1.F
T4L	1.C	0HK:TARGET	False	5CXV	1.A	True	TARGET	train	5cxv__1__1.A__1.C
T4L	1.D	Y01:TARGET	False	5CXV	1.A	True	TARGET	train	5cxv__1__1.A__1.D
T4L	1.B	BGC:FUSION;GLC:FUSION	False	5D5A	1.A	True	FUSION	train	5d5a__1__1.A__1.B
T4L	1.C	CAU:TARGET	False	5D5A	1.A	True	TARGET	train	5d5a__1__1.A__1.C
T4L	1.G,1.I	CLR:TARGET;CLR:TARGET	False	5D5A	1.A	True	TARGET	train	5d5a__1__1.A__1.G_1.I
T4L	1.H,1.J	CLR:TARGET;PLM:TARGET	False	5D5A	1.A	True	TARGET	train	5d5a__1__1.A__1.H_1.J
T4L	1.B	BGC:FUSION;GLC:FUSION	False	5D5B	1.A	True	FUSION	train	5d5b__1__1.A__1.B
T4L	1.C	CAU:TARGET	False	5D5B	1.A	True	TARGET	train	5d5b__1__1.A__1.C
T4L	1.F,1.H	CLR:TARGET;CLR:TARGET	False	5D5B	1.A	True	TARGET	train	5d5b__1__1.A__1.F_1.H
T4L	1.G,1.I	CLR:TARGET;PLM:TARGET	False	5D5B	1.A	True	TARGET	train	5d5b__1__1.A__1.G_1.I
T4L	1.B	BGC:FUSION;GLC:FUSION	False	5D6L	1.A	True	FUSION	train	5d6l__1__1.A__1.B
T4L	1.I	CAU:TARGET	True	5D6L	1.A	True	TARGET	train	5d6l__1__1.A__1.I
T4L	1.M,1.O	CLR:TARGET;CLR:TARGET	False	5D6L	1.A	True	TARGET	train	5d6l__1__1.A__1.M_1.O
T4L	1.N,1.P	CLR:TARGET;PLM:TARGET	False	5D6L	1.A	True	TARGET	train	5d6l__1__1.A__1.N_1.P
BRIL/cyt-b562	1.C	DGV:TARGET	True	5DHG	1.A	True	TARGET	train	5dhg__1__1.A__1.C
BRIL/cyt-b562	1.G	DGV:TARGET	True	5DHG	1.B	True	TARGET	train	5dhg__2__1.B__1.G
BRIL/cyt-b562	2.C	DGV:TARGET	True	5DHG	2.A	True	TARGET	train	5dhg__3__2.A__2.C
BRIL/cyt-b562	2.G	DGV:TARGET	True	5DHG	2.B	True	TARGET	train	5dhg__3__2.B__2.G
BRIL/cyt-b562	1.H	DGW:TARGET	True	5DHH	1.A	True	TARGET	train	5dhh__1__1.A__1.H
BRIL/cyt-b562	1.K	DGW:TARGET	False	5DHH	1.B	True	TARGET	train	5dhh__2__1.B__1.K
BRIL/cyt-b562	1.H	DGW:TARGET	True	5DHH	1.A	True	TARGET	train	5dhh__3__1.A__1.H
BRIL/cyt-b562	2.K	DGW:TARGET	False	5DHH	2.B	True	TARGET	train	5dhh__3__2.B__2.K
MBP	1.G,1.H		True	5DIS	1.A,1.B	False		removed	5dis__1__1.A_1.B__1.G_1.H
MBP	1.I		False	5DIS	1.A,1.C	False		removed	5dis__1__1.A_1.C__1.I
MBP	1.E		False	5DIS	1.A	False		removed	5dis__1__1.A__1.E
MBP	1.F		False	5DIS	1.A	False		removed	5dis__1__1.A__1.F
T4L	1.C	0HK:TARGET	True	5DSG	1.A	True	TARGET	train	5dsg__1__1.A__1.C
T4L	1.F		False	5DSG	1.A	True	NOT_ON_CHIMERIC_ENTITY	train	5dsg__1__1.A__1.F
T4L	1.L	0HK:TARGET	True	5DSG	1.B	True	TARGET	train	5dsg__2__1.B__1.L
T4L	1.C	0HK:TARGET	True	5DSG	1.A	True	TARGET	train	5dsg__3__1.A__1.C
T4L	1.F		False	5DSG	1.A	True	NOT_ON_CHIMERIC_ENTITY	train	5dsg__3__1.A__1.F
T4L	1.L	0HK:TARGET	True	5DSG	1.B	True	TARGET	train	5dsg__3__1.B__1.L
MBP	1.C		False	5EDU	1.A	True		removed	5edu__1__1.A__1.C
MBP	1.E,1.F		False	5EDU	1.A	True		removed	5edu__1__1.A__1.E_1.F
MBP	1.D		False	5EDU	1.B	True		removed	5edu__2__1.B__1.D
MBP	1.I,1.L		False	5EDU	1.B	True		removed	5edu__2__1.B__1.I_1.L
T4L	1.C	EYC:TARGET	False	5EWX	1.A	True	TARGET	train	5ewx__1__1.A__1.C
T4L	1.D	EYC:TARGET	False	5EWX	1.B	True	TARGET	train	5ewx__2__1.B__1.D
MBP	1.B	GLC:FUSION;GLC:FUSION;GLC:FUSION;GLC:FUSION	True	5FSG	1.A	True	FUSION	train	5fsg__1__1.A__1.B
MBP	1.C	GLC:FUSION;GLC:FUSION	False	5GPP	1.A	True	FUSION	train	5gpp__1__1.A__1.C
MBP	1.D	GLC:FUSION;GLC:FUSION	False	5GPP	1.B	True	FUSION	train	5gpp__2__1.B__1.D
MBP	1.B	GLC:FUSION;GLC:FUSION	True	5GPQ	1.A	True	FUSION	train	5gpq__1__1.A__1.B
MBP	1.C	GLC:FUSION;GLC:FUSION;GLC:FUSION;GLC:FUSION	True	5H7N	1.A	True	FUSION	train	5h7n__1__1.A__1.C
MBP	1.D	GLC:FUSION;GLC:FUSION;GLC:FUSION;GLC:FUSION	True	5H7N	1.B	True	FUSION	train	5h7n__2__1.B__1.D
MBP	1.B	GLC:FUSION;GLC:FUSION	True	5H7Q	1.A	True	FUSION	train	5h7q__1__1.A__1.B
MBP	1.B	GLC:FUSION;GLC:FUSION	True	5HZV	1.A	True	FUSION	train	5hzv__1__1.A__1.B
MBP	1.C	GLC:FUSION;GLC:FUSION	False	5HZW	1.A	True	FUSION	train	5hzw__1__1.A__1.C
MBP	1.D	NAG:INTERFACE	False	5HZW	1.A	True	INTERFACE	train	5hzw__1__1.A__1.D
MBP	1.E	NAG:TARGET	False	5HZW	1.A	True	TARGET	train	5hzw__1__1.A__1.E
MBP	2.C	GLC:FUSION;GLC:FUSION	False	5HZW	2.A	True	FUSION	train	5hzw__1__2.A__2.C
MBP	2.D	NAG:INTERFACE	False	5HZW	2.A	True	INTERFACE	train	5hzw__1__2.A__2.D
MBP	2.E	NAG:TARGET	False	5HZW	2.A	True	TARGET	train	5hzw__1__2.A__2.E
MBP	1.B	GLC:FUSION;GLC:FUSION	True	5I04	1.A	True	FUSION	train	5i04__1__1.A__1.B
MBP	1.C	NAG:INTERFACE	False	5I04	1.A	True	INTERFACE	train	5i04__1__1.A__1.C
MBP	1.B	GLC:FUSION;GLC:FUSION	False	5I69	1.A	True	FUSION	train	5i69__1__1.A__1.B
MBP	1.B	GLC:FUSION;GLC:FUSION	True	5II5	1.A	True	FUSION	train	5ii5__1__1.A__1.B
MBP	1.C	GLC:FUSION;GLC:FUSION	False	5IIC	1.A	True	FUSION	train	5iic__1__1.A__1.C
MBP	1.E	NAG:TARGET	False	5IIC	1.A	True	TARGET	train	5iic__1__1.A__1.E
MBP	1.F	NAG:INTERFACE	False	5IIC	1.A	True	INTERFACE	train	5iic__1__1.A__1.F
MBP	1.D	GLC:FUSION;GLC:FUSION	False	5IIC	1.B	True	FUSION	train	5iic__1__1.B__1.D
MBP	1.G	NAG:TARGET	False	5IIC	1.B	True	TARGET	train	5iic__1__1.B__1.G
MBP	1.H	NAG:TARGET	False	5IIC	1.B	True	TARGET	train	5iic__1__1.B__1.H
MBP	1.B	GLC:FUSION;GLC:FUSION	False	5IQZ	1.A	True	FUSION	train	5iqz__1__1.A__1.B
BRIL/cyt-b562	1.BA,1.CA,1.G,1.T	CLR:TARGET;OLA:TARGET;OLB:TARGET;OLB:TARGET	False	5IU4	1.A	True	TARGET	train	5iu4__1__1.A__1.BA_1.CA_1.G_1.T
BRIL/cyt-b562	1.C	ZMA:TARGET	False	5IU4	1.A	True	TARGET	train	5iu4__1__1.A__1.C
BRIL/cyt-b562	1.F,1.I	CLR:TARGET;OLA:TARGET	False	5IU4	1.A	True	TARGET	train	5iu4__1__1.A__1.F_1.I
BRIL/cyt-b562	1.C	6DY:TARGET	False	5IU7	1.A	True	TARGET	train	5iu7__1__1.A__1.C
BRIL/cyt-b562	1.FA,1.G,1.X,1.Z	CLR:TARGET;OLA:TARGET;OLB:TARGET;OLB:TARGET	False	5IU7	1.A	True	TARGET	train	5iu7__1__1.A__1.FA_1.G_1.X_1.Z
BRIL/cyt-b562	1.F,1.I	CLR:TARGET;OLA:TARGET	False	5IU7	1.A	True	TARGET	train	5iu7__1__1.A__1.F_1.I
BRIL/cyt-b562	1.C	6DZ:TARGET	False	5IU8	1.A	True	TARGET	train	5iu8__1__1.A__1.C
BRIL/cyt-b562	1.DA,1.G,1.S	CLR:TARGET;OLA:TARGET;OLC:TARGET	False	5IU8	1.A	True	TARGET	train	5iu8__1__1.A__1.DA_1.G_1.S
BRIL/cyt-b562	1.F,1.I,1.V	CLR:TARGET;OLA:TARGET	False	5IU8	1.A	True	TARGET	train	5iu8__1__1.A__1.F_1.I_1.V
BRIL/cyt-b562	1.C	6DX:TARGET	False	5IUA	1.A	True	TARGET	train	5iua__1__1.A__1.C
BRIL/cyt-b562	1.F,1.I	CLR:TARGET;OLA:TARGET	False	5IUA	1.A	True	TARGET	train	5iua__1__1.A__1.F_1.I
BRIL/cyt-b562	1.G,1.X,1.Y,1.Z	CLR:TARGET;OLA:TARGET;OLB:TARGET;OLB:TARGET	False	5IUA	1.A	True	TARGET	train	5iua__1__1.A__1.G_1.X_1.Y_1.Z
BRIL/cyt-b562	1.C	6DV:TARGET	False	5IUB	1.A	True	TARGET	train	5iub__1__1.A__1.C
BRIL/cyt-b562	1.DA,1.F,1.U,1.W	CLR:TARGET;OLA:TARGET;OLB:TARGET;OLC:TARGET	False	5IUB	1.A	True	TARGET	train	5iub__1__1.A__1.DA_1.F_1.U_1.W
BRIL/cyt-b562	1.E,1.H	CLR:TARGET;OLA:TARGET	False	5IUB	1.A	True	TARGET	train	5iub__1__1.A__1.E_1.H
T4L	1.E	CAU:TARGET	True	5JQH	1.A	True	TARGET	train	5jqh__1__1.A__1.E
T4L	1.F	CLR:TARGET	False	5JQH	1.A	True	TARGET	train	5jqh__1__1.A__1.F
T4L	1.G	CAU:TARGET	True	5JQH	1.B	True	TARGET	train	5jqh__2__1.B__1.G
T4L	1.H	CLR:TARGET	False	5JQH	1.B	True	TARGET	train	5jqh__2__1.B__1.H
MBP	1.C	GLC:FUSION;GLC:FUSION	False	5JST	1.A	True	FUSION	train	5jst__1__1.A__1.C
MBP	1.D	GLC:FUSION;GLC:FUSION	True	5JST	1.B	True	FUSION	train	5jst__1__1.B__1.D
BRIL/cyt-b562	1.B	ZMA:TARGET	False	5JTB	1.A	True	TARGET	train	5jtb__1__1.A__1.B
BRIL/cyt-b562	1.C,1.O,1.Q,1.U	CLR:TARGET;OLA:TARGET;OLC:TARGET	False	5JTB	1.A	True	TARGET	train	5jtb__1__1.A__1.C_1.O_1.Q_1.U
BRIL/cyt-b562	1.D,1.N	CLR:TARGET;OLA:TARGET	False	5JTB	1.A	True	TARGET	train	5jtb__1__1.A__1.D_1.N
BRIL/cyt-b562	1.E,1.S,1.W	CLR:TARGET;OLC:TARGET;OLC:TARGET	False	5JTB	1.A	True	TARGET	train	5jtb__1__1.A__1.E_1.S_1.W
BRIL/cyt-b562	1.B	ZMA:TARGET	False	5K2A	1.A	True	TARGET	train	5k2a__1__1.A__1.B
BRIL/cyt-b562	1.E,1.R	CLR:TARGET	False	5K2A	1.A	True	TARGET	train	5k2a__1__1.A__1.E_1.R
BRIL/cyt-b562	1.F	CLR:TARGET	False	5K2A	1.A	True	TARGET	train	5k2a__1__1.A__1.F
BRIL/cyt-b562	1.B	ZMA:TARGET	True	5K2B	1.A	True	TARGET	train	5k2b__1__1.A__1.B
BRIL/cyt-b562	1.D,1.E,1.H,1.V	CLR:TARGET;CLR:TARGET;OLC:TARGET;OLC:TARGET	False	5K2B	1.A	True	TARGET	train	5k2b__1__1.A__1.D_1.E_1.H_1.V
BRIL/cyt-b562	1.F,1.G,1.W	CLR:TARGET;OLB:TARGET;OLC:TARGET	False	5K2B	1.A	True	TARGET	train	5k2b__1__1.A__1.F_1.G_1.W
BRIL/cyt-b562	1.B	ZMA:TARGET	False	5K2C	1.A	True	TARGET	train	5k2c__1__1.A__1.B
BRIL/cyt-b562	1.E,1.R	CLR:TARGET	False	5K2C	1.A	True	TARGET	train	5k2c__1__1.A__1.E_1.R
BRIL/cyt-b562	1.F	CLR:TARGET	True	5K2C	1.A	True	TARGET	train	5k2c__1__1.A__1.F
BRIL/cyt-b562	1.B	ZMA:TARGET	False	5K2D	1.A	True	TARGET	train	5k2d__1__1.A__1.B
BRIL/cyt-b562	1.D,1.E,1.H,1.V	CLR:TARGET;CLR:TARGET;OLC:TARGET;OLC:TARGET	False	5K2D	1.A	True	TARGET	train	5k2d__1__1.A__1.D_1.E_1.H_1.V
SUMO/Smt3	1.E	6UO:TARGET	False	5KLX	1.A	True	TARGET	train	5klx__1__1.A__1.E
SUMO/Smt3	1.I	6UO:TARGET	False	5KLX	1.B	True	TARGET	train	5klx__2__1.B__1.I
SUMO/Smt3	1.J	6UO:TARGET	False	5KLX	1.C	True	TARGET	train	5klx__3__1.C__1.J
SUMO/Smt3	1.K	6UO:TARGET	False	5KLX	1.D	True	TARGET	train	5klx__4__1.D__1.K
T4L	1.B	6XQ:TARGET	True	5KW2	1.A	True	TARGET	train	5kw2__1__1.A__1.B
BRIL/cyt-b562	1.C	NAG:TARGET	False	5L7D	1.A	True	TARGET	train	5l7d__1__1.A__1.C
BRIL/cyt-b562	1.D,1.E	NAG:TARGET;CLR:TARGET	False	5L7D	1.A	True	TARGET	train	5l7d__1__1.A__1.D_1.E
BRIL/cyt-b562	1.C	NAG:TARGET	False	5L7I	1.A	True	TARGET	train	5l7i__1__1.A__1.C
BRIL/cyt-b562	1.D	VIS:TARGET	True	5L7I	1.A	True	TARGET	train	5l7i__1__1.A__1.D
BRIL/cyt-b562	1.F	VIS:TARGET	False	5L7I	1.B	True	TARGET	train	5l7i__2__1.B__1.F
MBP	1.C	GLC:FUSION;GLC:FUSION	True	5MM3	1.A	True	FUSION	train	5mm3__1__1.A__1.C
MBP	1.D	GLC:FUSION;GLC:FUSION	True	5MM3	1.B	True	FUSION	train	5mm3__2__1.B__1.D
BRIL/cyt-b562	1.C	TEP:TARGET	False	5MZJ	1.A	True	TARGET	train	5mzj__1__1.A__1.C
BRIL/cyt-b562	1.CA,1.F,1.Y	CLR:TARGET;OLA:TARGET;OLC:TARGET	False	5MZJ	1.A	True	TARGET	train	5mzj__1__1.A__1.CA_1.F_1.Y
BRIL/cyt-b562	1.E,1.L,1.W	CLR:TARGET;OLA:TARGET;OLA:TARGET	False	5MZJ	1.A	True	TARGET	train	5mzj__1__1.A__1.E_1.L_1.W
BRIL/cyt-b562	1.C	CFF:TARGET	False	5MZP	1.A	True	TARGET	train	5mzp__1__1.A__1.C
BRIL/cyt-b562	1.F,1.K	CLR:TARGET;OLA:TARGET	True	5MZP	1.A	True	TARGET	train	5mzp__1__1.A__1.F_1.K
BRIL/cyt-b562	1.G,1.T,1.U,1.W,1.Z	CLR:TARGET;OLA:TARGET;OLA:TARGET;OLA:TARGET;OLC:TARGET	False	5MZP	1.A	True	TARGET	train	5mzp__1__1.A__1.G_1.T_1.U_1.W_1.Z
BRIL/cyt-b562	1.BA,1.CA,1.F,1.I,1.S	CLR:TARGET;OLA:TARGET;OLA:TARGET;OLC:TARGET;OLC:TARGET	False	5N2R	1.A	True	TARGET	train	5n2r__1__1.A__1.BA_1.CA_1.F_1.I_1.S
BRIL/cyt-b562	1.C	8JN:TARGET	True	5N2R	1.A	True	TARGET	train	5n2r__1__1.A__1.C
BRIL/cyt-b562	1.E,1.H	CLR:TARGET;OLA:TARGET	False	5N2R	1.A	True	TARGET	train	5n2r__1__1.A__1.E_1.H
BRIL/cyt-b562	1.B	8K8:TARGET	True	5N2S	1.A	True	TARGET	train	5n2s__1__1.A__1.B
BRIL/cyt-b562,T4L	1.B		True	5NDD	1.A	True		train	5ndd__1__1.A__1.B
BRIL/cyt-b562,T4L	1.B		False	5NDZ	1.A	True		train	5ndz__1__1.A__1.B
BRIL/cyt-b562	1.F	ZMA:TARGET	True	5NLX	1.A	True	TARGET	train	5nlx__1__1.A__1.F
BRIL/cyt-b562	1.C	ZMA:TARGET	False	5NM2	1.A	True	TARGET	train	5nm2__1__1.A__1.C
BRIL/cyt-b562	1.E,1.X	OLA:TARGET;CLR:TARGET	False	5NM2	1.A	True	TARGET	train	5nm2__1__1.A__1.E_1.X
BRIL/cyt-b562	1.L,1.S,1.Y	OLA:TARGET;OLB:TARGET;CLR:TARGET	False	5NM2	1.A	True	TARGET	train	5nm2__1__1.A__1.L_1.S_1.Y
BRIL/cyt-b562	1.H	ZMA:TARGET	False	5NM4	1.A	True	TARGET	train	5nm4__1__1.A__1.H
BRIL/cyt-b562	1.K	CLR:TARGET	False	5NM4	1.A	True	TARGET	train	5nm4__1__1.A__1.K
BRIL/cyt-b562	1.B	ZMA:TARGET	True	5OLG	1.A	True	TARGET	train	5olg__1__1.A__1.B
BRIL/cyt-b562	1.BA,1.C,1.CA,1.K,1.L	CLR:TARGET;OLA:TARGET;OLA:TARGET;OLC:TARGET	False	5OLG	1.A	True	TARGET	train	5olg__1__1.A__1.BA_1.C_1.CA_1.K_1.L
BRIL/cyt-b562	1.B	9XT:TARGET	True	5OLH	1.A	True	TARGET	train	5olh__1__1.A__1.B
BRIL/cyt-b562	1.F,1.K	CLR:TARGET;OLA:TARGET	True	5OLH	1.A	True	TARGET	train	5olh__1__1.A__1.F_1.K
BRIL/cyt-b562	1.G,1.S,1.T,1.U,1.V	CLR:TARGET;OLA:TARGET;OLA:TARGET;OLC:TARGET;OLC:TARGET	False	5OLH	1.A	True	TARGET	train	5olh__1__1.A__1.G_1.S_1.T_1.U_1.V
BRIL/cyt-b562	1.B	9XW:TARGET	False	5OLO	1.A	True	TARGET	train	5olo__1__1.A__1.B
BRIL/cyt-b562	1.C,1.F,1.R,1.U	CLR:TARGET;OLA:TARGET;OLC:TARGET;OLC:TARGET	False	5OLO	1.A	True	TARGET	train	5olo__1__1.A__1.C_1.F_1.R_1.U
BRIL/cyt-b562	1.D	CLR:TARGET	True	5OLO	1.A	True	TARGET	train	5olo__1__1.A__1.D
BRIL/cyt-b562	1.E,1.Q,1.S	CLR:TARGET;OLC:TARGET;OLC:TARGET	False	5OLO	1.A	True	TARGET	train	5olo__1__1.A__1.E_1.Q_1.S
BRIL/cyt-b562	1.B	9Y2:TARGET	True	5OLV	1.A	True	TARGET	train	5olv__1__1.A__1.B
BRIL/cyt-b562	1.DA,1.G,1.R,1.S,1.Z	CLR:TARGET;OLA:TARGET;OLC:TARGET;OLC:TARGET;OLC:TARGET	False	5OLV	1.A	True	TARGET	train	5olv__1__1.A__1.DA_1.G_1.R_1.S_1.Z
BRIL/cyt-b562	1.F,1.H	CLR:TARGET;OLA:TARGET	False	5OLV	1.A	True	TARGET	train	5olv__1__1.A__1.F_1.H
BRIL/cyt-b562	1.B	T4E:TARGET	False	5OLZ	1.A	True	TARGET	train	5olz__1__1.A__1.B
BRIL/cyt-b562	1.E,1.S,1.T	CLR:TARGET;OLA:TARGET;OLA:TARGET	False	5OLZ	1.A	True	TARGET	train	5olz__1__1.A__1.E_1.S_1.T
BRIL/cyt-b562	1.F,1.P,1.R,1.U,1.V	CLR:TARGET;OLA:TARGET;OLA:TARGET;OLC:TARGET;OLC:TARGET	False	5OLZ	1.A	True	TARGET	train	5olz__1__1.A__1.F_1.P_1.R_1.U_1.V
BRIL/cyt-b562	1.AA,1.H,1.X	CLR:TARGET;OLC:TARGET;OLC:TARGET	False	5OM1	1.A	True	TARGET	train	5om1__1__1.A__1.AA_1.H_1.X
BRIL/cyt-b562	1.B	T4E:TARGET	True	5OM1	1.A	True	TARGET	train	5om1__1__1.A__1.B
BRIL/cyt-b562	1.G,1.T,1.U	CLR:TARGET;OLA:TARGET;OLA:TARGET	False	5OM1	1.A	True	TARGET	train	5om1__1__1.A__1.G_1.T_1.U
BRIL/cyt-b562	1.B	T4E:TARGET	True	5OM4	1.A	True	TARGET	train	5om4__1__1.A__1.B
BRIL/cyt-b562	1.F,1.P,1.V,1.W	CLR:TARGET;OLA:TARGET;OLA:TARGET;OLA:TARGET	False	5OM4	1.A	True	TARGET	train	5om4__1__1.A__1.F_1.P_1.V_1.W
BRIL/cyt-b562	1.G,1.HA,1.X	CLR:TARGET;OLC:TARGET;OLC:TARGET	False	5OM4	1.A	True	TARGET	train	5om4__1__1.A__1.G_1.HA_1.X
MBP	1.C	GLC:FUSION;GLC:FUSION	False	5OSQ	1.A	True	FUSION	train	5osq__1__1.A__1.C
MBP	1.D	GLC:FUSION;GLC:FUSION	False	5OSQ	1.B	True	FUSION	train	5osq__2__1.B__1.D
T4L	1.B	73R:TARGET	False	5T1A	1.A	True	TARGET	train	5t1a__1__1.A__1.B
T4L	1.C	VT5:TARGET	True	5T1A	1.A	True	TARGET	train	5t1a__1__1.A__1.C
MBP	1.C	GLC:FUSION;GLC:FUSION;GLC:FUSION	False	5TTD	1.A	True	FUSION	train	5ttd__1__1.A__1.C
MBP	1.D	GLC:FUSION;GLC:FUSION;GLC:FUSION	True	5TTD	1.B	True	FUSION	train	5ttd__2__1.B__1.D
BRIL/cyt-b562	1.G	ERM:TARGET	True	5TUD	1.A	True	TARGET	train	5tud__1__1.A__1.G
BRIL/cyt-b562	1.H	ERM:TARGET	True	5TUD	1.D	True	TARGET	train	5tud__2__1.D__1.H
BRIL/cyt-b562	1.B	7LD:TARGET	False	5TVN	1.A	True	TARGET	train	5tvn__1__1.A__1.B
BRIL/cyt-b562	1.C	CLR:TARGET	False	5TVN	1.A	True	TARGET	train	5tvn__1__1.A__1.C
T4L	1.C	MK6:TARGET	True	5TZR	1.A	True	TARGET	train	5tzr__1__1.A__1.C
T4L	1.C	MK6:TARGET	False	5TZY	1.A	True	TARGET	train	5tzy__1__1.A__1.C
T4L	1.D	7OS:TARGET	False	5TZY	1.A	True	TARGET	train	5tzy__1__1.A__1.D
BRIL/cyt-b562	1.C,1.G	DU1:TARGET;OLA:TARGET	False	5UEN	1.A	True	TARGET	train	5uen__1__1.A__1.C_1.G
BRIL/cyt-b562	1.H	DU1:TARGET	False	5UEN	1.B	True	TARGET	train	5uen__1__1.B__1.H
BRIL/cyt-b562	1.B	EDT:TARGET	False	5UIG	1.A	True	TARGET	train	5uig__1__1.A__1.B
BRIL/cyt-b562	1.D	8D1:TARGET	False	5UIG	1.A	True	TARGET	train	5uig__1__1.A__1.D
BRIL/cyt-b562	1.B	EDT:TARGET	False	5UIG	1.A	True	TARGET	train	5uig__2__1.A__1.B
BRIL/cyt-b562	1.D	8D1:TARGET	False	5UIG	1.A	True	TARGET	train	5uig__2__1.A__1.D
BRIL/cyt-b562	2.B	EDT:TARGET	False	5UIG	2.A	True	TARGET	train	5uig__2__2.A__2.B
BRIL/cyt-b562	2.D	8D1:TARGET	False	5UIG	2.A	True	TARGET	train	5uig__2__2.A__2.D
BRIL/cyt-b562	1.C	8ES:TARGET	True	5UNF	1.A	True	TARGET	train	5unf__1__1.A__1.C
BRIL/cyt-b562	1.D	8ES:TARGET	True	5UNF	1.B	True	TARGET	train	5unf__1__1.B__1.D
BRIL/cyt-b562	1.B		True	5UNG	1.A	False		train	5ung__1__1.A__1.B
BRIL/cyt-b562	1.C	8EM:TARGET	True	5UNH	1.A	True	TARGET	train	5unh__1__1.A__1.C
BRIL/cyt-b562	1.D	8EM:TARGET	False	5UNH	1.B	True	TARGET	train	5unh__1__1.B__1.D
BRIL/cyt-b562	1.B	ZMA:TARGET	False	5UVI	1.A	True	TARGET	train	5uvi__1__1.A__1.B
BRIL/cyt-b562	1.C	CLR:TARGET	False	5UVI	1.A	True	TARGET	train	5uvi__1__1.A__1.C
BRIL/cyt-b562	1.D	CLR:TARGET	True	5UVI	1.A	True	TARGET	train	5uvi__1__1.A__1.D
BRIL/cyt-b562	1.E	CLR:TARGET	False	5UVI	1.A	True	TARGET	train	5uvi__1__1.A__1.E
MBP	1.I		True	5V6Y	1.A	True		train	5v6y__1__1.A__1.I
MBP	1.J		True	5V6Y	1.B	True		train	5v6y__2__1.B__1.J
MBP	1.K		True	5V6Y	1.C	True		train	5v6y__3__1.C__1.K
MBP	1.L		True	5V6Y	1.D	True		train	5v6y__4__1.D__1.L
T4L	1.B		False	5V83	1.A	True		removed	5v83__1__1.A__1.B
T4L	1.B		False	5V86	1.A	True		removed	5v86__1__1.A__1.B
T4L	1.B		False	5V88	1.A	True		removed	5v88__1__1.A__1.B
SUMO/Smt3	1.C	8ZV:TARGET	True	5V8T	1.A	True	TARGET	train	5v8t__1__1.A__1.C
SUMO/Smt3	1.E	8ZV:TARGET	True	5V8T	1.B	True	TARGET	train	5v8t__2__1.B__1.E
MBP	1.D		False	5VAW	1.A	True	NOT_ON_CHIMERIC_ENTITY	train	5vaw__1__1.A__1.D
MBP	1.E		False	5VAW	1.A	True	NOT_ON_CHIMERIC_ENTITY	train	5vaw__1__1.A__1.E
MBP	1.F		True	5VAW	1.A	True	NOT_ON_CHIMERIC_ENTITY	train	5vaw__1__1.A__1.F
rubredoxin	1.A	HRG:TARGET;OIC:TARGET;200:TARGET	False	5VBL	1.B	True	TARGET	train	5vbl__1__1.B__1.A
T4L	1.C,1.E	97Y:TARGET;OLC:TARGET	False	5VEW	1.A	True	TARGET	train	5vew__1__1.A__1.C_1.E
T4L	1.H,1.I,1.K	97Y:TARGET;OLC:TARGET;OLC:TARGET	False	5VEW	1.B	True	TARGET	train	5vew__2__1.B__1.H_1.I_1.K
T4L	1.C	97V:TARGET	False	5VEX	1.A	True	TARGET	train	5vex__1__1.A__1.C
T4L	1.D	97V:TARGET	False	5VEX	1.B	True	TARGET	train	5vex__2__1.B__1.D
BRIL/cyt-b562	1.B	ZMA:TARGET	False	5VRA	1.A	True	TARGET	train	5vra__1__1.A__1.B
BRIL/cyt-b562	1.D,1.Q	CLR:TARGET;OLA:TARGET	False	5VRA	1.A	True	TARGET	train	5vra__1__1.A__1.D_1.Q
BRIL/cyt-b562	1.E,1.G,1.K,1.L	CLR:TARGET;OLC:TARGET;OLC:TARGET;OLC:TARGET	False	5VRA	1.A	True	TARGET	train	5vra__1__1.A__1.E_1.G_1.K_1.L
T4L	1.E		True	5W0P	1.A	True		train	5w0p__1__1.A__1.E
T4L	1.F		True	5W0P	1.B	True		train	5w0p__2__1.B__1.F
T4L	1.G		True	5W0P	1.C	True		train	5w0p__3__1.C__1.G
T4L	1.H		True	5W0P	1.D	True		train	5w0p__4__1.D__1.H
MBP	1.F		False	5W0U	1.A	True		removed	5w0u__1__1.A__1.F
MBP	1.I,1.J		False	5W0U	1.D	False		removed	5w0u__2__1.D__1.I_1.J
MBP	1.E,1.F	ZN:TARGET;CTN:TARGET	True	5W1C	1.A	True	TARGET	val	5w1c__1__1.A__1.E_1.F
MBP	1.H,1.I		False	5W1C	1.D	False		removed	5w1c__1__1.D__1.H_1.I
T4L	1.B	UKA:TARGET	True	5WF5	1.A	True	TARGET	train	5wf5__1__1.A__1.B
T4L	1.B	UKA:TARGET	True	5WF6	1.A	True	TARGET	train	5wf6__1__1.A__1.B
BRIL/cyt-b562	1.B	AQD:TARGET	True	5WIU	1.A	True	TARGET	train	5wiu__1__1.A__1.B
BRIL/cyt-b562	1.B	AQD:TARGET	True	5WIV	1.A	True	TARGET	train	5wiv__1__1.A__1.B
MBP	1.G	GLC:FUSION;GLC:FUSION	True	5WPZ	1.A	True	FUSION	train	5wpz__1__1.A__1.G
MBP	1.H	GLC:FUSION;GLC:FUSION	True	5WPZ	1.B	True	FUSION	train	5wpz__2__1.B__1.H
MBP	1.I	GLC:FUSION;GLC:FUSION	True	5WPZ	1.C	True	FUSION	train	5wpz__3__1.C__1.I
MBP	1.J	GLC:FUSION;GLC:FUSION	True	5WPZ	1.D	True	FUSION	train	5wpz__4__1.D__1.J
MBP	1.K	GLC:FUSION;GLC:FUSION	True	5WPZ	1.E	True	FUSION	train	5wpz__5__1.E__1.K
MBP	1.L	GLC:FUSION;GLC:FUSION	True	5WPZ	1.F	True	FUSION	train	5wpz__6__1.F__1.L
T4L	1.D,1.E	CLR:TARGET;CLR:TARGET	False	5X7D	1.A	True	TARGET	train	5x7d__1__1.A__1.D_1.E
T4L	1.F	8VS:TARGET	False	5X7D	1.A	True	TARGET	train	5x7d__1__1.A__1.F
T4L	1.G	CAU:TARGET	True	5X7D	1.A	True	TARGET	train	5x7d__1__1.A__1.G
T4L	1.B	K87:TARGET	True	5X93	1.A	True	TARGET	train	5x93__1__1.A__1.B
T4L	1.E,1.J,1.N	OLC:TARGET;CLR:TARGET	False	5X93	1.A	True	TARGET	train	5x93__1__1.A__1.E_1.J_1.N
T4L	1.G	NAG:TARGET;NAG:TARGET	True	5XEZ	1.A	True	TARGET	train	5xez__1__1.A__1.G
T4L	1.H	NAG:TARGET	True	5XEZ	1.A	True	TARGET	train	5xez__1__1.A__1.H
T4L	1.I	NAG:TARGET;NAG:TARGET	True	5XEZ	1.A	True	TARGET	train	5xez__1__1.A__1.I
T4L	1.L	NAG:TARGET	True	5XEZ	1.A	True	TARGET	train	5xez__1__1.A__1.L
T4L	1.M	97V:TARGET	True	5XEZ	1.A	True	TARGET	train	5xez__1__1.A__1.M
T4L	1.J	NAG:TARGET;NAG:TARGET	False	5XEZ	1.B	True	TARGET	train	5xez__2__1.B__1.J
T4L	1.K	NAG:TARGET	True	5XEZ	1.B	True	TARGET	train	5xez__2__1.B__1.K
T4L	1.N	NAG:TARGET	False	5XEZ	1.B	True	TARGET	train	5xez__2__1.B__1.N
T4L	1.O	NAG:TARGET	True	5XEZ	1.B	True	TARGET	train	5xez__2__1.B__1.O
T4L	1.P	97V:TARGET	False	5XEZ	1.B	True	TARGET	train	5xez__2__1.B__1.P
T4L	1.G	NAG:TARGET;NAG:TARGET	True	5XF1	1.A	True	TARGET	train	5xf1__1__1.A__1.G
T4L	1.H	NAG:TARGET	False	5XF1	1.A	True	TARGET	train	5xf1__1__1.A__1.H
T4L	1.I	NAG:TARGET;NAG:TARGET	True	5XF1	1.A	True	TARGET	train	5xf1__1__1.A__1.I
T4L	1.M	97V:TARGET	False	5XF1	1.A	True	TARGET	train	5xf1__1__1.A__1.M
T4L	1.J	NAG:TARGET;NAG:TARGET	False	5XF1	1.B	True	TARGET	train	5xf1__2__1.B__1.J
T4L	1.K	NAG:TARGET;NAG:TARGET	False	5XF1	1.B	True	TARGET	train	5xf1__2__1.B__1.K
T4L	1.L	NAG:TARGET	False	5XF1	1.B	True	TARGET	train	5xf1__2__1.B__1.L
T4L	1.N	NAG:TARGET	True	5XF1	1.B	True	TARGET	train	5xf1__2__1.B__1.N
T4L	1.O	97V:TARGET	False	5XF1	1.B	True	TARGET	train	5xf1__2__1.B__1.O
BRIL/cyt-b562	1.D		False	5XJM	1.A,1.C	True	NOT_ON_CHIMERIC_ENTITY	train	5xjm__1__1.A_1.C__1.D
T4L	1.B	K86:TARGET	False	5XPR	1.A	True	TARGET	train	5xpr__1__1.A__1.B
MBP	1.B	GLC:FUSION;GLC:FUSION	False	5Y2G	1.A	True	FUSION	train	5y2g__1__1.A__1.B
BRIL/cyt-b562	1.B	3C0:TARGET	True	5YC8	1.A	True	TARGET	train	5yc8__1__1.A__1.B
MBP	1.E	GLC:FUSION;GLC:FUSION	True	5YGP	1.A	True	FUSION	train	5ygp__1__1.A__1.E
MBP	1.F	GLC:FUSION;GLC:FUSION	True	5YGP	1.B	True	FUSION	train	5ygp__2__1.B__1.F
MBP	1.G	GLC:FUSION;GLC:FUSION	True	5YGP	1.C	True	FUSION	train	5ygp__3__1.C__1.G
MBP	1.H	GLC:FUSION;GLC:FUSION	True	5YGP	1.D	True	FUSION	train	5ygp__4__1.D__1.H
MBP	1.E	GLC:FUSION;GLC:FUSION;GLC:FUSION	True	5YGS	1.A	True	FUSION	train	5ygs__1__1.A__1.E
MBP	1.F	GLC:FUSION;GLC:FUSION;GLC:FUSION	True	5YGS	1.B	True	FUSION	train	5ygs__2__1.B__1.F
MBP	1.G	GLC:FUSION;GLC:FUSION;GLC:FUSION	True	5YGS	1.C	True	FUSION	train	5ygs__3__1.C__1.G
MBP	1.H	GLC:FUSION;GLC:FUSION;GLC:FUSION	True	5YGS	1.D	True	FUSION	train	5ygs__4__1.D__1.H
T4L	1.C		False	5YQZ	1.A	False		train	5yqz__1__1.A__1.C
T4L	1.D		False	5YQZ	1.A	False		train	5yqz__1__1.A__1.D
T4L	1.B	9AF:TARGET	True	5ZBH	1.A	True	TARGET	train	5zbh__1__1.A__1.B
T4L	1.B	9AO:TARGET	True	5ZBQ	1.A	True	TARGET	train	5zbq__1__1.A__1.B
MBP	1.B	GLC:FUSION;GLC:FUSION	False	5ZCA	1.A	True	FUSION	train	5zca__1__1.A__1.B
T4L	1.C	GLC:FUSION;GLC:FUSION	False	5ZHP	1.A	True	FUSION	train	5zhp__1__1.A__1.C
T4L	1.E	9EC:TARGET	True	5ZHP	1.A	True	TARGET	train	5zhp__1__1.A__1.E
T4L	1.F	9EC:TARGET	True	5ZHP	1.B	True	TARGET	train	5zhp__2__1.B__1.F
BRIL/cyt-b562	1.B	QNB:TARGET	True	5ZK3	1.A	True	TARGET	train	5zk3__1__1.A__1.B
BRIL/cyt-b562	1.B	3C0:TARGET	True	5ZK8	1.A	True	TARGET	train	5zk8__1__1.A__1.B
BRIL/cyt-b562	1.B	82F:TARGET	False	5ZKB	1.A	True	TARGET	train	5zkb__1__1.A__1.B
BRIL/cyt-b562	1.B	3C0:TARGET	True	5ZKC	1.A	True	TARGET	train	5zkc__1__1.A__1.B
T4L	1.C,1.D,1.E,1.F	9EU:TARGET;OLC:TARGET;OLC:TARGET;OLC:TARGET	False	5ZKQ	1.A	True	TARGET	train	5zkq__1__1.A__1.C_1.D_1.E_1.F
T4L	1.I,1.J,1.K	9EU:TARGET;OLC:TARGET;OLC:TARGET	False	5ZKQ	1.B	True	TARGET	train	5zkq__1__1.B__1.I_1.J_1.K
BRIL/cyt-b562	1.C,1.F	8NU:TARGET;1PE:TARGET	False	6A93	1.A	True	TARGET	train	6a93__1__1.A__1.C_1.F
BRIL/cyt-b562	1.D	CLR:TARGET	False	6A93	1.A	True	TARGET	train	6a93__1__1.A__1.D
BRIL/cyt-b562	1.I	8NU:TARGET	True	6A93	1.B	True	TARGET	train	6a93__2__1.B__1.I
BRIL/cyt-b562	1.J,1.K	PLM:TARGET;CLR:TARGET	False	6A93	1.B	True	TARGET	train	6a93__2__1.B__1.J_1.K
BRIL/cyt-b562	1.C	ZOT:TARGET	True	6A94	1.A	True	TARGET	train	6a94__1__1.A__1.C
BRIL/cyt-b562	1.D	CLR:TARGET	False	6A94	1.A	True	TARGET	train	6a94__1__1.A__1.D
BRIL/cyt-b562	1.G	ZOT:TARGET	True	6A94	1.B	True	TARGET	train	6a94__2__1.B__1.G
BRIL/cyt-b562	1.H,1.I,1.J	PLM:TARGET;CLR:TARGET;A6L:TARGET	False	6A94	1.B	True	TARGET	train	6a94__2__1.B__1.H_1.I_1.J
BRIL/cyt-b562	1.C	P2E:TARGET	True	6AK3	1.A	True	TARGET	train	6ak3__1__1.A__1.C
BRIL/cyt-b562	1.E	P2E:TARGET	True	6AK3	1.B	True	TARGET	train	6ak3__1__1.B__1.E
rubredoxin	1.E	A4R:TARGET	False	6AKX	1.A	True	TARGET	train	6akx__1__1.A__1.E
rubredoxin	1.H	A4R:TARGET	False	6AKX	1.B	True	TARGET	train	6akx__2__1.B__1.H
rubredoxin	1.D	A4X:TARGET	False	6AKY	1.A	True	TARGET	train	6aky__1__1.A__1.D
MBP	1.C	GLC:FUSION;GLC:FUSION;GLC:FUSION;GLC:FUSION	False	6ANV	1.A	True	FUSION	train	6anv__1__1.A__1.C
MBP	1.D,1.N,1.P	MES:INTERFACE;PGE:TARGET;GLC:FUSION;GLC:FUSION;GLC:FUSION;GLC:FUSION	False	6ANV	1.B	True	FUSION;INTERFACE;TARGET	train	6anv__2__1.B__1.D_1.N_1.P
BRIL/cyt-b562	1.B	ZMA:TARGET	True	6AQF	1.A	True	TARGET	train	6aqf__1__1.A__1.B
BRIL/cyt-b562	1.C	CLR:TARGET	True	6AQF	1.A	True	TARGET	train	6aqf__1__1.A__1.C
BRIL/cyt-b562	1.D	CLR:TARGET	True	6AQF	1.A	True	TARGET	train	6aqf__1__1.A__1.D
BRIL/cyt-b562	1.E	CVV:TARGET	False	6B73	1.A	True	TARGET	train	6b73__1__1.A__1.E
BRIL/cyt-b562	1.F	CLR:TARGET	False	6B73	1.A	True	TARGET	train	6b73__1__1.A__1.F
BRIL/cyt-b562	1.H	CVV:TARGET	True	6B73	1.B	True	TARGET	train	6b73__2__1.B__1.H
BRIL/cyt-b562	1.I	CLR:TARGET	False	6B73	1.B	True	TARGET	train	6b73__2__1.B__1.I
T4L	1.B		True	6BG3	1.A	True		removed	6bg3__1__1.A__1.B
T4L	1.B		False	6BG5	1.A	True		removed	6bg5__1__1.A__1.B
BRIL/cyt-b562	1.B	ERM:TARGET	False	6BQG	1.A	True	TARGET	train	6bqg__1__1.A__1.B
BRIL/cyt-b562	1.B	E2J:TARGET	True	6BQH	1.A	True	TARGET	train	6bqh__1__1.A__1.B
BRIL/cyt-b562	1.B		False	6C1Q	1.A	False		train	6c1q__1__1.A__1.B
BRIL/cyt-b562	1.C		True	6C1Q	1.A	False		train	6c1q__1__1.A__1.C
BRIL/cyt-b562	1.B		True	6C1R	1.A	False		train	6c1r__1__1.A__1.B
BRIL/cyt-b562	1.C,1.G,1.K,1.M		False	6C1R	1.A	False		train	6c1r__1__1.A__1.C_1.G_1.K_1.M
SUMO/Smt3	1.B	EZS:TARGET	False	6CFP	1.A	True	TARGET	train	6cfp__1__1.A__1.B
T4L	1.B	8NU:TARGET	True	6CM4	1.A	True	TARGET	train	6cm4__1__1.A__1.B
BRIL/cyt-b562	1.G		False	6CMO	1.A	False		train	6cmo__1__1.A__1.G
MBP	1.G		True	6D1U	1.A	True		train	6d1u__1__1.A__1.G
MBP	1.H		True	6D1U	1.B	True		train	6d1u__2__1.B__1.H
MBP	1.I		True	6D1U	1.C	True		train	6d1u__3__1.C__1.I
T4L	1.B	FSY:TARGET	True	6D26	1.A	True	TARGET	train	6d26__1__1.A__1.B
T4L	1.I,1.Q	FT4:TARGET;PGO:TARGET	True	6D27	1.A	True	TARGET	train	6d27__1__1.A__1.I_1.Q
MBP	1.E,1.F	PGE:FUSION	True	6D66	1.A	True	FUSION	train	6d66__1__1.A__1.E_1.F
MBP	1.N		False	6D66	1.A	True	NOT_ON_CHIMERIC_ENTITY	train	6d66__1__1.A__1.N
MBP	1.O		True	6D66	1.A	True	NOT_ON_CHIMERIC_ENTITY	train	6d66__1__1.A__1.O
MBP	1.Y		True	6D66	1.B	False		train	6d66__1__1.B__1.Y
MBP	1.C	GLC:FUSION;GLC:FUSION	False	6D67	1.A	True	FUSION	train	6d67__1__1.A__1.C
T4L	1.B		False	6D9M	1.A	True		removed	6d9m__1__1.A__1.B
T4L	1.C,1.H		False	6D9M	1.A	True		removed	6d9m__1__1.A__1.C_1.H
T4L	1.D,1.E,1.F		False	6D9M	1.A	True		removed	6d9m__1__1.A__1.D_1.E_1.F
MBP	1.C	GLC:FUSION;GLC:FUSION	True	6DD5	1.A	True	FUSION	train	6dd5__1__1.A__1.C
MBP	1.D	GLC:FUSION;GLC:FUSION	True	6DD5	1.B	True	FUSION	train	6dd5__2__1.B__1.D
MBP	1.I	GLC:FUSION;GLC:FUSION	False	6DM8	1.A	True	FUSION	train	6dm8__1__1.A__1.I
MBP	1.Q,1.S	6AK:TARGET;6AK:TARGET	False	6DM8	1.A	True	TARGET	train	6dm8__1__1.A__1.Q_1.S
MBP	1.R	6AK:FUSION	False	6DM8	1.A	True	FUSION	train	6dm8__1__1.A__1.R
MBP	1.J	GLC:FUSION;GLC:FUSION	False	6DM8	1.B	True	FUSION	train	6dm8__2__1.B__1.J
MBP	1.T	6AK:FUSION	False	6DM8	1.B	True	FUSION	train	6dm8__2__1.B__1.T
MBP	1.U	6AK:TARGET	False	6DM8	1.B	True	TARGET	train	6dm8__2__1.B__1.U
MBP	1.K	GLC:FUSION;GLC:FUSION	False	6DM8	1.C	True	FUSION	train	6dm8__3__1.C__1.K
MBP	1.V,1.X,1.Y	6AK:TARGET;6AK:INTERFACE;6AK:TARGET	False	6DM8	1.C	True	INTERFACE;TARGET	train	6dm8__3__1.C__1.V_1.X_1.Y
MBP	1.W	6AK:FUSION	False	6DM8	1.C	True	FUSION	train	6dm8__3__1.C__1.W
MBP	1.AA	6AK:INTERFACE	False	6DM8	1.D	True	INTERFACE	train	6dm8__4__1.D__1.AA
MBP	1.L	GLC:FUSION;GLC:FUSION	False	6DM8	1.D	True	FUSION	train	6dm8__4__1.D__1.L
MBP	1.Z	6AK:TARGET	False	6DM8	1.D	True	TARGET	train	6dm8__4__1.D__1.Z
MBP	1.BA	6AK:TARGET	False	6DM8	1.E	True	TARGET	train	6dm8__5__1.E__1.BA
MBP	1.CA	6AK:INTERFACE	False	6DM8	1.E	True	INTERFACE	train	6dm8__5__1.E__1.CA
MBP	1.M	GLC:FUSION;GLC:FUSION	False	6DM8	1.E	True	FUSION	train	6dm8__5__1.E__1.M
MBP	1.DA	6AK:TARGET	False	6DM8	1.F	True	TARGET	train	6dm8__6__1.F__1.DA
MBP	1.EA,1.FA,1.GA	6AK:FUSION;6AK:FUSION;6AK:FUSION	False	6DM8	1.F	True	FUSION	train	6dm8__6__1.F__1.EA_1.FA_1.GA
MBP	1.N	GLC:FUSION;GLC:FUSION	False	6DM8	1.F	True	FUSION	train	6dm8__6__1.F__1.N
MBP	1.HA	6AK:TARGET	False	6DM8	1.G	True	TARGET	train	6dm8__7__1.G__1.HA
MBP	1.IA,1.JA	6AK:FUSION;6AK:INTERFACE	False	6DM8	1.G	True	FUSION;INTERFACE	train	6dm8__7__1.G__1.IA_1.JA
MBP	1.O	GLC:FUSION;GLC:FUSION	False	6DM8	1.G	True	FUSION	train	6dm8__7__1.G__1.O
MBP	1.KA	6AK:TARGET	False	6DM8	1.H	True	TARGET	train	6dm8__8__1.H__1.KA
MBP	1.LA,1.MA,1.NA	6AK:FUSION;6AK:FUSION;6AK:FUSION	False	6DM8	1.H	True	FUSION	train	6dm8__8__1.H__1.LA_1.MA_1.NA
MBP	1.P	GLC:FUSION;GLC:FUSION	False	6DM8	1.H	True	FUSION	train	6dm8__8__1.H__1.P
BRIL/cyt-b562	1.H		False	6DO1	1.A	True	NOT_ON_CHIMERIC_ENTITY	train	6do1__1__1.A__1.H
BRIL/cyt-b562	1.I	NAG:TARGET	False	6DO1	1.A	True	TARGET	train	6do1__1__1.A__1.I
BRIL/cyt-b562	1.G		False	6DO1	1.B	True	NOT_ON_CHIMERIC_ENTITY	train	6do1__2__1.B__1.G
BRIL/cyt-b562	1.O	NAG:TARGET	False	6DO1	1.B	True	TARGET	train	6do1__2__1.B__1.O
BRIL/cyt-b562	1.B	H8G:TARGET	False	6DRX	1.A	True	TARGET	train	6drx__1__1.A__1.B
BRIL/cyt-b562	1.C	CLR:TARGET	True	6DRX	1.A	True	TARGET	train	6drx__1__1.A__1.C
BRIL/cyt-b562	1.B	H8D:TARGET	True	6DRY	1.A	True	TARGET	train	6dry__1__1.A__1.B
BRIL/cyt-b562	1.C	CLR:TARGET	False	6DRY	1.A	True	TARGET	train	6dry__1__1.A__1.C
BRIL/cyt-b562	1.B	CLR:TARGET	False	6DRZ	1.A	True	TARGET	train	6drz__1__1.A__1.B
BRIL/cyt-b562	1.G	H8J:TARGET	False	6DRZ	1.A	True	TARGET	train	6drz__1__1.A__1.G
BRIL/cyt-b562	1.B	CLR:TARGET	False	6DS0	1.A	True	TARGET	train	6ds0__1__1.A__1.B
BRIL/cyt-b562	1.E	H8M:TARGET	True	6DS0	1.A	True	TARGET	train	6ds0__1__1.A__1.E
MBP	1.B	J7J:TARGET	False	6EG2	1.A	True	TARGET	train	6eg2__1__1.A__1.B
MBP	2.B	J7J:TARGET	False	6EG2	2.A	True	TARGET	train	6eg2__1__2.A__2.B
MBP	1.B	J7G:TARGET	True	6EG3	1.A	True	TARGET	train	6eg3__1__1.A__1.B
MBP	1.E	GLC:FUSION;GLC:FUSION;GLC:FUSION;GLC:FUSION	False	6EQZ	1.A	True	FUSION	train	6eqz__1__1.A__1.E
MBP	1.F	GLC:FUSION;GLC:FUSION;GLC:FUSION;GLC:FUSION	False	6EQZ	1.B	True	FUSION	train	6eqz__2__1.B__1.F
MBP	1.G		False	6EQZ	1.C	False		train	6eqz__3__1.C__1.G
MBP	1.H	GLC:FUSION;GLC:FUSION	False	6EQZ	1.D	True	FUSION	train	6eqz__4__1.D__1.H
T4L	1.G	D7W:TARGET	True	6FFH	1.A	True	TARGET	train	6ffh__1__1.A__1.G
T4L	1.J	D8B:TARGET	True	6FFI	1.A	True	TARGET	train	6ffi__1__1.A__1.J
T4L	1.B,1.C	B3P:FUSION;MOO:FUSION	False	6FW2	1.A	True	FUSION	train	6fw2__1__1.A__1.B_1.C
thioredoxin	1.F		False	6GDG	1.A	True		removed	6gdg__1__1.A__1.F
rubredoxin	1.C	F7N:TARGET	False	6GPS	1.A	True	TARGET	train	6gps__1__1.A__1.C
rubredoxin	1.D,1.H,1.I,1.N,1.O	OLA:TARGET;OLA:TARGET;OLA:TARGET;OLA:TARGET;F7N:TARGET	False	6GPX	1.A	True	TARGET	train	6gpx__1__1.A__1.D_1.H_1.I_1.N_1.O
rubredoxin	1.S	F7N:TARGET	False	6GPX	1.B	True	TARGET	train	6gpx__2__1.B__1.S
BRIL/cyt-b562	1.C	F9Q:TARGET	False	6GT3	1.A	True	TARGET	train	6gt3__1__1.A__1.C
BRIL/cyt-b562	1.E,1.H	CLR:TARGET	False	6GT3	1.A	True	TARGET	train	6gt3__1__1.A__1.E_1.H
BRIL/cyt-b562	1.F,1.I,1.U,1.V,1.X	CLR:TARGET;OLA:TARGET;OLA:TARGET;OLC:TARGET;OLC:TARGET	False	6GT3	1.A	True	TARGET	train	6gt3__1__1.A__1.F_1.I_1.U_1.V_1.X
MBP	1.C	GLC:FUSION;GLC:FUSION	False	6I4Y	1.A	True	FUSION	train	6i4y__1__1.A__1.C
MBP	2.C	GLC:FUSION;GLC:FUSION	False	6I4Y	2.A	True	FUSION	train	6i4y__1__2.A__2.C
thioredoxin	1.E		True	6IBL	1.A	True		removed	6ibl__1__1.A__1.E
thioredoxin	1.G,1.K		False	6IBL	1.A	True		removed	6ibl__1__1.A__1.G_1.K
thioredoxin	1.H		False	6IBL	1.A	True		removed	6ibl__1__1.A__1.H
thioredoxin	1.I		False	6IBL	1.A	True		removed	6ibl__1__1.A__1.I
thioredoxin	1.J		True	6IBL	1.A	True		removed	6ibl__1__1.A__1.J
thioredoxin	1.L		True	6IBL	1.C	False		removed	6ibl__2__1.C__1.L
thioredoxin	1.N		True	6IBL	1.C	False		removed	6ibl__2__1.C__1.N
thioredoxin	1.O,1.P		False	6IBL	1.C	False		removed	6ibl__2__1.C__1.O_1.P
BRIL/cyt-b562,rubredoxin	1.B		True	6IIU	1.A	True		train	6iiu__1__1.A__1.B
BRIL/cyt-b562,rubredoxin	1.D		False	6IIU	1.A	True		train	6iiu__1__1.A__1.D
BRIL/cyt-b562,rubredoxin	1.B		True	6IIV	1.A	True		train	6iiv__1__1.A__1.B
BRIL/cyt-b562,rubredoxin	1.D		False	6IIV	1.A	True		train	6iiv__1__1.A__1.D
BRIL/cyt-b562	1.C	L74:TARGET	False	6IQL	1.A	True	TARGET	train	6iql__1__1.A__1.C
BRIL/cyt-b562	1.D	L74:TARGET	False	6IQL	1.B	True	TARGET	train	6iql__1__1.B__1.D
T4L	1.B	GBQ:TARGET	True	6J20	1.A	True	TARGET	train	6j20__1__1.A__1.B
T4L	1.B	GBQ:TARGET	True	6J21	1.A	True	TARGET	train	6j21__1__1.A__1.B
BRIL/cyt-b562	1.C	ZMA:TARGET	False	6JZH	1.A	True	TARGET	train	6jzh__1__1.A__1.C
BRIL/cyt-b562	1.G,1.X	OLA:TARGET;CLR:TARGET	False	6JZH	1.A	True	TARGET	train	6jzh__1__1.A__1.G_1.X
BRIL/cyt-b562	1.Y	CLR:TARGET	True	6JZH	1.A	True	TARGET	train	6jzh__1__1.A__1.Y
T4L	1.B	D2U:TARGET	False	6K1Q	1.A	True	TARGET	train	6k1q__1__1.A__1.B
MBP	1.B	GLC:FUSION;GLC:FUSION	True	6K7F	1.A	True	FUSION	train	6k7f__1__1.A__1.B
MBP	1.C	GLC:FUSION;GLC:FUSION;GLC:FUSION	True	6KI0	1.A	True	FUSION	train	6ki0__1__1.A__1.C
MBP	1.D	GLC:FUSION;GLC:FUSION;GLC:FUSION	True	6KI0	1.B	True	FUSION	train	6ki0__2__1.B__1.D
T4L	1.C,1.D	97Y:TARGET;OLC:TARGET	True	6KJV	1.A	True	TARGET	train	6kjv__1__1.A__1.C_1.D
T4L	1.E,1.F	97Y:TARGET;OLC:TARGET	True	6KJV	1.B	True	TARGET	train	6kjv__2__1.B__1.E_1.F
T4L	1.C	97Y:TARGET	True	6KK1	1.A	True	TARGET	train	6kk1__1__1.A__1.C
T4L	1.D	97Y:TARGET	True	6KK1	1.B	True	TARGET	train	6kk1__2__1.B__1.D
T4L	1.C	97Y:TARGET	True	6KK7	1.A	True	TARGET	train	6kk7__1__1.A__1.C
T4L	1.D	97Y:TARGET	True	6KK7	1.B	True	TARGET	train	6kk7__2__1.B__1.D
BRIL/cyt-b562	1.D	8QX:TARGET	True	6KO5	1.A	True	TARGET	train	6ko5__1__1.A__1.D
T4L	1.B	E3R:TARGET	True	6KPC	1.A	True	TARGET	train	6kpc__1__1.A__1.B
MBP	1.G	GLC:FUSION;GLC:FUSION	True	6LF3	1.A,1.B	True	FUSION	train	6lf3__1__1.A_1.B__1.G
MBP	1.H	GLC:FUSION;GLC:FUSION	True	6LF3	1.A,1.B	True	FUSION	train	6lf3__1__1.A_1.B__1.H
MBP	1.I	GLC:FUSION;GLC:FUSION	False	6LF3	1.C,1.D	True	FUSION	train	6lf3__2__1.C_1.D__1.I
MBP	1.J	GLC:FUSION;GLC:FUSION	False	6LF3	1.C,1.D	True	FUSION	train	6lf3__2__1.C_1.D__1.J
MBP	1.K	GLC:FUSION;GLC:FUSION	False	6LF3	1.E,1.F	True	FUSION	train	6lf3__3__1.E_1.F__1.K
MBP	1.L	GLC:FUSION;GLC:FUSION	False	6LF3	1.E,1.F	True	FUSION	train	6lf3__3__1.E_1.F__1.L
rubredoxin	1.D	NAG:TARGET	False	6LN2	1.A,1.C	True	TARGET	train	6ln2__1__1.A_1.C__1.D
rubredoxin	1.F	97Y:TARGET	False	6LN2	1.A	True	TARGET	train	6ln2__1__1.A__1.F
BRIL/cyt-b562	1.AA,1.F	CLR:TARGET	True	6LPJ	1.A	True	TARGET	train	6lpj__1__1.A__1.AA_1.F
BRIL/cyt-b562	1.B	ZMA:TARGET	True	6LPJ	1.A	True	TARGET	train	6lpj__1__1.A__1.B
BRIL/cyt-b562	1.D,1.J,1.W,1.X	CLR:TARGET;ER0:TARGET	True	6LPJ	1.A	True	TARGET	train	6lpj__1__1.A__1.D_1.J_1.W_1.X
BRIL/cyt-b562	1.E	CLR:TARGET	True	6LPJ	1.A	True	TARGET	train	6lpj__1__1.A__1.E
BRIL/cyt-b562	1.Q	ER0:TARGET	False	6LPJ	1.A	True	TARGET	train	6lpj__1__1.A__1.Q
BRIL/cyt-b562	1.AA,1.F	CLR:TARGET	True	6LPK	1.A	True	TARGET	train	6lpk__1__1.A__1.AA_1.F
BRIL/cyt-b562	1.B	ZMA:TARGET	True	6LPK	1.A	True	TARGET	train	6lpk__1__1.A__1.B
BRIL/cyt-b562	1.D,1.J,1.W,1.X	CLR:TARGET;ER0:TARGET	True	6LPK	1.A	True	TARGET	train	6lpk__1__1.A__1.D_1.J_1.W_1.X
BRIL/cyt-b562	1.E	CLR:TARGET	True	6LPK	1.A	True	TARGET	train	6lpk__1__1.A__1.E
BRIL/cyt-b562	1.Q	ER0:TARGET	False	6LPK	1.A	True	TARGET	train	6lpk__1__1.A__1.Q
BRIL/cyt-b562	1.AA,1.F	CLR:TARGET;MYS:TARGET	True	6LPL	1.A	True	TARGET	train	6lpl__1__1.A__1.AA_1.F
BRIL/cyt-b562	1.B	ZMA:TARGET	True	6LPL	1.A	True	TARGET	train	6lpl__1__1.A__1.B
BRIL/cyt-b562	1.D,1.J,1.W,1.X	CLR:TARGET;ER0:TARGET	True	6LPL	1.A	True	TARGET	train	6lpl__1__1.A__1.D_1.J_1.W_1.X
BRIL/cyt-b562	1.E	CLR:TARGET	True	6LPL	1.A	True	TARGET	train	6lpl__1__1.A__1.E
BRIL/cyt-b562	1.G,1.I,1.K,1.Q	D12:TARGET;8K6:TARGET;ER0:TARGET	False	6LPL	1.A	True	TARGET	train	6lpl__1__1.A__1.G_1.I_1.K_1.Q
thioredoxin	1.M		False	6LUR	1.A,1.C	True		removed	6lur__1__1.A_1.C__1.M
thioredoxin	1.O		False	6LUR	1.A,1.D	True		removed	6lur__1__1.A_1.D__1.O
thioredoxin	1.J		False	6LUR	1.B,1.C	True		removed	6lur__1__1.B_1.C__1.J
thioredoxin	1.K		False	6LUR	1.B,1.F	True		removed	6lur__1__1.B_1.F__1.K
thioredoxin	1.I		False	6LUR	1.B	True		removed	6lur__1__1.B__1.I
thioredoxin	1.L		False	6LUR	1.C	True		removed	6lur__1__1.C__1.L
thioredoxin	1.N		False	6LUR	1.D	True		removed	6lur__1__1.D__1.N
thioredoxin	1.P		False	6LUR	1.E	True		removed	6lur__1__1.E__1.P
BRIL/cyt-b562	1.B	QXV:TARGET	True	6LW5	1.A	True	TARGET	train	6lw5__1__1.A__1.B
BRIL/cyt-b562	1.C	CLR:TARGET	False	6LW5	1.A	True	TARGET	train	6lw5__1__1.A__1.C
BRIL/cyt-b562	1.D	CLR:TARGET	False	6LW5	1.A	True	TARGET	train	6lw5__1__1.A__1.D
MBP	1.E	RAP:TARGET	False	6M4V	1.A,1.B	True	TARGET	train	6m4v__1__1.A_1.B__1.E
MBP	1.G	RAP:TARGET	False	6M4V	1.C,1.D	True	TARGET	train	6m4v__2__1.C_1.D__1.G
GFP	1.C		False	6M63	1.A	True		removed	6m63__1__1.A__1.C
GFP	1.D		False	6M63	1.B	True		removed	6m63__2__1.B__1.D
T4L	1.B	J9P:TARGET	False	6M9T	1.A	True	TARGET	train	6m9t__1__1.A__1.B
BRIL/cyt-b562,rubredoxin	1.C		False	6ME6	1.A	True		train	6me6__1__1.A__1.C
BRIL/cyt-b562,rubredoxin	1.E		False	6ME6	1.B	True		train	6me6__1__1.B__1.E
BRIL/cyt-b562,rubredoxin	1.C		True	6ME7	1.A	True		train	6me7__1__1.A__1.C
BRIL/cyt-b562,rubredoxin	1.E		True	6ME7	1.B	True		train	6me7__2__1.B__1.E
BRIL/cyt-b562,rubredoxin	1.C		False	6ME8	1.A	True		train	6me8__1__1.A__1.C
BRIL/cyt-b562,rubredoxin	1.E		False	6ME8	1.B	True		train	6me8__2__1.B__1.E
BRIL/cyt-b562,rubredoxin	1.C		True	6ME9	1.A	True		train	6me9__1__1.A__1.C
BRIL/cyt-b562,rubredoxin	1.E		True	6ME9	1.B	True		train	6me9__2__1.B__1.E
BRIL/cyt-b562	1.B	ZMA:TARGET	False	6MH8	1.A	True	TARGET	train	6mh8__1__1.A__1.B
T4L	1.C	K5Y:TARGET	False	6MXT	1.A	True	TARGET	train	6mxt__1__1.A__1.C
MBP	1.B	GLC:FUSION;GLC:FUSION	False	6N84	1.A	True	FUSION	train	6n84__1__1.A__1.B
MBP	1.C		True	6N85	1.B	False		train	6n85__1__1.B__1.C
BRIL/cyt-b562	1.C		False	6OS0	1.A	True	NOT_ON_CHIMERIC_ENTITY	train	6os0__1__1.A__1.C
BRIL/cyt-b562	1.D	NAG:TARGET	False	6OS0	1.A	True	TARGET	train	6os0__1__1.A__1.D
BRIL/cyt-b562	1.C		False	6OS1	1.A	True	NOT_ON_CHIMERIC_ENTITY	train	6os1__1__1.A__1.C
BRIL/cyt-b562	1.J	CLR:TARGET	False	6OS1	1.A	True	TARGET	train	6os1__1__1.A__1.J
BRIL/cyt-b562	1.C		False	6OS2	1.A	True	NOT_ON_CHIMERIC_ENTITY	train	6os2__1__1.A__1.C
BRIL/cyt-b562	1.D	NAG:TARGET	False	6OS2	1.A	True	TARGET	train	6os2__1__1.A__1.D
BRIL/cyt-b562	1.K	CLR:TARGET	False	6OS2	1.A	True	TARGET	train	6os2__1__1.A__1.K
BRIL/cyt-b562	1.B	ZMA:TARGET	False	6PS7	1.A	True	TARGET	train	6ps7__1__1.A__1.B
BRIL/cyt-b562	1.H,1.N	CLR:TARGET	False	6PS7	1.A	True	TARGET	train	6ps7__1__1.A__1.H_1.N
SUMO/Smt3	1.H		False	6Q2S	1.B,1.C	True	NOT_ON_CHIMERIC_ENTITY	train	6q2s__1__1.B_1.C__1.H
SUMO/Smt3	1.G		False	6Q2S	1.B	True	NOT_ON_CHIMERIC_ENTITY	train	6q2s__1__1.B__1.G
SUMO/Smt3	1.I		False	6Q2S	1.C	False		train	6q2s__1__1.C__1.I
SUMO/Smt3	1.J		False	6Q2S	1.C	False		train	6q2s__1__1.C__1.J
SUMO/Smt3	1.K		False	6Q2S	1.C	False		train	6q2s__1__1.C__1.K
SUMO/Smt3	1.L		False	6Q2S	1.C	False		train	6q2s__1__1.C__1.L
SUMO/Smt3	1.M		False	6Q2S	1.C	False		train	6q2s__1__1.C__1.M
SUMO/Smt3	1.S		False	6Q2S	1.E,1.F	False		train	6q2s__1__1.E_1.F__1.S
SUMO/Smt3	1.R		False	6Q2S	1.E	False		train	6q2s__1__1.E__1.R
SUMO/Smt3	1.T		False	6Q2S	1.F	False		train	6q2s__1__1.F__1.T
SUMO/Smt3	1.U		False	6Q2S	1.F	False		train	6q2s__1__1.F__1.U
SUMO/Smt3	1.V		False	6Q2S	1.F	False		train	6q2s__1__1.F__1.V
SUMO/Smt3	1.W		False	6Q2S	1.F	False		train	6q2s__1__1.F__1.W
SUMO/Smt3	1.X		False	6Q2S	1.F	False		train	6q2s__1__1.F__1.X
MBP	1.B	GLC:FUSION;GLC:FUSION	True	6QGD	1.A	True	FUSION	train	6qgd__1__1.A__1.B
MBP	1.C	J1N:TARGET	False	6QGD	1.A	True	TARGET	train	6qgd__1__1.A__1.C
MBP	1.W	GLC:FUSION;GLC:FUSION	True	6QUG	1.J	True	FUSION	train	6qug__10__1.J__1.W
MBP	1.X	GLC:FUSION;GLC:FUSION	True	6QUG	1.K	True	FUSION	train	6qug__11__1.K__1.X
MBP	1.V	GLC:FUSION;GLC:FUSION	True	6QUG	1.L	True	FUSION	train	6qug__12__1.L__1.V
MBP	1.M	GLC:FUSION;GLC:FUSION	True	6QUG	1.A	True	FUSION	train	6qug__1__1.A__1.M
MBP	1.N	GLC:FUSION;GLC:FUSION	True	6QUG	1.B	True	FUSION	train	6qug__2__1.B__1.N
MBP	1.O	GLC:FUSION;GLC:FUSION	True	6QUG	1.C	True	FUSION	train	6qug__3__1.C__1.O
MBP	1.P	GLC:FUSION;GLC:FUSION	True	6QUG	1.D	True	FUSION	train	6qug__4__1.D__1.P
MBP	1.Q	GLC:FUSION;GLC:FUSION	True	6QUG	1.E	True	FUSION	train	6qug__5__1.E__1.Q
MBP	1.R	GLC:FUSION;GLC:FUSION	True	6QUG	1.F	True	FUSION	train	6qug__6__1.F__1.R
MBP	1.S	GLC:FUSION;GLC:FUSION	True	6QUG	1.G	True	FUSION	train	6qug__7__1.G__1.S
MBP	1.T	GLC:FUSION;GLC:FUSION	True	6QUG	1.H	True	FUSION	train	6qug__8__1.H__1.T
MBP	1.U	GLC:FUSION;GLC:FUSION	True	6QUG	1.I	True	FUSION	train	6qug__9__1.I__1.U
MBP	1.B	GLC:FUSION;GLC:FUSION	True	6QXJ	1.A	True	FUSION	train	6qxj__1__1.A__1.B
MBP	1.C	JKQ:TARGET	False	6QXJ	1.A	True	TARGET	train	6qxj__1__1.A__1.C
MBP	1.B	GLC:FUSION;GLC:FUSION	True	6QYK	1.A	True	FUSION	train	6qyk__1__1.A__1.B
MBP	1.C	JLB:TARGET	False	6QYK	1.A	True	TARGET	train	6qyk__1__1.A__1.C
MBP	1.B	GLC:FUSION;GLC:FUSION	False	6QYL	1.A	True	FUSION	train	6qyl__1__1.A__1.B
MBP	1.C	JLE:TARGET	False	6QYL	1.A	True	TARGET	train	6qyl__1__1.A__1.C
MBP	1.B	GLC:FUSION;GLC:FUSION	False	6QYN	1.A	True	FUSION	train	6qyn__1__1.A__1.B
MBP	1.C	JL8:TARGET	False	6QYN	1.A	True	TARGET	train	6qyn__1__1.A__1.C
MBP	1.B	GLC:FUSION;GLC:FUSION	False	6QYO	1.A	True	FUSION	train	6qyo__1__1.A__1.B
MBP	1.C	JLH:TARGET	False	6QYO	1.A	True	TARGET	train	6qyo__1__1.A__1.C
MBP	1.B	GLC:FUSION;GLC:FUSION	True	6QZ7	1.A	True	FUSION	train	6qz7__1__1.A__1.B
MBP	1.C	JLE:TARGET	False	6QZ7	1.A	True	TARGET	train	6qz7__1__1.A__1.C
BRIL/cyt-b562	1.B	KNT:TARGET	True	6RZ4	1.A	True	TARGET	train	6rz4__1__1.A__1.B
BRIL/cyt-b562	1.C,1.P,1.Q	ZLK:TARGET;OLA:TARGET	False	6RZ5	1.A	True	TARGET	train	6rz5__1__1.A__1.C_1.P_1.Q
BRIL/cyt-b562	1.QA,1.Y	ZLK:TARGET;ZLK:TARGET	False	6RZ5	1.B	True	TARGET	train	6rz5__2__1.B__1.QA_1.Y
BRIL/cyt-b562	1.C	CLR:TARGET	False	6RZ6	1.A	True	TARGET	train	6rz6__1__1.A__1.C
BRIL/cyt-b562	1.B,1.D	KNW:TARGET;OLC:TARGET	False	6RZ7	1.A	True	TARGET	train	6rz7__1__1.A__1.B_1.D
BRIL/cyt-b562	1.C	CLR:TARGET	False	6RZ7	1.A	True	TARGET	train	6rz7__1__1.A__1.C
BRIL/cyt-b562	1.B	KNZ:TARGET	False	6RZ8	1.A	True	TARGET	train	6rz8__1__1.A__1.B
BRIL/cyt-b562	1.B,1.O	KO5:TARGET;OLC:TARGET	False	6RZ9	1.A	True	TARGET	train	6rz9__1__1.A__1.B_1.O
BRIL/cyt-b562	1.C	CLR:TARGET	False	6RZ9	1.A	True	TARGET	train	6rz9__1__1.A__1.C
BRIL/cyt-b562	1.B	ZMA:TARGET	False	6S0Q	1.A	True	TARGET	train	6s0q__1__1.A__1.B
BRIL/cyt-b562	1.C,1.L,1.N	OLA:TARGET;OLC:TARGET;CLR:TARGET	False	6S0Q	1.A	True	TARGET	train	6s0q__1__1.A__1.C_1.L_1.N
BRIL/cyt-b562	1.D,1.O	OLA:TARGET;CLR:TARGET	False	6S0Q	1.A	True	TARGET	train	6s0q__1__1.A__1.D_1.O
BRIL/cyt-b562	1.G,1.J,1.P	OLA:TARGET;OLB:TARGET;CLR:TARGET	False	6S0Q	1.A	True	TARGET	train	6s0q__1__1.A__1.G_1.J_1.P
MBP	1.C	GLC:FUSION;GLC:FUSION;GLC:FUSION;GLC:FUSION;GLC:FUSION	True	6SIV	1.A	True	FUSION	train	6siv__1__1.A__1.C
MBP	1.C	GLC:FUSION;GLC:FUSION;GLC:FUSION;GLC:FUSION;GLC:FUSION	False	6SJA	1.A	True	FUSION	train	6sja__1__1.A__1.C
MBP	1.B		True	6SLM	1.A	True		train	6slm__1__1.A__1.B
MBP	1.B		True	6SMV	1.A	True		train	6smv__1__1.A__1.B
MBP	1.C	GLC:FUSION;GLC:FUSION	True	6SQC	1.A	True	FUSION	train	6sqc__1__1.A__1.C
SUMO/Smt3	1.B,2.B		False	6UKM	1.A,2.A	True		removed	6ukm__1__1.A_2.A__1.B_2.B
SUMO/Smt3	1.B,2.B		False	6UKU	1.A,2.A	True		removed	6uku__1__1.A_2.A__1.B_2.B
SUMO/Smt3	1.C,1.D		False	6UKV	1.A,1.B	True		removed	6ukv__1__1.A_1.B__1.C_1.D
SUMO/Smt3	1.C,1.D		False	6UKW	1.A,1.B	True		removed	6ukw__1__1.A_1.B__1.C_1.D
SUMO/Smt3	1.C		True	6UKX	1.A,1.B	True		removed	6ukx__1__1.A_1.B__1.C
SUMO/Smt3	1.B,2.B		False	6UKY	1.A,2.A	True		removed	6uky__1__1.A_2.A__1.B_2.B
SUMO/Smt3	1.C		False	6UKZ	1.A,1.B	True		removed	6ukz__1__1.A_1.B__1.C
SUMO/Smt3	1.B,2.B		False	6UL0	1.A,2.A	True		removed	6ul0__1__1.A_2.A__1.B_2.B
BRIL/cyt-b562	1.G	QMR:TARGET	False	6UR8	1.A,1.B	True	TARGET	train	6ur8__1__1.A_1.B__1.G
BRIL/cyt-b562	1.F	NAG:TARGET	False	6UR8	1.A	True	TARGET	train	6ur8__1__1.A__1.F
BRIL/cyt-b562	1.H,1.I,1.J		False	6UR8	1.B	False		train	6ur8__1__1.B__1.H_1.I_1.J
BRIL/cyt-b562	1.K,1.L,1.M		False	6UR8	1.C	False		train	6ur8__1__1.C__1.K_1.L_1.M
BRIL/cyt-b562	1.O	QMR:TARGET	False	6UR8	1.D,1.E	True	TARGET	train	6ur8__1__1.D_1.E__1.O
BRIL/cyt-b562	1.N	NAG:TARGET	False	6UR8	1.D	True	TARGET	train	6ur8__1__1.D__1.N
BRIL/cyt-b562	1.P,1.Q,1.R		False	6UR8	1.E	False		train	6ur8__1__1.E__1.P_1.Q_1.R
BRIL/cyt-b562	1.N	QMR:TARGET	False	6USF	1.A,1.B	True	TARGET	train	6usf__1__1.A_1.B__1.N
BRIL/cyt-b562	1.M	NAG:TARGET	False	6USF	1.A	True	TARGET	train	6usf__1__1.A__1.M
BRIL/cyt-b562	1.J,1.O		False	6USF	1.B	False		train	6usf__1__1.B__1.J_1.O
BRIL/cyt-b562	1.K,1.P		False	6USF	1.C	False		train	6usf__1__1.C__1.K_1.P
BRIL/cyt-b562	1.R	QMR:TARGET	False	6USF	1.D,1.E	True	TARGET	train	6usf__1__1.D_1.E__1.R
BRIL/cyt-b562	1.Q	NAG:TARGET	False	6USF	1.D	True	TARGET	train	6usf__1__1.D__1.Q
BRIL/cyt-b562	1.L,1.S		False	6USF	1.E	False		train	6usf__1__1.E__1.L_1.S
GFP	1.B		False	6UZ0	1.A	True		removed	6uz0__1__1.A__1.B
GFP	1.C		False	6UZ0	1.A	True		removed	6uz0__1__1.A__1.C
GFP	1.D		False	6UZ0	1.A	True		removed	6uz0__1__1.A__1.D
GFP	1.E		False	6UZ0	1.A	True		removed	6uz0__1__1.A__1.E
GFP	1.F		False	6UZ0	1.A	True		removed	6uz0__1__1.A__1.F
GFP	1.G,1.S		False	6UZ0	1.A	True		removed	6uz0__1__1.A__1.G_1.S
GFP	1.H		False	6UZ0	1.A	True		removed	6uz0__1__1.A__1.H
GFP	1.I,1.J,1.R		False	6UZ0	1.A	True		removed	6uz0__1__1.A__1.I_1.J_1.R
GFP	1.K,1.V		False	6UZ0	1.A	True		removed	6uz0__1__1.A__1.K_1.V
GFP	1.W		False	6UZ0	1.A	True		removed	6uz0__1__1.A__1.W
GFP	1.B		False	6UZ3	1.A	True		removed	6uz3__1__1.A__1.B
GFP	1.C		False	6UZ3	1.A	True		removed	6uz3__1__1.A__1.C
GFP	1.D		False	6UZ3	1.A	True		removed	6uz3__1__1.A__1.D
GFP	1.E		False	6UZ3	1.A	True		removed	6uz3__1__1.A__1.E
GFP	1.F		False	6UZ3	1.A	True		removed	6uz3__1__1.A__1.F
GFP	1.G,1.S		False	6UZ3	1.A	True		removed	6uz3__1__1.A__1.G_1.S
GFP	1.H		False	6UZ3	1.A	True		removed	6uz3__1__1.A__1.H
GFP	1.I,1.J,1.R		False	6UZ3	1.A	True		removed	6uz3__1__1.A__1.I_1.J_1.R
GFP	1.K,1.U,1.V		False	6UZ3	1.A	True		removed	6uz3__1__1.A__1.K_1.U_1.V
MBP	1.C		False	6V2E	1.A	True		train	6v2e__1__1.A__1.C
BRIL/cyt-b562	1.D	7LD:TARGET	True	6WGT	1.A	True	TARGET	train	6wgt__1__1.A__1.D
BRIL/cyt-b562	1.E	CLR:TARGET	False	6WGT	1.A	True	TARGET	train	6wgt__1__1.A__1.E
BRIL/cyt-b562	1.I	CLR:TARGET	False	6WGT	1.A	True	TARGET	train	6wgt__1__1.A__1.I
BRIL/cyt-b562	1.J	7LD:TARGET	True	6WGT	1.B	True	TARGET	train	6wgt__2__1.B__1.J
BRIL/cyt-b562	1.N	7LD:TARGET	True	6WGT	1.C	True	TARGET	train	6wgt__3__1.C__1.N
BRIL/cyt-b562	1.D	89F:TARGET	True	6WH4	1.A	True	TARGET	train	6wh4__1__1.A__1.D
BRIL/cyt-b562	1.G	CLR:TARGET	False	6WH4	1.A	True	TARGET	train	6wh4__1__1.A__1.G
BRIL/cyt-b562	1.I	89F:TARGET	False	6WH4	1.B	True	TARGET	train	6wh4__2__1.B__1.I
BRIL/cyt-b562	1.L	89F:TARGET	True	6WH4	1.C	True	TARGET	train	6wh4__3__1.C__1.L
BRIL/cyt-b562	1.M	CLR:TARGET	False	6WH4	1.C	True	TARGET	train	6wh4__3__1.C__1.M
BRIL/cyt-b562	1.P	NDS:FUSION	False	6WH4	1.C	True	FUSION	train	6wh4__3__1.C__1.P
BRIL/cyt-b562	1.F	U0G:TARGET	False	6WHA	1.A	True	TARGET	train	6wha__1__1.A__1.F
BRIL/cyt-b562	1.C	ZMA:TARGET	True	6WQA	1.A	True	TARGET	train	6wqa__1__1.A__1.C
BRIL/cyt-b562	1.P,1.Q	OLC:TARGET;CLR:TARGET	False	6WQA	1.A	True	TARGET	train	6wqa__1__1.A__1.P_1.Q
GFP	1.B		False	6WVF	1.A	True		removed	6wvf__1__1.A__1.B
GFP	1.G		False	6WVG	1.A	True		removed	6wvg__1__1.A__1.G
GFP	1.I		False	6WVG	1.B	True		removed	6wvg__2__1.B__1.I
MBP	1.I	GLC:FUSION;GLC:FUSION	False	6X91	1.A	True	FUSION	train	6x91__1__1.A__1.I
MBP	1.J	GLC:FUSION;GLC:FUSION	False	6X91	1.B	True	FUSION	train	6x91__1__1.B__1.J
MBP	1.K	GLC:FUSION;GLC:TARGET	False	6X91	1.B	True	FUSION;TARGET	train	6x91__1__1.B__1.K
MBP	1.L	GLC:FUSION;GLC:FUSION	False	6X91	1.C	True	FUSION	train	6x91__2__1.C__1.L
MBP	1.M	GLC:TARGET;GLC:INTERFACE	False	6X91	1.C	True	INTERFACE;TARGET	train	6x91__2__1.C__1.M
MBP	1.N	GLC:FUSION;GLC:FUSION	False	6X91	1.D	True	FUSION	train	6x91__2__1.D__1.N
MBP	1.O	GLC:INTERFACE;GLC:TARGET	False	6X91	1.D	True	INTERFACE;TARGET	train	6x91__2__1.D__1.O
MBP	1.P	GLC:FUSION;GLC:FUSION	False	6X91	1.E	True	FUSION	train	6x91__3__1.E__1.P
MBP	1.Q	GLC:FUSION;GLC:FUSION	False	6X91	1.F	True	FUSION	train	6x91__3__1.F__1.Q
MBP	1.R	GLC:TARGET;GLC:FUSION	False	6X91	1.F	True	FUSION;TARGET	train	6x91__3__1.F__1.R
MBP	1.S	GLC:FUSION;GLC:FUSION	False	6X91	1.G	True	FUSION	train	6x91__4__1.G__1.S
MBP	1.T	GLC:INTERFACE;GLC:TARGET	False	6X91	1.G	True	INTERFACE;TARGET	train	6x91__4__1.G__1.T
MBP	1.U	GLC:FUSION;GLC:FUSION	False	6X91	1.H	True	FUSION	train	6x91__4__1.H__1.U
MBP	1.V	GLC:TARGET;GLC:TARGET	False	6X91	1.H	True	TARGET	train	6x91__4__1.H__1.V
MBP	1.B	GLC:FUSION;GLC:FUSION;GLC:FUSION	False	6XDS	1.A	True	FUSION	train	6xds__1__1.A__1.B
MBP	1.C,1.E	V5S:INTERFACE	False	6XDS	1.A	True	INTERFACE	train	6xds__1__1.A__1.C_1.E
MBP	1.B	GLC:FUSION;GLC:FUSION	False	6YBJ	1.A	True	FUSION	train	6ybj__1__1.A__1.B
MBP	1.D	OJW:TARGET	False	6YBJ	1.A	True	TARGET	train	6ybj__1__1.A__1.D
MBP	1.B	GLC:FUSION;GLC:FUSION	True	6YBK	1.A	True	FUSION	train	6ybk__1__1.A__1.B
MBP	1.D	OK2:TARGET	True	6YBK	1.A	True	TARGET	train	6ybk__1__1.A__1.D
MBP	1.B	GLC:FUSION;GLC:FUSION	False	6YBL	1.A	True	FUSION	train	6ybl__1__1.A__1.B
MBP	1.C	OK5:TARGET	False	6YBL	1.A	True	TARGET	train	6ybl__1__1.A__1.C
MBP	1.F	PJQ:TARGET	False	6YSN	1.A,1.B	True	TARGET	train	6ysn__1__1.A_1.B__1.F
MBP	1.E	PJQ:TARGET	False	6YSN	1.A,1.D	True	TARGET	train	6ysn__1__1.A_1.D__1.E
MBP	1.G	PJQ:TARGET	False	6YSN	1.B,1.C	True	TARGET	train	6ysn__1__1.B_1.C__1.G
MBP	1.H	PJQ:TARGET	False	6YSN	1.C,1.D	True	TARGET	train	6ysn__1__1.C_1.D__1.H
BRIL/cyt-b562	1.B	QGE:TARGET	True	6ZDR	1.A	True	TARGET	train	6zdr__1__1.A__1.B
BRIL/cyt-b562	1.D,1.G	CLR:TARGET	False	6ZDR	1.A	True	TARGET	train	6zdr__1__1.A__1.D_1.G
BRIL/cyt-b562	1.E,1.F,1.L	CLR:TARGET;OLC:TARGET	False	6ZDR	1.A	True	TARGET	train	6zdr__1__1.A__1.E_1.F_1.L
BRIL/cyt-b562	1.B	QGW:TARGET	False	6ZDV	1.A	True	TARGET	train	6zdv__1__1.A__1.B
T4L	1.B	QJT:TARGET	True	6ZFZ	1.A	True	TARGET	train	6zfz__1__1.A__1.B
T4L	1.B	QK8:TARGET	True	6ZG4	1.A	True	TARGET	train	6zg4__1__1.A__1.B
T4L	1.B	QK2:TARGET	True	6ZG9	1.A	True	TARGET	train	6zg9__1__1.A__1.B
GST-Sj26	1.E		False	7AL7	1.A,1.B	True	NOT_ON_CHIMERIC_ENTITY	train	7al7__1__1.A_1.B__1.E
GST-Sj26	1.C		False	7AL7	1.A	False		train	7al7__1__1.A__1.C
GST-Sj26	1.D		False	7AL7	1.A	False		train	7al7__1__1.A__1.D
BRIL/cyt-b562	1.B	RVZ:TARGET	True	7ARO	1.A	True	TARGET	train	7aro__1__1.A__1.B
BRIL/cyt-b562	1.G	CLR:TARGET	False	7ARO	1.A	True	TARGET	train	7aro__1__1.A__1.G
BRIL/cyt-b562	2.B	RVZ:TARGET	True	7ARO	2.A	True	TARGET	train	7aro__1__2.A__2.B
BRIL/cyt-b562	2.G	CLR:TARGET	False	7ARO	2.A	True	TARGET	train	7aro__1__2.A__2.G
MBP	1.B	NAG:TARGET	False	7B01	1.A	True	TARGET	train	7b01__1__1.A__1.B
MBP	1.C	GLC:FUSION;GLC:FUSION	False	7B01	1.A	True	FUSION	train	7b01__1__1.A__1.C
MBP	1.E	GLC:FUSION;GLC:FUSION	False	7BG0	1.A,1.B	True	FUSION	train	7bg0__1__1.A_1.B__1.E
MBP	1.F	GLC:FUSION;GLC:FUSION	False	7BG0	1.C,1.D	True	FUSION	train	7bg0__2__1.C_1.D__1.F
GFP	1.P		False	7BYM	1.A,1.B,1.C	True		removed	7bym__1__1.A_1.B_1.C__1.P
GFP	1.N		False	7BYM	1.A,1.B,1.D	True		removed	7bym__1__1.A_1.B_1.D__1.N
GFP	1.J		False	7BYM	1.A,1.C,1.D	True		removed	7bym__1__1.A_1.C_1.D__1.J
GFP	1.R		False	7BYM	1.B,1.C,1.D	True		removed	7bym__1__1.B_1.C_1.D__1.R
GFP	1.N		False	7BYN	1.A,1.B,1.C,1.D	True		removed	7byn__1__1.A_1.B_1.C_1.D__1.N
BRIL/cyt-b562	1.D		False	7C61	1.C	False		train	7c61__1__1.C__1.D
BRIL/cyt-b562	1.D		False	7C6A	1.C	False		train	7c6a__1__1.C__1.D
BRIL/cyt-b562	1.F		False	7CMU	1.E	False		train	7cmu__1__1.E__1.F
BRIL/cyt-b562	1.F		False	7CMV	1.E	False		train	7cmv__1__1.E__1.F
MBP	1.B,1.C	FE:TARGET;ASC:TARGET	True	7CY5	1.A	True	TARGET	train	7cy5__1__1.A__1.B_1.C
MBP	1.B,1.C,1.H,1.Q	EDO:TARGET;EDO:TARGET	True	7CY6	1.A	True	TARGET	train	7cy6__1__1.A__1.B_1.C_1.H_1.Q
MBP	1.B,1.C		False	7CY7	1.A	True	NOT_ON_CHIMERIC_ENTITY	train	7cy7__1__1.A__1.B_1.C
MBP	1.B,1.C,1.D,1.H	ASC:TARGET;FE2:TARGET	False	7CY8	1.A	True	TARGET	train	7cy8__1__1.A__1.B_1.C_1.D_1.H
BRIL/cyt-b562	1.D	SIP:TARGET	False	7DFP	1.A,1.C	True	TARGET	train	7dfp__1__1.A_1.C__1.D
MBP	1.B	GLC:FUSION;GLC:FUSION	False	7E29	1.A	True	FUSION	train	7e29__1__1.A__1.B
BRIL/cyt-b562	1.E,1.F,1.G,1.L,1.P		False	7E2X	1.D	False		train	7e2x__1__1.D__1.E_1.F_1.G_1.L_1.P
BRIL/cyt-b562	1.H,1.I,1.J,1.N,1.R		False	7E2X	1.D	False		train	7e2x__1__1.D__1.H_1.I_1.J_1.N_1.R
BRIL/cyt-b562	1.K		False	7E2X	1.D	False		train	7e2x__1__1.D__1.K
BRIL/cyt-b562	1.M		False	7E2X	1.D	False		train	7e2x__1__1.D__1.M
BRIL/cyt-b562	1.O,1.Q		False	7E2X	1.D	False		train	7e2x__1__1.D__1.O_1.Q
BRIL/cyt-b562	1.E		False	7E2Y	1.D	False		train	7e2y__1__1.D__1.E
BRIL/cyt-b562	1.F,1.H		False	7E2Y	1.D	False		train	7e2y__1__1.D__1.F_1.H
BRIL/cyt-b562	1.G		False	7E2Y	1.D	False		train	7e2y__1__1.D__1.G
BRIL/cyt-b562	1.I		False	7E2Y	1.D	False		train	7e2y__1__1.D__1.I
BRIL/cyt-b562	1.J		False	7E2Y	1.D	False		train	7e2y__1__1.D__1.J
BRIL/cyt-b562	1.E		False	7E2Z	1.D	False		train	7e2z__1__1.D__1.E
BRIL/cyt-b562	1.F,1.G,1.H,1.I		False	7E2Z	1.D	False		train	7e2z__1__1.D__1.F_1.G_1.H_1.I
BRIL/cyt-b562	1.F		False	7E32	1.E	False		train	7e32__1__1.E__1.F
BRIL/cyt-b562	1.G		False	7E32	1.E	False		train	7e32__1__1.E__1.G
BRIL/cyt-b562	1.F		False	7E33	1.E	False		train	7e33__1__1.E__1.F
BRIL/cyt-b562	1.F		False	7EXD	1.E	False		train	7exd__1__1.E__1.F
BRIL/cyt-b562	1.F,1.G		False	7F4D	1.E,1.F	False		train	7f4d__1__1.E_1.F__1.F_1.G
BRIL/cyt-b562	1.F,1.G		False	7F4F	1.B,1.F	False		train	7f4f__1__1.B_1.F__1.F_1.G
BRIL/cyt-b562	1.G,1.H		False	7F4H	1.E,1.G	False		train	7f4h__1__1.E_1.G__1.G_1.H
BRIL/cyt-b562	1.F,1.G		False	7F4I	1.E,1.F	False		train	7f4i__1__1.E_1.F__1.F_1.G
BRIL/cyt-b562	1.G		False	7F9Y	1.C,1.F	False		train	7f9y__1__1.C_1.F__1.G
BRIL/cyt-b562	1.H		False	7F9Y	1.F	False		train	7f9y__1__1.F__1.H
BRIL/cyt-b562	1.I		False	7F9Y	1.F	False		train	7f9y__1__1.F__1.I
BRIL/cyt-b562	1.C		False	7F9Z	1.G	False		train	7f9z__1__1.G__1.C
BRIL/cyt-b562	1.C	VFD:TARGET	True	7JNI	1.A	True	TARGET	train	7jni__1__1.A__1.C
BRIL/cyt-b562	1.L	VFD:TARGET	True	7JNI	1.B	True	TARGET	train	7jni__2__1.B__1.L
GFP	1.D		False	7K18	1.A,1.B	True		removed	7k18__1__1.A_1.B__1.D
GFP	1.C		False	7K18	1.A	True		removed	7k18__1__1.A__1.C
GFP	1.E		False	7K18	1.A	True		removed	7k18__1__1.A__1.E
GFP	1.F		False	7K18	1.A	True		removed	7k18__1__1.A__1.F
MBP	1.C	GLC:FUSION;GLC:FUSION	False	7KD4	1.A	True	FUSION	train	7kd4__1__1.A__1.C
MBP	1.D	GLC:FUSION;GLC:FUSION	False	7KD4	1.B	True	FUSION	train	7kd4__2__1.B__1.D
GFP	1.K		False	7KUY	1.A,1.B	False		train	7kuy__1__1.A_1.B__1.K
GFP	1.H		False	7KUY	1.A,1.E	True		removed	7kuy__1__1.A_1.E__1.H
GFP	1.F		False	7KUY	1.A	False		train	7kuy__1__1.A__1.F
GFP	1.G		False	7KUY	1.A	False		train	7kuy__1__1.A__1.G
GFP	1.N		False	7KUY	1.B,1.C	False		train	7kuy__1__1.B_1.C__1.N
GFP	1.I,1.J		False	7KUY	1.B	False		train	7kuy__1__1.B__1.I_1.J
GFP	1.Q		False	7KUY	1.C,1.D	False		train	7kuy__1__1.C_1.D__1.Q
GFP	1.L		False	7KUY	1.C	False		train	7kuy__1__1.C__1.L
GFP	1.M		False	7KUY	1.C	False		train	7kuy__1__1.C__1.M
GFP	1.S		False	7KUY	1.D,1.E	True		removed	7kuy__1__1.D_1.E__1.S
GFP	1.O		False	7KUY	1.D	False		train	7kuy__1__1.D__1.O
GFP	1.P		False	7KUY	1.D	False		train	7kuy__1__1.D__1.P
GFP	1.R		False	7KUY	1.E	True		removed	7kuy__1__1.E__1.R
T4L	1.B		False	7MI3	1.A	True		removed	7mi3__1__1.A__1.B
T4L	1.C	ZG7:TARGET	False	7MI3	1.A	True	TARGET	train	7mi3__1__1.A__1.C
T4L	1.D,1.E	ATP:TARGET;MG:TARGET	False	7MI3	1.A	True	TARGET	train	7mi3__1__1.A__1.D_1.E
T4L	1.B	ZG7:TARGET	False	7MI6	1.A	True	TARGET	train	7mi6__1__1.A__1.B
T4L	1.C		False	7MI6	1.A	True		removed	7mi6__1__1.A__1.C
T4L	1.D,1.E	ATP:TARGET;MG:TARGET	False	7MI6	1.A	True	TARGET	train	7mi6__1__1.A__1.D_1.E
MBP	1.C	GLC:FUSION;GLC:FUSION;GLC:FUSION;GLC:FUSION	False	7MK7	1.A	True	FUSION	train	7mk7__1__1.A__1.C
MBP	1.D	GLC:FUSION;GLC:FUSION	False	7MK7	1.B	True	FUSION	train	7mk7__2__1.B__1.D
MBP	1.E		False	7MN5	1.A	False		train	7mn5__1__1.A__1.E
MBP	1.F		False	7MN5	1.A	False		train	7mn5__1__1.A__1.F
MBP	1.G		False	7MN5	1.A	False		train	7mn5__1__1.A__1.G
MBP	1.H		False	7MN5	1.A	False		train	7mn5__1__1.A__1.H
MBP	1.I		False	7MN5	1.A	False		train	7mn5__1__1.A__1.I
MBP	1.D		False	7MN5	1.C	False		train	7mn5__1__1.C__1.D
MBP	1.J		False	7MN5	1.C	False		train	7mn5__1__1.C__1.J
MBP	1.K		False	7MN5	1.C	False		train	7mn5__1__1.C__1.K
MBP	1.D		False	7MN6	1.A	False		train	7mn6__1__1.A__1.D
MBP	1.E		False	7MN6	1.A	False		train	7mn6__1__1.A__1.E
MBP	1.G		False	7MN6	1.A	False		train	7mn6__1__1.A__1.G
MBP	1.H		False	7MN6	1.A	False		train	7mn6__1__1.A__1.H
MBP	1.I		False	7MN6	1.A	False		train	7mn6__1__1.A__1.I
MBP	1.F	NAG:TARGET;NAG:TARGET;MAN:TARGET	False	7MN6	1.B	True	TARGET	train	7mn6__1__1.B__1.F
MBP	1.J	NAG:TARGET	False	7MN6	1.B	True	TARGET	train	7mn6__1__1.B__1.J
MBP	1.K	NAG:TARGET	False	7MN6	1.B	True	TARGET	train	7mn6__1__1.B__1.K
MBP	1.F		False	7MN8	1.A	False		train	7mn8__1__1.A__1.F
MBP	1.G		False	7MN8	1.A	False		train	7mn8__1__1.A__1.G
MBP	1.I		False	7MN8	1.A	False		train	7mn8__1__1.A__1.I
MBP	1.J		False	7MN8	1.A	False		train	7mn8__1__1.A__1.J
MBP	1.K		False	7MN8	1.A	False		train	7mn8__1__1.A__1.K
MBP	1.H		False	7MN8	1.C	False		train	7mn8__1__1.C__1.H
MBP	1.L		False	7MN8	1.C	False		train	7mn8__1__1.C__1.L
MBP	1.M		False	7MN8	1.C	False		train	7mn8__1__1.C__1.M
BRIL/cyt-b562	1.I		True	7MYZ	1.A,1.C	True		removed	7myz__1__1.A_1.C__1.I
BRIL/cyt-b562	1.G		False	7MYZ	1.A	False		removed	7myz__1__1.A__1.G
BRIL/cyt-b562	1.H		False	7MYZ	1.A	False		removed	7myz__1__1.A__1.H
BRIL/cyt-b562	1.J		False	7MYZ	1.A	False		removed	7myz__1__1.A__1.J
BRIL/cyt-b562	1.M		True	7MYZ	1.B,1.D	True		removed	7myz__2__1.B_1.D__1.M
BRIL/cyt-b562	1.K		False	7MYZ	1.B	False		removed	7myz__2__1.B__1.K
BRIL/cyt-b562	1.L		False	7MYZ	1.B	False		removed	7myz__2__1.B__1.L
MBP	1.H		False	7NZM	1.C	True	NOT_ON_CHIMERIC_ENTITY	train	7nzm__1__1.C__1.H
MBP	1.F		False	7NZM	1.D	False		train	7nzm__1__1.D__1.F
MBP	1.B		True	7P0F	1.A	True		train	7p0f__1__1.A__1.B
MBP	1.C		False	7P0F	1.A	True		train	7p0f__1__1.A__1.C
MBP	1.B		True	7P0I	1.A	True		train	7p0i__1__1.A__1.B
MBP	1.E		False	7P0I	1.A	True		train	7p0i__1__1.A__1.E
MBP	1.R,1.S,1.T		False	7P1G	1.A,1.B	False		train	7p1g__1__1.A_1.B__1.R_1.S_1.T
MBP	1.P,1.Q		False	7P1G	1.A	False		train	7p1g__1__1.A__1.P_1.Q
MBP	1.I		False	7P1G	1.B,1.E,1.H	False		train	7p1g__1__1.B_1.E_1.H__1.I
MBP	1.C		False	7P1G	1.B,1.H,1.K	True	NOT_ON_CHIMERIC_ENTITY	train	7p1g__1__1.B_1.H_1.K__1.C
MBP	1.L	MG:TARGET;GH3:TARGET	False	7P1G	1.B,1.K,1.N	True	TARGET	train	7p1g__1__1.B_1.K_1.N__1.L
MBP	1.W,1.X,1.Y		False	7P1G	1.D,1.E	False		train	7p1g__1__1.D_1.E__1.W_1.X_1.Y
MBP	1.U,1.V		False	7P1G	1.D	False		train	7p1g__1__1.D__1.U_1.V
MBP	1.F		False	7P1G	1.E,1.H	False		train	7p1g__1__1.E_1.H__1.F
MBP	1.BA,1.CA,1.DA		False	7P1G	1.G,1.H	False		train	7p1g__1__1.G_1.H__1.BA_1.CA_1.DA
MBP	1.AA,1.Z		False	7P1G	1.G	False		train	7p1g__1__1.G__1.AA_1.Z
MBP	1.GA,1.HA,1.IA		False	7P1G	1.J,1.K	True	NOT_ON_CHIMERIC_ENTITY	train	7p1g__1__1.J_1.K__1.GA_1.HA_1.IA
MBP	1.EA,1.FA		False	7P1G	1.J	False		train	7p1g__1__1.J__1.EA_1.FA
MBP	1.O	MG:TARGET;GH3:TARGET	False	7P1G	1.K,1.N	True	TARGET	train	7p1g__1__1.K_1.N__1.O
MBP	1.LA,1.MA,1.NA		False	7P1G	1.M,1.N	True	NOT_ON_CHIMERIC_ENTITY	train	7p1g__1__1.M_1.N__1.LA_1.MA_1.NA
MBP	1.JA,1.KA	MG:TARGET;GH3:TARGET	False	7P1G	1.M	True	TARGET	train	7p1g__1__1.M__1.JA_1.KA
MBP	1.D,1.E		False	7P1H	1.A,1.B	True	NOT_ON_CHIMERIC_ENTITY	train	7p1h__1__1.A_1.B__1.D_1.E
T4L	1.B	4YI:TARGET	False	7P2L	1.A	True	TARGET	train	7p2l__1__1.A__1.B
SUMO/Smt3	1.DA		False	7P7W	1.A,1.B	False		train	7p7w__1__1.A_1.B__1.DA
SUMO/Smt3	1.H		False	7P7W	1.A,1.B	False		train	7p7w__1__1.A_1.B__1.H
SUMO/Smt3	1.C,1.D,1.E,1.F		False	7P7W	1.A	False		train	7p7w__1__1.A__1.C_1.D_1.E_1.F
SUMO/Smt3	1.BA,1.CA,1.Z		False	7P7W	1.B	False		train	7p7w__1__1.B__1.BA_1.CA_1.Z
SUMO/Smt3	1.CA,1.HA,1.QA		False	7P9L	1.A,1.B	False		train	7p9l__1__1.A_1.B__1.CA_1.HA_1.QA
SUMO/Smt3	1.F,1.H		False	7P9L	1.A,1.B	False		train	7p9l__1__1.A_1.B__1.F_1.H
SUMO/Smt3	1.S		False	7P9P	1.B,2.A	False		train	7p9p__1__1.B_2.A__1.S
SUMO/Smt3	2.D,2.I		True	7P9P	1.B,2.A	False		train	7p9p__1__1.B_2.A__2.D_2.I
SUMO/Smt3	1.V		False	7P9P	1.B	False		train	7p9p__1__1.B__1.V
SUMO/Smt3	1.DA		False	7P9Y	1.A,1.B	False		train	7p9y__1__1.A_1.B__1.DA
SUMO/Smt3	1.N		False	7P9Y	1.A,1.B	False		train	7p9y__1__1.A_1.B__1.N
SUMO/Smt3	1.D		True	7PA1	1.A	False		train	7pa1__1__1.A__1.D
SUMO/Smt3	1.L		True	7PA1	1.B	False		train	7pa1__1__1.B__1.L
GFP	1.H		False	7PHR	1.A,1.B,1.F	False		train	7phr__1__1.A_1.B_1.F__1.H
GFP	1.N		False	7PHR	1.A,1.B	False		train	7phr__1__1.A_1.B__1.N
GFP	1.L		False	7PHR	1.A	False		train	7phr__1__1.A__1.L
GFP	1.M		False	7PHR	1.A	False		train	7phr__1__1.A__1.M
GFP	1.O		False	7PHR	1.B	False		train	7phr__1__1.B__1.O
GFP	1.P		False	7PHR	1.D	True		removed	7phr__1__1.D__1.P
GFP	1.Q		False	7PHR	1.D	True		removed	7phr__1__1.D__1.Q
BRIL/cyt-b562	1.B		False	7PP1	1.A	False		train	7pp1__1__1.A__1.B
BRIL/cyt-b562	1.C		False	7PP1	1.A	False		train	7pp1__1__1.A__1.C
BRIL/cyt-b562	1.B	CLR:TARGET	True	7PX4	1.A	True	TARGET	train	7px4__1__1.A__1.B
BRIL/cyt-b562	1.C,1.W	CLR:TARGET	False	7PX4	1.A	True	TARGET	train	7px4__1__1.A__1.C_1.W
BRIL/cyt-b562	1.E	8E2:TARGET	False	7PX4	1.A	True	TARGET	train	7px4__1__1.A__1.E
BRIL/cyt-b562	1.AA,1.C	CLR:TARGET;OLA:TARGET	False	7PYR	1.A	True	TARGET	train	7pyr__1__1.A__1.AA_1.C
BRIL/cyt-b562	1.B	CLR:TARGET	False	7PYR	1.A	True	TARGET	train	7pyr__1__1.A__1.B
BRIL/cyt-b562	1.E	8IM:TARGET	False	7PYR	1.A	True	TARGET	train	7pyr__1__1.A__1.E
BRIL/cyt-b562	1.B	ZMA:TARGET	False	7RM5	1.A	True	TARGET	train	7rm5__1__1.A__1.B
BRIL/cyt-b562	1.C	CLR:TARGET	False	7RM5	1.A	True	TARGET	train	7rm5__1__1.A__1.C
BRIL/cyt-b562	1.D,1.F	CLR:TARGET;CLR:TARGET	False	7RM5	1.A	True	TARGET	train	7rm5__1__1.A__1.D_1.F
BRIL/cyt-b562	1.E	CLR:TARGET	False	7RM5	1.A	True	TARGET	train	7rm5__1__1.A__1.E
protein-G B1	1.F		False	7RXC	1.D	False		train	7rxc__1__1.D__1.F
protein-G B1	1.F		False	7RXD	1.A	False		train	7rxd__1__1.A__1.F
BRIL/cyt-b562	1.F		False	7S8M	1.E	False		train	7s8m__1__1.E__1.F
BRIL/cyt-b562	1.F		False	7S8O	1.A	False		train	7s8o__1__1.A__1.F
BRIL/cyt-b562	1.F		False	7S8P	1.E	False		train	7s8p__1__1.E__1.F
BRIL/cyt-b562	1.F		False	7SBF	1.E	False		train	7sbf__1__1.E__1.F
BRIL/cyt-b562	1.E		False	7T2G	1.D	False		train	7t2g__1__1.D__1.E
BRIL/cyt-b562	1.F		False	7T2G	1.D	False		train	7t2g__1__1.D__1.F
BRIL/cyt-b562	1.G		False	7T2G	1.D	False		train	7t2g__1__1.D__1.G
BRIL/cyt-b562	1.B	ZMA:TARGET	False	7T32	1.A	True	TARGET	train	7t32__1__1.A__1.B
BRIL/cyt-b562	1.B	MTX:TARGET	False	7TX6	1.A	True	TARGET	train	7tx6__1__1.A__1.B
BRIL/cyt-b562	1.C	AJP:TARGET	False	7TX6	1.A	True	TARGET	train	7tx6__1__1.A__1.C
BRIL/cyt-b562	1.B,1.C,1.D,1.E	AJP:TARGET;AJP:TARGET;AJP:TARGET	False	7TX7	1.A	True	TARGET	train	7tx7__1__1.A__1.B_1.C_1.D_1.E
MBP	1.E	GLC:FUSION;GLC:FUSION	True	7UAJ	1.A	True	FUSION	train	7uaj__1__1.A__1.E
MBP	1.F	GLC:FUSION;GLC:FUSION	True	7UAJ	1.B	True	FUSION	train	7uaj__1__1.B__1.F
MBP	1.G	GLC:FUSION;GLC:FUSION	False	7UAJ	1.C	True	FUSION	train	7uaj__1__1.C__1.G
MBP	1.H	GLC:FUSION;GLC:FUSION	True	7UAJ	1.D	True	FUSION	train	7uaj__1__1.D__1.H
MBP	1.F	GLC:FUSION;GLC:FUSION	True	7VN2	1.A	True	FUSION	train	7vn2__1__1.A__1.F
MBP	2.F	GLC:FUSION;GLC:FUSION	True	7VN2	2.A	True	FUSION	train	7vn2__1__2.A__2.F
MBP	1.E	GLC:FUSION;GLC:FUSION	True	7VN2	1.C	True	FUSION	train	7vn2__2__1.C__1.E
MBP	2.E	GLC:FUSION;GLC:FUSION	True	7VN2	2.C	True	FUSION	train	7vn2__2__2.C__2.E
MBP	1.K	GLC:FUSION;GLC:FUSION;GLC:FUSION;GLC:FUSION	False	7VN3	1.A	True	FUSION	train	7vn3__1__1.A__1.K
MBP	1.L	GLC:FUSION;GLC:FUSION;GLC:FUSION;GLC:FUSION	True	7VN3	1.B	True	FUSION	train	7vn3__1__1.B__1.L
MBP	1.I		False	7VN3	1.E	False		train	7vn3__2__1.E__1.I
MBP	1.J		True	7VN3	1.F	False		train	7vn3__2__1.F__1.J
MBP	1.K	GLC:FUSION;GLC:FUSION;GLC:FUSION;GLC:FUSION	True	7VN4	1.A	True	FUSION	train	7vn4__1__1.A__1.K
MBP	1.L	GLC:FUSION;GLC:FUSION;GLC:FUSION;GLC:FUSION	True	7VN4	1.B	True	FUSION	train	7vn4__1__1.B__1.L
MBP	1.I		True	7VN4	1.E	False		train	7vn4__2__1.E__1.I
MBP	1.J		True	7VN4	1.F	False		train	7vn4__2__1.F__1.J
MBP	1.K	GLC:FUSION;GLC:FUSION;GLC:FUSION;GLC:FUSION	True	7VN5	1.A	True	FUSION	train	7vn5__1__1.A__1.K
MBP	1.L	GLC:FUSION;GLC:FUSION;GLC:FUSION;GLC:FUSION	True	7VN5	1.B	True	FUSION	train	7vn5__1__1.B__1.L
MBP	1.I		True	7VN5	1.E	False		train	7vn5__2__1.E__1.I
MBP	1.J		True	7VN5	1.F	False		train	7vn5__2__1.F__1.J
MBP	1.K	GLC:FUSION;GLC:FUSION;GLC:FUSION;GLC:FUSION	False	7VN6	1.A	True	FUSION	train	7vn6__1__1.A__1.K
MBP	1.L	GLC:FUSION;GLC:FUSION;GLC:FUSION;GLC:FUSION	False	7VN6	1.B	True	FUSION	train	7vn6__1__1.B__1.L
MBP	1.I		False	7VN6	1.E	False		train	7vn6__2__1.E__1.I
MBP	1.J		False	7VN6	1.F	False		train	7vn6__2__1.F__1.J
MBP	1.K	GLC:FUSION;GLC:FUSION;GLC:FUSION;GLC:FUSION	True	7VN7	1.A	True	FUSION	train	7vn7__1__1.A__1.K
MBP	1.L	GLC:FUSION;GLC:FUSION;GLC:FUSION;GLC:FUSION	True	7VN7	1.B	True	FUSION	train	7vn7__1__1.B__1.L
MBP	1.I		True	7VN7	1.E	False		train	7vn7__2__1.E__1.I
MBP	1.J		True	7VN7	1.F	False		train	7vn7__2__1.F__1.J
MBP	1.K	GLC:FUSION;GLC:FUSION;GLC:FUSION;GLC:FUSION	True	7VN8	1.A	True	FUSION	train	7vn8__1__1.A__1.K
MBP	1.L	GLC:FUSION;GLC:FUSION;GLC:FUSION;GLC:FUSION	True	7VN8	1.B	True	FUSION	train	7vn8__1__1.B__1.L
MBP	1.I		True	7VN8	1.E	False		train	7vn8__2__1.E__1.I
MBP	1.J		True	7VN8	1.F	False		train	7vn8__2__1.F__1.J
BRIL/cyt-b562	1.C	CLR:TARGET	False	7VOD	1.A	True	TARGET	train	7vod__1__1.A__1.C
BRIL/cyt-b562	1.D	CLR:TARGET	False	7VOD	1.A	True	TARGET	train	7vod__1__1.A__1.D
BRIL/cyt-b562	1.F,1.G,1.H	OLC:TARGET;OLC:TARGET;CLR:TARGET	False	7VOD	1.A	True	TARGET	train	7vod__1__1.A__1.F_1.G_1.H
BRIL/cyt-b562	1.I	7RU:TARGET	False	7VOD	1.A	True	TARGET	train	7vod__1__1.A__1.I
BRIL/cyt-b562	1.B	CLR:TARGET	False	7VOE	1.A	True	TARGET	train	7voe__1__1.A__1.B
BRIL/cyt-b562	1.D,1.J	OLC:TARGET;9SC:TARGET	False	7VOE	1.A	True	TARGET	train	7voe__1__1.A__1.D_1.J
BRIL/cyt-b562	1.F,1.G	OLC:TARGET;CLR:TARGET	False	7VOE	1.A	True	TARGET	train	7voe__1__1.A__1.F_1.G
BRIL/cyt-b562	1.I	CLR:TARGET	False	7VOE	1.A	True	TARGET	train	7voe__1__1.A__1.I
BRIL/cyt-b562	1.G		False	7W0L	1.D	False		train	7w0l__1__1.D__1.G
BRIL/cyt-b562	1.H		False	7W0L	1.E	False		train	7w0l__1__1.E__1.H
BRIL/cyt-b562	1.F		False	7W0M	1.D	False		train	7w0m__1__1.D__1.F
MBP	1.F	BAL:TARGET;NLN:TARGET	False	7W40	1.A	True	TARGET	train	7w40__1__1.A__1.F
BRIL/cyt-b562	1.C		False	7W53	1.F	False		train	7w53__1__1.F__1.C
BRIL/cyt-b562	1.C		False	7W55	1.F	False		train	7w55__1__1.F__1.C
BRIL/cyt-b562	1.C		False	7W56	1.F	False		train	7w56__1__1.F__1.C
MBP	1.F	GLC:FUSION;GLC:FUSION;GLC:FUSION;GLC:FUSION	True	7WR3	1.A	True	FUSION	train	7wr3__1__1.A__1.F
MBP	1.I	NCA:TARGET	True	7WR3	1.A	True	TARGET	train	7wr3__1__1.A__1.I
MBP	1.E	GLC:FUSION;GLC:FUSION	True	7WR3	1.B	True	FUSION	train	7wr3__2__1.B__1.E
MBP	1.L	NCA:TARGET	True	7WR3	1.B	True	TARGET	train	7wr3__2__1.B__1.L
BRIL/cyt-b562	1.A		False	7WVV	1.B	False		train	7wvv__1__1.B__1.A
BRIL/cyt-b562	1.A		False	7WVW	1.B	False		train	7wvw__1__1.B__1.A
BRIL/cyt-b562	1.F		False	7X5H	1.E	False		train	7x5h__1__1.E__1.F
BRIL/cyt-b562	1.F	COA:TARGET	False	7XAY	1.A,1.E	True	TARGET	train	7xay__1__1.A_1.E__1.F
T4L	1.C	GJ6:TARGET	True	7XK9	1.A	True	TARGET	train	7xk9__1__1.A__1.C
T4L	1.C	G1I:TARGET	True	7XKA	1.A	True	TARGET	train	7xka__1__1.A__1.C
BRIL/cyt-b562	1.F,1.K		False	7XT8	1.E	False		train	7xt8__1__1.E__1.F_1.K
BRIL/cyt-b562	1.G,1.I,1.L		False	7XT8	1.E	False		train	7xt8__1__1.E__1.G_1.I_1.L
BRIL/cyt-b562	1.H		False	7XT8	1.E	False		train	7xt8__1__1.E__1.H
BRIL/cyt-b562	1.J		False	7XT8	1.E	False		train	7xt8__1__1.E__1.J
BRIL/cyt-b562	1.M		False	7XT8	1.E	False		train	7xt8__1__1.E__1.M
BRIL/cyt-b562	1.E,1.I		False	7XT9	1.D	False		train	7xt9__1__1.D__1.E_1.I
BRIL/cyt-b562	1.F,1.G,1.J		False	7XT9	1.D	False		train	7xt9__1__1.D__1.F_1.G_1.J
BRIL/cyt-b562	1.H		False	7XT9	1.D	False		train	7xt9__1__1.D__1.H
BRIL/cyt-b562	1.K		False	7XT9	1.D	False		train	7xt9__1__1.D__1.K
BRIL/cyt-b562	1.F		False	7XTA	1.E	False		train	7xta__1__1.E__1.F
BRIL/cyt-b562	1.F		False	7XTB	1.E	False		train	7xtb__1__1.E__1.F
BRIL/cyt-b562	1.F		False	7XTC	1.E	False		train	7xtc__1__1.E__1.F
BRIL/cyt-b562	1.G		False	7XTC	1.E	False		train	7xtc__1__1.E__1.G
BRIL/cyt-b562	1.E		False	7XY6	1.D	False		train	7xy6__1__1.D__1.E
BRIL/cyt-b562	1.E		False	7XY7	1.D	False		train	7xy7__1__1.D__1.E
BRIL/cyt-b562	1.F		False	7XZ6	1.E	False		train	7xz6__1__1.E__1.F
BRIL/cyt-b562	1.F		False	7Y12	1.D	False		train	7y12__1__1.D__1.F
BRIL/cyt-b562	1.B		False	7Y14	1.A	False		train	7y14__1__1.A__1.B
GFP	1.B		False	7YDQ	1.A	True		removed	7ydq__1__1.A__1.B
BRIL/cyt-b562	1.C	NAG:TARGET	False	7YXA	1.A	True	TARGET	train	7yxa__1__1.A__1.C
BRIL/cyt-b562	1.D,1.E	B2O:TARGET;OLC:TARGET	False	7YXA	1.A	True	TARGET	train	7yxa__1__1.A__1.D_1.E
BRIL/cyt-b562	1.H	NAG:TARGET	False	7YXA	1.B	True	TARGET	train	7yxa__2__1.B__1.H
BRIL/cyt-b562	1.I	B2O:TARGET	True	7YXA	1.B	True	TARGET	train	7yxa__2__1.B__1.I
MBP	1.I,1.J		False	7Z7H	1.A,1.B	False		removed	7z7h__1__1.A_1.B__1.I_1.J
MBP	1.G,1.H		False	7Z7H	1.A	False		train	7z7h__1__1.A__1.G_1.H
MBP	1.K,1.L		False	7Z7H	1.C	False		train	7z7h__1__1.C__1.K_1.L
MBP	1.M,1.N		False	7Z7H	1.D	False		train	7z7h__1__1.D__1.M_1.N
MBP	1.O,1.P		False	7Z7H	1.E	False		train	7z7h__1__1.E__1.O_1.P
MBP	1.Q,1.R		False	7Z7H	1.F	True	NOT_ON_CHIMERIC_ENTITY	train	7z7h__1__1.F__1.Q_1.R
BRIL/cyt-b562	1.C	V0S:TARGET	True	7ZI0	1.A	True	TARGET	train	7zi0__1__1.A__1.C
BRIL/cyt-b562	1.D	CLR:TARGET	False	7ZI0	1.A	True	TARGET	train	7zi0__1__1.A__1.D
BRIL/cyt-b562	1.E	NAG:TARGET	False	7ZI0	1.A	True	TARGET	train	7zi0__1__1.A__1.E
BRIL/cyt-b562	1.I	V0S:TARGET	True	7ZI0	1.B	True	TARGET	train	7zi0__2__1.B__1.I
BRIL/cyt-b562	1.J	CLR:TARGET	False	7ZI0	1.B	True	TARGET	train	7zi0__2__1.B__1.J
BRIL/cyt-b562	1.B	TEP:TARGET	True	8A2O	1.A	True	TARGET	train	8a2o__1__1.A__1.B
BRIL/cyt-b562	1.C	CLR:TARGET	False	8A2O	1.A	True	TARGET	train	8a2o__1__1.A__1.C
BRIL/cyt-b562	1.D,1.H	CLR:TARGET	False	8A2O	1.A	True	TARGET	train	8a2o__1__1.A__1.D_1.H
BRIL/cyt-b562	1.E	CLR:TARGET	False	8A2O	1.A	True	TARGET	train	8a2o__1__1.A__1.E
BRIL/cyt-b562	1.B	9Y2:TARGET	True	8A2P	1.A	True	TARGET	train	8a2p__1__1.A__1.B
BRIL/cyt-b562	1.C	CLR:TARGET	True	8A2P	1.A	True	TARGET	train	8a2p__1__1.A__1.C
BRIL/cyt-b562	1.D,1.I	CLR:TARGET;OLA:TARGET	False	8A2P	1.A	True	TARGET	train	8a2p__1__1.A__1.D_1.I
BRIL/cyt-b562	1.E	CLR:TARGET	False	8A2P	1.A	True	TARGET	train	8a2p__1__1.A__1.E
T4L	1.B	L6A:TARGET	False	8A5X	1.A	True	TARGET	train	8a5x__1__1.A__1.B
MBP	1.C	BGC:FUSION;GLC:FUSION	False	8AG0	1.B	True	FUSION	train	8ag0__1__1.B__1.C
MBP	1.B		False	8AX5	1.A	True		train	8ax5__1__1.A__1.B
MBP	1.C		False	8AX5	1.A	True		train	8ax5__1__1.A__1.C
MBP	1.B		True	8AX6	1.A	True		train	8ax6__1__1.A__1.B
MBP	1.C		False	8AX6	1.A	True		train	8ax6__1__1.A__1.C
MBP	1.B		True	8AX7	1.A	True		train	8ax7__1__1.A__1.B
MBP	1.D		False	8AX7	1.A	True		train	8ax7__1__1.A__1.D
GFP	1.C,1.E		True	8B6S	1.A	True		removed	8b6s__1__1.A__1.C_1.E
GFP	1.F,1.H		True	8B6S	1.B	True		removed	8b6s__2__1.B__1.F_1.H
GFP	1.C		True	8B6T	1.A	True		removed	8b6t__1__1.A__1.C
GFP	1.E		True	8B6T	1.B	True		removed	8b6t__2__1.B__1.E
MBP	1.E	GLC:FUSION;GLC:FUSION	True	8C5L	1.A	True	FUSION	train	8c5l__1__1.A__1.E
MBP	2.F	GLC:FUSION;GLC:FUSION;GLC:FUSION;GLC:FUSION	True	8C5L	2.B	True	FUSION	train	8c5l__1__2.B__2.F
BRIL/cyt-b562	1.B	U30:TARGET	False	8C9W	1.A	True	TARGET	train	8c9w__1__1.A__1.B
BRIL/cyt-b562	1.C,1.F,1.G,1.J	CLR:TARGET;OLA:TARGET;OLC:TARGET	False	8C9W	1.A	True	TARGET	train	8c9w__1__1.A__1.C_1.F_1.G_1.J
BRIL/cyt-b562	1.D	CLR:TARGET	False	8C9W	1.A	True	TARGET	train	8c9w__1__1.A__1.D
BRIL/cyt-b562	1.E,1.L	CLR:TARGET;OLC:TARGET	False	8C9W	1.A	True	TARGET	train	8c9w__1__1.A__1.E_1.L
BRIL/cyt-b562	1.C	U30:TARGET	False	8CIC	1.A	True	TARGET	train	8cic__1__1.A__1.C
BRIL/cyt-b562	1.CA,1.G,1.X	CLR:TARGET;OLB:TARGET;OLC:TARGET	False	8CIC	1.A	True	TARGET	train	8cic__1__1.A__1.CA_1.G_1.X
BRIL/cyt-b562	1.F,1.I	CLR:TARGET;OLA:TARGET	False	8CIC	1.A	True	TARGET	train	8cic__1__1.A__1.F_1.I
BRIL/cyt-b562	1.I	LJX:TARGET	False	8CU6	1.A	True	TARGET	train	8cu6__1__1.A__1.I
BRIL/cyt-b562	1.K	CLR:TARGET	False	8CU6	1.A	True	TARGET	train	8cu6__1__1.A__1.K
BRIL/cyt-b562	1.L,1.O,1.T,1.W	CLR:TARGET;OLA:TARGET;OLA:TARGET;OLA:TARGET	False	8CU6	1.A	True	TARGET	train	8cu6__1__1.A__1.L_1.O_1.T_1.W
BRIL/cyt-b562	1.C	LJX:TARGET	True	8CU7	1.A	True	TARGET	train	8cu7__1__1.A__1.C
T4L	1.F		False	8DCR	1.E	False		train	8dcr__1__1.E__1.F
T4L	1.F		False	8DCS	1.E	False		train	8dcs__1__1.E__1.F
BRIL/cyt-b562	1.B,1.C,1.D,1.E	AJP:TARGET;AJP:TARGET;AJP:TARGET	False	8DEP	1.A	True	TARGET	train	8dep__1__1.A__1.B_1.C_1.D_1.E
GST-Sj26	1.K,1.L		False	8DHB	1.A,1.J	False		train	8dhb__1__1.A_1.J__1.K_1.L
GST-Sj26	1.M		False	8DHB	1.B,1.H	True	NOT_ON_CHIMERIC_ENTITY	train	8dhb__1__1.B_1.H__1.M
BRIL/cyt-b562	1.B	TKO:TARGET	True	8DU3	1.A	True	TARGET	train	8du3__1__1.A__1.B
MBP	1.B	GLC:FUSION;GLC:FUSION	True	8EKX	1.A	True	FUSION	train	8ekx__1__1.A__1.B
MBP	1.C	OK5:TARGET	True	8EKX	1.A	True	TARGET	train	8ekx__1__1.A__1.C
MBP	1.B	GLC:FUSION;GLC:FUSION	True	8EL0	1.A	True	FUSION	train	8el0__1__1.A__1.B
MBP	1.C	WLW:TARGET	False	8EL0	1.A	True	TARGET	train	8el0__1__1.A__1.C
MBP	1.E	GLC:FUSION;GLC:FUSION	False	8EL1	1.A	True	FUSION	train	8el1__1__1.A__1.E
MBP	1.I	WME:TARGET	False	8EL1	1.A	True	TARGET	train	8el1__1__1.A__1.I
MBP	1.F	GLC:FUSION;GLC:FUSION	False	8EL1	1.B	True	FUSION	train	8el1__2__1.B__1.F
MBP	1.J	WME:TARGET	False	8EL1	1.B	True	TARGET	train	8el1__2__1.B__1.J
MBP	1.G	GLC:FUSION;GLC:FUSION	False	8EL1	1.C	True	FUSION	train	8el1__3__1.C__1.G
MBP	1.K	WME:TARGET	False	8EL1	1.C	True	TARGET	train	8el1__3__1.C__1.K
MBP	1.H	GLC:FUSION;GLC:FUSION	False	8EL1	1.D	True	FUSION	train	8el1__4__1.D__1.H
MBP	1.L	WME:TARGET	False	8EL1	1.D	True	TARGET	train	8el1__4__1.D__1.L
GFP	1.B,1.G,1.I,1.J		False	8F6P	1.A	True		removed	8f6p__1__1.A__1.B_1.G_1.I_1.J
GFP	1.C		False	8F6P	1.A	True		removed	8f6p__1__1.A__1.C
GFP	1.D		False	8F6P	1.A	True		removed	8f6p__1__1.A__1.D
GFP	1.DA		False	8F6P	1.A	True		removed	8f6p__1__1.A__1.DA
GFP	1.E,1.F,1.M		False	8F6P	1.A	True		removed	8f6p__1__1.A__1.E_1.F_1.M
GFP	1.FA		False	8F6P	1.A	True		removed	8f6p__1__1.A__1.FA
GFP	1.GA		False	8F6P	1.A	True		removed	8f6p__1__1.A__1.GA
GFP	1.H		False	8F6P	1.A	True		removed	8f6p__1__1.A__1.H
GFP	1.K		False	8F6P	1.A	True		removed	8f6p__1__1.A__1.K
GFP	1.L		False	8F6P	1.A	True		removed	8f6p__1__1.A__1.L
GFP	1.N,1.Q,1.U,1.V,1.X		False	8F6P	1.A	True		removed	8f6p__1__1.A__1.N_1.Q_1.U_1.V_1.X
GFP	1.S,1.Y		False	8F6P	1.A	True		removed	8f6p__1__1.A__1.S_1.Y
GFP	1.W		False	8F6P	1.A	True		removed	8f6p__1__1.A__1.W
GST-Sj26	1.J,1.K,1.L		False	8FW5	1.B,1.D	False		train	8fw5__1__1.B_1.D__1.J_1.K_1.L
GST-Sj26	1.M		False	8FW5	1.E	False		train	8fw5__1__1.E__1.M
BRIL/cyt-b562	1.E		False	8FY8	1.D	False		train	8fy8__1__1.D__1.E
BRIL/cyt-b562	1.F,1.G,1.H		False	8FY8	1.D	False		train	8fy8__1__1.D__1.F_1.G_1.H
BRIL/cyt-b562	1.E		False	8FYE	1.D	False		train	8fye__1__1.D__1.E
BRIL/cyt-b562	1.F,1.G,1.H		False	8FYE	1.D	False		train	8fye__1__1.D__1.F_1.G_1.H
BRIL/cyt-b562	1.E,1.H		False	8FYL	1.D	False		train	8fyl__1__1.D__1.E_1.H
BRIL/cyt-b562	1.F		False	8FYL	1.D	False		train	8fyl__1__1.D__1.F
BRIL/cyt-b562	1.G		False	8FYL	1.D	False		train	8fyl__1__1.D__1.G
BRIL/cyt-b562	1.B	ZMA:TARGET	False	8FYN	1.A	True	TARGET	train	8fyn__1__1.A__1.B
BRIL/cyt-b562	1.D,1.G	CLR:TARGET;OLA:TARGET	False	8FYN	1.A	True	TARGET	train	8fyn__1__1.A__1.D_1.G
BRIL/cyt-b562	1.E,1.U,1.Y	CLR:TARGET;OLC:TARGET;OLC:TARGET	False	8FYN	1.A	True	TARGET	train	8fyn__1__1.A__1.E_1.U_1.Y
BRIL/cyt-b562	1.E		False	8FYT	1.A	False		train	8fyt__1__1.A__1.E
BRIL/cyt-b562	1.F,1.G,1.H		False	8FYT	1.A	False		train	8fyt__1__1.A__1.F_1.G_1.H
BRIL/cyt-b562	1.E		False	8FYX	1.D	False		train	8fyx__1__1.D__1.E
BRIL/cyt-b562	1.F,1.G,1.H		False	8FYX	1.D	False		train	8fyx__1__1.D__1.F_1.G_1.H
BRIL/cyt-b562	1.B	JQR:TARGET	True	8GNE	1.A	True	TARGET	train	8gne__1__1.A__1.B
BRIL/cyt-b562	1.C,1.F,1.L,1.M	CLR:TARGET;OLC:TARGET;OLC:TARGET;OLC:TARGET	False	8GNE	1.A	True	TARGET	train	8gne__1__1.A__1.C_1.F_1.L_1.M
BRIL/cyt-b562	1.E	CLR:TARGET	True	8GNE	1.A	True	TARGET	train	8gne__1__1.A__1.E
GST-Sj26	1.C	1QK:TARGET	False	8H4R	1.A	True	TARGET	train	8h4r__1__1.A__1.C
MBP	1.B,1.H	PEG:FUSION;GLC:FUSION;GLC:FUSION;GLC:FUSION;GLC:FUSION	False	8H68	1.A	True	FUSION	train	8h68__1__1.A__1.B_1.H
MBP	1.D		False	8H68	1.A	True	NOT_ON_CHIMERIC_ENTITY	train	8h68__1__1.A__1.D
BRIL/cyt-b562	1.E	THH:TARGET	False	8HIJ	1.A	True	TARGET	train	8hij__1__1.A__1.E
BRIL/cyt-b562	1.E	TPP:TARGET	False	8HIK	1.A	True	TARGET	train	8hik__1__1.A__1.E
BRIL/cyt-b562	1.G		False	8HJ5	1.E	False		train	8hj5__1__1.E__1.G
BRIL/cyt-b562	1.F		False	8HN8	1.D	False		train	8hn8__1__1.D__1.F
BRIL/cyt-b562	1.G		False	8HNK	1.D	False		train	8hnk__1__1.D__1.G
BRIL/cyt-b562	1.H		False	8HNK	1.D	False		train	8hnk__1__1.D__1.H
BRIL/cyt-b562	1.F		False	8HNL	1.D	False		train	8hnl__1__1.D__1.F
BRIL/cyt-b562	1.G		False	8HNL	1.D	False		train	8hnl__1__1.D__1.G
BRIL/cyt-b562	1.H		False	8HNL	1.D	False		train	8hnl__1__1.D__1.H
BRIL/cyt-b562	1.F		False	8HNM	1.D	False		train	8hnm__1__1.D__1.F
BRIL/cyt-b562	1.G		False	8HNM	1.D	False		train	8hnm__1__1.D__1.G
BRIL/cyt-b562	1.H		False	8HNM	1.D	False		train	8hnm__1__1.D__1.H
BRIL/cyt-b562	1.C		False	8HNN	1.A,1.B	False		train	8hnn__1__1.A_1.B__1.C
BRIL/cyt-b562	1.D		False	8HNN	1.B	False		train	8hnn__1__1.B__1.D
BRIL/cyt-b562	1.F		False	8HOC	1.D	False		train	8hoc__1__1.D__1.F
BRIL/cyt-b562	1.F		False	8HQN	1.D	False		train	8hqn__1__1.D__1.F
BRIL/cyt-b562	1.F		False	8HVI	1.A	False		train	8hvi__1__1.A__1.F
BRIL/cyt-b562	1.F		False	8IHB	1.A	False		train	8ihb__1__1.A__1.F
BRIL/cyt-b562	1.G		False	8IHB	1.A	False		train	8ihb__1__1.A__1.G
BRIL/cyt-b562	1.F		False	8IHF	1.E	False		train	8ihf__1__1.E__1.F
BRIL/cyt-b562	1.G		False	8IHF	1.E	False		train	8ihf__1__1.E__1.G
BRIL/cyt-b562	1.F		False	8IHH	1.A	False		train	8ihh__1__1.A__1.F
BRIL/cyt-b562	1.G		False	8IHH	1.A	False		train	8ihh__1__1.A__1.G
BRIL/cyt-b562	1.F		False	8IHI	1.E	False		train	8ihi__1__1.E__1.F
BRIL/cyt-b562	1.G		False	8IHI	1.E	False		train	8ihi__1__1.E__1.G
BRIL/cyt-b562	1.F		False	8IHJ	1.A	False		train	8ihj__1__1.A__1.F
BRIL/cyt-b562	1.B		False	8IHK	1.A	False		train	8ihk__1__1.A__1.B
MBP	1.C		False	8IIY	1.A	True	NOT_ON_CHIMERIC_ENTITY	train	8iiy__1__1.A__1.C
MBP	1.D	GLC:FUSION;GLC:FUSION;GLC:FUSION;GLC:FUSION	False	8IIY	1.A	True	FUSION	train	8iiy__1__1.A__1.D
MBP	1.C		False	8IIZ	1.A	True	NOT_ON_CHIMERIC_ENTITY	train	8iiz__1__1.A__1.C
MBP	1.D	GLC:FUSION;GLC:FUSION	False	8IIZ	1.A	True	FUSION	train	8iiz__1__1.A__1.D
BRIL/cyt-b562	1.B		False	8IKJ	1.A	False		train	8ikj__1__1.A__1.B
BRIL/cyt-b562	1.C		False	8IKJ	1.A	False		train	8ikj__1__1.A__1.C
BRIL/cyt-b562	1.D		False	8IKJ	1.A	False		train	8ikj__1__1.A__1.D
BRIL/cyt-b562	1.F		False	8IRS	1.E	False		train	8irs__1__1.E__1.F
BRIL/cyt-b562	1.F		False	8IRT	1.E	False		train	8irt__1__1.E__1.F
BRIL/cyt-b562	1.E		False	8IRV	1.D	False		train	8irv__1__1.D__1.E
BRIL/cyt-b562	1.F,1.P		False	8IRV	1.D	False		train	8irv__1__1.D__1.F_1.P
BRIL/cyt-b562	1.G,1.H,1.I		False	8IRV	1.D	False		train	8irv__1__1.D__1.G_1.H_1.I
BRIL/cyt-b562	1.J,1.L		False	8IRV	1.D	False		train	8irv__1__1.D__1.J_1.L
BRIL/cyt-b562	1.K		False	8IRV	1.D	False		train	8irv__1__1.D__1.K
BRIL/cyt-b562	1.M		False	8IRV	1.D	False		train	8irv__1__1.D__1.M
BRIL/cyt-b562	1.N		False	8IRV	1.D	False		train	8irv__1__1.D__1.N
BRIL/cyt-b562	1.O		False	8IRV	1.D	False		train	8irv__1__1.D__1.O
GFP	1.D,1.G,1.J		False	8J1E	1.A,1.B,1.C	True		removed	8j1e__1__1.A_1.B_1.C__1.D_1.G_1.J
MBP	1.B	GLC:FUSION;GLC:FUSION	True	8J25	1.A	True	FUSION	train	8j25__1__1.A__1.B
MBP	1.C	GLC:FUSION;GLC:FUSION	True	8J2P	1.A	True	FUSION	train	8j2p__1__1.A__1.C
MBP	1.D		True	8J2P	1.B	False		train	8j2p__2__1.B__1.D
GFP	1.C		False	8J6O	1.A	True		removed	8j6o__1__1.A__1.C
GFP	1.D		False	8J6O	1.A	True		removed	8j6o__1__1.A__1.D
GFP	1.G		False	8J6O	1.A	True		removed	8j6o__1__1.A__1.G
GFP	1.H		False	8J6O	1.A	True		removed	8j6o__1__1.A__1.H
GFP	1.E		False	8J6O	1.B	True		removed	8j6o__1__1.B__1.E
GFP	1.F		False	8J6O	1.B	True		removed	8j6o__1__1.B__1.F
GFP	1.J		False	8J6O	1.B	True		removed	8j6o__1__1.B__1.J
GFP	1.K		False	8J6O	1.B	True		removed	8j6o__1__1.B__1.K
GFP	1.E		False	8J7H	1.A,1.B,1.C,1.D	True		removed	8j7h__1__1.A_1.B_1.C_1.D__1.E
BRIL/cyt-b562	1.B		False	8JJ8	1.A	False		train	8jj8__1__1.A__1.B
BRIL/cyt-b562	1.B	DZQ:TARGET	False	8JJL	1.A	True	TARGET	train	8jjl__1__1.A__1.B
BRIL/cyt-b562	1.B		False	8JJO	1.A	False		train	8jjo__1__1.A__1.B
BRIL/cyt-b562	1.F		False	8JLJ	1.C	False		train	8jlj__1__1.C__1.F
BRIL/cyt-b562	1.F		False	8JLK	1.C	False		train	8jlk__1__1.C__1.F
BRIL/cyt-b562	1.F		False	8JLN	1.C	False		train	8jln__1__1.C__1.F
BRIL/cyt-b562	1.E		False	8JLO	1.C	False		train	8jlo__1__1.C__1.E
BRIL/cyt-b562	1.E		False	8JLP	1.C	False		train	8jlp__1__1.C__1.E
BRIL/cyt-b562	1.F		False	8JLQ	1.C	False		train	8jlq__1__1.C__1.F
BRIL/cyt-b562	1.F		False	8JLR	1.C	False		train	8jlr__1__1.C__1.F
BRIL/cyt-b562	1.F		False	8JPN	1.D	False		train	8jpn__1__1.D__1.F
BRIL/cyt-b562	1.F		False	8JSO	1.C	False		train	8jso__1__1.C__1.F
BRIL/cyt-b562	1.F,1.G,1.K,1.M		False	8JT6	1.E	False		train	8jt6__1__1.E__1.F_1.G_1.K_1.M
BRIL/cyt-b562	1.H,1.I,1.J,1.L		False	8JT6	1.E	False		train	8jt6__1__1.E__1.H_1.I_1.J_1.L
BRIL/cyt-b562	1.N		False	8JT6	1.E	False		train	8jt6__1__1.E__1.N
BRIL/cyt-b562	1.C,1.D,1.N,1.O	EZX:TARGET;OLC:TARGET;OLC:TARGET;OLC:TARGET	False	8JT8	1.A	True	TARGET	train	8jt8__1__1.A__1.C_1.D_1.N_1.O
BRIL/cyt-b562	1.E,1.I	CLR:TARGET;OLC:TARGET	False	8JT8	1.A	True	TARGET	train	8jt8__1__1.A__1.E_1.I
BRIL/cyt-b562	1.F	CLR:TARGET	False	8JT8	1.A	True	TARGET	train	8jt8__1__1.A__1.F
BRIL/cyt-b562	1.C		False	8K2W	1.B	False		train	8k2w__1__1.B__1.C
BRIL/cyt-b562	1.E		False	8K2W	1.B	False		train	8k2w__1__1.B__1.E
BRIL/cyt-b562	1.F		False	8K2W	1.B	False		train	8k2w__1__1.B__1.F
BRIL/cyt-b562	1.F		False	8K2X	1.D	False		train	8k2x__1__1.D__1.F
BRIL/cyt-b562	1.G		False	8K2X	1.D	False		train	8k2x__1__1.D__1.G
BRIL/cyt-b562	1.F		False	8K8J	1.E	False		train	8k8j__1__1.E__1.F
BRIL/cyt-b562	1.B		False	8K9K	1.A	False		train	8k9k__1__1.A__1.B
BRIL/cyt-b562	1.B		False	8K9L	1.A	False		train	8k9l__1__1.A__1.B
BRIL/cyt-b562	1.G		False	8K9L	1.A	False		train	8k9l__1__1.A__1.G
GST-Sj26	1.B		False	8OKF	1.A	True		removed	8okf__1__1.A__1.B
GFP	1.C		True	8OVO	1.A	True		removed	8ovo__1__1.A__1.C
GFP	1.D		True	8OVO	1.B	True		removed	8ovo__1__1.B__1.D
GFP	1.C		True	8OVP	1.A	True		removed	8ovp__1__1.A__1.C
GFP	1.G		True	8OVP	1.B	True		removed	8ovp__1__1.B__1.G
ubiquitin	1.I		False	8PQL	1.A,1.B,1.E	True		removed	8pql__1__1.A_1.B_1.E__1.I
BRIL/cyt-b562	1.B	TEP:TARGET	True	8PWN	1.A	True	TARGET	train	8pwn__1__1.A__1.B
BRIL/cyt-b562	1.G,1.H,1.K,1.N,1.O	OLA:TARGET;CLR:TARGET	False	8PWN	1.A	True	TARGET	train	8pwn__1__1.A__1.G_1.H_1.K_1.N_1.O
BRIL/cyt-b562	1.P	CLR:TARGET	True	8PWN	1.A	True	TARGET	train	8pwn__1__1.A__1.P
BRIL/cyt-b562	1.Q	CLR:TARGET	True	8PWN	1.A	True	TARGET	train	8pwn__1__1.A__1.Q
MBP	1.B	GLC:FUSION;GLC:FUSION	False	8QSO	1.A	True	FUSION	train	8qso__1__1.A__1.B
MBP	1.C	WXW:TARGET	False	8QSO	1.A	True	TARGET	train	8qso__1__1.A__1.C
GST-Sj26	1.I		False	8SEO	1.A	False		train	8seo__1__1.A__1.I
GST-Sj26	1.K		False	8SEO	1.B	False		train	8seo__1__1.B__1.K
GST-Sj26	1.M		False	8SEO	1.C	False		train	8seo__1__1.C__1.M
GST-Sj26	1.O		False	8SEO	1.D	False		train	8seo__1__1.D__1.O
GST-Sj26	1.I		False	8SEP	1.A	False		train	8sep__1__1.A__1.I
GST-Sj26	1.K		False	8SEP	1.B	False		train	8sep__1__1.B__1.K
GST-Sj26	1.M		False	8SEP	1.C	False		train	8sep__1__1.C__1.M
GST-Sj26	1.O		False	8SEP	1.D	False		train	8sep__1__1.D__1.O
GST-Sj26	1.I		False	8SEQ	1.A	False		train	8seq__1__1.A__1.I
GST-Sj26	1.K		False	8SEQ	1.B	False		train	8seq__1__1.B__1.K
GST-Sj26	1.M		False	8SEQ	1.C	False		train	8seq__1__1.C__1.M
GST-Sj26	1.O		False	8SEQ	1.D	False		train	8seq__1__1.D__1.O
GST-Sj26	1.I		False	8SER	1.A	False		train	8ser__1__1.A__1.I
GST-Sj26	1.K		False	8SER	1.B	False		train	8ser__1__1.B__1.K
GST-Sj26	1.M		False	8SER	1.C	False		train	8ser__1__1.C__1.M
GST-Sj26	1.O		False	8SER	1.D	False		train	8ser__1__1.D__1.O
GST-Sj26	1.J		False	8SES	1.A	False		train	8ses__1__1.A__1.J
GST-Sj26	1.L		False	8SES	1.B	False		train	8ses__1__1.B__1.L
GST-Sj26	1.N		False	8SES	1.C	False		train	8ses__1__1.C__1.N
GST-Sj26	1.P		False	8SES	1.D	False		train	8ses__1__1.D__1.P
GST-Sj26	1.I		False	8SET	1.A	False		train	8set__1__1.A__1.I
GST-Sj26	1.K		False	8SET	1.B	False		train	8set__1__1.B__1.K
GST-Sj26	1.M		False	8SET	1.C	False		train	8set__1__1.C__1.M
GST-Sj26	1.O		False	8SET	1.D	False		train	8set__1__1.D__1.O
GFP	1.E,1.L		False	8SMU	1.A	True		removed	8smu__1__1.A__1.E_1.L
GFP	1.O		False	8SMU	1.B	True		removed	8smu__2__1.B__1.O
GFP	1.BA,1.V		True	8SMU	1.C	True		removed	8smu__3__1.C__1.BA_1.V
GFP	1.FA,1.JA		False	8SMU	1.D	True		removed	8smu__4__1.D__1.FA_1.JA
MBP	1.B	GLC:FUSION;GLC:FUSION	False	8SVY	1.A	True	FUSION	train	8svy__1__1.A__1.B
MBP	1.H	WUC:TARGET	False	8SVY	1.A	True	TARGET	train	8svy__1__1.A__1.H
GFP	1.AA		False	8T6L	1.A	True		removed	8t6l__1__1.A__1.AA
GFP	1.B		False	8T6L	1.A	True		removed	8t6l__1__1.A__1.B
GFP	1.BA,1.FA,1.R		False	8T6L	1.A	True		removed	8t6l__1__1.A__1.BA_1.FA_1.R
GFP	1.C		False	8T6L	1.A	True		removed	8t6l__1__1.A__1.C
GFP	1.CA		False	8T6L	1.A	True		removed	8t6l__1__1.A__1.CA
GFP	1.D		False	8T6L	1.A	True		removed	8t6l__1__1.A__1.D
GFP	1.DA,1.EA,1.M,1.W		False	8T6L	1.A	True		removed	8t6l__1__1.A__1.DA_1.EA_1.M_1.W
GFP	1.E		False	8T6L	1.A	True		removed	8t6l__1__1.A__1.E
GFP	1.F		False	8T6L	1.A	True		removed	8t6l__1__1.A__1.F
GFP	1.G		False	8T6L	1.A	True		removed	8t6l__1__1.A__1.G
GFP	1.GA,1.P,1.X,1.Y		False	8T6L	1.A	True		removed	8t6l__1__1.A__1.GA_1.P_1.X_1.Y
GFP	1.H		False	8T6L	1.A	True		removed	8t6l__1__1.A__1.H
GFP	1.V		False	8T6L	1.A	True		removed	8t6l__1__1.A__1.V
GFP	1.Z		False	8T6L	1.A	True		removed	8t6l__1__1.A__1.Z
BRIL/cyt-b562	1.E		False	8TB7	1.A	False		train	8tb7__1__1.A__1.E
BRIL/cyt-b562	1.E	Y01:TARGET	False	8TH3	1.A	True	TARGET	train	8th3__1__1.A__1.E
BRIL/cyt-b562	1.F	Y01:TARGET	False	8TH3	1.A	True	TARGET	train	8th3__1__1.A__1.F
BRIL/cyt-b562	1.E	LSN:TARGET	False	8TH4	1.A,1.D	True	TARGET	train	8th4__1__1.A_1.D__1.E
T4L	1.F		False	8THK	1.E	False		train	8thk__1__1.E__1.F
T4L	1.F		False	8THL	1.E	False		train	8thl__1__1.E__1.F
MBP	1.B	HBX:TARGET;DPP:TARGET;XYC:TARGET;I6O:TARGET	False	8TLV	1.A	True	TARGET	train	8tlv__1__1.A__1.B
MBP	1.C	GLC:FUSION;GLC:FUSION	True	8TLV	1.A	True	FUSION	train	8tlv__1__1.A__1.C
MBP	1.D		False	8TLV	1.A	True	NOT_ON_CHIMERIC_ENTITY	train	8tlv__1__1.A__1.D
MBP	1.B	HBX:TARGET;DPP:TARGET;XYC:TARGET;I6O:TARGET	False	8TLW	1.A	True	TARGET	train	8tlw__1__1.A__1.B
MBP	1.C	GLC:FUSION;GLC:FUSION	True	8TLW	1.A	True	FUSION	train	8tlw__1__1.A__1.C
MBP	1.B,1.F	DPP:TARGET;XYC:TARGET;GOL:TARGET	False	8TLX	1.A	True	TARGET	train	8tlx__1__1.A__1.B_1.F
MBP	1.C	GLC:FUSION;GLC:FUSION	True	8TLX	1.A	True	FUSION	train	8tlx__1__1.A__1.C
MBP	1.E	Y70:TARGET	False	8TNP	1.A,1.C	True	TARGET	train	8tnp__1__1.A_1.C__1.E
MBP	1.E	MIQ:TARGET	False	8TNQ	1.B,1.C	True	TARGET	train	8tnq__1__1.B_1.C__1.E
MBP	1.E	MIQ:TARGET	False	8TNR	1.B,1.C	True	TARGET	train	8tnr__1__1.B_1.C__1.E
GFP	1.C		False	8TU9	1.A	True		removed	8tu9__1__1.A__1.C
GFP	1.D		False	8TU9	1.A	True		removed	8tu9__1__1.A__1.D
GFP	1.E		False	8TU9	1.A	True		removed	8tu9__1__1.A__1.E
GFP	1.F		False	8TU9	1.A	True		removed	8tu9__1__1.A__1.F
GFP	1.G		False	8TU9	1.B	True		removed	8tu9__1__1.B__1.G
GFP	1.H		False	8TU9	1.B	True		removed	8tu9__1__1.B__1.H
GFP	1.I		False	8TU9	1.B	True		removed	8tu9__1__1.B__1.I
GFP	1.J		False	8TU9	1.B	True		removed	8tu9__1__1.B__1.J
GFP	1.E		False	8U4N	1.D	False		removed	8u4n__1__1.D__1.E
GFP	1.F		False	8U4O	1.A	False		removed	8u4o__1__1.A__1.F
GFP	1.E		False	8U4P	1.D	False		removed	8u4p__1__1.D__1.E
GFP	1.F		False	8U4P	1.D	False		removed	8u4p__1__1.D__1.F
GFP	1.G		False	8U4Q	1.C	False		removed	8u4q__1__1.C__1.G
GFP	1.D		False	8U4R	1.C	False		removed	8u4r__1__1.C__1.D
GFP	1.J		False	8U4S	1.C	True		removed	8u4s__1__1.C__1.J
GFP	1.M		False	8U4S	1.F	False		removed	8u4s__1__1.F__1.M
GFP	1.P		False	8U4S	1.I	False		removed	8u4s__1__1.I__1.P
BRIL/cyt-b562	1.F		False	8UHB	1.A	True		train	8uhb__1__1.A__1.F
BRIL/cyt-b562	1.H	NAG:TARGET;NAG:TARGET	False	8UT1	1.A,1.B	True	TARGET	train	8ut1__1__1.A_1.B__1.H
BRIL/cyt-b562	1.U	EPJ:TARGET	False	8UT1	1.A,1.B	True	TARGET	train	8ut1__1__1.A_1.B__1.U
BRIL/cyt-b562	1.F	NAG:TARGET;NAG:TARGET	False	8UT1	1.A,1.E	True	TARGET	train	8ut1__1__1.A_1.E__1.F
BRIL/cyt-b562	1.XA	EPJ:TARGET	False	8UT1	1.A,1.E	True	TARGET	train	8ut1__1__1.A_1.E__1.XA
BRIL/cyt-b562	1.G	NAG:TARGET	False	8UT1	1.A	True	TARGET	train	8ut1__1__1.A__1.G
BRIL/cyt-b562	1.Q	NAG:TARGET	False	8UT1	1.A	True	TARGET	train	8ut1__1__1.A__1.Q
BRIL/cyt-b562	1.T	9Z9:TARGET	False	8UT1	1.A	True	TARGET	train	8ut1__1__1.A__1.T
BRIL/cyt-b562	1.CA	EPJ:TARGET	False	8UT1	1.B,1.C	True	TARGET	train	8ut1__1__1.B_1.C__1.CA
BRIL/cyt-b562	1.J	NAG:TARGET;NAG:TARGET	False	8UT1	1.B,1.C	True	TARGET	train	8ut1__1__1.B_1.C__1.J
BRIL/cyt-b562	1.BA	9Z9:TARGET	False	8UT1	1.B	True	TARGET	train	8ut1__1__1.B__1.BA
BRIL/cyt-b562	1.I	NAG:TARGET	False	8UT1	1.B	True	TARGET	train	8ut1__1__1.B__1.I
BRIL/cyt-b562	1.Y	NAG:TARGET	False	8UT1	1.B	True	TARGET	train	8ut1__1__1.B__1.Y
BRIL/cyt-b562	1.JA	EPJ:TARGET	False	8UT1	1.C,1.D	True	TARGET	train	8ut1__1__1.C_1.D__1.JA
BRIL/cyt-b562	1.L	NAG:TARGET;NAG:TARGET	False	8UT1	1.C,1.D	True	TARGET	train	8ut1__1__1.C_1.D__1.L
BRIL/cyt-b562	1.FA	NAG:TARGET	False	8UT1	1.C	True	TARGET	train	8ut1__1__1.C__1.FA
BRIL/cyt-b562	1.IA	9Z9:TARGET	False	8UT1	1.C	True	TARGET	train	8ut1__1__1.C__1.IA
BRIL/cyt-b562	1.K	NAG:TARGET	False	8UT1	1.C	True	TARGET	train	8ut1__1__1.C__1.K
BRIL/cyt-b562	1.N	NAG:TARGET;NAG:TARGET	False	8UT1	1.D,1.E	True	TARGET	train	8ut1__1__1.D_1.E__1.N
BRIL/cyt-b562	1.QA	EPJ:TARGET	False	8UT1	1.D,1.E	True	TARGET	train	8ut1__1__1.D_1.E__1.QA
BRIL/cyt-b562	1.M	NAG:TARGET	False	8UT1	1.D	True	TARGET	train	8ut1__1__1.D__1.M
BRIL/cyt-b562	1.MA	NAG:TARGET	False	8UT1	1.D	True	TARGET	train	8ut1__1__1.D__1.MA
BRIL/cyt-b562	1.PA	9Z9:TARGET	False	8UT1	1.D	True	TARGET	train	8ut1__1__1.D__1.PA
BRIL/cyt-b562	1.O	NAG:TARGET	False	8UT1	1.E	True	TARGET	train	8ut1__1__1.E__1.O
BRIL/cyt-b562	1.TA	NAG:TARGET	False	8UT1	1.E	True	TARGET	train	8ut1__1__1.E__1.TA
BRIL/cyt-b562	1.WA	9Z9:TARGET	False	8UT1	1.E	True	TARGET	train	8ut1__1__1.E__1.WA
BRIL/cyt-b562	1.I	NAG:TARGET;NAG:TARGET	False	8UTB	1.A,1.B	True	TARGET	train	8utb__1__1.A_1.B__1.I
BRIL/cyt-b562	1.P	XG3:TARGET	False	8UTB	1.A,1.B	True	TARGET	train	8utb__1__1.A_1.B__1.P
BRIL/cyt-b562	1.R	EPJ:TARGET	False	8UTB	1.A,1.B	True	TARGET	train	8utb__1__1.A_1.B__1.R
BRIL/cyt-b562	1.G	NAG:TARGET;NAG:TARGET	False	8UTB	1.A,1.E	True	TARGET	train	8utb__1__1.A_1.E__1.G
BRIL/cyt-b562	1.KA	XG3:TARGET	False	8UTB	1.A,1.E	True	TARGET	train	8utb__1__1.A_1.E__1.KA
BRIL/cyt-b562	1.MA	EPJ:TARGET	False	8UTB	1.A,1.E	True	TARGET	train	8utb__1__1.A_1.E__1.MA
BRIL/cyt-b562	1.F	NAG:TARGET	False	8UTB	1.A	True	TARGET	train	8utb__1__1.A__1.F
BRIL/cyt-b562	1.Q	NAG:TARGET	False	8UTB	1.A	True	TARGET	train	8utb__1__1.A__1.Q
BRIL/cyt-b562	1.S	9Z9:TARGET	False	8UTB	1.A	True	TARGET	train	8utb__1__1.A__1.S
BRIL/cyt-b562	1.K	NAG:TARGET;NAG:TARGET	False	8UTB	1.B,1.C	True	TARGET	train	8utb__1__1.B_1.C__1.K
BRIL/cyt-b562	1.V	XG3:TARGET	False	8UTB	1.B,1.C	True	TARGET	train	8utb__1__1.B_1.C__1.V
BRIL/cyt-b562	1.X	EPJ:TARGET	False	8UTB	1.B,1.C	True	TARGET	train	8utb__1__1.B_1.C__1.X
BRIL/cyt-b562	1.H	NAG:TARGET	False	8UTB	1.B	True	TARGET	train	8utb__1__1.B__1.H
BRIL/cyt-b562	1.W	NAG:TARGET	False	8UTB	1.B	True	TARGET	train	8utb__1__1.B__1.W
BRIL/cyt-b562	1.Y	9Z9:TARGET	False	8UTB	1.B	True	TARGET	train	8utb__1__1.B__1.Y
BRIL/cyt-b562	1.AA	XG3:TARGET	False	8UTB	1.C,1.D	True	TARGET	train	8utb__1__1.C_1.D__1.AA
BRIL/cyt-b562	1.CA	EPJ:TARGET	False	8UTB	1.C,1.D	True	TARGET	train	8utb__1__1.C_1.D__1.CA
BRIL/cyt-b562	1.M	NAG:TARGET;NAG:TARGET	False	8UTB	1.C,1.D	True	TARGET	train	8utb__1__1.C_1.D__1.M
BRIL/cyt-b562	1.BA	NAG:TARGET	False	8UTB	1.C	True	TARGET	train	8utb__1__1.C__1.BA
BRIL/cyt-b562	1.DA	9Z9:TARGET	False	8UTB	1.C	True	TARGET	train	8utb__1__1.C__1.DA
BRIL/cyt-b562	1.J	NAG:TARGET	False	8UTB	1.C	True	TARGET	train	8utb__1__1.C__1.J
BRIL/cyt-b562	1.FA	XG3:TARGET	False	8UTB	1.D,1.E	True	TARGET	train	8utb__1__1.D_1.E__1.FA
BRIL/cyt-b562	1.HA	EPJ:TARGET	False	8UTB	1.D,1.E	True	TARGET	train	8utb__1__1.D_1.E__1.HA
BRIL/cyt-b562	1.O	NAG:TARGET;NAG:TARGET	False	8UTB	1.D,1.E	True	TARGET	train	8utb__1__1.D_1.E__1.O
BRIL/cyt-b562	1.GA	NAG:TARGET	False	8UTB	1.D	True	TARGET	train	8utb__1__1.D__1.GA
BRIL/cyt-b562	1.IA	9Z9:TARGET	False	8UTB	1.D	True	TARGET	train	8utb__1__1.D__1.IA
BRIL/cyt-b562	1.L	NAG:TARGET	False	8UTB	1.D	True	TARGET	train	8utb__1__1.D__1.L
BRIL/cyt-b562	1.LA	NAG:TARGET	False	8UTB	1.E	True	TARGET	train	8utb__1__1.E__1.LA
BRIL/cyt-b562	1.N	NAG:TARGET	False	8UTB	1.E	True	TARGET	train	8utb__1__1.E__1.N
BRIL/cyt-b562	1.NA	9Z9:TARGET	False	8UTB	1.E	True	TARGET	train	8utb__1__1.E__1.NA
BRIL/cyt-b562	1.G	NAG:TARGET	False	8UZJ	1.A,1.B	True	TARGET	train	8uzj__1__1.A_1.B__1.G
BRIL/cyt-b562	1.H	NAG:TARGET;NAG:TARGET	False	8UZJ	1.A,1.B	True	TARGET	train	8uzj__1__1.A_1.B__1.H
BRIL/cyt-b562	1.S	EPJ:TARGET	False	8UZJ	1.A,1.B	True	TARGET	train	8uzj__1__1.A_1.B__1.S
BRIL/cyt-b562	1.V,1.W	IVM:TARGET;POV:TARGET	False	8UZJ	1.A,1.B	True	TARGET	train	8uzj__1__1.A_1.B__1.V_1.W
BRIL/cyt-b562	1.F	NAG:TARGET;NAG:TARGET	False	8UZJ	1.A,1.E	True	TARGET	train	8uzj__1__1.A_1.E__1.F
BRIL/cyt-b562	1.O	NAG:TARGET	False	8UZJ	1.A,1.E	True	TARGET	train	8uzj__1__1.A_1.E__1.O
BRIL/cyt-b562	1.SA	EPJ:TARGET	False	8UZJ	1.A,1.E	True	TARGET	train	8uzj__1__1.A_1.E__1.SA
BRIL/cyt-b562	1.T,1.U	IVM:TARGET;POV:TARGET	False	8UZJ	1.A,1.E	True	TARGET	train	8uzj__1__1.A_1.E__1.T_1.U
BRIL/cyt-b562	1.Q	NAG:TARGET	False	8UZJ	1.A	True	TARGET	train	8uzj__1__1.A__1.Q
BRIL/cyt-b562	1.R	9Z9:TARGET	False	8UZJ	1.A	True	TARGET	train	8uzj__1__1.A__1.R
BRIL/cyt-b562	1.AA	EPJ:TARGET	False	8UZJ	1.B,1.C	True	TARGET	train	8uzj__1__1.B_1.C__1.AA
BRIL/cyt-b562	1.BA,1.CA	IVM:TARGET;POV:TARGET	False	8UZJ	1.B,1.C	True	TARGET	train	8uzj__1__1.B_1.C__1.BA_1.CA
BRIL/cyt-b562	1.I	NAG:TARGET	False	8UZJ	1.B,1.C	True	TARGET	train	8uzj__1__1.B_1.C__1.I
BRIL/cyt-b562	1.J	NAG:TARGET;NAG:TARGET	False	8UZJ	1.B,1.C	True	TARGET	train	8uzj__1__1.B_1.C__1.J
BRIL/cyt-b562	1.Y	NAG:TARGET	False	8UZJ	1.B	True	TARGET	train	8uzj__1__1.B__1.Y
BRIL/cyt-b562	1.Z	9Z9:TARGET	False	8UZJ	1.B	True	TARGET	train	8uzj__1__1.B__1.Z
BRIL/cyt-b562	1.GA	EPJ:TARGET	False	8UZJ	1.C,1.D	True	TARGET	train	8uzj__1__1.C_1.D__1.GA
BRIL/cyt-b562	1.HA,1.IA	IVM:TARGET;POV:TARGET	False	8UZJ	1.C,1.D	True	TARGET	train	8uzj__1__1.C_1.D__1.HA_1.IA
BRIL/cyt-b562	1.K	NAG:TARGET	False	8UZJ	1.C,1.D	True	TARGET	train	8uzj__1__1.C_1.D__1.K
BRIL/cyt-b562	1.L	NAG:TARGET;NAG:TARGET	False	8UZJ	1.C,1.D	True	TARGET	train	8uzj__1__1.C_1.D__1.L
BRIL/cyt-b562	1.EA	NAG:TARGET	False	8UZJ	1.C	True	TARGET	train	8uzj__1__1.C__1.EA
BRIL/cyt-b562	1.FA	9Z9:TARGET	False	8UZJ	1.C	True	TARGET	train	8uzj__1__1.C__1.FA
BRIL/cyt-b562	1.M	NAG:TARGET	False	8UZJ	1.D,1.E	True	TARGET	train	8uzj__1__1.D_1.E__1.M
BRIL/cyt-b562	1.MA	EPJ:TARGET	False	8UZJ	1.D,1.E	True	TARGET	train	8uzj__1__1.D_1.E__1.MA
BRIL/cyt-b562	1.N	NAG:TARGET;NAG:TARGET	False	8UZJ	1.D,1.E	True	TARGET	train	8uzj__1__1.D_1.E__1.N
BRIL/cyt-b562	1.NA,1.OA	IVM:TARGET;POV:TARGET	False	8UZJ	1.D,1.E	True	TARGET	train	8uzj__1__1.D_1.E__1.NA_1.OA
BRIL/cyt-b562	1.KA	NAG:TARGET	False	8UZJ	1.D	True	TARGET	train	8uzj__1__1.D__1.KA
BRIL/cyt-b562	1.LA	9Z9:TARGET	False	8UZJ	1.D	True	TARGET	train	8uzj__1__1.D__1.LA
BRIL/cyt-b562	1.QA	NAG:TARGET	False	8UZJ	1.E	True	TARGET	train	8uzj__1__1.E__1.QA
BRIL/cyt-b562	1.RA	9Z9:TARGET	False	8UZJ	1.E	True	TARGET	train	8uzj__1__1.E__1.RA
BRIL/cyt-b562	1.G	NAG:TARGET	False	8V80	1.A,1.B	True	TARGET	train	8v80__1__1.A_1.B__1.G
BRIL/cyt-b562	1.H	NAG:TARGET;NAG:TARGET	False	8V80	1.A,1.B	True	TARGET	train	8v80__1__1.A_1.B__1.H
BRIL/cyt-b562	1.R,1.U,1.W	POV:TARGET;YLR:TARGET;POV:TARGET	False	8V80	1.A,1.B	True	TARGET	train	8v80__1__1.A_1.B__1.R_1.U_1.W
BRIL/cyt-b562	1.T	EPJ:TARGET	False	8V80	1.A,1.B	True	TARGET	train	8v80__1__1.A_1.B__1.T
BRIL/cyt-b562	1.F	NAG:TARGET;NAG:TARGET	False	8V80	1.A,1.E	True	TARGET	train	8v80__1__1.A_1.E__1.F
BRIL/cyt-b562	1.O	NAG:TARGET	False	8V80	1.A,1.E	True	TARGET	train	8v80__1__1.A_1.E__1.O
BRIL/cyt-b562	1.UA,1.V,1.XA	POV:TARGET;POV:TARGET;YLR:TARGET	False	8V80	1.A,1.E	True	TARGET	train	8v80__1__1.A_1.E__1.UA_1.V_1.XA
BRIL/cyt-b562	1.WA	EPJ:TARGET	False	8V80	1.A,1.E	True	TARGET	train	8v80__1__1.A_1.E__1.WA
BRIL/cyt-b562	1.Q	NAG:TARGET	False	8V80	1.A	True	TARGET	train	8v80__1__1.A__1.Q
BRIL/cyt-b562	1.S	9Z9:TARGET	False	8V80	1.A	True	TARGET	train	8v80__1__1.A__1.S
BRIL/cyt-b562	1.AA,1.DA,1.Z	POV:TARGET;POV:TARGET;YLR:TARGET	False	8V80	1.B,1.C	True	TARGET	train	8v80__1__1.B_1.C__1.AA_1.DA_1.Z
BRIL/cyt-b562	1.CA	EPJ:TARGET	False	8V80	1.B,1.C	True	TARGET	train	8v80__1__1.B_1.C__1.CA
BRIL/cyt-b562	1.I	NAG:TARGET	False	8V80	1.B,1.C	True	TARGET	train	8v80__1__1.B_1.C__1.I
BRIL/cyt-b562	1.J	NAG:TARGET;NAG:TARGET	False	8V80	1.B,1.C	True	TARGET	train	8v80__1__1.B_1.C__1.J
BRIL/cyt-b562	1.BA	9Z9:TARGET	False	8V80	1.B	True	TARGET	train	8v80__1__1.B__1.BA
BRIL/cyt-b562	1.Y	NAG:TARGET	False	8V80	1.B	True	TARGET	train	8v80__1__1.B__1.Y
BRIL/cyt-b562	1.GA,1.HA,1.KA	POV:TARGET;POV:TARGET;YLR:TARGET	False	8V80	1.C,1.D	True	TARGET	train	8v80__1__1.C_1.D__1.GA_1.HA_1.KA
BRIL/cyt-b562	1.JA	EPJ:TARGET	False	8V80	1.C,1.D	True	TARGET	train	8v80__1__1.C_1.D__1.JA
BRIL/cyt-b562	1.K	NAG:TARGET	False	8V80	1.C,1.D	True	TARGET	train	8v80__1__1.C_1.D__1.K
BRIL/cyt-b562	1.L	NAG:TARGET;NAG:TARGET	False	8V80	1.C,1.D	True	TARGET	train	8v80__1__1.C_1.D__1.L
BRIL/cyt-b562	1.FA	NAG:TARGET	False	8V80	1.C	True	TARGET	train	8v80__1__1.C__1.FA
BRIL/cyt-b562	1.IA	9Z9:TARGET	False	8V80	1.C	True	TARGET	train	8v80__1__1.C__1.IA
BRIL/cyt-b562	1.M	NAG:TARGET	False	8V80	1.D,1.E	True	TARGET	train	8v80__1__1.D_1.E__1.M
BRIL/cyt-b562	1.N	NAG:TARGET;NAG:TARGET	False	8V80	1.D,1.E	True	TARGET	train	8v80__1__1.D_1.E__1.N
BRIL/cyt-b562	1.NA,1.OA,1.RA	POV:TARGET;POV:TARGET;YLR:TARGET	False	8V80	1.D,1.E	True	TARGET	train	8v80__1__1.D_1.E__1.NA_1.OA_1.RA
BRIL/cyt-b562	1.QA	EPJ:TARGET	False	8V80	1.D,1.E	True	TARGET	train	8v80__1__1.D_1.E__1.QA
BRIL/cyt-b562	1.MA	NAG:TARGET	False	8V80	1.D	True	TARGET	train	8v80__1__1.D__1.MA
BRIL/cyt-b562	1.PA	9Z9:TARGET	False	8V80	1.D	True	TARGET	train	8v80__1__1.D__1.PA
BRIL/cyt-b562	1.TA	NAG:TARGET	False	8V80	1.E	True	TARGET	train	8v80__1__1.E__1.TA
BRIL/cyt-b562	1.VA	9Z9:TARGET	False	8V80	1.E	True	TARGET	train	8v80__1__1.E__1.VA
BRIL/cyt-b562	1.F	NAG:TARGET	False	8V82	1.A,1.B	True	TARGET	train	8v82__1__1.A_1.B__1.F
BRIL/cyt-b562	1.I	NAG:TARGET;NAG:TARGET	False	8V82	1.A,1.B	True	TARGET	train	8v82__1__1.A_1.B__1.I
BRIL/cyt-b562	1.R,1.S,1.Y	POV:TARGET;POV:TARGET;I34:TARGET	False	8V82	1.A,1.B	True	TARGET	train	8v82__1__1.A_1.B__1.R_1.S_1.Y
BRIL/cyt-b562	1.U	EPJ:TARGET	False	8V82	1.A,1.B	True	TARGET	train	8v82__1__1.A_1.B__1.U
BRIL/cyt-b562	1.AB,1.V,1.W	I34:TARGET;POV:TARGET;POV:TARGET	False	8V82	1.A,1.E	True	TARGET	train	8v82__1__1.A_1.E__1.AB_1.V_1.W
BRIL/cyt-b562	1.CB	EPJ:TARGET	False	8V82	1.A,1.E	True	TARGET	train	8v82__1__1.A_1.E__1.CB
BRIL/cyt-b562	1.G	NAG:TARGET;NAG:TARGET	False	8V82	1.A,1.E	True	TARGET	train	8v82__1__1.A_1.E__1.G
BRIL/cyt-b562	1.N	NAG:TARGET	False	8V82	1.A,1.E	True	TARGET	train	8v82__1__1.A_1.E__1.N
BRIL/cyt-b562	1.Q	NAG:TARGET	False	8V82	1.A	True	TARGET	train	8v82__1__1.A__1.Q
BRIL/cyt-b562	1.T	9Z9:TARGET	False	8V82	1.A	True	TARGET	train	8v82__1__1.A__1.T
BRIL/cyt-b562	1.CA,1.DA,1.GA	POV:TARGET;POV:TARGET;I34:TARGET	False	8V82	1.B,1.C	True	TARGET	train	8v82__1__1.B_1.C__1.CA_1.DA_1.GA
BRIL/cyt-b562	1.FA	EPJ:TARGET	False	8V82	1.B,1.C	True	TARGET	train	8v82__1__1.B_1.C__1.FA
BRIL/cyt-b562	1.H	NAG:TARGET	False	8V82	1.B,1.C	True	TARGET	train	8v82__1__1.B_1.C__1.H
BRIL/cyt-b562	1.K	NAG:TARGET;NAG:TARGET	False	8V82	1.B,1.C	True	TARGET	train	8v82__1__1.B_1.C__1.K
BRIL/cyt-b562	1.BA	NAG:TARGET	False	8V82	1.B	True	TARGET	train	8v82__1__1.B__1.BA
BRIL/cyt-b562	1.EA	9Z9:TARGET	False	8V82	1.B	True	TARGET	train	8v82__1__1.B__1.EA
BRIL/cyt-b562	1.J	NAG:TARGET	False	8V82	1.C,1.D	True	TARGET	train	8v82__1__1.C_1.D__1.J
BRIL/cyt-b562	1.KA,1.LA,1.OA	POV:TARGET;POV:TARGET;I34:TARGET	False	8V82	1.C,1.D	True	TARGET	train	8v82__1__1.C_1.D__1.KA_1.LA_1.OA
BRIL/cyt-b562	1.M	NAG:TARGET;NAG:TARGET	False	8V82	1.C,1.D	True	TARGET	train	8v82__1__1.C_1.D__1.M
BRIL/cyt-b562	1.NA	EPJ:TARGET	False	8V82	1.C,1.D	True	TARGET	train	8v82__1__1.C_1.D__1.NA
BRIL/cyt-b562	1.JA	NAG:TARGET	False	8V82	1.C	True	TARGET	train	8v82__1__1.C__1.JA
BRIL/cyt-b562	1.MA	9Z9:TARGET	False	8V82	1.C	True	TARGET	train	8v82__1__1.C__1.MA
BRIL/cyt-b562	1.L	NAG:TARGET	False	8V82	1.D,1.E	True	TARGET	train	8v82__1__1.D_1.E__1.L
BRIL/cyt-b562	1.O	NAG:TARGET;NAG:TARGET	False	8V82	1.D,1.E	True	TARGET	train	8v82__1__1.D_1.E__1.O
BRIL/cyt-b562	1.SA,1.TA,1.WA	POV:TARGET;POV:TARGET;I34:TARGET	False	8V82	1.D,1.E	True	TARGET	train	8v82__1__1.D_1.E__1.SA_1.TA_1.WA
BRIL/cyt-b562	1.VA	EPJ:TARGET	False	8V82	1.D,1.E	True	TARGET	train	8v82__1__1.D_1.E__1.VA
BRIL/cyt-b562	1.RA	NAG:TARGET	False	8V82	1.D	True	TARGET	train	8v82__1__1.D__1.RA
BRIL/cyt-b562	1.UA	9Z9:TARGET	False	8V82	1.D	True	TARGET	train	8v82__1__1.D__1.UA
BRIL/cyt-b562	1.BB	9Z9:TARGET	False	8V82	1.E	True	TARGET	train	8v82__1__1.E__1.BB
BRIL/cyt-b562	1.ZA	NAG:TARGET	False	8V82	1.E	True	TARGET	train	8v82__1__1.E__1.ZA
BRIL/cyt-b562	1.F	NAG:TARGET	False	8V86	1.A,1.B	True	TARGET	train	8v86__1__1.A_1.B__1.F
BRIL/cyt-b562	1.I	NAG:TARGET;NAG:TARGET	False	8V86	1.A,1.B	True	TARGET	train	8v86__1__1.A_1.B__1.I
BRIL/cyt-b562	1.P,1.U,1.V	POV:TARGET;YLI:TARGET;POV:TARGET	False	8V86	1.A,1.B	True	TARGET	train	8v86__1__1.A_1.B__1.P_1.U_1.V
BRIL/cyt-b562	1.G	NAG:TARGET;NAG:TARGET	False	8V86	1.A,1.E	True	TARGET	train	8v86__1__1.A_1.E__1.G
BRIL/cyt-b562	1.LA,1.S,1.T	YLI:TARGET;POV:TARGET;POV:TARGET	False	8V86	1.A,1.E	True	TARGET	train	8v86__1__1.A_1.E__1.LA_1.S_1.T
BRIL/cyt-b562	1.N	NAG:TARGET	False	8V86	1.A,1.E	True	TARGET	train	8v86__1__1.A_1.E__1.N
BRIL/cyt-b562	1.Q	9Z9:TARGET	False	8V86	1.A	True	TARGET	train	8v86__1__1.A__1.Q
BRIL/cyt-b562	1.R	NAG:TARGET	False	8V86	1.A	True	TARGET	train	8v86__1__1.A__1.R
BRIL/cyt-b562	1.AA,1.W,1.Z	POV:TARGET;YLI:TARGET;POV:TARGET	False	8V86	1.B,1.C	True	TARGET	train	8v86__1__1.B_1.C__1.AA_1.W_1.Z
BRIL/cyt-b562	1.H	NAG:TARGET	False	8V86	1.B,1.C	True	TARGET	train	8v86__1__1.B_1.C__1.H
BRIL/cyt-b562	1.K	NAG:TARGET;NAG:TARGET	False	8V86	1.B,1.C	True	TARGET	train	8v86__1__1.B_1.C__1.K
BRIL/cyt-b562	1.X	9Z9:TARGET	False	8V86	1.B	True	TARGET	train	8v86__1__1.B__1.X
BRIL/cyt-b562	1.Y	NAG:TARGET	False	8V86	1.B	True	TARGET	train	8v86__1__1.B__1.Y
BRIL/cyt-b562	1.BA,1.EA,1.FA	POV:TARGET;YLI:TARGET;POV:TARGET	False	8V86	1.C,1.D	True	TARGET	train	8v86__1__1.C_1.D__1.BA_1.EA_1.FA
BRIL/cyt-b562	1.J	NAG:TARGET	False	8V86	1.C,1.D	True	TARGET	train	8v86__1__1.C_1.D__1.J
BRIL/cyt-b562	1.M	NAG:TARGET;NAG:TARGET	False	8V86	1.C,1.D	True	TARGET	train	8v86__1__1.C_1.D__1.M
BRIL/cyt-b562	1.CA	9Z9:TARGET	False	8V86	1.C	True	TARGET	train	8v86__1__1.C__1.CA
BRIL/cyt-b562	1.DA	NAG:TARGET	False	8V86	1.C	True	TARGET	train	8v86__1__1.C__1.DA
BRIL/cyt-b562	1.GA,1.JA,1.KA	POV:TARGET;YLI:TARGET;POV:TARGET	False	8V86	1.D,1.E	True	TARGET	train	8v86__1__1.D_1.E__1.GA_1.JA_1.KA
BRIL/cyt-b562	1.L	NAG:TARGET	False	8V86	1.D,1.E	True	TARGET	train	8v86__1__1.D_1.E__1.L
BRIL/cyt-b562	1.O	NAG:TARGET;NAG:TARGET	False	8V86	1.D,1.E	True	TARGET	train	8v86__1__1.D_1.E__1.O
BRIL/cyt-b562	1.HA	9Z9:TARGET	False	8V86	1.D	True	TARGET	train	8v86__1__1.D__1.HA
BRIL/cyt-b562	1.IA	NAG:TARGET	False	8V86	1.D	True	TARGET	train	8v86__1__1.D__1.IA
BRIL/cyt-b562	1.MA	9Z9:TARGET	False	8V86	1.E	True	TARGET	train	8v86__1__1.E__1.MA
BRIL/cyt-b562	1.NA	NAG:TARGET	False	8V86	1.E	True	TARGET	train	8v86__1__1.E__1.NA
BRIL/cyt-b562	1.F	NAG:TARGET	False	8V88	1.A,1.B	True	TARGET	train	8v88__1__1.A_1.B__1.F
BRIL/cyt-b562	1.I	NAG:TARGET;NAG:TARGET	False	8V88	1.A,1.B	True	TARGET	train	8v88__1__1.A_1.B__1.I
BRIL/cyt-b562	1.R,1.S,1.V	POV:TARGET;POV:TARGET;YLI:TARGET	False	8V88	1.A,1.B	True	TARGET	train	8v88__1__1.A_1.B__1.R_1.S_1.V
BRIL/cyt-b562	1.U	EPJ:TARGET	False	8V88	1.A,1.B	True	TARGET	train	8v88__1__1.A_1.B__1.U
BRIL/cyt-b562	1.G	NAG:TARGET;NAG:TARGET	False	8V88	1.A,1.E	True	TARGET	train	8v88__1__1.A_1.E__1.G
BRIL/cyt-b562	1.N	NAG:TARGET	False	8V88	1.A,1.E	True	TARGET	train	8v88__1__1.A_1.E__1.N
BRIL/cyt-b562	1.UA,1.W,1.XA	POV:TARGET;POV:TARGET;YLI:TARGET	False	8V88	1.A,1.E	True	TARGET	train	8v88__1__1.A_1.E__1.UA_1.W_1.XA
BRIL/cyt-b562	1.WA	EPJ:TARGET	False	8V88	1.A,1.E	True	TARGET	train	8v88__1__1.A_1.E__1.WA
BRIL/cyt-b562	1.Q	NAG:TARGET	False	8V88	1.A	True	TARGET	train	8v88__1__1.A__1.Q
BRIL/cyt-b562	1.T	9Z9:TARGET	False	8V88	1.A	True	TARGET	train	8v88__1__1.A__1.T
BRIL/cyt-b562	1.AA,1.DA,1.Z	POV:TARGET;POV:TARGET;YLI:TARGET	False	8V88	1.B,1.C	True	TARGET	train	8v88__1__1.B_1.C__1.AA_1.DA_1.Z
BRIL/cyt-b562	1.CA	EPJ:TARGET	False	8V88	1.B,1.C	True	TARGET	train	8v88__1__1.B_1.C__1.CA
BRIL/cyt-b562	1.H	NAG:TARGET	False	8V88	1.B,1.C	True	TARGET	train	8v88__1__1.B_1.C__1.H
BRIL/cyt-b562	1.K	NAG:TARGET;NAG:TARGET	False	8V88	1.B,1.C	True	TARGET	train	8v88__1__1.B_1.C__1.K
BRIL/cyt-b562	1.BA	9Z9:TARGET	False	8V88	1.B	True	TARGET	train	8v88__1__1.B__1.BA
BRIL/cyt-b562	1.Y	NAG:TARGET	False	8V88	1.B	True	TARGET	train	8v88__1__1.B__1.Y
BRIL/cyt-b562	1.GA,1.HA,1.KA	POV:TARGET;POV:TARGET;YLI:TARGET	False	8V88	1.C,1.D	True	TARGET	train	8v88__1__1.C_1.D__1.GA_1.HA_1.KA
BRIL/cyt-b562	1.J	NAG:TARGET	False	8V88	1.C,1.D	True	TARGET	train	8v88__1__1.C_1.D__1.J
BRIL/cyt-b562	1.JA	EPJ:TARGET	False	8V88	1.C,1.D	True	TARGET	train	8v88__1__1.C_1.D__1.JA
BRIL/cyt-b562	1.M	NAG:TARGET;NAG:TARGET	False	8V88	1.C,1.D	True	TARGET	train	8v88__1__1.C_1.D__1.M
BRIL/cyt-b562	1.FA	NAG:TARGET	False	8V88	1.C	True	TARGET	train	8v88__1__1.C__1.FA
BRIL/cyt-b562	1.IA	9Z9:TARGET	False	8V88	1.C	True	TARGET	train	8v88__1__1.C__1.IA
BRIL/cyt-b562	1.L	NAG:TARGET	False	8V88	1.D,1.E	True	TARGET	train	8v88__1__1.D_1.E__1.L
BRIL/cyt-b562	1.NA,1.OA,1.RA	POV:TARGET;POV:TARGET;YLI:TARGET	False	8V88	1.D,1.E	True	TARGET	train	8v88__1__1.D_1.E__1.NA_1.OA_1.RA
BRIL/cyt-b562	1.O	NAG:TARGET;NAG:TARGET	False	8V88	1.D,1.E	True	TARGET	train	8v88__1__1.D_1.E__1.O
BRIL/cyt-b562	1.QA	EPJ:TARGET	False	8V88	1.D,1.E	True	TARGET	train	8v88__1__1.D_1.E__1.QA
BRIL/cyt-b562	1.MA	NAG:TARGET	False	8V88	1.D	True	TARGET	train	8v88__1__1.D__1.MA
BRIL/cyt-b562	1.PA	9Z9:TARGET	False	8V88	1.D	True	TARGET	train	8v88__1__1.D__1.PA
BRIL/cyt-b562	1.TA	NAG:TARGET	False	8V88	1.E	True	TARGET	train	8v88__1__1.E__1.TA
BRIL/cyt-b562	1.VA	9Z9:TARGET	False	8V88	1.E	True	TARGET	train	8v88__1__1.E__1.VA
BRIL/cyt-b562	1.F	NAG:TARGET	False	8V89	1.A,1.B	True	TARGET	train	8v89__1__1.A_1.B__1.F
BRIL/cyt-b562	1.N	NAG:TARGET	False	8V89	1.A,1.E	True	TARGET	train	8v89__1__1.A_1.E__1.N
BRIL/cyt-b562	1.G	NAG:TARGET;NAG:TARGET	False	8V89	1.A	True	TARGET	train	8v89__1__1.A__1.G
BRIL/cyt-b562	1.P	NAG:TARGET	False	8V89	1.A	True	TARGET	train	8v89__1__1.A__1.P
BRIL/cyt-b562	1.R	9Z9:TARGET	False	8V89	1.A	True	TARGET	train	8v89__1__1.A__1.R
BRIL/cyt-b562	1.H	NAG:TARGET	False	8V89	1.B,1.C	True	TARGET	train	8v89__1__1.B_1.C__1.H
BRIL/cyt-b562	1.I	NAG:TARGET;NAG:TARGET	False	8V89	1.B	True	TARGET	train	8v89__1__1.B__1.I
BRIL/cyt-b562	1.U	NAG:TARGET	False	8V89	1.B	True	TARGET	train	8v89__1__1.B__1.U
BRIL/cyt-b562	1.W	9Z9:TARGET	False	8V89	1.B	True	TARGET	train	8v89__1__1.B__1.W
BRIL/cyt-b562	1.J	NAG:TARGET	False	8V89	1.C,1.D	True	TARGET	train	8v89__1__1.C_1.D__1.J
BRIL/cyt-b562	1.AA	9Z9:TARGET	False	8V89	1.C	True	TARGET	train	8v89__1__1.C__1.AA
BRIL/cyt-b562	1.K	NAG:TARGET;NAG:TARGET	False	8V89	1.C	True	TARGET	train	8v89__1__1.C__1.K
BRIL/cyt-b562	1.Y	NAG:TARGET	False	8V89	1.C	True	TARGET	train	8v89__1__1.C__1.Y
BRIL/cyt-b562	1.L	NAG:TARGET	False	8V89	1.D,1.E	True	TARGET	train	8v89__1__1.D_1.E__1.L
BRIL/cyt-b562	1.CA	NAG:TARGET	False	8V89	1.D	True	TARGET	train	8v89__1__1.D__1.CA
BRIL/cyt-b562	1.EA	9Z9:TARGET	False	8V89	1.D	True	TARGET	train	8v89__1__1.D__1.EA
BRIL/cyt-b562	1.M	NAG:TARGET;NAG:TARGET	False	8V89	1.D	True	TARGET	train	8v89__1__1.D__1.M
BRIL/cyt-b562	1.GA	NAG:TARGET	False	8V89	1.E	True	TARGET	train	8v89__1__1.E__1.GA
BRIL/cyt-b562	1.IA	9Z9:TARGET	False	8V89	1.E	True	TARGET	train	8v89__1__1.E__1.IA
BRIL/cyt-b562	1.O	NAG:TARGET;NAG:TARGET	False	8V89	1.E	True	TARGET	train	8v89__1__1.E__1.O
BRIL/cyt-b562	1.F	NAG:TARGET	False	8V8A	1.A,1.B	True	TARGET	train	8v8a__1__1.A_1.B__1.F
BRIL/cyt-b562	1.I	NAG:TARGET;NAG:TARGET	False	8V8A	1.A,1.B	True	TARGET	train	8v8a__1__1.A_1.B__1.I
BRIL/cyt-b562	1.R,1.S,1.X,1.Y	POV:TARGET;POV:TARGET;POV:TARGET;I34:TARGET	False	8V8A	1.A,1.B	True	TARGET	train	8v8a__1__1.A_1.B__1.R_1.S_1.X_1.Y
BRIL/cyt-b562	1.U	EPJ:TARGET	False	8V8A	1.A,1.B	True	TARGET	train	8v8a__1__1.A_1.B__1.U
BRIL/cyt-b562	1.AB,1.V,1.W,1.ZA	POV:TARGET;I34:TARGET;POV:TARGET;POV:TARGET	False	8V8A	1.A,1.E	True	TARGET	train	8v8a__1__1.A_1.E__1.AB_1.V_1.W_1.ZA
BRIL/cyt-b562	1.CB	EPJ:TARGET	False	8V8A	1.A,1.E	True	TARGET	train	8v8a__1__1.A_1.E__1.CB
BRIL/cyt-b562	1.G	NAG:TARGET;NAG:TARGET	False	8V8A	1.A,1.E	True	TARGET	train	8v8a__1__1.A_1.E__1.G
BRIL/cyt-b562	1.N	NAG:TARGET	False	8V8A	1.A,1.E	True	TARGET	train	8v8a__1__1.A_1.E__1.N
BRIL/cyt-b562	1.Q	NAG:TARGET	False	8V8A	1.A	True	TARGET	train	8v8a__1__1.A__1.Q
BRIL/cyt-b562	1.T	9Z9:TARGET	False	8V8A	1.A	True	TARGET	train	8v8a__1__1.A__1.T
BRIL/cyt-b562	1.BA,1.CA,1.FA,1.GA	POV:TARGET;POV:TARGET;POV:TARGET;I34:TARGET	False	8V8A	1.B,1.C	True	TARGET	train	8v8a__1__1.B_1.C__1.BA_1.CA_1.FA_1.GA
BRIL/cyt-b562	1.EA	EPJ:TARGET	False	8V8A	1.B,1.C	True	TARGET	train	8v8a__1__1.B_1.C__1.EA
BRIL/cyt-b562	1.H	NAG:TARGET	False	8V8A	1.B,1.C	True	TARGET	train	8v8a__1__1.B_1.C__1.H
BRIL/cyt-b562	1.K	NAG:TARGET;NAG:TARGET	False	8V8A	1.B,1.C	True	TARGET	train	8v8a__1__1.B_1.C__1.K
BRIL/cyt-b562	1.AA	NAG:TARGET	False	8V8A	1.B	True	TARGET	train	8v8a__1__1.B__1.AA
BRIL/cyt-b562	1.DA	9Z9:TARGET	False	8V8A	1.B	True	TARGET	train	8v8a__1__1.B__1.DA
BRIL/cyt-b562	1.J	NAG:TARGET	False	8V8A	1.C,1.D	True	TARGET	train	8v8a__1__1.C_1.D__1.J
BRIL/cyt-b562	1.JA,1.KA,1.NA,1.OA	POV:TARGET;POV:TARGET;POV:TARGET;I34:TARGET	False	8V8A	1.C,1.D	True	TARGET	train	8v8a__1__1.C_1.D__1.JA_1.KA_1.NA_1.OA
BRIL/cyt-b562	1.M	NAG:TARGET;NAG:TARGET	False	8V8A	1.C,1.D	True	TARGET	train	8v8a__1__1.C_1.D__1.M
BRIL/cyt-b562	1.MA	EPJ:TARGET	False	8V8A	1.C,1.D	True	TARGET	train	8v8a__1__1.C_1.D__1.MA
BRIL/cyt-b562	1.IA	NAG:TARGET	False	8V8A	1.C	True	TARGET	train	8v8a__1__1.C__1.IA
BRIL/cyt-b562	1.LA	9Z9:TARGET	False	8V8A	1.C	True	TARGET	train	8v8a__1__1.C__1.LA
BRIL/cyt-b562	1.L	NAG:TARGET	False	8V8A	1.D,1.E	True	TARGET	train	8v8a__1__1.D_1.E__1.L
BRIL/cyt-b562	1.O	NAG:TARGET;NAG:TARGET	False	8V8A	1.D,1.E	True	TARGET	train	8v8a__1__1.D_1.E__1.O
BRIL/cyt-b562	1.RA,1.SA,1.VA,1.WA	POV:TARGET;POV:TARGET;POV:TARGET;I34:TARGET	False	8V8A	1.D,1.E	True	TARGET	train	8v8a__1__1.D_1.E__1.RA_1.SA_1.VA_1.WA
BRIL/cyt-b562	1.UA	EPJ:TARGET	False	8V8A	1.D,1.E	True	TARGET	train	8v8a__1__1.D_1.E__1.UA
BRIL/cyt-b562	1.QA	NAG:TARGET	False	8V8A	1.D	True	TARGET	train	8v8a__1__1.D__1.QA
BRIL/cyt-b562	1.TA	9Z9:TARGET	False	8V8A	1.D	True	TARGET	train	8v8a__1__1.D__1.TA
BRIL/cyt-b562	1.BB	9Z9:TARGET	False	8V8A	1.E	True	TARGET	train	8v8a__1__1.E__1.BB
BRIL/cyt-b562	1.YA	NAG:TARGET	False	8V8A	1.E	True	TARGET	train	8v8a__1__1.E__1.YA
BRIL/cyt-b562	1.G	NAG:TARGET;NAG:TARGET	False	8V8C	1.A,1.B	True	TARGET	train	8v8c__1__1.A_1.B__1.G
BRIL/cyt-b562	1.L	NAG:TARGET	False	8V8C	1.A,1.B	True	TARGET	train	8v8c__1__1.A_1.B__1.L
BRIL/cyt-b562	1.M	EPJ:TARGET	False	8V8C	1.A,1.B	True	TARGET	train	8v8c__1__1.A_1.B__1.M
BRIL/cyt-b562	1.N	I34:TARGET	False	8V8C	1.A,1.B	True	TARGET	train	8v8c__1__1.A_1.B__1.N
BRIL/cyt-b562	1.EA	NAG:TARGET	False	8V8C	1.A,1.E	True	TARGET	train	8v8c__1__1.A_1.E__1.EA
BRIL/cyt-b562	1.FA	EPJ:TARGET	False	8V8C	1.A,1.E	True	TARGET	train	8v8c__1__1.A_1.E__1.FA
BRIL/cyt-b562	1.GA	I34:TARGET	False	8V8C	1.A,1.E	True	TARGET	train	8v8c__1__1.A_1.E__1.GA
BRIL/cyt-b562	1.F	NAG:TARGET;NAG:TARGET	False	8V8C	1.A	True	TARGET	train	8v8c__1__1.A__1.F
BRIL/cyt-b562	1.K	NAG:TARGET	False	8V8C	1.A	True	TARGET	train	8v8c__1__1.A__1.K
BRIL/cyt-b562	1.H	NAG:TARGET;NAG:TARGET	False	8V8C	1.B,1.C	True	TARGET	train	8v8c__1__1.B_1.C__1.H
BRIL/cyt-b562	1.Q	NAG:TARGET	False	8V8C	1.B,1.C	True	TARGET	train	8v8c__1__1.B_1.C__1.Q
BRIL/cyt-b562	1.R	EPJ:TARGET	False	8V8C	1.B,1.C	True	TARGET	train	8v8c__1__1.B_1.C__1.R
BRIL/cyt-b562	1.S	I34:TARGET	False	8V8C	1.B,1.C	True	TARGET	train	8v8c__1__1.B_1.C__1.S
BRIL/cyt-b562	1.P	NAG:TARGET	False	8V8C	1.B	True	TARGET	train	8v8c__1__1.B__1.P
BRIL/cyt-b562	1.I	NAG:TARGET;NAG:TARGET	False	8V8C	1.C,1.D	True	TARGET	train	8v8c__1__1.C_1.D__1.I
BRIL/cyt-b562	1.V	NAG:TARGET	False	8V8C	1.C,1.D	True	TARGET	train	8v8c__1__1.C_1.D__1.V
BRIL/cyt-b562	1.W	EPJ:TARGET	False	8V8C	1.C,1.D	True	TARGET	train	8v8c__1__1.C_1.D__1.W
BRIL/cyt-b562	1.X	I34:TARGET	False	8V8C	1.C,1.D	True	TARGET	train	8v8c__1__1.C_1.D__1.X
BRIL/cyt-b562	1.U	NAG:TARGET	False	8V8C	1.C	True	TARGET	train	8v8c__1__1.C__1.U
BRIL/cyt-b562	1.AA	NAG:TARGET	False	8V8C	1.D,1.E	True	TARGET	train	8v8c__1__1.D_1.E__1.AA
BRIL/cyt-b562	1.BA	EPJ:TARGET	False	8V8C	1.D,1.E	True	TARGET	train	8v8c__1__1.D_1.E__1.BA
BRIL/cyt-b562	1.CA	I34:TARGET	False	8V8C	1.D,1.E	True	TARGET	train	8v8c__1__1.D_1.E__1.CA
BRIL/cyt-b562	1.J	NAG:TARGET;NAG:TARGET	False	8V8C	1.D,1.E	True	TARGET	train	8v8c__1__1.D_1.E__1.J
BRIL/cyt-b562	1.Z	NAG:TARGET	False	8V8C	1.D	True	TARGET	train	8v8c__1__1.D__1.Z
BRIL/cyt-b562	1.DA	NAG:TARGET	False	8V8C	1.E	True	TARGET	train	8v8c__1__1.E__1.DA
BRIL/cyt-b562	1.G	NAG:TARGET;NAG:TARGET	False	8V8D	1.A,1.B	True	TARGET	train	8v8d__1__1.A_1.B__1.G
BRIL/cyt-b562	1.L	NAG:TARGET	False	8V8D	1.A,1.B	True	TARGET	train	8v8d__1__1.A_1.B__1.L
BRIL/cyt-b562	1.M	EPJ:TARGET	False	8V8D	1.A,1.B	True	TARGET	train	8v8d__1__1.A_1.B__1.M
BRIL/cyt-b562	1.O	I34:TARGET	False	8V8D	1.A,1.B	True	TARGET	train	8v8d__1__1.A_1.B__1.O
BRIL/cyt-b562	1.F	NAG:TARGET;NAG:TARGET	False	8V8D	1.A,1.E	True	TARGET	train	8v8d__1__1.A_1.E__1.F
BRIL/cyt-b562	1.GA	EPJ:TARGET	False	8V8D	1.A,1.E	True	TARGET	train	8v8d__1__1.A_1.E__1.GA
BRIL/cyt-b562	1.N	I34:TARGET	False	8V8D	1.A,1.E	True	TARGET	train	8v8d__1__1.A_1.E__1.N
BRIL/cyt-b562	1.K	NAG:TARGET	False	8V8D	1.A	True	TARGET	train	8v8d__1__1.A__1.K
BRIL/cyt-b562	1.H	NAG:TARGET;NAG:TARGET	False	8V8D	1.B,1.C	True	TARGET	train	8v8d__1__1.B_1.C__1.H
BRIL/cyt-b562	1.S	EPJ:TARGET	False	8V8D	1.B,1.C	True	TARGET	train	8v8d__1__1.B_1.C__1.S
BRIL/cyt-b562	1.T	I34:TARGET	False	8V8D	1.B,1.C	True	TARGET	train	8v8d__1__1.B_1.C__1.T
BRIL/cyt-b562	1.Q	NAG:TARGET	False	8V8D	1.B	True	TARGET	train	8v8d__1__1.B__1.Q
BRIL/cyt-b562	1.R	NAG:TARGET	False	8V8D	1.B	True	TARGET	train	8v8d__1__1.B__1.R
BRIL/cyt-b562	1.I	NAG:TARGET;NAG:TARGET	False	8V8D	1.C,1.D	True	TARGET	train	8v8d__1__1.C_1.D__1.I
BRIL/cyt-b562	1.W	NAG:TARGET	False	8V8D	1.C,1.D	True	TARGET	train	8v8d__1__1.C_1.D__1.W
BRIL/cyt-b562	1.X	EPJ:TARGET	False	8V8D	1.C,1.D	True	TARGET	train	8v8d__1__1.C_1.D__1.X
BRIL/cyt-b562	1.Y	I34:TARGET	False	8V8D	1.C,1.D	True	TARGET	train	8v8d__1__1.C_1.D__1.Y
BRIL/cyt-b562	1.V	NAG:TARGET	False	8V8D	1.C	True	TARGET	train	8v8d__1__1.C__1.V
BRIL/cyt-b562	1.CA	EPJ:TARGET	False	8V8D	1.D,1.E	True	TARGET	train	8v8d__1__1.D_1.E__1.CA
BRIL/cyt-b562	1.DA	I34:TARGET	False	8V8D	1.D,1.E	True	TARGET	train	8v8d__1__1.D_1.E__1.DA
BRIL/cyt-b562	1.J	NAG:TARGET;NAG:TARGET	False	8V8D	1.D,1.E	True	TARGET	train	8v8d__1__1.D_1.E__1.J
BRIL/cyt-b562	1.AA	NAG:TARGET	False	8V8D	1.D	True	TARGET	train	8v8d__1__1.D__1.AA
BRIL/cyt-b562	1.BA	NAG:TARGET	False	8V8D	1.D	True	TARGET	train	8v8d__1__1.D__1.BA
BRIL/cyt-b562	1.EA	NAG:TARGET	False	8V8D	1.E	True	TARGET	train	8v8d__1__1.E__1.EA
BRIL/cyt-b562	1.FA	NAG:TARGET	False	8V8D	1.E	True	TARGET	train	8v8d__1__1.E__1.FA
BRIL/cyt-b562	1.F,1.J		False	8W8B	1.E	False		train	8w8b__1__1.E__1.F_1.J
BRIL/cyt-b562	1.G		False	8W8B	1.E	False		train	8w8b__1__1.E__1.G
BRIL/cyt-b562	1.H,1.K		False	8W8B	1.E	False		train	8w8b__1__1.E__1.H_1.K
BRIL/cyt-b562	1.I		False	8W8B	1.E	False		train	8w8b__1__1.E__1.I
BRIL/cyt-b562	1.L		False	8W8B	1.E	False		train	8w8b__1__1.E__1.L
BRIL/cyt-b562	1.E		False	8WRZ	1.C	False		train	8wrz__1__1.C__1.E
BRIL/cyt-b562	1.B		False	8X5Y	1.A	False		train	8x5y__1__1.A__1.B
BRIL/cyt-b562	1.B		False	8X63	1.A	False		train	8x63__1__1.A__1.B
BRIL/cyt-b562	1.B		False	8X64	1.A	False		train	8x64__1__1.A__1.B
BRIL/cyt-b562	1.B	VIB:TARGET	False	8XV2	1.A	True	TARGET	train	8xv2__1__1.A__1.B
BRIL/cyt-b562	1.B	PXM:TARGET	False	8XV5	1.A	True	TARGET	train	8xv5__1__1.A__1.B
BRIL/cyt-b562	1.B	2TA:TARGET	False	8XV9	1.A	True	TARGET	train	8xv9__1__1.A__1.B
