entity_id	pdb_id	fusion_partner	target_accession	eligible	method	resolution	topology	representative_chain	entity_length	fusion_modelled	target_modelled	align_coverage_of_modelled	fusion_disorder	target_disorder	description	exclusions
3HNL_1	3HNL	BRIL		False	X-RAY DIFFRACTION	2.2		A	106	106	0	1.0	0.0	1.0	Soluble cytochrome b562	E1_not_chimeric_single_uniprot;E8_target_modelled=0<80;E9_target_disorder=1.00>0.2
3HNK_1	3HNK	BRIL		False	X-RAY DIFFRACTION	2.1		A	106	106	0	1.0	0.0	1.0	Soluble cytochrome b562	E1_not_chimeric_single_uniprot;E8_target_modelled=0<80;E9_target_disorder=1.00>0.2
3HNJ_1	3HNJ	BRIL		False	X-RAY DIFFRACTION	2.0		A	106	106	0	1.0	0.0	1.0	Soluble cytochrome b562	E1_not_chimeric_single_uniprot;E8_target_modelled=0<80;E9_target_disorder=1.00>0.2
3HNI_1	3HNI	BRIL		False	X-RAY DIFFRACTION	2.35		A	106	106	0	1.0	0.0	1.0	Soluble cytochrome b562	E1_not_chimeric_single_uniprot;E8_target_modelled=0<80;E9_target_disorder=1.00>0.2
3FOP_1	3FOP	BRIL		False	X-RAY DIFFRACTION	3.0		A	106	106	0	1.0	0.0	1.0	Soluble cytochrome b562	E1_not_chimeric_single_uniprot;E8_target_modelled=0<80;E9_target_disorder=1.00>0.2
3FOO_1	3FOO	BRIL		False	X-RAY DIFFRACTION	2.4		A	106	106	0	1.0	0.0	1.0	Soluble cytochrome b562	E1_not_chimeric_single_uniprot;E8_target_modelled=0<80;E9_target_disorder=1.00>0.2
3DE9_1	3DE9	BRIL		False	X-RAY DIFFRACTION	2.04		A	106	106	0	1.0	0.0	1.0	Soluble cytochrome b562	E1_not_chimeric_single_uniprot;E8_target_modelled=0<80;E9_target_disorder=1.00>0.2
3DE8_1	3DE8	BRIL		False	X-RAY DIFFRACTION	1.72		A	106	106	0	1.0	0.0	1.0	Soluble cytochrome b562	E1_not_chimeric_single_uniprot;E8_target_modelled=0<80;E9_target_disorder=1.00>0.2
3C63_1	3C63	BRIL		False	X-RAY DIFFRACTION	1.75		A	106	106	0	1.0	0.0	1.0	Soluble cytochrome b562	E1_not_chimeric_single_uniprot;E8_target_modelled=0<80;E9_target_disorder=1.00>0.2
3C62_1	3C62	BRIL		False	X-RAY DIFFRACTION	1.87		A	106	106	0	1.0	0.0	1.0	Soluble cytochrome b562	E1_not_chimeric_single_uniprot;E8_target_modelled=0<80;E9_target_disorder=1.00>0.2
2QLA_1	2QLA	BRIL		False	X-RAY DIFFRACTION	2.9		A	106	106	0	1.0	0.0	1.0	Soluble cytochrome b562	E1_not_chimeric_single_uniprot;E8_target_modelled=0<80;E9_target_disorder=1.00>0.2
2BC5_1	2BC5	BRIL		False	X-RAY DIFFRACTION	2.25		A	106	106	0	1.0	0.0	1.0	Soluble cytochrome b562	E1_not_chimeric_single_uniprot;E8_target_modelled=0<80;E9_target_disorder=1.00>0.2
28VJ_2	28VJ	BRIL	Q5HHX4	False	ELECTRON MICROSCOPY	2.79	TERMINAL_C	B	489	0	358	1.0	1.0	0.0604	Quinolone resistance protein NorA,Soluble cytochrome b562	E7_fusion_modelled=0<50;E9_fusion_disorder=1.00>0.2
256B_1	256B	BRIL		False	X-RAY DIFFRACTION	1.4		A	106	106	0	1.0	0.0	1.0	CYTOCHROME B562	E1_not_chimeric_single_uniprot;E8_target_modelled=0<80;E9_target_disorder=1.00>0.2
22EM_4	22EM	BRIL	P41145	False	ELECTRON MICROSCOPY	2.86	TERMINAL_N	F	624	0	284	1.0	1.0	0.0689	Soluble cytochrome b562,Kappa-type opioid receptor	E7_fusion_modelled=0<50;E9_fusion_disorder=1.00>0.2
1QQ3_1	1QQ3	BRIL		False	SOLUTION NMR			A	106	106	0	1.0	0.0	1.0	CYTOCHROME B562	E1_not_chimeric_single_uniprot;E2_method=SOLUTION NMR;E3_no_resolution;E8_target_modelled=0<80;E9_target_disorder=1.00>0.2
1QPU_1	1QPU	BRIL		False	SOLUTION NMR			A	106	106	0	1.0	0.0	1.0	CYTOCHROME B562	E1_not_chimeric_single_uniprot;E2_method=SOLUTION NMR;E3_no_resolution;E8_target_modelled=0<80;E9_target_disorder=1.00>0.2
1M6T_1	1M6T	BRIL		False	X-RAY DIFFRACTION	1.81		A	106	106	0	1.0	0.0	1.0	Soluble cytochrome b562	E1_not_chimeric_single_uniprot;E8_target_modelled=0<80;E9_target_disorder=1.00>0.2
1LM3_1	1LM3	BRIL		False	X-RAY DIFFRACTION	2.7		B	106	106	0	1.0	0.0	1.0	SOLUBLE CYTOCHROME B562	E1_not_chimeric_single_uniprot;E8_target_modelled=0<80;E9_target_disorder=1.00>0.2
1APC_1	1APC	BRIL		False	SOLUTION NMR			A	106	106	0	1.0	0.0	1.0	CYTOCHROME B562	E1_not_chimeric_single_uniprot;E2_method=SOLUTION NMR;E3_no_resolution;E8_target_modelled=0<80;E9_target_disorder=1.00>0.2
11TL_1	11TL	BRIL	P51679	False	ELECTRON MICROSCOPY	3.9	INTERNAL_INSERTION	R	475	95	278	0.9589	0.0952	0.2147	C-C chemokine receptor type 4,Soluble cytochrome b562	E3_resolution=3.90>3.5;E9_target_disorder=0.21>0.2
11TK_1	11TK	BRIL	P51679	False	ELECTRON MICROSCOPY	3.54	INTERNAL_INSERTION	R	475	95	278	0.9589	0.0952	0.2147	C-C chemokine receptor type 4,Soluble cytochrome b562	E3_resolution=3.54>3.5;E9_target_disorder=0.21>0.2
11TH_3	11TH	BRIL	P51679	True	ELECTRON MICROSCOPY	3.5	INTERNAL_INSERTION	R	475	95	285	0.9596	0.0952	0.1949	C-C chemokine receptor type 4,Soluble cytochrome b562	
11TF_1	11TF	BRIL	P51679	True	ELECTRON MICROSCOPY	3.4	INTERNAL_INSERTION	R	475	95	285	0.9596	0.0952	0.1949	C-C chemokine receptor type 4,Soluble cytochrome b562	
11TD_1	11TD	BRIL	P51679	False	ELECTRON MICROSCOPY	3.7	INTERNAL_INSERTION	R	475	95	285	0.9596	0.0952	0.1949	C-C chemokine receptor type 4,Soluble cytochrome b562	E3_resolution=3.70>3.5
3M4C_1	3M4C	BRIL		False	X-RAY DIFFRACTION	1.9		A	106	106	0	1.0	0.0	1.0	Soluble cytochrome b562	E1_not_chimeric_single_uniprot;E8_target_modelled=0<80;E9_target_disorder=1.00>0.2
4L6R_1	4L6R	BRIL	P47871	True	X-RAY DIFFRACTION	3.3	TERMINAL_N	A	425	106	292	1.0	0.0	0.0641	Soluble cytochrome b562 and Glucagon receptor chimera	
4NC3_1	4NC3	BRIL	P41595	False	X-RAY DIFFRACTION	2.8	INTERNAL_INSERTION	A	430	83	287	1.0	0.217	0.059	Chimera protein of human 5-hydroxytryptamine receptor 2B and E. Coli soluble cytochrome b562	E9_fusion_disorder=0.22>0.2
4N6H_1	4N6H	BRIL	P41143	True	X-RAY DIFFRACTION	1.8	TERMINAL_N	A	414	105	303	1.0	0.0094	0.0	Soluble cytochrome b562, Delta-type opioid receptor chimeric protein	
4JKV_1	4JKV	BRIL	Q99835	True	X-RAY DIFFRACTION	2.45	TERMINAL_N	A	475	105	346	0.9934	0.0	0.0546	Soluble cytochrome b562, Smoothened homolog	
4JEB_1	4JEB	BRIL		False	X-RAY DIFFRACTION	2.3		A	106	106	0	1.0	0.0	1.0	soluble cytochrome b562	E1_not_chimeric_single_uniprot;E8_target_modelled=0<80;E9_target_disorder=1.00>0.2
4JEA_1	4JEA	BRIL		False	X-RAY DIFFRACTION	1.22		A	106	106	0	1.0	0.0	1.0	soluble cytochrome b562	E1_not_chimeric_single_uniprot;E8_target_modelled=0<80;E9_target_disorder=1.00>0.2
4JE9_1	4JE9	BRIL		False	X-RAY DIFFRACTION	2.12		A	106	106	0	1.0	0.0	1.0	Soluble cytochrome b562	E1_not_chimeric_single_uniprot;E8_target_modelled=0<80;E9_target_disorder=1.00>0.2
4IB4_1	4IB4	BRIL	P41595	True	X-RAY DIFFRACTION	2.7	INTERNAL_INSERTION	A	430	90	285	1.0	0.1509	0.0656	Chimera protein of human 5-hydroxytryptamine receptor 2B and E. Coli soluble cytochrome b562	
4IAR_1	4IAR	BRIL	P28222	True	X-RAY DIFFRACTION	2.7	INTERNAL_INSERTION	A	401	106	273	1.0	0.0	0.0651	Chimera protein of human 5-hydroxytryptamine receptor 1B and E. Coli soluble cytochrome b562	
4IAQ_1	4IAQ	BRIL	P28222	True	X-RAY DIFFRACTION	2.8	INTERNAL_INSERTION	A	403	94	273	1.0	0.1132	0.0714	Chimera protein of human 5-hydroxytryptamine receptor 1B and E. Coli soluble cytochrome b562	
4EIY_1	4EIY	BRIL	P29274	True	X-RAY DIFFRACTION	1.8	INTERNAL_INSERTION	A	447	91	296	0.9923	0.1415	0.0295	Adenosine receptor A2a/Soluble cytochrome b562 chimera	
4EA3_1	4EA3	BRIL	P41146	False	X-RAY DIFFRACTION	3.013	TERMINAL_N	A	434	0	278	1.0	1.0	0.064	Fusion protein of Nociceptin receptor and cytochrome b562	E7_fusion_modelled=0<50;E9_fusion_disorder=1.00>0.2
3U8P_1	3U8P	BRIL	P42212	True	X-RAY DIFFRACTION	2.75	INTERNAL_INSERTION	A	347	106	226	0.9852	0.0	0.0342	Cytochrome b562 integral fusion with enhanced green fluorescent protein	
3TOM_1	3TOM	BRIL		False	X-RAY DIFFRACTION	2.3		A	106	106	0	1.0	0.0	1.0	Soluble cytochrome b562	E1_not_chimeric_single_uniprot;E8_target_modelled=0<80;E9_target_disorder=1.00>0.2
3TOL_1	3TOL	BRIL		False	X-RAY DIFFRACTION	2.0		A	106	106	0	1.0	0.0	1.0	Soluble cytochrome b562	E1_not_chimeric_single_uniprot;E8_target_modelled=0<80;E9_target_disorder=1.00>0.2
3NMK_1	3NMK	BRIL		False	X-RAY DIFFRACTION	2.8		A	106	106	0	1.0	0.0	1.0	Soluble cytochrome b562	E1_not_chimeric_single_uniprot;E8_target_modelled=0<80;E9_target_disorder=1.00>0.2
3NMJ_1	3NMJ	BRIL		False	X-RAY DIFFRACTION	3.1		A	106	106	0	1.0	0.0	1.0	Soluble cytochrome b562	E1_not_chimeric_single_uniprot;E8_target_modelled=0<80;E9_target_disorder=1.00>0.2
3NMI_1	3NMI	BRIL		False	X-RAY DIFFRACTION	2.01		A	106	106	0	1.0	0.0	1.0	Soluble cytochrome b562	E1_not_chimeric_single_uniprot;E8_target_modelled=0<80;E9_target_disorder=1.00>0.2
3M79_1	3M79	BRIL		False	X-RAY DIFFRACTION	2.1		A	106	106	0	1.0	0.0	1.0	Soluble cytochrome b562	E1_not_chimeric_single_uniprot;E8_target_modelled=0<80;E9_target_disorder=1.00>0.2
3M4B_1	3M4B	BRIL		False	X-RAY DIFFRACTION	2.5		A	106	106	0	1.0	0.0	1.0	Soluble cytochrome b562	E1_not_chimeric_single_uniprot;E8_target_modelled=0<80;E9_target_disorder=1.00>0.2
3M15_1	3M15	BRIL		False	X-RAY DIFFRACTION	2.6		A	106	106	0	1.0	0.0	1.0	Soluble cytochrome b562	E1_not_chimeric_single_uniprot;E8_target_modelled=0<80;E9_target_disorder=1.00>0.2
3L1M_1	3L1M	BRIL		False	X-RAY DIFFRACTION	2.3		A	106	106	0	1.0	0.0	1.0	Soluble cytochrome b562	E1_not_chimeric_single_uniprot;E8_target_modelled=0<80;E9_target_disorder=1.00>0.2
3IQ6_1	3IQ6	BRIL		False	X-RAY DIFFRACTION	2.35		A	106	106	0	1.0	0.0	1.0	Soluble cytochrome b562	E1_not_chimeric_single_uniprot;E8_target_modelled=0<80;E9_target_disorder=1.00>0.2
3IQ5_1	3IQ5	BRIL		False	X-RAY DIFFRACTION	2.05		A	106	106	0	1.0	0.0	1.0	Soluble cytochrome b562	E1_not_chimeric_single_uniprot;E8_target_modelled=0<80;E9_target_disorder=1.00>0.2
4YAY_1	4YAY	BRIL	P30556	True	X-RAY DIFFRACTION	2.9	TERMINAL_N	A	414	104	285	0.9898	0.0095	0.0656	Soluble cytochrome b562,Type-1 angiotensin II receptor	
5IUB_1	5IUB	BRIL	P29274	True	X-RAY DIFFRACTION	2.1	INTERNAL_INSERTION	A	433	90	294	0.9897	0.1429	0.0329	Adenosine receptor A2a,Soluble cytochrome b562,Adenosine receptor A2a	
5IUA_1	5IUA	BRIL	P29274	True	X-RAY DIFFRACTION	2.2	INTERNAL_INSERTION	A	433	90	295	0.9923	0.1509	0.0296	Adenosine receptor A2a,Soluble cytochrome b562,Adenosine receptor A2a	
5IU8_1	5IU8	BRIL	P29274	True	X-RAY DIFFRACTION	2.002	INTERNAL_INSERTION	A	433	90	294	0.9922	0.1509	0.0329	Adenosine receptor A2a,Soluble cytochrome b562,Adenosine receptor A2a	
5IU7_1	5IU7	BRIL	P29274	True	X-RAY DIFFRACTION	1.9	INTERNAL_INSERTION	A	433	90	296	0.9847	0.1429	0.0263	Adenosine receptor A2a,Soluble cytochrome b562,Adenosine receptor A2a	
5IU4_1	5IU4	BRIL	P29274	True	X-RAY DIFFRACTION	1.72	INTERNAL_INSERTION	A	433	90	294	0.9897	0.1429	0.0423	Adenosine receptor A2a,Soluble cytochrome b562,Adenosine receptor A2a	
5DHH_1	5DHH	BRIL	P41146	False	X-RAY DIFFRACTION	3.004	TERMINAL_N	A	424	0	282	1.0	1.0	0.0505	Soluble cytochrome b562,Nociceptin receptor	E7_fusion_modelled=0<50;E9_fusion_disorder=1.00>0.2
5DHG_1	5DHG	BRIL	P41146	False	X-RAY DIFFRACTION	3.0	TERMINAL_N	A	424	0	281	1.0	1.0	0.0539	Soluble cytochrome b562,Nociceptin receptor	E7_fusion_modelled=0<50;E9_fusion_disorder=1.00>0.2
5BU7_1	5BU7	BRIL		False	X-RAY DIFFRACTION	2.46		A	106	106	0	1.0	0.0	1.0	Soluble cytochrome b562	E1_not_chimeric_single_uniprot;E8_target_modelled=0<80;E9_target_disorder=1.00>0.2
5AWI_1	5AWI	BRIL		False	X-RAY DIFFRACTION	1.85		A	106	106	0	1.0	0.0	1.0	Soluble cytochrome b562	E1_not_chimeric_single_uniprot;E8_target_modelled=0<80;E9_target_disorder=1.00>0.2
4ZUD_1	4ZUD	BRIL	P30556	True	X-RAY DIFFRACTION	2.8	TERMINAL_N	A	410	105	268	0.992	0.0094	0.1096	Chimera protein of Soluble cytochrome b562 and Type-1 angiotensin II receptor	
4Z36_1	4Z36	BRIL	Q92633	True	X-RAY DIFFRACTION	2.9	INTERNAL_INSERTION	A	459	90	289	0.9921	0.0217	0.0677	Lysophosphatidic acid receptor 1,Soluble cytochrome b562	
4Z35_1	4Z35	BRIL	Q92633	True	X-RAY DIFFRACTION	2.9	INTERNAL_INSERTION	A	464	90	289	0.9921	0.0722	0.0677	Lysophosphatidic acid receptor 1,Soluble cytochrome b562	
4Z34_1	4Z34	BRIL	Q92633	True	X-RAY DIFFRACTION	3.0	INTERNAL_INSERTION	A	464	90	292	0.9922	0.0722	0.0581	Lysophosphatidic acid receptor 1, Soluble cytochrome b562	
4U9E_1	4U9E	BRIL		False	X-RAY DIFFRACTION	2.8		A	106	91	0	1.0	0.1415	1.0	Soluble cytochrome b562	E1_not_chimeric_single_uniprot;E8_target_modelled=0<80;E9_target_disorder=1.00>0.2
4U9D_1	4U9D	BRIL		False	X-RAY DIFFRACTION	2.5		A	106	106	0	1.0	0.0	1.0	Soluble cytochrome b562	E1_not_chimeric_single_uniprot;E8_target_modelled=0<80;E9_target_disorder=1.00>0.2
4RWD_1	4RWD	BRIL	P41143	True	X-RAY DIFFRACTION	2.7	TERMINAL_N	A	411	106	295	1.0	0.0	0.0167	Soluble cytochrome b562,Delta-type opioid receptor	
4RWA_1	4RWA	BRIL	P41143	True	X-RAY DIFFRACTION	3.28	TERMINAL_N	A	411	105	286	1.0	0.0094	0.0467	Soluble cytochrome b562,Delta-type opioid receptor	
4QIN_1	4QIN	BRIL	Q99835	True	X-RAY DIFFRACTION	2.6	INTERNAL_INSERTION	A	468	106	341	1.0	0.0	0.0501	Smoothened homolog/Soluble cytochrome b562 chimeric protein	
4QIM_1	4QIM	BRIL	Q99835	True	X-RAY DIFFRACTION	2.61	INTERNAL_INSERTION	A	468	106	351	1.0	0.0	0.0223	Smoothened homolog/Soluble cytochrome b562 chimeric protein	
4PY0_1	4PY0	BRIL	Q9H244	True	X-RAY DIFFRACTION	3.1	INTERNAL_INSERTION	A	466	106	283	1.0	0.0	0.1701	P2Y purinoceptor 12, Soluble cytochrome b562	
4PXZ_1	4PXZ	BRIL	Q9H244	True	X-RAY DIFFRACTION	2.5	INTERNAL_INSERTION	A	466	106	286	1.0	0.0	0.1613	P2Y purinoceptor 12, Soluble cytochrome b562	
4OR2_1	4OR2	BRIL	Q13255	True	X-RAY DIFFRACTION	2.8	TERMINAL_N	A	389	105	255	1.0	0.0094	0.0893	Soluble cytochrome b562, Metabotropic glutamate receptor 1	
4O9R_1	4O9R	BRIL	Q99835	True	X-RAY DIFFRACTION	3.204	INTERNAL_INSERTION	A	468	106	335	1.0	0.0	0.0669	Smoothened homolog/Soluble cytochrome b562 chimeric protein	
4NTJ_1	4NTJ	BRIL	Q9H244	True	X-RAY DIFFRACTION	2.62	INTERNAL_INSERTION	A	466	96	273	1.0	0.0943	0.1994	P2Y purinoceptor 12,Soluble cytochrome b562,P2Y purinoceptor 12	
5L31_1	5L31	BRIL		False	X-RAY DIFFRACTION	2.4		A	106	106	0	1.0	0.0	1.0	Soluble cytochrome b562	E1_not_chimeric_single_uniprot;E8_target_modelled=0<80;E9_target_disorder=1.00>0.2
5L7D_1	5L7D	BRIL	Q99835	True	X-RAY DIFFRACTION	3.2	INTERNAL_INSERTION	A	638	97	478	0.9779	0.0762	0.0627	Smoothened homolog,Soluble cytochrome b562,Smoothened homolog	
5L7I_1	5L7I	BRIL	Q99835	True	X-RAY DIFFRACTION	3.3	INTERNAL_INSERTION	A	638	89	462	0.977	0.1524	0.0941	Smoothened homolog,Soluble cytochrome b562,Smoothened homolog	
5NLX_1	5NLX	BRIL	P29274	True	X-RAY DIFFRACTION	2.14	INTERNAL_INSERTION	A	433	86	293	0.9921	0.181	0.0425	Adenosine receptor A2a,Soluble cytochrome b562,Adenosine receptor A2a	
5OLG_1	5OLG	BRIL	P29274	True	X-RAY DIFFRACTION	1.87	INTERNAL_INSERTION	A	434	92	294	0.9897	0.1238	0.0392	Adenosine receptor A2a,Soluble cytochrome b562,Adenosine receptor A2a	
5OLZ_1	5OLZ	BRIL	P29274	True	X-RAY DIFFRACTION	1.9	INTERNAL_INSERTION	A	434	90	294	0.9922	0.1509	0.0392	Adenosine receptor A2a,Soluble cytochrome b562,Adenosine receptor A2a	
5OLV_1	5OLV	BRIL	P29274	True	X-RAY DIFFRACTION	1.998	INTERNAL_INSERTION	A	434	91	294	0.9923	0.1415	0.0392	Adenosine receptor A2a,Soluble cytochrome b562,Adenosine receptor A2a	
5OLO_1	5OLO	BRIL	P29274	True	X-RAY DIFFRACTION	3.1	INTERNAL_INSERTION	A	434	87	294	0.9896	0.1714	0.0423	Adenosine receptor A2a,Soluble cytochrome b562,Adenosine receptor A2a	
5OLH_1	5OLH	BRIL	P29274	True	X-RAY DIFFRACTION	2.6	INTERNAL_INSERTION	A	434	93	294	0.9923	0.1226	0.0392	Adenosine receptor A2a,Soluble cytochrome b562,Adenosine receptor A2a	
5NM4_1	5NM4	BRIL	P29274	True	X-RAY DIFFRACTION	1.7	INTERNAL_INSERTION	A	433	86	293	0.9921	0.181	0.0425	Adenosine receptor A2a,Soluble cytochrome b562,Adenosine receptor A2a	
5NM2_1	5NM2	BRIL	P29274	True	X-RAY DIFFRACTION	1.948	INTERNAL_INSERTION	A	433	90	294	0.9897	0.1429	0.0392	Adenosine receptor A2a,Soluble cytochrome b562,Adenosine receptor A2a	
5NJ6_1	5NJ6	BRIL	P55085	False	X-RAY DIFFRACTION	4.0	INTERNAL_INSERTION	A	437	105	295	0.9975	0.0	0.0694	Proteinase-activated receptor 2,Soluble cytochrome b562,Proteinase-activated receptor 2	E3_resolution=4.00>3.5
5NDZ_1	5NDZ	BRIL		False	X-RAY DIFFRACTION	3.6		A	619	105	0	0.1888	0.0	1.0	Lysozyme,Proteinase-activated receptor 2,Soluble cytochrome b562,Proteinase-activated receptor 2	E1_multi_uniprot_n=3;E3_resolution=3.60>3.5;E6_align_coverage=0.19<0.8;E8_target_modelled=0<80;E9_target_disorder=1.00>0.2
5NDD_1	5NDD	BRIL		False	X-RAY DIFFRACTION	2.801		A	619	105	0	0.1852	0.0	1.0	Lysozyme,Proteinase-activated receptor 2,Soluble cytochrome b562,Proteinase-activated receptor 2	E1_multi_uniprot_n=3;E6_align_coverage=0.19<0.8;E8_target_modelled=0<80;E9_target_disorder=1.00>0.2
5N2S_1	5N2S	BRIL	P30542	True	X-RAY DIFFRACTION	3.303	TERMINAL_N	A	436	103	280	1.0	0.0283	0.1054	Soluble cytochrome b562,Adenosine receptor A1	
5N2R_1	5N2R	BRIL	P29274	True	X-RAY DIFFRACTION	2.8	INTERNAL_INSERTION	A	433	90	294	0.9897	0.1429	0.0423	Adenosine receptor A2a,Soluble cytochrome b562,ADENOSINE RECEPTOR A2A SOLUBLE CYTOCHROME B562 ADENOSINE RECEPTOR A2A,Adenosine receptor A2a	
5MZP_1	5MZP	BRIL	P29274	True	X-RAY DIFFRACTION	2.1	INTERNAL_INSERTION	A	433	93	294	0.9949	0.1226	0.0392	Adenosine receptor A2a,Soluble cytochrome b562,Adenosine receptor A2a	
5MZJ_1	5MZJ	BRIL	P29274	True	X-RAY DIFFRACTION	2.0	INTERNAL_INSERTION	A	434	90	294	0.9948	0.1509	0.0423	Adenosine receptor A2a,Soluble cytochrome b562,Adenosine receptor A2a	
5L32_1	5L32	BRIL		False	X-RAY DIFFRACTION	2.1		A	106	106	0	1.0	0.0	1.0	Soluble cytochrome b562	E1_not_chimeric_single_uniprot;E8_target_modelled=0<80;E9_target_disorder=1.00>0.2
5L31_2	5L31	BRIL		False	X-RAY DIFFRACTION	2.4		B	106	106	0	1.0	0.0	1.0	Soluble cytochrome b562	E1_not_chimeric_single_uniprot;E8_target_modelled=0<80;E9_target_disorder=1.00>0.2
5K2D_1	5K2D	BRIL	P29274	True	X-RAY DIFFRACTION	1.9	INTERNAL_INSERTION	A	447	94	297	0.9899	0.1132	0.0262	Adenosine receptor A2a/Soluble cytochrome b562 chimera	
5K2C_1	5K2C	BRIL	P29274	True	X-RAY DIFFRACTION	1.9	INTERNAL_INSERTION	A	447	95	297	0.9899	0.1038	0.0262	Adenosine receptor A2a/Soluble cytochrome b562 chimera	
5K2B_1	5K2B	BRIL	P29274	True	X-RAY DIFFRACTION	2.5	INTERNAL_INSERTION	A	447	93	297	0.9898	0.1226	0.0262	Adenosine receptor A2a/Soluble cytochrome b562 chimera	
5K2A_1	5K2A	BRIL	P29274	True	X-RAY DIFFRACTION	2.5	INTERNAL_INSERTION	A	447	97	297	0.9899	0.0849	0.0262	Adenosine receptor A2a/Soluble cytochrome b562 chimera	
5JTB_1	5JTB	BRIL	P29274	True	X-RAY DIFFRACTION	2.8	INTERNAL_INSERTION	A	447	89	296	0.9923	0.1604	0.0295	Adenosine receptor A2a,Soluble cytochrome b562,Adenosine receptor A2a	
5ZKB_1	5ZKB	BRIL	P08172	True	X-RAY DIFFRACTION	2.95	INTERNAL_INSERTION	A	421	99	281	0.9974	0.0571	0.057	Muscarinic acetylcholine receptor M2,Apo-cytochrome b562,Muscarinic acetylcholine receptor M2	
5ZK8_1	5ZK8	BRIL	P08172	True	X-RAY DIFFRACTION	3.0	INTERNAL_INSERTION	A	421	95	273	0.9973	0.0952	0.0839	Muscarinic acetylcholine receptor M2,Redesigned apo-cytochrome b562,Muscarinic acetylcholine receptor M2	
5ZK3_1	5ZK3	BRIL	P08172	True	X-RAY DIFFRACTION	2.6	INTERNAL_INSERTION	A	421	105	274	0.9974	0.0	0.0805	Muscarinic acetylcholine receptor M2,Apo-cytochrome b562,Muscarinic acetylcholine receptor M2	
5YO6_1	5YO6	BRIL		False	X-RAY DIFFRACTION	1.204		A	106	106	0	1.0	0.0	1.0	Soluble cytochrome b562	E1_not_chimeric_single_uniprot;E8_target_modelled=0<80;E9_target_disorder=1.00>0.2
5YO5_1	5YO5	BRIL		False	X-RAY DIFFRACTION	2.2		A	107	106	0	0.9907	0.0	1.0	Soluble cytochrome b562	E1_not_chimeric_single_uniprot;E8_target_modelled=0<80;E9_target_disorder=1.00>0.2
5YO4_1	5YO4	BRIL		False	X-RAY DIFFRACTION	1.37		A	106	106	0	1.0	0.0	1.0	Soluble cytochrome b562	E1_not_chimeric_single_uniprot;E8_target_modelled=0<80;E9_target_disorder=1.00>0.2
5YO3_1	5YO3	BRIL		False	X-RAY DIFFRACTION	1.7		A	107	106	0	0.9907	0.0	1.0	Soluble cytochrome b562	E1_not_chimeric_single_uniprot;E8_target_modelled=0<80;E9_target_disorder=1.00>0.2
5YM7_1	5YM7	BRIL		False	X-RAY DIFFRACTION	1.56225177343		A	106	106	0	1.0	0.0	1.0	Soluble cytochrome b562	E1_not_chimeric_single_uniprot;E8_target_modelled=0<80;E9_target_disorder=1.00>0.2
5YC8_1	5YC8	BRIL	P08172	True	X-RAY DIFFRACTION	2.5	INTERNAL_INSERTION	A	421	105	278	0.9974	0.0	0.0671	Muscarinic acetylcholine receptor M2,Redesigned apo-cytochrome b562,Muscarinic acetylcholine receptor M2	
5XZJ_1	5XZJ	BRIL		False	X-RAY DIFFRACTION	1.98		A	106	106	0	1.0	0.0	1.0	Soluble cytochrome b562	E1_not_chimeric_single_uniprot;E8_target_modelled=0<80;E9_target_disorder=1.00>0.2
5XZI_1	5XZI	BRIL		False	X-RAY DIFFRACTION	2.65		A	106	106	0	1.0	0.0	1.0	Soluble cytochrome b562	E1_not_chimeric_single_uniprot;E8_target_modelled=0<80;E9_target_disorder=1.00>0.2
5XJM_1	5XJM	BRIL	P50052	True	X-RAY DIFFRACTION	3.2	INTERNAL_INSERTION	A	422	92	283	1.0	0.1321	0.0841	Type-2 angiotensin II receptor,Soluble cytochrome b562,Type-2 angiotensin II receptor	
5WIV_1	5WIV	BRIL	P21917	True	X-RAY DIFFRACTION	2.143	INTERNAL_INSERTION	A	422	105	274	1.0	0.0	0.1246	D(4) dopamine receptor, soluble cytochrome b562 chimera	
5WIU_1	5WIU	BRIL	P21917	True	X-RAY DIFFRACTION	1.962	INTERNAL_INSERTION	A	422	103	270	1.0	0.019	0.1374	D(4) dopamine receptor, soluble cytochrome b562 chimera	
5VRA_1	5VRA	BRIL	P29274	True	X-RAY DIFFRACTION	2.35	INTERNAL_INSERTION	A	447	91	296	0.9923	0.1415	0.0295	Adenosine receptor A2a,Soluble cytochrome b562 chimera	
5UVI_1	5UVI	BRIL	P29274	True	X-RAY DIFFRACTION	3.2	INTERNAL_INSERTION	A	447	90	297	0.9898	0.1509	0.0262	Adenosine receptor A2a,Soluble cytochrome b562,Adenosine receptor A2a	
5UNH_1	5UNH	BRIL	P50052	True	X-RAY DIFFRACTION	2.9	TERMINAL_N	A	411	106	279	1.0	0.0	0.0731	Soluble cytochrome b562,Type-2 angiotensin II receptor	
5UNG_1	5UNG	BRIL	P50052	True	X-RAY DIFFRACTION	2.8	TERMINAL_N	B	411	106	300	0.9902	0.0	0.0033	Chimera protein of Type-2 angiotensin II receptor and Soluble cytochrome b562	
5UNF_1	5UNF	BRIL	P50052	True	X-RAY DIFFRACTION	2.8	TERMINAL_N	A	411	100	286	1.0	0.0566	0.0498	Chimera protein of Type-2 angiotensin II receptor and Soluble cytochrome b562	
5UIG_1	5UIG	BRIL	P29274	True	X-RAY DIFFRACTION	3.5	INTERNAL_INSERTION	A	444	99	288	1.0	0.066	0.0588	Adenosine receptor A2a,Soluble cytochrome b562,Adenosine receptor A2a	
5UEN_1	5UEN	BRIL	P30542	False	X-RAY DIFFRACTION	3.2	INTERNAL_INSERTION	A	416	78	292	0.9635	0.2571	0.0068	Adenosine receptor A1,Soluble cytochrome b562,Adenosine receptor A1	E9_fusion_disorder=0.26>0.2
5TVN_1	5TVN	BRIL	P41595	True	X-RAY DIFFRACTION	2.9	INTERNAL_INSERTION	A	402	99	294	1.0	0.0571	0.0101	Chimera protein of human 5-hydroxytryptamine receptor 2B and E. Coli soluble cytochrome b562	
5TUD_1	5TUD	BRIL	P41595	True	X-RAY DIFFRACTION	3.0	INTERNAL_INSERTION	A	457	94	279	1.0	0.1132	0.0852	5-hydroxytryptamine receptor 2B,Soluble cytochrome b562 chimera	
5OM4_1	5OM4	BRIL	P29274	True	X-RAY DIFFRACTION	2.0	INTERNAL_INSERTION	A	434	90	296	0.9923	0.1509	0.0327	Adenosine receptor A2a,Soluble cytochrome b562,Adenosine receptor A2a	
5OM1_1	5OM1	BRIL	P29274	True	X-RAY DIFFRACTION	2.1	INTERNAL_INSERTION	A	434	90	294	0.9897	0.1509	0.0392	Adenosine receptor A2a,Soluble cytochrome b562,Adenosine receptor A2a	
6A93_1	6A93	BRIL	P28223	True	X-RAY DIFFRACTION	3.0	INTERNAL_INSERTION	A	376	81	283	0.9838	0.0	0.0139	5-hydroxytryptamine receptor 2A,Soluble cytochrome b562	
6A94_1	6A94	BRIL	P28223	True	X-RAY DIFFRACTION	2.9	INTERNAL_INSERTION	A	376	81	283	0.9838	0.0	0.0139	5-hydroxytryptamine receptor 2A,Soluble cytochrome b562	
6DYB_1	6DYB	BRIL		False	X-RAY DIFFRACTION	2.75		A	106	106	0	1.0	0.0	1.0	Soluble cytochrome b562	E1_not_chimeric_single_uniprot;E8_target_modelled=0<80;E9_target_disorder=1.00>0.2
6DY8_1	6DY8	BRIL		False	X-RAY DIFFRACTION	1.9		A	106	106	0	1.0	0.0	1.0	Soluble cytochrome b562	E1_not_chimeric_single_uniprot;E8_target_modelled=0<80;E9_target_disorder=1.00>0.2
6DY6_1	6DY6	BRIL		False	X-RAY DIFFRACTION	1.8		A	106	106	0	1.0	0.0	1.0	Soluble cytochrome b562	E1_not_chimeric_single_uniprot;E8_target_modelled=0<80;E9_target_disorder=1.00>0.2
6DY4_1	6DY4	BRIL		False	X-RAY DIFFRACTION	1.9		A	106	106	0	1.0	0.0	1.0	Soluble cytochrome b562	E1_not_chimeric_single_uniprot;E8_target_modelled=0<80;E9_target_disorder=1.00>0.2
6DS0_1	6DS0	BRIL	P41595	True	X-RAY DIFFRACTION	3.188	INTERNAL_INSERTION	A	410	85	283	1.0	0.1981	0.0691	5HT2B receptor, BRIL chimera	
6DRZ_1	6DRZ	BRIL	P41595	True	X-RAY DIFFRACTION	3.102	INTERNAL_INSERTION	A	411	88	295	0.9871	0.1287	0.0328	5HT2B receptor, BRIL chimera	
6DRY_1	6DRY	BRIL	P41595	True	X-RAY DIFFRACTION	2.918	INTERNAL_INSERTION	A	411	95	290	0.9872	0.0594	0.0492	5HT2B receptor, BRIL chimera	
6DRX_1	6DRX	BRIL	P41595	False	X-RAY DIFFRACTION	3.1	INTERNAL_INSERTION	A	410	77	286	0.9864	0.2376	0.0592	5HT2B receptor, BRIL chimera	E9_fusion_disorder=0.24>0.2
6DO1_1	6DO1	BRIL	P30556	False	X-RAY DIFFRACTION	2.901	INTERNAL_INSERTION	A	425	5	299	1.0	0.9495	0.0597	Type-1 angiotensin II receptor,Soluble cytochrome b562 BRIL fusion protein	E7_fusion_modelled=5<50;E9_fusion_disorder=0.95>0.2
6DHZ_1	6DHZ	BRIL		False	X-RAY DIFFRACTION	2.8		A	106	106	0	1.0	0.0	1.0	Soluble cytochrome b562	E1_not_chimeric_single_uniprot;E8_target_modelled=0<80;E9_target_disorder=1.00>0.2
6DHY_1	6DHY	BRIL		False	X-RAY DIFFRACTION	2.22		A	106	106	0	1.0	0.0	1.0	Soluble cytochrome b562	E1_not_chimeric_single_uniprot;E8_target_modelled=0<80;E9_target_disorder=1.00>0.2
6CMO_1	6CMO	BRIL	P08100	False	ELECTRON MICROSCOPY	4.5	TERMINAL_N	R	463	0	321	0.9938	1.0	0.0	chimera protein of Soluble cytochrome b562 and Rhodopsin	E3_resolution=4.50>3.5;E7_fusion_modelled=0<50;E9_fusion_disorder=1.00>0.2
6CC4_1	6CC4	BRIL	P0AF16	True	X-RAY DIFFRACTION	3.5	TERMINAL_N	A	614	104	504	1.0	0.0095	0.0079	soluble cytochrome b562, lipid II flippase MurJ chimera	
6CBV_3	6CBV	BRIL		False	X-RAY DIFFRACTION	1.872		B	106	103	0	1.0	0.0283	1.0	BRIL	E1_not_chimeric_single_uniprot;E8_target_modelled=0<80;E9_target_disorder=1.00>0.2
6C1R_1	6C1R	BRIL	P21730	False	X-RAY DIFFRACTION	2.2	TERMINAL_N	B	422	81	290	1.0	0.2358	0.0397	Soluble cytochrome b562, C5a anaphylatoxin chemotactic receptor 1 chimera	E9_fusion_disorder=0.24>0.2
6C1Q_1	6C1Q	BRIL	P21730	True	X-RAY DIFFRACTION	2.9	TERMINAL_N	B	422	90	284	1.0	0.1509	0.0596	Soluble cytochrome b562, C5a anaphylatoxin chemotactic receptor 1 chimera	
6BQH_1	6BQH	BRIL	P28335	False	X-RAY DIFFRACTION	2.7	INTERNAL_INSERTION	A	452	64	287	1.0	0.3962	0.0401	5-hydroxytryptamine receptor 2C,Soluble cytochrome b562	E9_fusion_disorder=0.40>0.2
6BQG_1	6BQG	BRIL	P28335	True	X-RAY DIFFRACTION	3.0	INTERNAL_INSERTION	A	452	92	286	1.0	0.1321	0.0435	5-hydroxytryptamine receptor 2C,Soluble cytochrome b562	
6B73_1	6B73	BRIL	P41145	False	X-RAY DIFFRACTION	3.1	TERMINAL_N	A	418	1	278	0.9929	0.9906	0.0885	Soluble cytochrome b562, kappa-type opioid receptor	E7_fusion_modelled=1<50;E9_fusion_disorder=0.99>0.2
6AQF_1	6AQF	BRIL	P29274	True	X-RAY DIFFRACTION	2.51	INTERNAL_INSERTION	A	432	91	295	0.9897	0.1415	0.0328	Adenosine receptor A2a,Soluble cytochrome b562,Adenosine receptor A2a	
6AK3_1	6AK3	BRIL	P43115	False	X-RAY DIFFRACTION	2.9	TERMINAL_C	A	418	5	266	0.9963	0.9398	0.1609	Prostaglandin E2 receptor EP3 subtype,Soluble cytochrome b562	E7_fusion_modelled=5<50;E9_fusion_disorder=0.94>0.2
6AI5_1	6AI5	BRIL		False	X-RAY DIFFRACTION	1.81		A	106	106	0	1.0	0.0	1.0	Soluble cytochrome b562	E1_not_chimeric_single_uniprot;E8_target_modelled=0<80;E9_target_disorder=1.00>0.2
5ZKC_1	5ZKC	BRIL	P08172	True	X-RAY DIFFRACTION	2.3	INTERNAL_INSERTION	A	421	105	278	0.9974	0.0	0.0671	Muscarinic acetylcholine receptor M2,Apo-cytochrome b562,Muscarinic acetylcholine receptor M2	
6ME6_1	6ME6	BRIL		False	X-RAY DIFFRACTION	2.8		A	460	106	0	0.2366	0.0	1.0	Soluble cytochrome b562,Melatonin receptor type 1B,Rubredoxin	E1_multi_uniprot_n=3;E6_align_coverage=0.24<0.8;E8_target_modelled=0<80;E9_target_disorder=1.00>0.2
6M98_1	6M98	BRIL	C0HAK2	True	X-RAY DIFFRACTION	3.21	INTERNAL_INSERTION	A	234	93	111	1.0	0.1143	0.075	Chimera protein of High affinity copper uptake protein 1 and Soluble cytochrome b562	
6M97_1	6M97	BRIL	C0HAK2	True	X-RAY DIFFRACTION	3.03	INTERNAL_INSERTION	A	234	93	115	1.0	0.1226	0.0336	Chimera protein of High affinity copper uptake protein 1 and Soluble cytochrome b562	
6LW5_1	6LW5	BRIL	P25090	True	X-RAY DIFFRACTION	2.8	TERMINAL_N	A	427	106	320	0.9977	0.0	0.0	Soluble cytochrome b562,N-formyl peptide receptor 2	
6LPL_1	6LPL	BRIL	P29274	True	X-RAY DIFFRACTION	2.0	INTERNAL_INSERTION	A	447	91	296	0.9923	0.1415	0.0295	Adenosine receptor A2a,Soluble cytochrome b562,Adenosine receptor A2a	
6LPK_1	6LPK	BRIL	P29274	True	X-RAY DIFFRACTION	1.8	INTERNAL_INSERTION	A	447	91	296	0.9923	0.1415	0.0295	Adenosine receptor A2a,Soluble cytochrome b562,Adenosine receptor A2a	
6LPJ_1	6LPJ	BRIL	P29274	True	X-RAY DIFFRACTION	1.8	INTERNAL_INSERTION	A	447	91	296	0.9923	0.1415	0.0295	Adenosine receptor A2a,Soluble cytochrome b562,Adenosine receptor A2a	
6KO5_1	6KO5	BRIL	Q92847	True	X-RAY DIFFRACTION	3.3	TERMINAL_N	A	424	105	293	1.0	0.0094	0.0786	Chimera of Soluble cytochrome b562 and Growth hormone secretagogue receptor type 1	
6JZH_1	6JZH	BRIL	P29274	True	X-RAY DIFFRACTION	2.25	INTERNAL_INSERTION	A	447	90	297	0.9923	0.1509	0.0262	Adenosine receptor A2a,Soluble cytochrome b562,Adenosine receptor A2a	
6JOD_3	6JOD	BRIL		False	X-RAY DIFFRACTION	3.2		C	86	59	0	1.0	0.2625	1.0	Soluble cytochrome b562,Soluble cytochrome b562	E1_not_chimeric_single_uniprot;E8_target_modelled=0<80;E9_fusion_disorder=0.26>0.2;E9_target_disorder=1.00>0.2
6IQL_1	6IQL	BRIL	P51436	True	X-RAY DIFFRACTION	3.5	INTERNAL_INSERTION	A	396	89	251	0.9971	0.1442	0.1068	D(4) dopamine receptor,Soluble cytochrome b562,D(4) dopamine receptor	
6IIV_1	6IIV	BRIL		False	X-RAY DIFFRACTION	3.0		A	484	106	0	0.2299	0.0	1.0	Soluble cytochrome b562,Thromboxane A2 receptor,Rubredoxin,Thromboxane A2 receptor	E1_multi_uniprot_n=3;E6_align_coverage=0.23<0.8;E8_target_modelled=0<80;E9_target_disorder=1.00>0.2
6IIU_1	6IIU	BRIL		False	X-RAY DIFFRACTION	2.5		A	484	106	0	0.2304	0.0	1.0	Soluble cytochrome b562,Thromboxane A2 receptor,Rubredoxin,Thromboxane A2 receptor	E1_multi_uniprot_n=3;E6_align_coverage=0.23<0.8;E8_target_modelled=0<80;E9_target_disorder=1.00>0.2
6GT3_1	6GT3	BRIL	P29274	True	X-RAY DIFFRACTION	2.0	INTERNAL_INSERTION	A	433	90	294	0.9897	0.1429	0.0392	Adenosine receptor A2a,Soluble cytochrome b562,Adenosine receptor A2a	
6G7O_1	6G7O	BRIL	Q9NUN7	True	X-RAY DIFFRACTION	2.7	TERMINAL_C	A	350	105	243	0.9943	0.0	0.0	Alkaline ceramidase 3,Soluble cytochrome b562	
6DYL_1	6DYL	BRIL		False	X-RAY DIFFRACTION	1.691		A	106	106	0	1.0	0.0	1.0	Soluble cytochrome b562	E1_not_chimeric_single_uniprot;E8_target_modelled=0<80;E9_target_disorder=1.00>0.2
6DYK_1	6DYK	BRIL		False	X-RAY DIFFRACTION	1.955		A	106	106	0	1.0	0.0	1.0	Soluble cytochrome b562	E1_not_chimeric_single_uniprot;E8_target_modelled=0<80;E9_target_disorder=1.00>0.2
6DYJ_1	6DYJ	BRIL		False	X-RAY DIFFRACTION	1.96		A	106	106	0	1.0	0.0	1.0	Soluble cytochrome b562	E1_not_chimeric_single_uniprot;E8_target_modelled=0<80;E9_target_disorder=1.00>0.2
6DYI_1	6DYI	BRIL		False	X-RAY DIFFRACTION	1.964		B	106	106	0	1.0	0.0	1.0	Soluble cytochrome b562	E1_not_chimeric_single_uniprot;E8_target_modelled=0<80;E9_target_disorder=1.00>0.2
6DYH_1	6DYH	BRIL		False	X-RAY DIFFRACTION	1.83		A	106	106	0	1.0	0.0	1.0	Soluble cytochrome b562	E1_not_chimeric_single_uniprot;E8_target_modelled=0<80;E9_target_disorder=1.00>0.2
6DYG_1	6DYG	BRIL		False	X-RAY DIFFRACTION	1.49		A	106	106	0	1.0	0.0	1.0	Soluble cytochrome b562	E1_not_chimeric_single_uniprot;E8_target_modelled=0<80;E9_target_disorder=1.00>0.2
6DYF_1	6DYF	BRIL		False	X-RAY DIFFRACTION	1.1		A	106	106	0	1.0	0.0	1.0	Soluble cytochrome b562	E1_not_chimeric_single_uniprot;E8_target_modelled=0<80;E9_target_disorder=1.00>0.2
6DYE_1	6DYE	BRIL		False	X-RAY DIFFRACTION	2.25		A	106	106	0	1.0	0.0	1.0	Soluble cytochrome b562	E1_not_chimeric_single_uniprot;E8_target_modelled=0<80;E9_target_disorder=1.00>0.2
6DYD_1	6DYD	BRIL		False	X-RAY DIFFRACTION	1.724		A	106	106	0	1.0	0.0	1.0	Soluble cytochrome b562	E1_not_chimeric_single_uniprot;E8_target_modelled=0<80;E9_target_disorder=1.00>0.2
6DYC_1	6DYC	BRIL		False	X-RAY DIFFRACTION	1.33		A	106	106	0	1.0	0.0	1.0	Soluble cytochrome b562	E1_not_chimeric_single_uniprot;E8_target_modelled=0<80;E9_target_disorder=1.00>0.2
6OT9_1	6OT9	BRIL		False	X-RAY DIFFRACTION	2.4		A	106	106	0	1.0	0.0	1.0	Soluble cytochrome b562	E1_not_chimeric_single_uniprot;E8_target_modelled=0<80;E9_target_disorder=1.00>0.2
6WHA_1	6WHA	BRIL	P28223	False	ELECTRON MICROSCOPY	3.36	TERMINAL_N	A	497	0	244	1.0	1.0	0.2802	Soluble cytochrome b562,5-hydroxytryptamine receptor 2A chimera	E7_fusion_modelled=0<50;E9_fusion_disorder=1.00>0.2;E9_target_disorder=0.28>0.2
6WH4_1	6WH4	BRIL	P28223	True	X-RAY DIFFRACTION	3.4	INTERNAL_INSERTION	A	448	97	281	1.0	0.0849	0.0475	5-hydroxytryptamine receptor 2A,Soluble cytochrome b562 fusion	
6WGT_1	6WGT	BRIL	P28223	True	X-RAY DIFFRACTION	3.4	INTERNAL_INSERTION	A	448	99	278	1.0	0.066	0.0576	5-hydroxytryptamine receptor 2A,Soluble cytochrome b562 fusion	
6USF_1	6USF	BRIL	P43681	False	ELECTRON MICROSCOPY	3.87	INTERNAL_INSERTION	A	486	101	361	0.9957	0.0	0.027	chimera of soluble cytochrome b562 (BRIL) and neuronal acetylcholine receptor subunit alpha-4	E3_resolution=3.87>3.5
6UR8_1	6UR8	BRIL	P43681	False	ELECTRON MICROSCOPY	3.71	INTERNAL_INSERTION	A	487	0	362	1.0	1.0	0.0398	Chimera of soluble cytochrome b562 (BRIL) and neuronal acetylcholine receptor subunit alpha-4	E3_resolution=3.71>3.5;E7_fusion_modelled=0<50;E9_fusion_disorder=1.00>0.2
6S0Q_1	6S0Q	BRIL	P29274	True	X-RAY DIFFRACTION	2.65	INTERNAL_INSERTION	A	433	90	294	0.9897	0.1429	0.0392	Adenosine receptor A2a,Soluble cytochrome b562,Adenosine receptor A2a	
6RZ9_1	6RZ9	BRIL	Q9NS75	False	X-RAY DIFFRACTION	2.73	INTERNAL_INSERTION	A	405	83	280	1.0	0.217	0.0635	Cysteinyl leukotriene receptor 2,Soluble cytochrome b562,Cysteinyl leukotriene receptor 2	E9_fusion_disorder=0.22>0.2
6RZ8_1	6RZ8	BRIL	Q9NS75	True	X-RAY DIFFRACTION	2.7	INTERNAL_INSERTION	A	405	97	269	1.0	0.0849	0.1003	Cysteinyl leukotriene receptor 2,Soluble cytochrome b562,Cysteinyl leukotriene receptor 2	
6RZ7_1	6RZ7	BRIL	Q9NS75	True	X-RAY DIFFRACTION	2.43	INTERNAL_INSERTION	A	405	86	274	1.0	0.1887	0.0836	Cysteinyl leukotriene receptor 2,Soluble cytochrome b562,Cysteinyl leukotriene receptor 2	
6RZ6_1	6RZ6	BRIL	Q9NS75	False	X-RAY DIFFRACTION	2.43	INTERNAL_INSERTION	A	405	83	282	1.0	0.217	0.0569	Cysteinyl leukotriene receptor 2,Soluble cytochrome b562,Cysteinyl leukotriene receptor 2	E9_fusion_disorder=0.22>0.2
6RZ5_1	6RZ5	BRIL	Q9Y271	False	X-RAY DIFFRACTION	2.53	INTERNAL_INSERTION	A	423	83	284	0.9946	0.2095	0.0868	Cysteinyl leukotriene receptor 1,Soluble cytochrome b562,Cysteinyl leukotriene receptor 1	E9_fusion_disorder=0.21>0.2
6RZ4_1	6RZ4	BRIL	Q9Y271	True	X-RAY DIFFRACTION	2.7	INTERNAL_INSERTION	A	423	105	288	0.9949	0.0	0.074	Cysteinyl leukotriene receptor 1,Soluble cytochrome b562,Cysteinyl leukotriene receptor 1	
6PS7_1	6PS7	BRIL	P29274	True	X-RAY DIFFRACTION	1.85	INTERNAL_INSERTION	A	442	91	297	0.9898	0.1415	0.0262	Adenosine receptor A2a,Soluble cytochrome b562,Adenosine receptor A2a	
6OVH_1	6OVH	BRIL		False	ELECTRON MICROSCOPY	2.6		A	106	106	0	1.0	0.0	1.0	Soluble cytochrome b562	E1_not_chimeric_single_uniprot;E8_target_modelled=0<80;E9_target_disorder=1.00>0.2
6OT8_1	6OT8	BRIL		False	X-RAY DIFFRACTION	1.5		A	106	106	0	1.0	0.0	1.0	Soluble cytochrome b562	E1_not_chimeric_single_uniprot;E8_target_modelled=0<80;E9_target_disorder=1.00>0.2
6OT7_1	6OT7	BRIL		False	X-RAY DIFFRACTION	1.85		A	106	106	0	1.0	0.0	1.0	Soluble cytochrome b562	E1_not_chimeric_single_uniprot;E8_target_modelled=0<80;E9_target_disorder=1.00>0.2
6OT4_1	6OT4	BRIL		False	X-RAY DIFFRACTION	1.4		A	106	106	0	1.0	0.0	1.0	Soluble cytochrome b562	E1_not_chimeric_single_uniprot;E8_target_modelled=0<80;E9_target_disorder=1.00>0.2
6OS2_1	6OS2	BRIL	P30556	False	X-RAY DIFFRACTION	2.7	INTERNAL_INSERTION	A	425	75	305	1.0	0.2424	0.0409	Type-1 angiotensin II receptor,Soluble cytochrome b562 BRIL fusion protein	E9_fusion_disorder=0.24>0.2
6OS1_1	6OS1	BRIL	P30556	False	X-RAY DIFFRACTION	2.794	INTERNAL_INSERTION	A	425	76	305	1.0	0.2323	0.0409	Type-1 angiotensin II receptor,Soluble cytochrome b562 BRIL fusion protein	E9_fusion_disorder=0.23>0.2
6OS0_1	6OS0	BRIL	P30556	True	X-RAY DIFFRACTION	2.9	INTERNAL_INSERTION	A	425	89	306	1.0	0.101	0.0377	Type-1 angiotensin II receptor,Soluble cytochrome b562 BRIL fusion protein	
6MH8_1	6MH8	BRIL	P29274	False	X-RAY DIFFRACTION	4.2	INTERNAL_INSERTION	A	447	89	297	0.9872	0.1524	0.0262	Adenosine receptor A2a, Soluble cytochrome b562 chimeric construct	E3_resolution=4.20>3.5
6ME9_1	6ME9	BRIL		False	X-RAY DIFFRACTION	3.3		A	460	106	0	0.2366	0.0	1.0	Soluble cytochrome b562,Melatonin receptor type 1B,Rubredoxin	E1_multi_uniprot_n=3;E6_align_coverage=0.24<0.8;E8_target_modelled=0<80;E9_target_disorder=1.00>0.2
6ME8_1	6ME8	BRIL		False	X-RAY DIFFRACTION	3.1		A	460	106	0	0.2361	0.0	1.0	Soluble cytochrome b562,Melatonin receptor type 1B,Rubredoxin	E1_multi_uniprot_n=3;E6_align_coverage=0.24<0.8;E8_target_modelled=0<80;E9_target_disorder=1.00>0.2
6ME7_1	6ME7	BRIL		False	X-RAY DIFFRACTION	3.2		A	460	106	0	0.2366	0.0	1.0	Soluble cytochrome b562,Melatonin receptor type 1B,Rubredoxin	E1_multi_uniprot_n=3;E6_align_coverage=0.24<0.8;E8_target_modelled=0<80;E9_target_disorder=1.00>0.2
6WZ2_1	6WZ2	BRIL		False	X-RAY DIFFRACTION	2.0006		A	106	106	0	1.0	0.0	1.0	Soluble cytochrome b562	E1_not_chimeric_single_uniprot;E8_target_modelled=0<80;E9_target_disorder=1.00>0.2
6WZC_1	6WZC	BRIL		False	X-RAY DIFFRACTION	2.195		A	106	106	0	1.0	0.0	1.0	Soluble cytochrome b562	E1_not_chimeric_single_uniprot;E8_target_modelled=0<80;E9_target_disorder=1.00>0.2
6X8X_1	6X8X	BRIL		False	X-RAY DIFFRACTION	2.505		A	106	106	0	1.0	0.0	1.0	Soluble cytochrome b562	E1_not_chimeric_single_uniprot;E8_target_modelled=0<80;E9_target_disorder=1.00>0.2
7E2X_4	7E2X	BRIL	P08908	False	ELECTRON MICROSCOPY	3.0	TERMINAL_N	R	543	0	278	1.0	1.0	0.3015	Soluble cytochrome b562,5-hydroxytryptamine receptor 1A	E7_fusion_modelled=0<50;E9_fusion_disorder=1.00>0.2;E9_target_disorder=0.30>0.2
7E2Z_4	7E2Z	BRIL	P08908	False	ELECTRON MICROSCOPY	3.1	TERMINAL_N	R	543	0	278	1.0	1.0	0.3015	Soluble cytochrome b562,5-hydroxytryptamine receptor 1A	E7_fusion_modelled=0<50;E9_fusion_disorder=1.00>0.2;E9_target_disorder=0.30>0.2
7E2Y_4	7E2Y	BRIL	P08908	False	ELECTRON MICROSCOPY	3.0	TERMINAL_N	R	543	0	276	1.0	1.0	0.3065	Soluble cytochrome b562,5-hydroxytryptamine receptor 1A	E7_fusion_modelled=0<50;E9_fusion_disorder=1.00>0.2;E9_target_disorder=0.31>0.2
7DFP_1	7DFP	BRIL	P14416	True	X-RAY DIFFRACTION	3.1	INTERNAL_INSERTION	A	360	79	254	0.994	0.0125	0.0487	D(2) dopamine receptor,Soluble cytochrome b562	
7CMV_5	7CMV	BRIL	P35462	False	ELECTRON MICROSCOPY	2.7	TERMINAL_N	R	545	0	272	1.0	1.0	0.32	Soluble cytochrome b562,D(3) dopamine receptor	E7_fusion_modelled=0<50;E9_fusion_disorder=1.00>0.2;E9_target_disorder=0.32>0.2
7CMU_5	7CMU	BRIL	P35462	False	ELECTRON MICROSCOPY	3.0	TERMINAL_N	R	545	0	272	1.0	1.0	0.32	Soluble cytochrome b562,D(3) dopamine receptor	E7_fusion_modelled=0<50;E9_fusion_disorder=1.00>0.2;E9_target_disorder=0.32>0.2
7C6A_3	7C6A	BRIL	P50052	True	X-RAY DIFFRACTION	3.4	INTERNAL_INSERTION	A	422	92	281	1.0	0.1321	0.0906	Type-2 angiotensin II receptor,Soluble cytochrome b562,Type-2 angiotensin II receptor	
7C61_3	7C61	BRIL	P28222	True	X-RAY DIFFRACTION	3.0	INTERNAL_INSERTION	A	399	97	265	1.0	0.0849	0.0925	5-hydroxytryptamine receptor 1B,Soluble cytochrome b562,5-hydroxytryptamine receptor 1B	
7BW0_1	7BW0	BRIL	Q8TDU6	False	ELECTRON MICROSCOPY	3.9	TERMINAL_N	R	427	0	280	1.0	1.0	0.0728	Soluble cytochrome b562,G-protein coupled bile acid receptor 1	E3_resolution=3.90>3.5;E7_fusion_modelled=0<50;E9_fusion_disorder=1.00>0.2
7ARO_1	7ARO	BRIL	P29274	False	X-RAY DIFFRACTION	3.119	INTERNAL_INSERTION	A	433	84	294	0.9921	0.2075	0.0392	Adenosine receptor A2a,Soluble cytochrome b562,Adenosine receptor A2a	E9_fusion_disorder=0.21>0.2
6ZDV_1	6ZDV	BRIL	P29274	True	X-RAY DIFFRACTION	2.13	INTERNAL_INSERTION	A	433	85	294	0.9921	0.1905	0.0392	Adenosine receptor A2a,Soluble cytochrome b562,Adenosine receptor A2a	
6ZDR_1	6ZDR	BRIL	P29274	True	X-RAY DIFFRACTION	1.918	INTERNAL_INSERTION	A	433	86	294	0.9922	0.181	0.0392	Adenosine receptor A2a,Soluble cytochrome b562,Adenosine receptor A2a	
6X7E_1	6X7E	BRIL		False	X-RAY DIFFRACTION	1.9987		A	106	106	0	1.0	0.0	1.0	Soluble cytochrome b562	E1_not_chimeric_single_uniprot;E8_target_modelled=0<80;E9_target_disorder=1.00>0.2
6WZA_1	6WZA	BRIL		False	X-RAY DIFFRACTION	2.5		A	106	106	0	1.0	0.0	1.0	Soluble cytochrome b562	E1_not_chimeric_single_uniprot;E8_target_modelled=0<80;E9_target_disorder=1.00>0.2
6WZ7_1	6WZ7	BRIL		False	X-RAY DIFFRACTION	2.3		A	106	106	0	1.0	0.0	1.0	Soluble cytochrome b562	E1_not_chimeric_single_uniprot;E8_target_modelled=0<80;E9_target_disorder=1.00>0.2
6WZ3_1	6WZ3	BRIL		False	X-RAY DIFFRACTION	1.8		A	106	106	0	1.0	0.0	1.0	Soluble cytochrome b562	E1_not_chimeric_single_uniprot;E8_target_modelled=0<80;E9_target_disorder=1.00>0.2
6WZ1_1	6WZ1	BRIL		False	X-RAY DIFFRACTION	1.999		A	106	106	0	1.0	0.0	1.0	Soluble cytochrome b562	E1_not_chimeric_single_uniprot;E8_target_modelled=0<80;E9_target_disorder=1.00>0.2
6WZ0_1	6WZ0	BRIL		False	X-RAY DIFFRACTION	1.7		A	106	106	0	1.0	0.0	1.0	Soluble cytochrome b562	E1_not_chimeric_single_uniprot;E8_target_modelled=0<80;E9_target_disorder=1.00>0.2
6WYU_1	6WYU	BRIL		False	X-RAY DIFFRACTION	1.76		A	106	106	0	1.0	0.0	1.0	Soluble cytochrome b562	E1_not_chimeric_single_uniprot;E8_target_modelled=0<80;E9_target_disorder=1.00>0.2
6WWZ_6	6WWZ	BRIL	P51684	False	ELECTRON MICROSCOPY	3.34	TERMINAL_N	R	529	0	310	1.0	1.0	0.1689	C-C chemokine receptor type 6,C-C chemokine receptor type 6	E7_fusion_modelled=0<50;E9_fusion_disorder=1.00>0.2
6WW2_4	6WW2	BRIL	Q13467	False	ELECTRON MICROSCOPY	3.7	INTERNAL_INSERTION	R	667	92	320	0.9694	0.1238	0.3701	Frizzled-5,Soluble cytochrome b562	E3_resolution=3.70>3.5;E9_target_disorder=0.37>0.2
6WQA_1	6WQA	BRIL	P29274	True	X-RAY DIFFRACTION	2.0	INTERNAL_INSERTION	A	447	89	297	0.9872	0.1524	0.0262	Adenosine receptor A2a/Soluble cytochrome b562 chimera	
7INU_1	7INU	BRIL	P29274	True	X-RAY DIFFRACTION	2.46	INTERNAL_INSERTION	A	433	85	298	0.9821	0.1584	0.0261	Adenosine receptor A2a/Soluble cytochrome b562/Adenosine receptor A2a chimera	
7INT_1	7INT	BRIL	P29274	True	X-RAY DIFFRACTION	2.25	INTERNAL_INSERTION	A	433	85	298	0.9821	0.1584	0.0261	Adenosine receptor A2a/Soluble cytochrome b562/Adenosine receptor A2a chimera	
7INO_1	7INO	BRIL	P29274	True	X-RAY DIFFRACTION	2.08	INTERNAL_INSERTION	A	433	85	298	0.9821	0.1584	0.0261	Adenosine receptor A2a/Soluble cytochrome b562/Adenosine receptor A2a chimera	
7INN_1	7INN	BRIL	P29274	True	X-RAY DIFFRACTION	2.32	INTERNAL_INSERTION	A	433	85	298	0.9821	0.1584	0.0261	Adenosine receptor A2a/Soluble cytochrome b562/Adenosine receptor A2a chimera	
7INL_1	7INL	BRIL	P29274	True	X-RAY DIFFRACTION	2.2	INTERNAL_INSERTION	A	433	85	298	0.9821	0.1584	0.0261	Adenosine receptor A2a/Soluble cytochrome b562/Adenosine receptor A2a chimera	
7INK_1	7INK	BRIL	P29274	True	X-RAY DIFFRACTION	2.19	INTERNAL_INSERTION	A	433	85	298	0.9821	0.1584	0.0261	Adenosine receptor A2a/Soluble cytochrome b562/Adenosine receptor A2a chimera	
7INJ_1	7INJ	BRIL	P29274	True	X-RAY DIFFRACTION	2.1	INTERNAL_INSERTION	A	433	85	298	0.9821	0.1584	0.0261	Adenosine receptor A2a/Soluble cytochrome b562/Adenosine receptor A2a chimera	
7INI_1	7INI	BRIL	P29274	True	X-RAY DIFFRACTION	2.57	INTERNAL_INSERTION	A	433	85	298	0.9821	0.1584	0.0261	Adenosine receptor A2a/Soluble cytochrome b562/Adenosine receptor A2a chimera	
7INH_1	7INH	BRIL	P29274	True	X-RAY DIFFRACTION	2.3	INTERNAL_INSERTION	A	433	85	298	0.9821	0.1584	0.0261	Adenosine receptor A2a/Soluble cytochrome b562/Adenosine receptor A2a chimera	
7INF_1	7INF	BRIL	P29274	True	X-RAY DIFFRACTION	2.26	INTERNAL_INSERTION	A	433	85	298	0.9821	0.1584	0.0261	Adenosine receptor A2a/Soluble cytochrome b562/Adenosine receptor A2a chimera	
7IND_1	7IND	BRIL	P29274	True	X-RAY DIFFRACTION	2.67	INTERNAL_INSERTION	A	433	85	298	0.9821	0.1584	0.0261	Adenosine receptor A2a/Soluble cytochrome b562/Adenosine receptor A2a chimera,Soluble cytochrome b562,Adenosine receptor A2a	
7INC_1	7INC	BRIL	P29274	True	X-RAY DIFFRACTION	2.18	INTERNAL_INSERTION	A	433	85	298	0.9821	0.1584	0.0261	Adenosine receptor A2a/Soluble cytochrome b562/Adenosine receptor A2a chimera	
7INA_1	7INA	BRIL	P29274	True	X-RAY DIFFRACTION	2.15	INTERNAL_INSERTION	A	433	85	298	0.9821	0.1584	0.0261	Adenosine receptor A2a/Soluble cytochrome b562/Adenosine receptor A2a chimera	
7IN9_1	7IN9	BRIL	P29274	True	X-RAY DIFFRACTION	2.54	INTERNAL_INSERTION	A	433	85	298	0.9821	0.1584	0.0261	Adenosine receptor A2a/Soluble cytochrome b562/Adenosine receptor A2a chimera	
7F9Z_7	7F9Z	BRIL	Q92847	False	ELECTRON MICROSCOPY	3.2	TERMINAL_N	R	661	0	282	1.0	1.0	0.2295	human ghrelin receptor	E7_fusion_modelled=0<50;E9_fusion_disorder=1.00>0.2;E9_target_disorder=0.23>0.2
7F9Y_6	7F9Y	BRIL	Q92847	False	ELECTRON MICROSCOPY	2.9	TERMINAL_N	R	661	0	285	1.0	1.0	0.2213	Soluble cytochrome b562	E7_fusion_modelled=0<50;E9_fusion_disorder=1.00>0.2;E9_target_disorder=0.22>0.2
7F61_2	7F61	BRIL		False	X-RAY DIFFRACTION	2.6		B	147	106	0	1.0	0.0	1.0	Soluble cytochrome b562	E1_not_chimeric_single_uniprot;E8_target_modelled=0<80;E9_target_disorder=1.00>0.2
7F4I_5	7F4I	BRIL	Q01726	False	ELECTRON MICROSCOPY	3.1	TERMINAL_N	R	621	0	266	1.0	1.0	0.1609	Melanocortin-1 receptor	E7_fusion_modelled=0<50;E9_fusion_disorder=1.00>0.2
7F4H_5	7F4H	BRIL	Q01726	False	ELECTRON MICROSCOPY	2.7	TERMINAL_N	R	621	0	267	1.0	1.0	0.1577	Melanocortin-1 receptor	E7_fusion_modelled=0<50;E9_fusion_disorder=1.00>0.2
7F4F_2	7F4F	BRIL	Q01726	False	ELECTRON MICROSCOPY	2.9	TERMINAL_N	R	621	0	269	1.0	1.0	0.1514	Melanocortin-1 receptor	E7_fusion_modelled=0<50;E9_fusion_disorder=1.00>0.2
7F4D_5	7F4D	BRIL	Q01726	False	ELECTRON MICROSCOPY	3.0	TERMINAL_N	R	621	0	263	1.0	1.0	0.1703	melanocortin-1 receptor	E7_fusion_modelled=0<50;E9_fusion_disorder=1.00>0.2
7EZC_1	7EZC	BRIL	P29274	False	X-RAY DIFFRACTION	3.8	INTERNAL_INSERTION	A	431	86	286	0.9867	0.1485	0.037	Adenosine receptor A2a,Soluble cytochrome b562	E3_resolution=3.80>3.5
7EXD_5	7EXD	BRIL	P30939	False	ELECTRON MICROSCOPY	3.4	TERMINAL_N	R	506	0	272	1.0	1.0	0.2568	Soluble cytochrome b562,5-hydroxytryptamine receptor 1F	E7_fusion_modelled=0<50;E9_fusion_disorder=1.00>0.2;E9_target_disorder=0.26>0.2
7E33_5	7E33	BRIL	P28566	False	ELECTRON MICROSCOPY	2.9	TERMINAL_N	R	504	0	257	1.0	1.0	0.294	Soluble cytochrome b562,5-hydroxytryptamine receptor 1E	E7_fusion_modelled=0<50;E9_fusion_disorder=1.00>0.2;E9_target_disorder=0.29>0.2
7E32_5	7E32	BRIL	P28221	False	ELECTRON MICROSCOPY	2.9	TERMINAL_N	R	516	0	285	1.0	1.0	0.242	Soluble cytochrome b562,5-hydroxytryptamine receptor 1D	E7_fusion_modelled=0<50;E9_fusion_disorder=1.00>0.2;E9_target_disorder=0.24>0.2
7IOK_1	7IOK	BRIL	P29274	True	X-RAY DIFFRACTION	2.3	INTERNAL_INSERTION	A	433	85	298	0.9821	0.1584	0.0261	Adenosine receptor A2a/Soluble cytochrome b562/Adenosine receptor A2a chimera	
7IOJ_1	7IOJ	BRIL	P29274	True	X-RAY DIFFRACTION	2.26	INTERNAL_INSERTION	A	433	85	298	0.9821	0.1584	0.0261	Adenosine receptor A2a/Soluble cytochrome b562/Adenosine receptor A2a chimera	
7IOI_1	7IOI	BRIL	P29274	True	X-RAY DIFFRACTION	2.04	INTERNAL_INSERTION	A	433	85	298	0.9821	0.1584	0.0261	Adenosine receptor A2a/Soluble cytochrome b562/Adenosine receptor A2a chimera	
7IOH_1	7IOH	BRIL	P29274	True	X-RAY DIFFRACTION	2.07	INTERNAL_INSERTION	A	433	85	298	0.9821	0.1584	0.0261	Adenosine receptor A2a/Soluble cytochrome b562/Adenosine receptor A2a chimera	
7IOG_1	7IOG	BRIL	P29274	True	X-RAY DIFFRACTION	1.98	INTERNAL_INSERTION	A	433	85	298	0.9821	0.1584	0.0261	Adenosine receptor A2a/Soluble cytochrome b562/Adenosine receptor A2a chimera	
7IOF_1	7IOF	BRIL	P29274	True	X-RAY DIFFRACTION	1.9	INTERNAL_INSERTION	A	433	85	294	0.9819	0.1584	0.0392	Adenosine receptor A2a/Soluble cytochrome b562/Adenosine receptor A2a chimera	
7IOE_1	7IOE	BRIL	P29274	True	X-RAY DIFFRACTION	2.08	INTERNAL_INSERTION	A	433	85	298	0.9821	0.1584	0.0261	Adenosine receptor A2a/Soluble cytochrome b562/Adenosine receptor A2a chimera	
7IOD_1	7IOD	BRIL	P29274	True	X-RAY DIFFRACTION	2.4	INTERNAL_INSERTION	A	433	85	298	0.9821	0.1584	0.0261	Adenosine receptor A2a/Soluble cytochrome b562/Adenosine receptor A2a chimera	
7IOC_1	7IOC	BRIL	P29274	True	X-RAY DIFFRACTION	2.07	INTERNAL_INSERTION	A	433	85	298	0.9821	0.1584	0.0261	Adenosine receptor A2a/Soluble cytochrome b562/Adenosine receptor A2a chimera	
7IOB_1	7IOB	BRIL	P29274	True	X-RAY DIFFRACTION	2.11	INTERNAL_INSERTION	A	433	85	298	0.9821	0.1584	0.0261	Adenosine receptor A2a/Soluble cytochrome b562/Adenosine receptor A2a chimera	
7IOA_1	7IOA	BRIL	P29274	True	X-RAY DIFFRACTION	2.1	INTERNAL_INSERTION	A	433	85	298	0.9821	0.1584	0.0261	Adenosine receptor A2a/Soluble cytochrome b562/Adenosine receptor A2a chimera	
7IO9_1	7IO9	BRIL	P29274	True	X-RAY DIFFRACTION	1.91	INTERNAL_INSERTION	A	433	85	298	0.9821	0.1584	0.0261	Adenosine receptor A2a/Soluble cytochrome b562/Adenosine receptor A2a chimera,Soluble cytochrome b562,Adenosine receptor A2a	
7IO8_1	7IO8	BRIL	P29274	True	X-RAY DIFFRACTION	2.27	INTERNAL_INSERTION	A	433	85	294	0.9819	0.1584	0.0392	Adenosine receptor A2a/Soluble cytochrome b562/Adenosine receptor A2a chimera	
7IO7_1	7IO7	BRIL	P29274	True	X-RAY DIFFRACTION	2.23	INTERNAL_INSERTION	A	433	85	298	0.9821	0.1584	0.0261	Adenosine receptor A2a/Soluble cytochrome b562/Adenosine receptor A2a chimera	
7IO6_1	7IO6	BRIL	P29274	True	X-RAY DIFFRACTION	2.36	INTERNAL_INSERTION	A	433	85	298	0.9821	0.1584	0.0261	Adenosine receptor A2a/Soluble cytochrome b562/Adenosine receptor A2a chimera	
7IO5_1	7IO5	BRIL	P29274	True	X-RAY DIFFRACTION	1.84	INTERNAL_INSERTION	A	433	85	298	0.9821	0.1584	0.0261	Adenosine receptor A2a/Soluble cytochrome b562/Adenosine receptor A2a chimera	
7IO4_1	7IO4	BRIL	P29274	True	X-RAY DIFFRACTION	2.1	INTERNAL_INSERTION	A	433	85	298	0.9821	0.1584	0.0261	Adenosine receptor A2a/Soluble cytochrome b562/Adenosine receptor A2a chimera	
7IO3_1	7IO3	BRIL	P29274	True	X-RAY DIFFRACTION	2.22	INTERNAL_INSERTION	A	433	85	298	0.9821	0.1584	0.0261	Adenosine receptor A2a/Soluble cytochrome b562/Adenosine receptor A2a chimera	
7IO2_1	7IO2	BRIL	P29274	True	X-RAY DIFFRACTION	1.96	INTERNAL_INSERTION	A	433	85	298	0.9821	0.1584	0.0261	Adenosine receptor A2a/Soluble cytochrome b562/Adenosine receptor A2a chimera	
7IO1_1	7IO1	BRIL	P29274	True	X-RAY DIFFRACTION	2.25	INTERNAL_INSERTION	A	433	85	298	0.9821	0.1584	0.0261	Adenosine receptor A2a/Soluble cytochrome b562/Adenosine receptor A2a chimera	
7IO0_1	7IO0	BRIL	P29274	True	X-RAY DIFFRACTION	2.05	INTERNAL_INSERTION	A	433	85	298	0.9821	0.1584	0.0261	Adenosine receptor A2a/Soluble cytochrome b562/Adenosine receptor A2a chimera	
7INZ_1	7INZ	BRIL	P29274	True	X-RAY DIFFRACTION	2.41	INTERNAL_INSERTION	A	433	85	298	0.9821	0.1584	0.0261	Adenosine receptor A2a/Soluble cytochrome b562/Adenosine receptor A2a chimera	
7INY_1	7INY	BRIL	P29274	True	X-RAY DIFFRACTION	2.36	INTERNAL_INSERTION	A	433	85	298	0.9821	0.1584	0.0261	Adenosine receptor A2a/Soluble cytochrome b562/Adenosine receptor A2a chimera	
7INX_1	7INX	BRIL	P29274	True	X-RAY DIFFRACTION	2.31	INTERNAL_INSERTION	A	433	85	298	0.9821	0.1584	0.0261	Adenosine receptor A2a/Soluble cytochrome b562/Adenosine receptor A2a chimera,Soluble cytochrome b562,Adenosine receptor A2a	
7INW_1	7INW	BRIL	P29274	True	X-RAY DIFFRACTION	2.59	INTERNAL_INSERTION	A	433	85	298	0.9821	0.1584	0.0261	Adenosine receptor A2a/Soluble cytochrome b562/Adenosine receptor A2a chimera	
7IOR_1	7IOR	BRIL	P29274	True	X-RAY DIFFRACTION	1.89	INTERNAL_INSERTION	A	433	85	298	0.9821	0.1584	0.0261	Adenosine receptor A2a/Soluble cytochrome b562/Adenosine receptor A2a chimera	
7IOS_1	7IOS	BRIL	P29274	True	X-RAY DIFFRACTION	2.38	INTERNAL_INSERTION	A	433	85	298	0.9821	0.1584	0.0261	Adenosine receptor A2a/Soluble cytochrome b562/Adenosine receptor A2a chimera	
7IPA_1	7IPA	BRIL	P29274	True	X-RAY DIFFRACTION	2.32	INTERNAL_INSERTION	A	433	85	298	0.9821	0.1584	0.0261	Adenosine receptor A2a/Soluble cytochrome b562/Adenosine receptor A2a chimera	
7IP9_1	7IP9	BRIL	P29274	True	X-RAY DIFFRACTION	2.1	INTERNAL_INSERTION	A	433	85	298	0.9821	0.1584	0.0261	Adenosine receptor A2a/Soluble cytochrome b562/Adenosine receptor A2a chimera	
7IP8_1	7IP8	BRIL	P29274	True	X-RAY DIFFRACTION	2.28	INTERNAL_INSERTION	A	433	85	298	0.9821	0.1584	0.0261	Adenosine receptor A2a/Soluble cytochrome b562/Adenosine receptor A2a chimera	
7IP7_1	7IP7	BRIL	P29274	True	X-RAY DIFFRACTION	2.32	INTERNAL_INSERTION	A	433	85	298	0.9821	0.1584	0.0261	Adenosine receptor A2a/Soluble cytochrome b562/Adenosine receptor A2a chimera	
7IP5_1	7IP5	BRIL	P29274	True	X-RAY DIFFRACTION	1.95	INTERNAL_INSERTION	A	433	85	298	0.9821	0.1584	0.0261	Adenosine receptor A2a/Soluble cytochrome b562/Adenosine receptor A2a chimera	
7IP4_1	7IP4	BRIL	P29274	True	X-RAY DIFFRACTION	2.04	INTERNAL_INSERTION	A	433	85	298	0.9821	0.1584	0.0261	Adenosine receptor A2a/Soluble cytochrome b562/Adenosine receptor A2a chimera	
7IP3_1	7IP3	BRIL	P29274	True	X-RAY DIFFRACTION	2.11	INTERNAL_INSERTION	A	433	85	298	0.9821	0.1584	0.0261	Adenosine receptor A2a/Soluble cytochrome b562/Adenosine receptor A2a chimera	
7IP2_1	7IP2	BRIL	P29274	True	X-RAY DIFFRACTION	2.13	INTERNAL_INSERTION	A	433	85	298	0.9821	0.1584	0.0261	Adenosine receptor A2a/Soluble cytochrome b562/Adenosine receptor A2a chimera	
7IP1_1	7IP1	BRIL	P29274	True	X-RAY DIFFRACTION	2.29	INTERNAL_INSERTION	A	433	85	298	0.9821	0.1584	0.0261	Adenosine receptor A2a/Soluble cytochrome b562/Adenosine receptor A2a chimera	
7IP0_1	7IP0	BRIL	P29274	True	X-RAY DIFFRACTION	1.99	INTERNAL_INSERTION	A	433	85	298	0.9821	0.1584	0.0261	Adenosine receptor A2a/Soluble cytochrome b562/Adenosine receptor A2a chimera	
7IOZ_1	7IOZ	BRIL	P29274	True	X-RAY DIFFRACTION	1.88	INTERNAL_INSERTION	A	433	85	298	0.9821	0.1584	0.0261	Adenosine receptor A2a/Soluble cytochrome b562/Adenosine receptor A2a chimera	
7IOY_1	7IOY	BRIL	P29274	True	X-RAY DIFFRACTION	2.0	INTERNAL_INSERTION	A	433	85	298	0.9821	0.1584	0.0261	Adenosine receptor A2a/Soluble cytochrome b562/Adenosine receptor A2a chimera	
7IOX_1	7IOX	BRIL	P29274	True	X-RAY DIFFRACTION	2.15	INTERNAL_INSERTION	A	433	85	298	0.9821	0.1584	0.0261	Adenosine receptor A2a/Soluble cytochrome b562/Adenosine receptor A2a chimera	
7IOW_1	7IOW	BRIL	P29274	True	X-RAY DIFFRACTION	2.17	INTERNAL_INSERTION	A	433	85	298	0.9821	0.1584	0.0261	Adenosine receptor A2a/Soluble cytochrome b562/Adenosine receptor A2a chimera	
7IOV_1	7IOV	BRIL	P29274	True	X-RAY DIFFRACTION	2.3	INTERNAL_INSERTION	A	433	85	298	0.9821	0.1584	0.0261	Adenosine receptor A2a/Soluble cytochrome b562/Adenosine receptor A2a chimera	
7IOU_1	7IOU	BRIL	P29274	True	X-RAY DIFFRACTION	2.17	INTERNAL_INSERTION	A	433	85	298	0.9821	0.1584	0.0261	Adenosine receptor A2a/Soluble cytochrome b562/Adenosine receptor A2a chimera	
7IOT_1	7IOT	BRIL	P29274	True	X-RAY DIFFRACTION	2.31	INTERNAL_INSERTION	A	433	85	298	0.9821	0.1584	0.0261	Adenosine receptor A2a/Soluble cytochrome b562/Adenosine receptor A2a chimera	
7IOQ_1	7IOQ	BRIL	P29274	True	X-RAY DIFFRACTION	2.26	INTERNAL_INSERTION	A	433	85	298	0.9821	0.1584	0.0261	Adenosine receptor A2a/Soluble cytochrome b562/Adenosine receptor A2a chimera	
7IOP_1	7IOP	BRIL	P29274	True	X-RAY DIFFRACTION	1.92	INTERNAL_INSERTION	A	433	85	298	0.9821	0.1584	0.0261	Adenosine receptor A2a/Soluble cytochrome b562/Adenosine receptor A2a chimera	
7IOO_1	7IOO	BRIL	P29274	True	X-RAY DIFFRACTION	2.01	INTERNAL_INSERTION	A	433	85	298	0.9821	0.1584	0.0261	Adenosine receptor A2a/Soluble cytochrome b562/Adenosine receptor A2a chimera	
7ION_1	7ION	BRIL	P29274	True	X-RAY DIFFRACTION	2.14	INTERNAL_INSERTION	A	433	85	298	0.9821	0.1584	0.0261	Adenosine receptor A2a/Soluble cytochrome b562/Adenosine receptor A2a chimera	
7IOM_1	7IOM	BRIL	P29274	True	X-RAY DIFFRACTION	2.1	INTERNAL_INSERTION	A	433	85	298	0.9821	0.1584	0.0261	Adenosine receptor A2a/Soluble cytochrome b562/Adenosine receptor A2a chimera	
7IOL_1	7IOL	BRIL	P29274	True	X-RAY DIFFRACTION	2.81	INTERNAL_INSERTION	A	433	85	298	0.9821	0.1584	0.0261	Adenosine receptor A2a/Soluble cytochrome b562/Adenosine receptor A2a chimera	
7IPB_1	7IPB	BRIL	P29274	True	X-RAY DIFFRACTION	2.09	INTERNAL_INSERTION	A	433	85	298	0.9821	0.1584	0.0261	Adenosine receptor A2a/Soluble cytochrome b562/Adenosine receptor A2a chimera	
7IPC_1	7IPC	BRIL	P29274	True	X-RAY DIFFRACTION	1.87	INTERNAL_INSERTION	A	433	85	298	0.9821	0.1584	0.0261	Adenosine receptor A2a/Soluble cytochrome b562/Adenosine receptor A2a chimera	
7IPD_1	7IPD	BRIL	P29274	True	X-RAY DIFFRACTION	2.19	INTERNAL_INSERTION	A	433	85	298	0.9821	0.1584	0.0261	Adenosine receptor A2a/Soluble cytochrome b562/Adenosine receptor A2a chimera	
7IPE_1	7IPE	BRIL	P29274	True	X-RAY DIFFRACTION	1.84	INTERNAL_INSERTION	A	433	85	298	0.9821	0.1584	0.0261	Adenosine receptor A2a/Soluble cytochrome b562/Adenosine receptor A2a chimera	
7IPF_1	7IPF	BRIL	P29274	True	X-RAY DIFFRACTION	1.9	INTERNAL_INSERTION	A	433	85	298	0.9821	0.1584	0.0261	Adenosine receptor A2a/Soluble cytochrome b562/Adenosine receptor A2a chimera	
7IPG_1	7IPG	BRIL	P29274	True	X-RAY DIFFRACTION	2.06	INTERNAL_INSERTION	A	433	85	298	0.9821	0.1584	0.0261	Adenosine receptor A2a/Soluble cytochrome b562/Adenosine receptor A2a chimera,Soluble cytochrome b562,Adenosine receptor A2a	
7JNI_1	7JNI	BRIL	P50052	True	X-RAY DIFFRACTION	3.0	TERMINAL_N	A	412	106	297	0.9902	0.0	0.0133	Soluble cytochrome b562,Type-2 angiotensin II receptor	
7JVR_1	7JVR	BRIL	P14416	False	ELECTRON MICROSCOPY	2.8	TERMINAL_N	R	588	0	269	1.0	1.0	0.3928	Soluble cytochrome b562,D(2) dopamine receptor	E7_fusion_modelled=0<50;E9_fusion_disorder=1.00>0.2;E9_target_disorder=0.39>0.2
7KOO_1	7KOO	BRIL	P36544	False	ELECTRON MICROSCOPY	3.0	INTERNAL_INSERTION	A	562	0	392	1.0	1.0	0.1171	Neuronal acetylcholine receptor subunit alpha-7,Soluble cytochrome b562 fusion	E7_fusion_modelled=0<50;E9_fusion_disorder=1.00>0.2
7KOQ_1	7KOQ	BRIL	P36544	False	ELECTRON MICROSCOPY	3.6	INTERNAL_INSERTION	A	562	0	391	1.0	1.0	0.1194	Neuronal acetylcholine receptor subunit alpha-7,Soluble cytochrome b562 fusion	E3_resolution=3.60>3.5;E7_fusion_modelled=0<50;E9_fusion_disorder=1.00>0.2
7KOX_1	7KOX	BRIL	P36544	False	ELECTRON MICROSCOPY	2.7	INTERNAL_INSERTION	A	562	0	386	1.0	1.0	0.1306	Neuronal acetylcholine receptor subunit alpha-7,Soluble cytochrome b562 fusion	E7_fusion_modelled=0<50;E9_fusion_disorder=1.00>0.2
7LR5_1	7LR5	BRIL		False	X-RAY DIFFRACTION	1.7		A	106	106	0	1.0	0.0	1.0	Soluble cytochrome b562	E1_not_chimeric_single_uniprot;E8_target_modelled=0<80;E9_target_disorder=1.00>0.2
7LRA_1	7LRA	BRIL		False	X-RAY DIFFRACTION	1.7		A	106	106	0	1.0	0.0	1.0	Soluble cytochrome b562	E1_not_chimeric_single_uniprot;E8_target_modelled=0<80;E9_target_disorder=1.00>0.2
7LRB_1	7LRB	BRIL		False	X-RAY DIFFRACTION	1.78		A	106	106	0	1.0	0.0	1.0	Soluble cytochrome b562	E1_not_chimeric_single_uniprot;E8_target_modelled=0<80;E9_target_disorder=1.00>0.2
7LRR_1	7LRR	BRIL		False	X-RAY DIFFRACTION	1.89		A	106	106	0	1.0	0.0	1.0	Soluble cytochrome b562	E1_not_chimeric_single_uniprot;E8_target_modelled=0<80;E9_target_disorder=1.00>0.2
7LRV_1	7LRV	BRIL		False	X-RAY DIFFRACTION	1.4		A	106	106	0	1.0	0.0	1.0	Soluble cytochrome b562	E1_not_chimeric_single_uniprot;E8_target_modelled=0<80;E9_target_disorder=1.00>0.2
7LSJ_1	7LSJ	BRIL		False	X-RAY DIFFRACTION	1.26		A	106	106	0	1.0	0.0	1.0	Soluble cytochrome b562	E1_not_chimeric_single_uniprot;E8_target_modelled=0<80;E9_target_disorder=1.00>0.2
7LSL_1	7LSL	BRIL		False	X-RAY DIFFRACTION	1.64		A	106	106	0	1.0	0.0	1.0	Soluble cytochrome b562	E1_not_chimeric_single_uniprot;E8_target_modelled=0<80;E9_target_disorder=1.00>0.2
7LSN_1	7LSN	BRIL		False	X-RAY DIFFRACTION	1.52		A	106	106	0	1.0	0.0	1.0	Soluble cytochrome b562	E1_not_chimeric_single_uniprot;E8_target_modelled=0<80;E9_target_disorder=1.00>0.2
7LV1_1	7LV1	BRIL		False	X-RAY DIFFRACTION	1.91		A	106	106	0	1.0	0.0	1.0	Soluble cytochrome b562	E1_not_chimeric_single_uniprot;E8_target_modelled=0<80;E9_target_disorder=1.00>0.2
7LV4_1	7LV4	BRIL		False	X-RAY DIFFRACTION	1.99		A	106	106	0	1.0	0.0	1.0	Soluble cytochrome b562	E1_not_chimeric_single_uniprot;E8_target_modelled=0<80;E9_target_disorder=1.00>0.2
7MK4_1	7MK4	BRIL		False	X-RAY DIFFRACTION	1.27		A	106	106	0	1.0	0.0	1.0	Soluble cytochrome b562	E1_not_chimeric_single_uniprot;E8_target_modelled=0<80;E9_target_disorder=1.00>0.2
7MYZ_1	7MYZ	BRIL	Q08722	False	X-RAY DIFFRACTION	3.4	INTERNAL_INSERTION	C	421	0	263	1.0	1.0	0.1377	Fusion protein of Leukocyte surface antigen CD47 an Soluble cytochrome b562	E7_fusion_modelled=0<50;E9_fusion_disorder=1.00>0.2
7N4F_1	7N4F	BRIL		False	X-RAY DIFFRACTION	1.8		A	106	106	0	1.0	0.0	1.0	Soluble cytochrome b562	E1_not_chimeric_single_uniprot;E8_target_modelled=0<80;E9_target_disorder=1.00>0.2
7N4G_1	7N4G	BRIL		False	X-RAY DIFFRACTION	1.93		A	106	106	0	1.0	0.0	1.0	Soluble cytochrome b562	E1_not_chimeric_single_uniprot;E8_target_modelled=0<80;E9_target_disorder=1.00>0.2
7VOD_1	7VOD	BRIL	P28223	True	X-RAY DIFFRACTION	3.3	INTERNAL_INSERTION	A	376	81	274	1.0	0.0	0.0453	5-hydroxytryptamine receptor 2A,Soluble cytochrome b562	
7W0L_4	7W0L	BRIL	P35414	False	ELECTRON MICROSCOPY	3.57	TERMINAL_N	Q	477	0	297	1.0	1.0	0.0973	Soluble cytochrome b562,Apelin receptor	E3_resolution=3.57>3.5;E7_fusion_modelled=0<50;E9_fusion_disorder=1.00>0.2
7W0M_4	7W0M	BRIL	P35414	False	ELECTRON MICROSCOPY	3.71	TERMINAL_N	R	477	0	290	1.0	1.0	0.1185	Soluble cytochrome b562,Apelin receptor	E3_resolution=3.71>3.5;E7_fusion_modelled=0<50;E9_fusion_disorder=1.00>0.2
7W0N_4	7W0N	BRIL	P35414	False	ELECTRON MICROSCOPY	4.21	TERMINAL_N	Q	477	0	297	1.0	1.0	0.0973	Soluble cytochrome b562,Apelin receptor	E3_resolution=4.21>3.5;E7_fusion_modelled=0<50;E9_fusion_disorder=1.00>0.2
7VOE_1	7VOE	BRIL	P28223	True	X-RAY DIFFRACTION	2.9	INTERNAL_INSERTION	A	376	81	274	0.9972	0.0	0.0453	5-hydroxytryptamine receptor 2A,Soluble cytochrome b562	
7TX7_1	7TX7	BRIL	P41440	False	ELECTRON MICROSCOPY	3.8	INTERNAL_INSERTION	A	678	0	397	1.0	1.0	0.2973	Reduced folate transporter,Soluble cytochrome b562	E3_resolution=3.80>3.5;E7_fusion_modelled=0<50;E9_fusion_disorder=1.00>0.2;E9_target_disorder=0.30>0.2
7TX6_1	7TX6	BRIL	P41440	False	ELECTRON MICROSCOPY	3.3	INTERNAL_INSERTION	A	678	0	398	1.0	1.0	0.2956	Reduced folate transporter,Soluble cytochrome b562	E7_fusion_modelled=0<50;E9_fusion_disorder=1.00>0.2;E9_target_disorder=0.30>0.2
7TEP_1	7TEP	BRIL		False	X-RAY DIFFRACTION	2.7		A	106	106	0	1.0	0.0	1.0	Soluble cytochrome b562	E1_not_chimeric_single_uniprot;E8_target_modelled=0<80;E9_target_disorder=1.00>0.2
7T32_1	7T32	BRIL	P29274	True	ELECTRON MICROSCOPY	3.4	INTERNAL_INSERTION	A	391	90	285	1.0	0.1509	0.0	Adenosine receptor A2a/Soluble cytochrome b562 Fusion Protein	
7T2G_4	7T2G	BRIL	P42866	False	ELECTRON MICROSCOPY	2.5	TERMINAL_N	R	488	0	280	0.9722	1.0	0.1411	Soluble cytochrome b562,Mu-type opioid receptor	E7_fusion_modelled=0<50;E9_fusion_disorder=1.00>0.2
7SU2_1	7SU2	BRIL		False	X-RAY DIFFRACTION	2.0		A	106	106	0	1.0	0.0	1.0	Soluble cytochrome b562	E1_not_chimeric_single_uniprot;E8_target_modelled=0<80;E9_target_disorder=1.00>0.2
7SQ0_2	7SQ0	BRIL	P25385	False	ELECTRON MICROSCOPY	3.7	TERMINAL_N	C	139	3	19	1.0	0.9717	0.0	TMD of the tail-anchored protein Bos1	E3_resolution=3.70>3.5;E7_fusion_modelled=3<50;E8_target_modelled=19<80;E9_fusion_disorder=0.97>0.2
7SBF_5	7SBF	BRIL	P42866	False	ELECTRON MICROSCOPY	2.9	TERMINAL_N	R	488	0	273	0.9715	1.0	0.1626	Soluble cytochrome b562, Mu-type opioid receptor chimera,Mu-type opioid receptor	E7_fusion_modelled=0<50;E9_fusion_disorder=1.00>0.2
7S8P_5	7S8P	BRIL	Q96LA9	False	ELECTRON MICROSCOPY	2.6	TERMINAL_N	R	472	0	247	1.0	1.0	0.2305	Soluble cytochrome b562,Mas-related G-protein coupled receptor member X4 chimera	E7_fusion_modelled=0<50;E9_fusion_disorder=1.00>0.2;E9_target_disorder=0.23>0.2
7S8O_1	7S8O	BRIL	Q96LB1	False	ELECTRON MICROSCOPY	2.58	TERMINAL_N	R	480	0	257	1.0	1.0	0.2188	Soluble cytochrome b562,Mas-related G-protein coupled receptor member X2 chimera	E7_fusion_modelled=0<50;E9_fusion_disorder=1.00>0.2;E9_target_disorder=0.22>0.2
7S8M_5	7S8M	BRIL	Q96LB1	False	ELECTRON MICROSCOPY	2.54	TERMINAL_N	R	480	0	253	1.0	1.0	0.231	Soluble cytochrome b562, Mas-related G-protein coupled receptor member X2 chimera	E7_fusion_modelled=0<50;E9_fusion_disorder=1.00>0.2;E9_target_disorder=0.23>0.2
7RWY_1	7RWY	BRIL		False	X-RAY DIFFRACTION	2.2		A	106	106	0	1.0	0.0	1.0	Soluble cytochrome b562	E1_not_chimeric_single_uniprot;E8_target_modelled=0<80;E9_target_disorder=1.00>0.2
7RWX_1	7RWX	BRIL		False	X-RAY DIFFRACTION	1.6		A	106	106	0	1.0	0.0	1.0	Soluble cytochrome b562	E1_not_chimeric_single_uniprot;E8_target_modelled=0<80;E9_target_disorder=1.00>0.2
7RWW_1	7RWW	BRIL		False	X-RAY DIFFRACTION	1.7		A	106	106	0	1.0	0.0	1.0	Soluble cytochrome b562	E1_not_chimeric_single_uniprot;E8_target_modelled=0<80;E9_target_disorder=1.00>0.2
7RWV_1	7RWV	BRIL		False	X-RAY DIFFRACTION	2.2		A	106	106	0	1.0	0.0	1.0	Soluble cytochrome b562	E1_not_chimeric_single_uniprot;E8_target_modelled=0<80;E9_target_disorder=1.00>0.2
7RWU_1	7RWU	BRIL		False	X-RAY DIFFRACTION	1.8		A	106	106	0	1.0	0.0	1.0	Soluble cytochrome b562	E1_not_chimeric_single_uniprot;E8_target_modelled=0<80;E9_target_disorder=1.00>0.2
7RM5_1	7RM5	BRIL	P29274	True	ELECTRON CRYSTALLOGRAPHY	2.79	INTERNAL_INSERTION	A	447	91	296	0.9923	0.1415	0.0295	Adenosine receptor A2a/Soluble cytochrome b562 chimera	
7PYR_1	7PYR	BRIL	P29274	True	X-RAY DIFFRACTION	2.6	INTERNAL_INSERTION	A	447	92	294	0.9897	0.1321	0.0361	Adenosine receptor A2a,Soluble cytochrome b562,Adenosine receptor A2a	
7PX4_1	7PX4	BRIL	P29274	True	X-RAY DIFFRACTION	2.25	INTERNAL_INSERTION	A	447	92	294	0.9897	0.1321	0.0361	Adenosine receptor A2a,Soluble cytochrome b562,Adenosine receptor A2a	
7PP1_1	7PP1	BRIL	Q9H244	False	X-RAY DIFFRACTION	2.78	INTERNAL_INSERTION	AAA	466	96	267	1.0	0.0943	0.217	P2Y purinoceptor 12,Soluble cytochrome b562,P2Y purinoceptor 12	E9_target_disorder=0.22>0.2
7XTC_5	7XTC	BRIL	P34969	False	ELECTRON MICROSCOPY	3.2	TERMINAL_N	R	576	0	275	1.0	1.0	0.3619	Soluble cytochrome b562,5-hydroxytryptamine receptor 7	E7_fusion_modelled=0<50;E9_fusion_disorder=1.00>0.2;E9_target_disorder=0.36>0.2
7XTB_5	7XTB	BRIL	P50406	False	ELECTRON MICROSCOPY	3.3	TERMINAL_N	R	584	0	278	1.0	1.0	0.3667	Soluble cytochrome b562,5-hydroxytryptamine receptor 6	E7_fusion_modelled=0<50;E9_fusion_disorder=1.00>0.2;E9_target_disorder=0.37>0.2
7XTA_5	7XTA	BRIL	Q13639	False	ELECTRON MICROSCOPY	3.2	TERMINAL_N	R	527	0	283	1.0	1.0	0.2687	Soluble cytochrome b562,5-hydroxytryptamine receptor 4	E7_fusion_modelled=0<50;E9_fusion_disorder=1.00>0.2;E9_target_disorder=0.27>0.2
7XT9_4	7XT9	BRIL	Q13639	False	ELECTRON MICROSCOPY	3.2	TERMINAL_N	R	527	0	294	1.0	1.0	0.2403	Soluble cytochrome b562,5-hydroxytryptamine receptor 4	E7_fusion_modelled=0<50;E9_fusion_disorder=1.00>0.2;E9_target_disorder=0.24>0.2
7XT8_5	7XT8	BRIL	Q13639	False	ELECTRON MICROSCOPY	3.1	TERMINAL_N	R	527	0	294	1.0	1.0	0.2403	Soluble cytochrome b562,5-hydroxytryptamine receptor 4	E7_fusion_modelled=0<50;E9_fusion_disorder=1.00>0.2;E9_target_disorder=0.24>0.2
7XRZ_3	7XRZ	BRIL		False	X-RAY DIFFRACTION	2.1		X	106	104	0	1.0	0.0095	1.0	Soluble cytochrome b562	E1_not_chimeric_single_uniprot;E8_target_modelled=0<80;E9_target_disorder=1.00>0.2
7XKT_1	7XKT	BRIL	Q9UKL4	False	ELECTRON MICROSCOPY	2.2	INTERNAL_INSERTION	A	358	0	166	1.0	1.0	0.314	Gap junction delta-2 protein,Soluble cytochrome b562	E7_fusion_modelled=0<50;E9_fusion_disorder=1.00>0.2;E9_target_disorder=0.31>0.2
7XKI_1	7XKI	BRIL	Q9UKL4	False	ELECTRON MICROSCOPY	3.4	INTERNAL_INSERTION	A	343	0	166	1.0	1.0	0.2687	Gap junction delta-2 protein,Soluble cytochrome b562	E7_fusion_modelled=0<50;E9_fusion_disorder=1.00>0.2;E9_target_disorder=0.27>0.2
7XAY_1	7XAY	BRIL	Q12341	False	X-RAY DIFFRACTION	3.3	TERMINAL_N	A	416	2	308	0.9968	0.981	0.0065	Soluble cytochrome b562,Histone acetyltransferase type B catalytic subunit	E7_fusion_modelled=2<50;E9_fusion_disorder=0.98>0.2
7X5H_5	7X5H	BRIL	P47898	False	ELECTRON MICROSCOPY	3.1	TERMINAL_N	R	690	0	274	1.0	1.0	0.2303	Soluble cytochrome b562,5-hydroxytryptamine receptor 5A,hydroxytryptamine receptor 5A	E7_fusion_modelled=0<50;E9_fusion_disorder=1.00>0.2;E9_target_disorder=0.23>0.2
7WVY_2	7WVY	BRIL	P25090	False	ELECTRON MICROSCOPY	3.0	TERMINAL_N	R	513	0	298	1.0	1.0	0.1387	Soluble cytochrome b562,N-formyl peptide receptor 2	E7_fusion_modelled=0<50;E9_fusion_disorder=1.00>0.2
7WVX_2	7WVX	BRIL	P25090	False	ELECTRON MICROSCOPY	2.8	TERMINAL_N	R	513	0	299	1.0	1.0	0.1358	Soluble cytochrome b562,N-formyl peptide receptor 2	E7_fusion_modelled=0<50;E9_fusion_disorder=1.00>0.2
7WVW_2	7WVW	BRIL	P25090	False	ELECTRON MICROSCOPY	3.1	TERMINAL_N	R	513	0	299	1.0	1.0	0.1358	Soluble cytochrome b562,N-formyl peptide receptor 2	E7_fusion_modelled=0<50;E9_fusion_disorder=1.00>0.2
7WVV_2	7WVV	BRIL	P25090	False	ELECTRON MICROSCOPY	2.9	TERMINAL_N	R	513	0	298	1.0	1.0	0.1387	Soluble cytochrome b562,N-formyl peptide receptor 2	E7_fusion_modelled=0<50;E9_fusion_disorder=1.00>0.2
7WJ5_5	7WJ5	BRIL	P30874	False	ELECTRON MICROSCOPY	3.72	TERMINAL_N	R	518	0	282	1.0	1.0	0.2358	Soluble cytochrome b562,Somatostatin receptor type 2	E3_resolution=3.72>3.5;E7_fusion_modelled=0<50;E9_fusion_disorder=1.00>0.2;E9_target_disorder=0.24>0.2
7WC9_1	7WC9	BRIL	P28223	True	X-RAY DIFFRACTION	2.5	INTERNAL_INSERTION	A	376	80	278	1.0	0.0361	0.0512	5-hydroxytryptamine receptor 2A,5-hydroxytryptamine receptor 2A,Soluble cytochrome b562	
7WC8_1	7WC8	BRIL	P28223	True	X-RAY DIFFRACTION	2.45	INTERNAL_INSERTION	A	376	80	280	1.0	0.0361	0.0444	5-hydroxytryptamine receptor 2A,5-hydroxytryptamine receptor 2A,Soluble cytochrome b562	
7WC7_1	7WC7	BRIL	P28223	True	X-RAY DIFFRACTION	2.6	INTERNAL_INSERTION	A	376	80	278	1.0	0.0361	0.0512	5-hydroxytryptamine receptor 2A,5-hydroxytryptamine receptor 2A,Soluble cytochrome b562	
7WC6_1	7WC6	BRIL	P28223	True	X-RAY DIFFRACTION	2.6	INTERNAL_INSERTION	A	376	80	275	1.0	0.0361	0.0614	5-hydroxytryptamine receptor 2A,Soluble cytochrome b562	
7W57_6	7W57	BRIL	Q9GZQ4	False	ELECTRON MICROSCOPY	3.2	TERMINAL_N	R	571	0	297	1.0	1.0	0.2843	Neuromedin-U receptor 2	E7_fusion_modelled=0<50;E9_fusion_disorder=1.00>0.2;E9_target_disorder=0.28>0.2
7W56_6	7W56	BRIL	Q9HB89	False	ELECTRON MICROSCOPY	2.9	TERMINAL_N	R	755	0	276	1.0	1.0	0.3521	Neuromedin U Receptor 1	E7_fusion_modelled=0<50;E9_fusion_disorder=1.00>0.2;E9_target_disorder=0.35>0.2
7W55_6	7W55	BRIL	Q9GZQ4	False	ELECTRON MICROSCOPY	2.8	TERMINAL_N	R	571	0	303	1.0	1.0	0.2699	Neuromedin-U receptor 2	E7_fusion_modelled=0<50;E9_fusion_disorder=1.00>0.2;E9_target_disorder=0.27>0.2
7W53_6	7W53	BRIL	Q9HB89	False	ELECTRON MICROSCOPY	3.2	TERMINAL_N	R	755	0	264	1.0	1.0	0.3803	Neuromedin-U receptor 1	E7_fusion_modelled=0<50;E9_fusion_disorder=1.00>0.2;E9_target_disorder=0.38>0.2
7W0P_4	7W0P	BRIL	P35414	False	ELECTRON MICROSCOPY	3.16	TERMINAL_N	R	477	0	292	1.0	1.0	0.1125	Soluble cytochrome b562,Apelin receptor	E7_fusion_modelled=0<50;E9_fusion_disorder=1.00>0.2
7W0O_5	7W0O	BRIL	P35414	False	ELECTRON MICROSCOPY	3.78	TERMINAL_N	R	477	0	293	1.0	1.0	0.1094	Soluble cytochrome b562,Apelin receptor	E3_resolution=3.78>3.5;E7_fusion_modelled=0<50;E9_fusion_disorder=1.00>0.2
7ZI0_1	7ZI0	BRIL	Q99835	True	X-RAY DIFFRACTION	3.0	INTERNAL_INSERTION	A	638	98	482	0.9781	0.0667	0.0549	Smoothened homolog,Soluble cytochrome b562	
8C9W_1	8C9W	BRIL	P29274	True	X-RAY DIFFRACTION	2.114	INTERNAL_INSERTION	A	431	88	296	0.9922	0.1698	0.0295	Adenosine receptor A2a,Soluble cytochrome b562	
8CIC_1	8CIC	BRIL	P29274	True	X-RAY DIFFRACTION	2.102	INTERNAL_INSERTION	A	433	89	294	0.9922	0.1604	0.0392	Adenosine receptor A2a,Soluble cytochrome b562	
8CU6_1	8CU6	BRIL	P29274	True	X-RAY DIFFRACTION	2.8	INTERNAL_INSERTION	A	447	93	297	0.9924	0.1143	0.0262	Adenosine receptor A2a,Soluble cytochrome b562	
8DR8_1	8DR8	BRIL	Q80WG5	False	ELECTRON MICROSCOPY	3.04	INTERNAL_INSERTION	A	911	0	319	1.0	1.0	0.5967	Volume-regulated anion channel subunit LRRC8A,Soluble cytochrome b562	E7_fusion_modelled=0<50;E9_fusion_disorder=1.00>0.2;E9_target_disorder=0.60>0.2
8DJM_3	8DJM	BRIL		False	ELECTRON MICROSCOPY	3.23		C	120	103	0	0.8583	0.0	1.0	Soluble cytochrome b562	E1_not_chimeric_single_uniprot;E8_target_modelled=0<80;E9_target_disorder=1.00>0.2
8DJK_3	8DJK	BRIL		False	ELECTRON MICROSCOPY	3.33		C	120	103	0	0.8583	0.0	1.0	Soluble cytochrome b562	E1_not_chimeric_single_uniprot;E8_target_modelled=0<80;E9_target_disorder=1.00>0.2
8DEP_1	8DEP	BRIL	P41440	False	ELECTRON MICROSCOPY	3.6	INTERNAL_INSERTION	A	678	0	398	1.0	1.0	0.2956	Reduced folate transporter,Soluble cytochrome b562	E3_resolution=3.60>3.5;E7_fusion_modelled=0<50;E9_fusion_disorder=1.00>0.2;E9_target_disorder=0.30>0.2
8DEN_1	8DEN	BRIL		False	X-RAY DIFFRACTION	1.69		A	106	106	0	1.0	0.0	1.0	Soluble cytochrome b562	E1_not_chimeric_single_uniprot;E8_target_modelled=0<80;E9_target_disorder=1.00>0.2
8CU7_1	8CU7	BRIL	P29274	True	X-RAY DIFFRACTION	2.05	INTERNAL_INSERTION	A	447	93	297	0.9848	0.1143	0.0262	Adenosine receptor A2a,Soluble cytochrome b562	
8A2P_1	8A2P	BRIL	P29274	True	X-RAY DIFFRACTION	3.5	INTERNAL_INSERTION	A	423	90	294	0.9948	0.1509	0.0361	Adenosine receptor A2a,Soluble cytochrome b562	
8A2O_1	8A2O	BRIL	P29274	True	X-RAY DIFFRACTION	3.45	INTERNAL_INSERTION	A	423	90	294	0.9948	0.1509	0.0361	Adenosine receptor A2a,Soluble cytochrome b562	
7ZLY_1	7ZLY	BRIL	Q8TDS4	True	X-RAY DIFFRACTION	2.7	INTERNAL_INSERTION	A	431	93	300	0.9975	0.1143	0.0769	Hydroxycarboxylic acid receptor 2,Soluble cytochrome b562	
7ZL9_1	7ZL9	BRIL	Q8TDS4	True	X-RAY DIFFRACTION	2.7	TERMINAL_C	A	431	98	300	1.0	0.0755	0.0769	Hydroxycarboxylic acid receptor 2,Soluble cytochrome b562	
7YXA_1	7YXA	BRIL	Q9H228	True	X-RAY DIFFRACTION	2.2	INTERNAL_INSERTION	A	458	87	285	0.992	0.1792	0.0625	Sphingosine 1-phosphate receptor 5,Soluble cytochrome b562	
7YIT_3	7YIT	BRIL		False	X-RAY DIFFRACTION	3.3		E	109	79	0	0.9634	0.2476	1.0	Soluble cytochrome b562	E1_not_chimeric_single_uniprot;E8_target_modelled=0<80;E9_fusion_disorder=0.25>0.2;E9_target_disorder=1.00>0.2
7Y15_4	7Y15	BRIL	Q8TDS7	False	ELECTRON MICROSCOPY	2.9	TERMINAL_N	R	446	0	264	1.0	1.0	0.1672	Soluble cytochrome b562,Mas-related G-protein coupled receptor member D	E7_fusion_modelled=0<50;E9_fusion_disorder=1.00>0.2
7Y14_1	7Y14	BRIL	Q8TDS7	False	ELECTRON MICROSCOPY	3.2	TERMINAL_N	R	446	0	264	1.0	1.0	0.1672	Soluble cytochrome b562,Mas-related G-protein coupled receptor member D	E7_fusion_modelled=0<50;E9_fusion_disorder=1.00>0.2
7Y13_1	7Y13	BRIL	Q8TDS7	False	ELECTRON MICROSCOPY	3.1	TERMINAL_N	R	446	0	264	1.0	1.0	0.1672	Soluble cytochrome b562,Mas-related G-protein coupled receptor member D	E7_fusion_modelled=0<50;E9_fusion_disorder=1.00>0.2
7Y12_4	7Y12	BRIL	Q8TDS7	False	ELECTRON MICROSCOPY	3.1	TERMINAL_N	R	446	0	264	1.0	1.0	0.1672	Soluble cytochrome b562,Mas-related G-protein coupled receptor member D	E7_fusion_modelled=0<50;E9_fusion_disorder=1.00>0.2
7XZ6_5	7XZ6	BRIL	Q8TDV5	False	ELECTRON MICROSCOPY	2.8	TERMINAL_N	R	485	0	292	1.0	1.0	0.1284	Soluble cytochrome b562,Glucose-dependent insulinotropic receptor	E7_fusion_modelled=0<50;E9_fusion_disorder=1.00>0.2
7XZ5_5	7XZ5	BRIL	Q8TDV5	False	ELECTRON MICROSCOPY	3.1	TERMINAL_N	R	485	0	292	1.0	1.0	0.1284	Soluble cytochrome b562,Glucose-dependent insulinotropic receptor	E7_fusion_modelled=0<50;E9_fusion_disorder=1.00>0.2
7XY7_4	7XY7	BRIL	P29275	False	ELECTRON MICROSCOPY	3.26	TERMINAL_N	R	628	0	283	1.0	1.0	0.145	Soluble cytochrome b562,Adenosine receptor A2b,LgBiT	E7_fusion_modelled=0<50;E9_fusion_disorder=1.00>0.2
7XY6_4	7XY6	BRIL	P29275	False	ELECTRON MICROSCOPY	2.99	TERMINAL_N	R	628	0	286	1.0	1.0	0.136	Soluble cytochrome b562,Adenosine receptor A2b,LgBiT	E7_fusion_modelled=0<50;E9_fusion_disorder=1.00>0.2
7XWO_1	7XWO	BRIL	P21452	False	ELECTRON MICROSCOPY	2.7	TERMINAL_N	B	505	0	272	1.0	1.0	0.2116	Soluble cytochrome b562,Substance-K receptor	E7_fusion_modelled=0<50;E9_fusion_disorder=1.00>0.2;E9_target_disorder=0.21>0.2
8FDO_3	8FDO	BRIL		False	X-RAY DIFFRACTION	2.2		C	145	105	0	0.9633	0.0	1.0	FP15	E1_not_chimeric_single_uniprot;E8_target_modelled=0<80;E9_target_disorder=1.00>0.2
8F7J_1	8F7J	BRIL	Q80WG5	False	ELECTRON MICROSCOPY	4.32	INTERNAL_INSERTION	E	911	0	407	1.0	1.0	0.4893	Volume-regulated anion channel subunit LRRC8A,Soluble cytochrome b562	E3_resolution=4.32>3.5;E7_fusion_modelled=0<50;E9_fusion_disorder=1.00>0.2;E9_target_disorder=0.49>0.2
8F7E_1	8F7E	BRIL	Q80WG5	False	ELECTRON MICROSCOPY	4.13	INTERNAL_INSERTION	B	911	0	407	1.0	1.0	0.4893	Volume-regulated anion channel subunit LRRC8A,Soluble cytochrome b562	E3_resolution=4.13>3.5;E7_fusion_modelled=0<50;E9_fusion_disorder=1.00>0.2;E9_target_disorder=0.49>0.2
8F7D_1	8F7D	BRIL	Q80WG5	False	ELECTRON MICROSCOPY	4.2	INTERNAL_INSERTION	A	911	0	407	1.0	1.0	0.4893	Volume-regulated anion channel subunit LRRC8A,Soluble cytochrome b562	E3_resolution=4.20>3.5;E7_fusion_modelled=0<50;E9_fusion_disorder=1.00>0.2;E9_target_disorder=0.49>0.2
8F7C_1	8F7C	BRIL	Q96RD6	False	ELECTRON MICROSCOPY	3.92	TERMINAL_C	A	487	0	287	1.0	1.0	0.2285	Pannexin-2, Soluble cytochrome b562 fusion	E3_resolution=3.92>3.5;E7_fusion_modelled=0<50;E9_fusion_disorder=1.00>0.2;E9_target_disorder=0.23>0.2
8F7B_1	8F7B	BRIL	Q80WG5	False	ELECTRON MICROSCOPY	3.15	INTERNAL_INSERTION	A	911	0	319	1.0	1.0	0.5997	Volume-regulated anion channel subunit LRRC8A,Soluble cytochrome b562	E7_fusion_modelled=0<50;E9_fusion_disorder=1.00>0.2;E9_target_disorder=0.60>0.2
8F79_1	8F79	BRIL	Q80WG5	False	ELECTRON MICROSCOPY	3.15	INTERNAL_INSERTION	A	911	0	717	1.0	1.0	0.1004	Volume-regulated anion channel subunit LRRC8A,Soluble cytochrome b562	E7_fusion_modelled=0<50;E9_fusion_disorder=1.00>0.2
8F77_1	8F77	BRIL	Q80WG5	False	ELECTRON MICROSCOPY	3.15	INTERNAL_INSERTION	A	911	0	717	1.0	1.0	0.1004	Volume-regulated anion channel subunit LRRC8A,Soluble cytochrome b562	E7_fusion_modelled=0<50;E9_fusion_disorder=1.00>0.2
8F74_1	8F74	BRIL	Q80WG5	False	ELECTRON MICROSCOPY	3.1	INTERNAL_INSERTION	A	911	0	319	1.0	1.0	0.5987	Volume-regulated anion channel subunit LRRC8A,Soluble cytochrome b562	E7_fusion_modelled=0<50;E9_fusion_disorder=1.00>0.2;E9_target_disorder=0.60>0.2
8DU3_1	8DU3	BRIL	P29274	True	X-RAY DIFFRACTION	2.5	INTERNAL_INSERTION	A	447	93	295	0.9949	0.1226	0.0328	Adenosine receptor A2a, soluble cytochrome b562 chimera,Soluble cytochrome b562,Adenosine receptor A2a	
8DSA_1	8DSA	BRIL	Q80WG5	False	ELECTRON MICROSCOPY	3.48	INTERNAL_INSERTION	A	911	0	197	1.0	1.0	0.7509	Volume-regulated anion channel subunit LRRC8A,Soluble cytochrome b562	E7_fusion_modelled=0<50;E9_fusion_disorder=1.00>0.2;E9_target_disorder=0.75>0.2
8DS9_1	8DS9	BRIL	Q80WG5	False	ELECTRON MICROSCOPY	3.17	INTERNAL_INSERTION	A	911	0	197	1.0	1.0	0.7509	Volume-regulated anion channel subunit LRRC8A,Soluble cytochrome b562	E7_fusion_modelled=0<50;E9_fusion_disorder=1.00>0.2;E9_target_disorder=0.75>0.2
8DS3_1	8DS3	BRIL	Q80WG5	False	ELECTRON MICROSCOPY	3.07	INTERNAL_INSERTION	A	911	0	717	1.0	1.0	0.0936	Volume-regulated anion channel subunit LRRC8A,Soluble cytochrome b562	E7_fusion_modelled=0<50;E9_fusion_disorder=1.00>0.2
8DRQ_1	8DRQ	BRIL	Q80WG5	False	ELECTRON MICROSCOPY	4.16	INTERNAL_INSERTION	E	911	0	407	1.0	1.0	0.4855	Volume-regulated anion channel subunit LRRC8A,Soluble cytochrome b562	E3_resolution=4.16>3.5;E7_fusion_modelled=0<50;E9_fusion_disorder=1.00>0.2;E9_target_disorder=0.49>0.2
8DRO_1	8DRO	BRIL	Q80WG5	False	ELECTRON MICROSCOPY	4.06	INTERNAL_INSERTION	B	911	0	407	1.0	1.0	0.4855	Volume-regulated anion channel subunit LRRC8A,Soluble cytochrome b562	E3_resolution=4.06>3.5;E7_fusion_modelled=0<50;E9_fusion_disorder=1.00>0.2;E9_target_disorder=0.49>0.2
8DRN_1	8DRN	BRIL	Q80WG5	False	ELECTRON MICROSCOPY	4.12	INTERNAL_INSERTION	A	911	0	407	1.0	1.0	0.4855	Volume-regulated anion channel subunit LRRC8A,Soluble cytochrome b562	E3_resolution=4.12>3.5;E7_fusion_modelled=0<50;E9_fusion_disorder=1.00>0.2;E9_target_disorder=0.49>0.2
8DRM_1	8DRM	BRIL		False	X-RAY DIFFRACTION	1.55		A	106	106	0	1.0	0.0	1.0	Soluble cytochrome b562	E1_not_chimeric_single_uniprot;E8_target_modelled=0<80;E9_target_disorder=1.00>0.2
8DRL_1	8DRL	BRIL		False	X-RAY DIFFRACTION	1.65		A	106	106	0	1.0	0.0	1.0	Soluble cytochrome b562	E1_not_chimeric_single_uniprot;E8_target_modelled=0<80;E9_target_disorder=1.00>0.2
8DRK_1	8DRK	BRIL	Q80WG5	False	ELECTRON MICROSCOPY	2.95	INTERNAL_INSERTION	A	911	0	319	1.0	1.0	0.5967	Volume-regulated anion channel subunit LRRC8A,Soluble cytochrome b562	E7_fusion_modelled=0<50;E9_fusion_disorder=1.00>0.2;E9_target_disorder=0.60>0.2
8DRJ_2	8DRJ	BRIL		False	X-RAY DIFFRACTION	2.4		A	106	106	0	1.0	0.0	1.0	Soluble cytochrome b562	E1_not_chimeric_single_uniprot;E8_target_modelled=0<80;E9_target_disorder=1.00>0.2
8DRJ_1	8DRJ	BRIL		False	X-RAY DIFFRACTION	2.4		C	106	106	0	1.0	0.0	1.0	Soluble cytochrome b562	E1_not_chimeric_single_uniprot;E8_target_modelled=0<80;E9_target_disorder=1.00>0.2
8DRF_1	8DRF	BRIL		False	X-RAY DIFFRACTION	1.7		A	106	106	0	1.0	0.0	1.0	Soluble cytochrome b562	E1_not_chimeric_single_uniprot;E8_target_modelled=0<80;E9_target_disorder=1.00>0.2
8DRE_1	8DRE	BRIL	Q80WG5	False	ELECTRON MICROSCOPY	3.18	INTERNAL_INSERTION	A	911	0	717	1.0	1.0	0.0936	Volume-regulated anion channel subunit LRRC8A,Soluble cytochrome b562	E7_fusion_modelled=0<50;E9_fusion_disorder=1.00>0.2
8DRD_1	8DRD	BRIL		False	X-RAY DIFFRACTION	1.89		A	106	106	0	1.0	0.0	1.0	Soluble cytochrome b562	E1_not_chimeric_single_uniprot;E8_target_modelled=0<80;E9_target_disorder=1.00>0.2
8DRA_1	8DRA	BRIL	Q80WG5	False	ELECTRON MICROSCOPY	3.98	INTERNAL_INSERTION	A	911	0	407	1.0	1.0	0.4855	Volume-regulated anion channel subunit LRRC8A,Soluble cytochrome b562	E3_resolution=3.98>3.5;E7_fusion_modelled=0<50;E9_fusion_disorder=1.00>0.2;E9_target_disorder=0.49>0.2
8FY8_4	8FY8	BRIL	P08908	False	ELECTRON MICROSCOPY	2.79	TERMINAL_N	R	552	0	286	1.0	1.0	0.2796	Soluble cytochrome b562,5-hydroxytryptamine receptor 1A,5-hydroxytryptamine receptor 1A	E7_fusion_modelled=0<50;E9_fusion_disorder=1.00>0.2;E9_target_disorder=0.28>0.2
8FYE_4	8FYE	BRIL	P08908	False	ELECTRON MICROSCOPY	2.85	TERMINAL_N	R	552	0	286	1.0	1.0	0.2796	Soluble cytochrome b562,5-hydroxytryptamine receptor 1A,5-hydroxytryptamine receptor 1A	E7_fusion_modelled=0<50;E9_fusion_disorder=1.00>0.2;E9_target_disorder=0.28>0.2
8FYL_4	8FYL	BRIL	P08908	False	ELECTRON MICROSCOPY	2.94	TERMINAL_N	R	552	0	286	1.0	1.0	0.2796	Soluble cytochrome b562,5-hydroxytryptamine receptor 1A,5-hydroxytryptamine receptor 1A	E7_fusion_modelled=0<50;E9_fusion_disorder=1.00>0.2;E9_target_disorder=0.28>0.2
8FYN_1	8FYN	BRIL	P29274	True	ELECTRON CRYSTALLOGRAPHY	2.0	INTERNAL_INSERTION	A	447	90	297	0.9923	0.1429	0.0294	Adenosine receptor A2a,Soluble cytochrome b562	
8FYT_1	8FYT	BRIL	P08908	False	ELECTRON MICROSCOPY	2.64	TERMINAL_N	R	552	0	286	1.0	1.0	0.2796	Soluble cytochrome b562,5-hydroxytryptamine receptor 1A,5-hydroxytryptamine receptor 1A	E7_fusion_modelled=0<50;E9_fusion_disorder=1.00>0.2;E9_target_disorder=0.28>0.2
8FYX_4	8FYX	BRIL	P08908	False	ELECTRON MICROSCOPY	2.62	TERMINAL_N	R	552	0	286	1.0	1.0	0.2796	Soluble cytochrome b562,5-hydroxytryptamine receptor 1A,5-hydroxytryptamine receptor 1A	E7_fusion_modelled=0<50;E9_fusion_disorder=1.00>0.2;E9_target_disorder=0.28>0.2
8GNE_1	8GNE	BRIL	P29274	True	X-RAY DIFFRACTION	2.3	INTERNAL_INSERTION	A	431	90	298	0.9923	0.1509	0.023	Adenosine receptor A2a,Soluble cytochrome b562	
8GY7_6	8GY7	BRIL	Q01718	False	ELECTRON MICROSCOPY	3.3	TERMINAL_N	R	601	0	274	1.0	1.0	0.0743	Soluble cytochrome b562,Adrenocorticotropic hormone receptor,melanocortin-2 receptor,Adrenocorticotropic hormone receptor,Adrenocorticotropic hormone receptor	E7_fusion_modelled=0<50;E9_fusion_disorder=1.00>0.2
8H2G_1	8H2G	BRIL	Q8TDS4	False	ELECTRON MICROSCOPY	3.01	TERMINAL_N	A	476	0	291	1.0	1.0	0.1983	Hydroxy-carboxylic acid receptor 2	E7_fusion_modelled=0<50;E9_fusion_disorder=1.00>0.2
8HII_1	8HII	BRIL	P41440	False	ELECTRON MICROSCOPY	3.57	TERMINAL_N	A	683	105	392	0.998	0.0	0.3099	BRIL-SLC19A1 chimera	E3_resolution=3.57>3.5;E9_target_disorder=0.31>0.2
8HIJ_1	8HIJ	BRIL	P41440	False	ELECTRON MICROSCOPY	3.54	TERMINAL_N	A	683	105	392	0.998	0.0	0.3099	BRIL-SLC19A1 chimera	E3_resolution=3.54>3.5;E9_target_disorder=0.31>0.2
8HIK_1	8HIK	BRIL	P41440	False	ELECTRON MICROSCOPY	3.72	TERMINAL_N	A	683	105	392	0.998	0.0	0.3099	BRIL-SLC19A1 chimera	E3_resolution=3.72>3.5;E9_target_disorder=0.31>0.2
8HJ5_5	8HJ5	BRIL	Q96LB2	False	ELECTRON MICROSCOPY	3.0	TERMINAL_N	F	637	0	252	1.0	1.0	0.2174	Soluble cytochrome b562,Mas-related G-protein coupled receptor member X1,LgBit	E7_fusion_modelled=0<50;E9_fusion_disorder=1.00>0.2;E9_target_disorder=0.22>0.2
8HN8_4	8HN8	BRIL	Q9H3N8	False	ELECTRON MICROSCOPY	3.0	TERMINAL_N	R	549	0	276	1.0	1.0	0.2868	Soluble cytochrome b562, Histamine H4 receptor fusion	E7_fusion_modelled=0<50;E9_fusion_disorder=1.00>0.2;E9_target_disorder=0.29>0.2
8HNK_4	8HNK	BRIL		False	ELECTRON MICROSCOPY	3.01		R	657	0	0	0.0	1.0	1.0	Soluble cytochrome b562,C-X-C chemokine receptor type 3,Oplophorus-luciferin 2-monooxygenase catalytic subunit	E1_multi_uniprot_n=3;E6_align_coverage=0.00<0.8;E7_fusion_modelled=0<50;E8_target_modelled=0<80;E9_fusion_disorder=1.00>0.2;E9_target_disorder=1.00>0.2
8HNL_4	8HNL	BRIL		False	ELECTRON MICROSCOPY	2.98		R	657	0	0	0.0	1.0	1.0	Soluble cytochrome b562,C-X-C chemokine receptor type 3,Oplophorus-luciferin 2-monooxygenase catalytic subunit	E1_multi_uniprot_n=3;E6_align_coverage=0.00<0.8;E7_fusion_modelled=0<50;E8_target_modelled=0<80;E9_fusion_disorder=1.00>0.2;E9_target_disorder=1.00>0.2
8HNM_4	8HNM	BRIL		False	ELECTRON MICROSCOPY	2.94		R	657	0	0	0.0	1.0	1.0	Soluble cytochrome b562,C-X-C chemokine receptor type 3,Oplophorus-luciferin 2-monooxygenase catalytic subunit	E1_multi_uniprot_n=3;E6_align_coverage=0.00<0.8;E7_fusion_modelled=0<50;E8_target_modelled=0<80;E9_fusion_disorder=1.00>0.2;E9_target_disorder=1.00>0.2
8HNN_2	8HNN	BRIL		False	ELECTRON MICROSCOPY	3.6		R	507	0	0	0.0	1.0	1.0	Soluble cytochrome b562,C-X-C chemokine receptor type 3,Kappa-type opioid receptor	E1_multi_uniprot_n=3;E3_resolution=3.60>3.5;E6_align_coverage=0.00<0.8;E7_fusion_modelled=0<50;E8_target_modelled=0<80;E9_fusion_disorder=1.00>0.2;E9_target_disorder=1.00>0.2
8HOC_4	8HOC	BRIL	Q9H3N8	False	ELECTRON MICROSCOPY	3.0	TERMINAL_N	R	549	0	276	1.0	1.0	0.2868	Soluble cytochrome b562, Histamine H4 receptor fusion	E7_fusion_modelled=0<50;E9_fusion_disorder=1.00>0.2;E9_target_disorder=0.29>0.2
8HQE_4	8HQE	BRIL	Q9UNW8	False	ELECTRON MICROSCOPY	2.97	TERMINAL_N	R	510	0	307	1.0	1.0	0.1921	Soluble cytochrome b562,Probable G-protein coupled receptor 132	E7_fusion_modelled=0<50;E9_fusion_disorder=1.00>0.2
8HQM_4	8HQM	BRIL	Q9UNW8	False	ELECTRON MICROSCOPY	2.95	TERMINAL_N	R	510	0	307	1.0	1.0	0.1921	Soluble cytochrome b562,Probable G-protein coupled receptor 132	E7_fusion_modelled=0<50;E9_fusion_disorder=1.00>0.2
8HQN_4	8HQN	BRIL	Q9UNW8	False	ELECTRON MICROSCOPY	3.0	TERMINAL_N	R	510	0	310	1.0	1.0	0.1842	Soluble cytochrome b562,Probable G-protein coupled receptor 132	E7_fusion_modelled=0<50;E9_fusion_disorder=1.00>0.2
8HS2_3	8HS2	BRIL	Q99678	False	ELECTRON MICROSCOPY	3.08	TERMINAL_N	R	459	0	286	0.9965	1.0	0.0949	Soluble cytochrome b562,G-protein coupled receptor 20	E7_fusion_modelled=0<50;E9_fusion_disorder=1.00>0.2
8HS3_4	8HS3	BRIL	Q99678	False	ELECTRON MICROSCOPY	3.14	TERMINAL_N	R	511	0	279	1.0	1.0	0.2207	Soluble cytochrome b562,G-protein coupled receptor 20	E7_fusion_modelled=0<50;E9_fusion_disorder=1.00>0.2;E9_target_disorder=0.22>0.2
8HSC_6	8HSC	BRIL	Q99678	False	ELECTRON MICROSCOPY	3.22	TERMINAL_N	R	511	0	273	1.0	1.0	0.2374	Soluble cytochrome b562,G-protein coupled receptor 20	E7_fusion_modelled=0<50;E9_fusion_disorder=1.00>0.2;E9_target_disorder=0.24>0.2
8JLK_3	8JLK	BRIL	Q923Y8	False	ELECTRON MICROSCOPY	3.22	TERMINAL_N	R	446	0	268	1.0	1.0	0.1928	Soluble cytochrome b562,Trace amine-associated receptor 1	E7_fusion_modelled=0<50;E9_fusion_disorder=1.00>0.2
8JLJ_3	8JLJ	BRIL	Q923Y8	False	ELECTRON MICROSCOPY	3.1	TERMINAL_N	R	446	0	270	1.0	1.0	0.1867	Soluble cytochrome b562,Trace amine-associated receptor 1	E7_fusion_modelled=0<50;E9_fusion_disorder=1.00>0.2
8JJO_1	8JJO	BRIL	P07550	True	ELECTRON MICROSCOPY	3.4	INTERNAL_INSERTION	F	453	94	281	1.0	0.0309	0.0035	Beta-2 adrenergic receptor,Beta-2 adrenergic receptor,Soluble cytochrome b562	
8JJL_1	8JJL	BRIL	P07550	True	ELECTRON MICROSCOPY	3.2	INTERNAL_INSERTION	A	453	94	281	1.0	0.0	0.0	Beta-2 adrenergic receptor,Soluble cytochrome b562	
8JJ8_1	8JJ8	BRIL	P07550	True	ELECTRON MICROSCOPY	3.2	INTERNAL_INSERTION	F	453	95	280	1.0	0.0	0.0	Beta-2 adrenergic receptor,Soluble cytochrome b562	
8JHC_1	8JHC	BRIL	Q9NPG1	False	ELECTRON MICROSCOPY	3.3	INTERNAL_INSERTION	R	643	92	324	0.9697	0.1238	0.3292	Frizzled-3,Soluble cytochrome b562	E9_target_disorder=0.33>0.2
8JH7_4	8JH7	BRIL	O60353	False	ELECTRON MICROSCOPY	3.2	INTERNAL_INSERTION	D	641	92	326	0.9698	0.1238	0.3237	Frizzled-6,Soluble cytochrome b562	E9_target_disorder=0.32>0.2
8J9O_1	8J9O	BRIL	Q9UP38	False	ELECTRON MICROSCOPY	3.4	INTERNAL_INSERTION	A	677	92	337	0.9706	0.1238	0.3939	Frizzled-1,Soluble cytochrome b562	E9_target_disorder=0.39>0.2
8J7E_3	8J7E	BRIL		False	X-RAY DIFFRACTION	2.8		E	106	104	0	0.9905	0.0095	1.0	Soluble cytochrome b562	E1_not_chimeric_single_uniprot;E8_target_modelled=0<80;E9_target_disorder=1.00>0.2
8J46_1	8J46	BRIL		False	ELECTRON MICROSCOPY	3.66		A	440	99	0	0.2735	0.1391	1.0	Olfactory receptor OR52c,Soluble cytochrome b562	E1_not_chimeric_single_uniprot;E3_resolution=3.66>3.5;E6_align_coverage=0.27<0.8;E8_target_modelled=0<80;E9_target_disorder=1.00>0.2
8IRV_4	8IRV	BRIL	P21918	False	ELECTRON MICROSCOPY	3.1	TERMINAL_N	R	617	0	279	1.0	1.0	0.4151	Soluble cytochrome b562,D(1B) dopamine receptor	E7_fusion_modelled=0<50;E9_fusion_disorder=1.00>0.2;E9_target_disorder=0.42>0.2
8IRT_5	8IRT	BRIL	P35462	False	ELECTRON MICROSCOPY	2.7	TERMINAL_N	R	545	0	273	1.0	1.0	0.3175	Soluble cytochrome b562,D(3) dopamine receptor	E7_fusion_modelled=0<50;E9_fusion_disorder=1.00>0.2;E9_target_disorder=0.32>0.2
8IRS_5	8IRS	BRIL	P14416	False	ELECTRON MICROSCOPY	3.0	TERMINAL_N	R	588	0	264	1.0	1.0	0.4041	Soluble cytochrome b562,D(2) dopamine receptor	E7_fusion_modelled=0<50;E9_fusion_disorder=1.00>0.2;E9_target_disorder=0.40>0.2
8IKJ_1	8IKJ	BRIL	P48960	False	ELECTRON MICROSCOPY	3.2	INTERNAL_INSERTION	R	655	0	532	1.0	1.0	0.013	Adhesion G protein-coupled receptor E5,Soluble cytochrome b562,Adhesion G protein-coupled receptor E5 subunit beta	E7_fusion_modelled=0<50;E9_fusion_disorder=1.00>0.2
8IHK_1	8IHK	BRIL	P49019	False	ELECTRON MICROSCOPY	3.21	TERMINAL_N	R	530	0	283	1.0	1.0	0.2668	Soluble cytochrome b562,Hydroxycarboxylic acid receptor 3	E7_fusion_modelled=0<50;E9_fusion_disorder=1.00>0.2;E9_target_disorder=0.27>0.2
8IHJ_1	8IHJ	BRIL	P49019	False	ELECTRON MICROSCOPY	3.07	TERMINAL_N	R	530	0	283	1.0	1.0	0.2668	Soluble cytochrome b562,Hydroxycarboxylic acid receptor 3	E7_fusion_modelled=0<50;E9_fusion_disorder=1.00>0.2;E9_target_disorder=0.27>0.2
8IHI_5	8IHI	BRIL	Q8TDS4	False	ELECTRON MICROSCOPY	3.11	TERMINAL_N	R	658	0	292	1.0	1.0	0.1934	Soluble cytochrome b562,Hydroxycarboxylic acid receptor 2	E7_fusion_modelled=0<50;E9_fusion_disorder=1.00>0.2
8IHH_1	8IHH	BRIL	Q8TDS4	False	ELECTRON MICROSCOPY	3.06	TERMINAL_N	R	658	0	292	1.0	1.0	0.1934	Soluble cytochrome b562,Hydroxycarboxylic acid receptor 2	E7_fusion_modelled=0<50;E9_fusion_disorder=1.00>0.2
8IHF_5	8IHF	BRIL	Q8TDS4	False	ELECTRON MICROSCOPY	2.97	TERMINAL_N	R	658	0	292	1.0	1.0	0.1934	Soluble cytochrome b562,Hydroxycarboxylic acid receptor 2	E7_fusion_modelled=0<50;E9_fusion_disorder=1.00>0.2
8IHB_1	8IHB	BRIL	Q8TDS4	False	ELECTRON MICROSCOPY	2.85	TERMINAL_N	R	658	0	292	1.0	1.0	0.1934	Soluble cytochrome b562,Hydroxycarboxylic acid receptor 2	E7_fusion_modelled=0<50;E9_fusion_disorder=1.00>0.2
8IBV_1	8IBV	BRIL	O43193	False	ELECTRON MICROSCOPY	3.19	TERMINAL_N	R	741	0	279	1.0	1.0	0.3228	Soluble cytochrome b562,Motilin receptor,Soluble cytochrome b562, motilin receptor	E7_fusion_modelled=0<50;E9_fusion_disorder=1.00>0.2;E9_target_disorder=0.32>0.2
8IBU_5	8IBU	BRIL	O43193	False	ELECTRON MICROSCOPY	3.51	TERMINAL_N	R	741	0	273	1.0	1.0	0.3374	Soluble cytochrome b562,Motilin receptor,Fusion tag	E3_resolution=3.51>3.5;E7_fusion_modelled=0<50;E9_fusion_disorder=1.00>0.2;E9_target_disorder=0.34>0.2
8I7W_1	8I7W	BRIL	Q8TDS4	False	ELECTRON MICROSCOPY	3.39	TERMINAL_N	A	476	0	291	1.0	1.0	0.1983	Human hydroxycarboxylic acid receptor 2,Hydroxycarboxylic acid receptor 2	E7_fusion_modelled=0<50;E9_fusion_disorder=1.00>0.2
8I7V_1	8I7V	BRIL	Q8TDS4	False	ELECTRON MICROSCOPY	2.77	TERMINAL_N	A	476	0	291	1.0	1.0	0.1983	Human hydroxycarboxylic acid receptor 2,Hydroxycarboxylic acid receptor 2,Hydroxycarboxylic acid receptor 2	E7_fusion_modelled=0<50;E9_fusion_disorder=1.00>0.2
8HVI_1	8HVI	BRIL	Q9UNW8	False	ELECTRON MICROSCOPY	3.04	TERMINAL_N	R	510	0	308	1.0	1.0	0.1895	Soluble cytochrome b562,Probable G-protein coupled receptor 132	E7_fusion_modelled=0<50;E9_fusion_disorder=1.00>0.2
8TB0_2	8TB0	BRIL		False	ELECTRON MICROSCOPY	3.47		R	995	0	0	0.0	1.0	1.0	GPR61 fused to dominant negative G alpha S/I N18 chimera	E1_multi_uniprot_n=3;E6_align_coverage=0.00<0.8;E7_fusion_modelled=0<50;E8_target_modelled=0<80;E9_fusion_disorder=1.00>0.2;E9_target_disorder=1.00>0.2
8T1W_1	8T1W	BRIL	P46095	True	X-RAY DIFFRACTION	3.49	INTERNAL_INSERTION	A	455	90	266	0.9972	0.1509	0.1192	G-protein coupled receptor 6, Soluble cytochrome b562 chimera	
8T1V_1	8T1V	BRIL	P46095	True	X-RAY DIFFRACTION	2.6	INTERNAL_INSERTION	A	455	86	266	0.9972	0.1887	0.1192	G-protein coupled receptor 6, Soluble cytochrome b562 chimera	
8S4D_1	8S4D	BRIL	P35414	True	X-RAY DIFFRACTION	2.584	INTERNAL_INSERTION	A	497	96	280	0.9869	0.04	0.1054	Apelin receptor,Soluble cytochrome b562	
8RQQ_1	8RQQ	BRIL	P29274	True	X-RAY DIFFRACTION	2.37	INTERNAL_INSERTION	A	447	90	296	0.9897	0.1429	0.0295	Adenosine receptor A2a,Soluble cytochrome b562	
8RLN_1	8RLN	BRIL	P29274	True	X-RAY DIFFRACTION	2.43	INTERNAL_INSERTION	A	431	88	297	0.9923	0.1619	0.0294	Adenosine receptor A2a,Soluble cytochrome b562	
8QJ2_5	8QJ2	BRIL		False	ELECTRON MICROSCOPY	3.4		A	729	0	0	0.0	1.0	1.0	Soluble cytochrome b562,Melanocortin receptor 4,Red fluorescent protein drFP583	E1_multi_uniprot_n=3;E6_align_coverage=0.00<0.8;E7_fusion_modelled=0<50;E8_target_modelled=0<80;E9_fusion_disorder=1.00>0.2;E9_target_disorder=1.00>0.2
8PWN_1	8PWN	BRIL	P29274	True	X-RAY DIFFRACTION	2.4	INTERNAL_INSERTION	A	433	85	297	0.982	0.1584	0.0326	Adenosine receptor A2a,Soluble cytochrome b562	
8KEX_1	8KEX	BRIL		False	ELECTRON MICROSCOPY	3.2		E	710	0	0	0.0	1.0	1.0	Soluble cytochrome b562,Mas-related G-protein coupled receptor member X4,Green fluorescent protein	E1_multi_uniprot_n=3;E6_align_coverage=0.00<0.8;E7_fusion_modelled=0<50;E8_target_modelled=0<80;E9_fusion_disorder=1.00>0.2;E9_target_disorder=1.00>0.2
8K9L_1	8K9L	BRIL	P35372	False	ELECTRON MICROSCOPY	3.05	TERMINAL_N	R	453	0	282	1.0	1.0	0.0569	Soluble cytochrome b562,Mu-type opioid receptor,Mu-type opioid receptor	E7_fusion_modelled=0<50;E9_fusion_disorder=1.00>0.2
8K9K_1	8K9K	BRIL	P35372	False	ELECTRON MICROSCOPY	2.98	TERMINAL_N	R	453	0	282	1.0	1.0	0.0569	Soluble cytochrome b562,Mu-type opioid receptor	E7_fusion_modelled=0<50;E9_fusion_disorder=1.00>0.2
8K8J_5	8K8J	BRIL	P21554	False	ELECTRON MICROSCOPY	2.88	TERMINAL_N	R	525	0	279	1.0	1.0	0.2141	Soluble cytochrome b562,Cannabinoid receptor 1	E7_fusion_modelled=0<50;E9_fusion_disorder=1.00>0.2;E9_target_disorder=0.21>0.2
8K4S_1	8K4S	BRIL		False	ELECTRON MICROSCOPY	2.9		E	710	0	0	0.0	1.0	1.0	Soluble cytochrome b562,Mas-related G-protein coupled receptor member X4,Green fluorescent protein	E1_multi_uniprot_n=3;E6_align_coverage=0.00<0.8;E7_fusion_modelled=0<50;E8_target_modelled=0<80;E9_fusion_disorder=1.00>0.2;E9_target_disorder=1.00>0.2
8K2X_4	8K2X	BRIL		False	ELECTRON MICROSCOPY	3.2		R	657	0	0	0.0	1.0	1.0	Soluble cytochrome b562,C-X-C chemokine receptor type 3,Oplophorus-luciferin 2-monooxygenase catalytic subunit	E1_multi_uniprot_n=3;E6_align_coverage=0.00<0.8;E7_fusion_modelled=0<50;E8_target_modelled=0<80;E9_fusion_disorder=1.00>0.2;E9_target_disorder=1.00>0.2
8K2W_2	8K2W	BRIL		False	ELECTRON MICROSCOPY	3.0		R	507	0	0	0.0	1.0	1.0	Soluble cytochrome b562,C-X-C chemokine receptor type 3,Kappa-type opioid receptor	E1_multi_uniprot_n=3;E6_align_coverage=0.00<0.8;E7_fusion_modelled=0<50;E8_target_modelled=0<80;E9_fusion_disorder=1.00>0.2;E9_target_disorder=1.00>0.2
8JT8_1	8JT8	BRIL	P28223	True	X-RAY DIFFRACTION	2.7	INTERNAL_INSERTION	A	376	81	274	1.0	0.0	0.0453	5-hydroxytryptamine receptor 2A,Soluble cytochrome b562	
8JT6_5	8JT6	BRIL	P08908	False	ELECTRON MICROSCOPY	3.0	TERMINAL_N	R	544	0	278	1.0	1.0	0.3067	Soluble cytochrome b562,5-hydroxytryptamine receptor 1A	E7_fusion_modelled=0<50;E9_fusion_disorder=1.00>0.2;E9_target_disorder=0.31>0.2
8JSO_3	8JSO	BRIL	Q96RJ0	False	ELECTRON MICROSCOPY	3.4	TERMINAL_N	R	470	0	283	1.0	1.0	0.1652	Soluble cytochrome b562,Trace amine-associated receptor 1	E7_fusion_modelled=0<50;E9_fusion_disorder=1.00>0.2
8JPP_4	8JPP	BRIL	Q9BXA5	False	ELECTRON MICROSCOPY	3.2	TERMINAL_N	R	658	0	305	1.0	1.0	0.0868	Soluble cytochrome b562,Succinate receptor 1,Oplophorus-luciferin 2-monooxygenase catalytic subunit	E7_fusion_modelled=0<50;E9_fusion_disorder=1.00>0.2
8JPN_4	8JPN	BRIL		False	ELECTRON MICROSCOPY	2.9		R	658	0	0	0.0	1.0	1.0	Soluble cytochrome b562,Succinate receptor 1,Oplophorus-luciferin 2-monooxygenase catalytic subunit	E1_multi_uniprot_n=3;E6_align_coverage=0.00<0.8;E7_fusion_modelled=0<50;E8_target_modelled=0<80;E9_fusion_disorder=1.00>0.2;E9_target_disorder=1.00>0.2
8JLR_3	8JLR	BRIL	Q96RJ0	False	ELECTRON MICROSCOPY	3.0	TERMINAL_N	R	470	0	268	1.0	1.0	0.2094	Soluble cytochrome b562,Trace amine-associated receptor 1	E7_fusion_modelled=0<50;E9_fusion_disorder=1.00>0.2;E9_target_disorder=0.21>0.2
8JLQ_3	8JLQ	BRIL	Q96RJ0	False	ELECTRON MICROSCOPY	2.84	TERMINAL_N	R	470	0	283	1.0	1.0	0.1652	Soluble cytochrome b562,Trace amine-associated receptor 1	E7_fusion_modelled=0<50;E9_fusion_disorder=1.00>0.2
8JLP_3	8JLP	BRIL	Q96RJ0	False	ELECTRON MICROSCOPY	3.23	TERMINAL_N	R	470	0	285	1.0	1.0	0.1593	Soluble cytochrome b562,Trace amine-associated receptor 1	E7_fusion_modelled=0<50;E9_fusion_disorder=1.00>0.2
8JLO_3	8JLO	BRIL	Q96RJ0	False	ELECTRON MICROSCOPY	3.52	TERMINAL_N	R	470	0	286	1.0	1.0	0.1563	Soluble cytochrome b562,Trace amine-associated receptor 1	E3_resolution=3.52>3.5;E7_fusion_modelled=0<50;E9_fusion_disorder=1.00>0.2
8JLN_3	8JLN	BRIL	Q96RJ0	False	ELECTRON MICROSCOPY	3.24	TERMINAL_N	R	470	0	286	1.0	1.0	0.1563	Soluble cytochrome b562,Trace amine-associated receptor 1	E7_fusion_modelled=0<50;E9_fusion_disorder=1.00>0.2
8WRZ_3	8WRZ	BRIL	P21554	False	ELECTRON MICROSCOPY	3.6	TERMINAL_N	R	476	0	284	1.0	1.0	0.2155	Soluble cytochrome b562,Cannabinoid receptor 1	E3_resolution=3.60>3.5;E7_fusion_modelled=0<50;E9_fusion_disorder=1.00>0.2;E9_target_disorder=0.22>0.2
8WJX_5	8WJX	BRIL		False	ELECTRON MICROSCOPY	3.2		R	680	0	0	0.0	1.0	1.0	Soluble cytochrome b562,P2Y purinoceptor 1	E1_multi_uniprot_n=3;E6_align_coverage=0.00<0.8;E7_fusion_modelled=0<50;E8_target_modelled=0<80;E9_fusion_disorder=1.00>0.2;E9_target_disorder=1.00>0.2
8W8Q_1	8W8Q	BRIL	Q96P66	False	ELECTRON MICROSCOPY	2.89	TERMINAL_N	C	655	0	287	1.0	1.0	0.435	Soluble cytochrome b562,Probable G-protein coupled receptor 101	E7_fusion_modelled=0<50;E9_fusion_disorder=1.00>0.2;E9_target_disorder=0.44>0.2
8W8B_5	8W8B	BRIL	P08908	False	ELECTRON MICROSCOPY	3.0	TERMINAL_N	R	543	0	278	1.0	1.0	0.3067	Soluble cytochrome b562,5-hydroxytryptamine receptor 1A	E7_fusion_modelled=0<50;E9_fusion_disorder=1.00>0.2;E9_target_disorder=0.31>0.2
8W77_1	8W77	BRIL		False	ELECTRON MICROSCOPY	3.61		A	440	10	0	0.0385	0.913	1.0	Human Consensus Olfactory Receptor OR52c in apo state, receptor only,Soluble cytochrome b562	E1_not_chimeric_single_uniprot;E3_resolution=3.61>3.5;E6_align_coverage=0.04<0.8;E7_fusion_modelled=10<50;E8_target_modelled=0<80;E9_fusion_disorder=0.91>0.2;E9_target_disorder=1.00>0.2
8VHF_5	8VHF	BRIL	Q8TDV5	False	ELECTRON MICROSCOPY	3.51	TERMINAL_N	R	615	0	296	1.0	1.0	0.1164	Soluble cytochrome b562,Glucose-dependent insulinotropic receptor,LgBiT	E3_resolution=3.51>3.5;E7_fusion_modelled=0<50;E9_fusion_disorder=1.00>0.2
8V8D_1	8V8D	BRIL	P36544	False	ELECTRON MICROSCOPY	3.31	INTERNAL_INSERTION	A	599	0	377	1.0	1.0	0.1432	Neuronal acetylcholine receptor subunit alpha-7,Soluble cytochrome b562	E7_fusion_modelled=0<50;E9_fusion_disorder=1.00>0.2
8V8C_1	8V8C	BRIL	P36544	False	ELECTRON MICROSCOPY	3.29	INTERNAL_INSERTION	A	599	0	373	1.0	1.0	0.1523	Neuronal acetylcholine receptor subunit alpha-7,Soluble cytochrome b562	E7_fusion_modelled=0<50;E9_fusion_disorder=1.00>0.2
8V8A_1	8V8A	BRIL	P36544	False	ELECTRON MICROSCOPY	2.19	INTERNAL_INSERTION	A	599	0	394	1.0	1.0	0.1045	Neuronal acetylcholine receptor subunit alpha-7,Soluble cytochrome b562	E7_fusion_modelled=0<50;E9_fusion_disorder=1.00>0.2
8V89_1	8V89	BRIL	P36544	False	ELECTRON MICROSCOPY	2.53	INTERNAL_INSERTION	A	599	0	394	1.0	1.0	0.1045	Neuronal acetylcholine receptor subunit alpha-7,Soluble cytochrome b562	E7_fusion_modelled=0<50;E9_fusion_disorder=1.00>0.2
8V88_1	8V88	BRIL	P36544	False	ELECTRON MICROSCOPY	2.3	INTERNAL_INSERTION	A	599	0	394	1.0	1.0	0.1045	Neuronal acetylcholine receptor subunit alpha-7,Soluble cytochrome b562	E7_fusion_modelled=0<50;E9_fusion_disorder=1.00>0.2
8V86_1	8V86	BRIL	P36544	False	ELECTRON MICROSCOPY	2.47	INTERNAL_INSERTION	A	599	0	394	1.0	1.0	0.1045	Neuronal acetylcholine receptor subunit alpha-7,Soluble cytochrome b562	E7_fusion_modelled=0<50;E9_fusion_disorder=1.00>0.2
8V82_1	8V82	BRIL	P36544	False	ELECTRON MICROSCOPY	2.61	INTERNAL_INSERTION	A	599	0	394	1.0	1.0	0.1045	Neuronal acetylcholine receptor subunit alpha-7,Soluble cytochrome b562	E7_fusion_modelled=0<50;E9_fusion_disorder=1.00>0.2
8V80_1	8V80	BRIL	P36544	False	ELECTRON MICROSCOPY	2.34	INTERNAL_INSERTION	A	599	0	394	1.0	1.0	0.1045	Neuronal acetylcholine receptor subunit alpha-7,Soluble cytochrome b562	E7_fusion_modelled=0<50;E9_fusion_disorder=1.00>0.2
8UZJ_1	8UZJ	BRIL	P36544	False	ELECTRON MICROSCOPY	2.3	INTERNAL_INSERTION	A	599	0	394	1.0	1.0	0.1045	Neuronal acetylcholine receptor subunit alpha-7,Soluble cytochrome b562	E7_fusion_modelled=0<50;E9_fusion_disorder=1.00>0.2
8UTB_1	8UTB	BRIL	P36544	False	ELECTRON MICROSCOPY	2.3	INTERNAL_INSERTION	A	599	0	375	1.0	1.0	0.1477	Neuronal acetylcholine receptor subunit alpha-7,Soluble cytochrome b562 fusion	E7_fusion_modelled=0<50;E9_fusion_disorder=1.00>0.2
8UT1_1	8UT1	BRIL	P36544	False	ELECTRON MICROSCOPY	2.3	INTERNAL_INSERTION	A	599	0	394	1.0	1.0	0.1045	Neuronal acetylcholine receptor subunit alpha-7,Soluble cytochrome b562 fusion	E7_fusion_modelled=0<50;E9_fusion_disorder=1.00>0.2
8UHB_1	8UHB	BRIL		False	ELECTRON MICROSCOPY	3.35		A	524	0	0	0.0	1.0	1.0	Soluble cytochrome b562,Beta-2 adrenergic receptor,Trace amine-associated receptor 1	E1_multi_uniprot_n=3;E6_align_coverage=0.00<0.8;E7_fusion_modelled=0<50;E8_target_modelled=0<80;E9_fusion_disorder=1.00>0.2;E9_target_disorder=1.00>0.2
8TS3_1	8TS3	BRIL	Q9HD23	False	ELECTRON MICROSCOPY	3.11	TERMINAL_C	A	486	0	301	1.0	1.0	0.1865	Magnesium transporter MRS2 homolog, mitochondrial, Soluble cytochrome b562 fusion protein	E7_fusion_modelled=0<50;E9_fusion_disorder=1.00>0.2
8TS2_1	8TS2	BRIL	Q9HD23	False	ELECTRON MICROSCOPY	2.95	TERMINAL_C	A	486	0	301	1.0	1.0	0.1865	Magnesium transporter MRS2 homolog, mitochondrial, Soluble cytochrome b562 fusion protein	E7_fusion_modelled=0<50;E9_fusion_disorder=1.00>0.2
8TS1_1	8TS1	BRIL	Q9HD23	False	ELECTRON MICROSCOPY	2.92	TERMINAL_C	A	486	0	301	1.0	1.0	0.1865	Magnesium transporter MRS2 homolog, mitochondrial, Soluble cytochrome b562 fusion protein	E7_fusion_modelled=0<50;E9_fusion_disorder=1.00>0.2
8TH4_1	8TH4	BRIL	P30556	True	ELECTRON MICROSCOPY	3.3	INTERNAL_INSERTION	A	433	92	279	0.9712	0.1154	0.1	Type-1 angiotensin II receptor Soluble cytochrome b562 complex	
8TH3_1	8TH3	BRIL	P30556	True	ELECTRON MICROSCOPY	3.0	INTERNAL_INSERTION	A	582	91	291	0.972	0.125	0.0613	AT118-H nanobody, Type-1 angiotensin II receptor, Soluble cytochrome b562 complex	
8TF5_1	8TF5	BRIL	P46095	True	X-RAY DIFFRACTION	2.1	INTERNAL_INSERTION	A	436	98	265	0.9973	0.0755	0.1225	G-protein coupled receptor 6,Soluble cytochrome b562 chimera,Soluble cytochrome b562,G-protein coupled receptor 6	
8TB7_1	8TB7	BRIL	Q9BZJ8	False	ELECTRON MICROSCOPY	2.94	INTERNAL_INSERTION	R	543	104	214	0.9695	0.0	0.4663	G-protein coupled receptor 61,Soluble cytochrome b562	E9_target_disorder=0.47>0.2
8ZMG_1	8ZMG	BRIL	P28223	True	X-RAY DIFFRACTION	3.4	INTERNAL_INSERTION	A	414	81	279	0.9863	0.0	0.0279	5-hydroxytryptamine receptor 2A,Soluble cytochrome b562	
8ZMF_1	8ZMF	BRIL	P28335	False	X-RAY DIFFRACTION	3.6	INTERNAL_INSERTION	A	439	49	282	1.0	0.5377	0.0569	5-hydroxytryptamine receptor 2C,Soluble cytochrome b562	E3_resolution=3.60>3.5;E7_fusion_modelled=49<50;E9_fusion_disorder=0.54>0.2
8ZFM_1	8ZFM	BRIL	G5EG88	False	ELECTRON MICROSCOPY	2.96	INTERNAL_INSERTION	A	620	0	412	1.0	1.0	0.1488	Betaine receptor acr-23,Soluble cytochrome b562	E7_fusion_modelled=0<50;E9_fusion_disorder=1.00>0.2
8ZFL_1	8ZFL	BRIL	G5EG88	False	ELECTRON MICROSCOPY	2.61	INTERNAL_INSERTION	A	620	0	412	1.0	1.0	0.1488	Betaine receptor acr-23,Soluble cytochrome b562	E7_fusion_modelled=0<50;E9_fusion_disorder=1.00>0.2
8ZFK_1	8ZFK	BRIL	G5EG88	False	ELECTRON MICROSCOPY	2.64	INTERNAL_INSERTION	A	620	0	412	1.0	1.0	0.1488	Betaine receptor acr-23,Soluble cytochrome b562	E7_fusion_modelled=0<50;E9_fusion_disorder=1.00>0.2
8YZK_1	8YZK	BRIL	Q9NZD1	False	ELECTRON MICROSCOPY	3.4	TERMINAL_N	A	421	0	264	1.0	1.0	0.0149	Soluble cytochrome b562,G-protein coupled receptor family C group 5 member D	E7_fusion_modelled=0<50;E9_fusion_disorder=1.00>0.2
8YRG_5	8YRG	BRIL	Q96LA9	False	ELECTRON MICROSCOPY	3.14	TERMINAL_N	R	472	0	237	1.0	1.0	0.2617	Soluble cytochrome b562,Mas-related G-protein coupled receptor member X4	E7_fusion_modelled=0<50;E9_fusion_disorder=1.00>0.2;E9_target_disorder=0.26>0.2
8YNT_4	8YNT	BRIL	A0A2R9AFP0	False	ELECTRON MICROSCOPY	3.43	INTERNAL_INSERTION	R	585	90	271	0.9139	0.0	0.2961	Melanin-concentrating hormone receptor 1,Soluble cytochrome b562	E9_target_disorder=0.30>0.2
8YNS_4	8YNS	BRIL		False	ELECTRON MICROSCOPY	3.33		R	585	90	0	0.2375	0.0	1.0	Melanin-concentrating hormone receptor 1,Soluble cytochrome b562	E1_multi_uniprot_n=3;E6_align_coverage=0.24<0.8;E8_target_modelled=0<80;E9_target_disorder=1.00>0.2
8Y6N_1	8Y6N	BRIL	M1G2X2	False	ELECTRON MICROSCOPY	3.4	INTERNAL_INSERTION	A	640	0	384	1.0	1.0	0.2017	Sodium transporter HKT1.5,Soluble cytochrome b562	E7_fusion_modelled=0<50;E9_fusion_disorder=1.00>0.2;E9_target_disorder=0.20>0.2
8Y6M_1	8Y6M	BRIL	A2YGP9	False	ELECTRON MICROSCOPY	2.91	INTERNAL_INSERTION	A	628	0	413	1.0	1.0	0.1194	Cation transporter HKT2;1,Soluble cytochrome b562	E7_fusion_modelled=0<50;E9_fusion_disorder=1.00>0.2
8Y6L_1	8Y6L	BRIL	Q0JNB6	False	ELECTRON MICROSCOPY	3.4	INTERNAL_INSERTION	A	647	0	409	1.0	1.0	0.1497	Cation transporter HKT1;5,Soluble cytochrome b562	E7_fusion_modelled=0<50;E9_fusion_disorder=1.00>0.2
8Y6J_1	8Y6J	BRIL	Q7XPF8	False	ELECTRON MICROSCOPY	3.46	INTERNAL_INSERTION	A	662	0	425	1.0	1.0	0.1466	Cation transporter HKT1;1,Soluble cytochrome b562	E7_fusion_modelled=0<50;E9_fusion_disorder=1.00>0.2
8XVL_4	8XVL	BRIL		False	ELECTRON MICROSCOPY	3.22		R	783	92	0	0.239	0.1238	1.0	Endoglucanase H,Endothelin-1 receptor,Soluble cytochrome b562	E1_multi_uniprot_n=3;E6_align_coverage=0.24<0.8;E8_target_modelled=0<80;E9_target_disorder=1.00>0.2
8XVK_4	8XVK	BRIL		False	ELECTRON MICROSCOPY	3.21		R	783	92	0	0.2347	0.1238	1.0	Endoglucanase H,Endothelin-1 receptor,Soluble cytochrome b562	E1_multi_uniprot_n=3;E6_align_coverage=0.23<0.8;E8_target_modelled=0<80;E9_target_disorder=1.00>0.2
8XVJ_4	8XVJ	BRIL		False	ELECTRON MICROSCOPY	3.26		R	783	92	0	0.2317	0.1238	1.0	Endoglucanase H,Endothelin-1 receptor,Soluble cytochrome b562	E1_multi_uniprot_n=3;E6_align_coverage=0.23<0.8;E8_target_modelled=0<80;E9_target_disorder=1.00>0.2
8XV9_1	8XV9	BRIL	Q9BZV2	False	ELECTRON MICROSCOPY	3.8	TERMINAL_N	A	607	0	388	1.0	1.0	0.2016	Soluble cytochrome b562,Thiamine transporter 2	E3_resolution=3.80>3.5;E7_fusion_modelled=0<50;E9_fusion_disorder=1.00>0.2;E9_target_disorder=0.20>0.2
8XV5_1	8XV5	BRIL	Q9BZV2	False	ELECTRON MICROSCOPY	3.7	TERMINAL_N	A	607	0	388	1.0	1.0	0.2016	Soluble cytochrome b562,Thiamine transporter 2	E3_resolution=3.70>3.5;E7_fusion_modelled=0<50;E9_fusion_disorder=1.00>0.2;E9_target_disorder=0.20>0.2
8XV2_1	8XV2	BRIL	Q9BZV2	False	ELECTRON MICROSCOPY	3.7	TERMINAL_N	A	607	0	388	1.0	1.0	0.2016	Soluble cytochrome b562,Thiamine transporter 2	E3_resolution=3.70>3.5;E7_fusion_modelled=0<50;E9_fusion_disorder=1.00>0.2;E9_target_disorder=0.20>0.2
8XML_1	8XML	BRIL	P51685	False	ELECTRON MICROSCOPY	2.58	TERMINAL_N	R	461	0	223	1.0	1.0	0.3718	Soluble cytochrome b562,C-C chemokine receptor type 8	E7_fusion_modelled=0<50;E9_fusion_disorder=1.00>0.2;E9_target_disorder=0.37>0.2
8X64_1	8X64	BRIL	P35367	False	ELECTRON MICROSCOPY	3.4	INTERNAL_INSERTION	B	438	0	259	0.9848	1.0	0.0616	Histamine H1 receptor,Soluble cytochrome b562	E7_fusion_modelled=0<50;E9_fusion_disorder=1.00>0.2
8X63_1	8X63	BRIL	P35367	False	ELECTRON MICROSCOPY	3.2	INTERNAL_INSERTION	B	438	0	266	0.9852	1.0	0.0362	Histamine H1 receptor,Soluble cytochrome b562	E7_fusion_modelled=0<50;E9_fusion_disorder=1.00>0.2
8X5Y_1	8X5Y	BRIL	P35367	False	ELECTRON MICROSCOPY	3.0	INTERNAL_INSERTION	B	438	0	270	0.9854	1.0	0.0217	Histamine H1 receptor,Soluble cytochrome b562	E7_fusion_modelled=0<50;E9_fusion_disorder=1.00>0.2
8X5X_1	8X5X	BRIL	P35367	False	ELECTRON MICROSCOPY	3.5	INTERNAL_INSERTION	B	438	0	252	0.9844	1.0	0.087	Histamine H1 receptor,Soluble cytochrome b562	E7_fusion_modelled=0<50;E9_fusion_disorder=1.00>0.2
8X2K_1	8X2K	BRIL	P46089	False	ELECTRON MICROSCOPY	3.03	TERMINAL_N	A	466	0	260	1.0	1.0	0.2121	Soluble cytochrome b562,G-protein coupled receptor 3	E7_fusion_modelled=0<50;E9_fusion_disorder=1.00>0.2;E9_target_disorder=0.21>0.2
9J31_4	9J31	BRIL		False	ELECTRON MICROSCOPY	3.05		R	642	0	0	0.0	1.0	1.0	Soluble cytochrome b562,G-protein coupled receptor 4,lgBit	E1_not_chimeric_single_uniprot;E6_align_coverage=0.00<0.8;E7_fusion_modelled=0<50;E8_target_modelled=0<80;E9_fusion_disorder=1.00>0.2;E9_target_disorder=1.00>0.2
9IZH_1	9IZH	BRIL	Q92633	False	ELECTRON MICROSCOPY	3.04	TERMINAL_N	R	651	0	299	1.0	1.0	0.1763	Soluble cytochrome b562,Lysophosphatidic acid receptor 1,LgBiT tag	E7_fusion_modelled=0<50;E9_fusion_disorder=1.00>0.2
9IZG_3	9IZG	BRIL	Q92633	False	ELECTRON MICROSCOPY	3.04	TERMINAL_N	R	651	0	298	1.0	1.0	0.1791	Soluble cytochrome b562,Lysophosphatidic acid receptor 1,LgBiT tag	E7_fusion_modelled=0<50;E9_fusion_disorder=1.00>0.2
9IZF_1	9IZF	BRIL	Q92633	False	ELECTRON MICROSCOPY	3.14	TERMINAL_N	R	651	0	291	1.0	1.0	0.1983	Soluble cytochrome b562,Lysophosphatidic acid receptor 1,LgBiT tag	E7_fusion_modelled=0<50;E9_fusion_disorder=1.00>0.2
9IYA_1	9IYA	BRIL	Q9Y2T6	True	ELECTRON MICROSCOPY	3.04	TERMINAL_C	A	412	89	274	0.9732	0.1524	0.0552	G-protein coupled receptor 55,Soluble cytochrome b562	
9IVK_1	9IVK	BRIL		False	ELECTRON MICROSCOPY	2.74		A	285	96	0	0.3453	0.068	1.0	HBC599 membrane protein binder	E1_not_chimeric_single_uniprot;E6_align_coverage=0.35<0.8;E8_target_modelled=0<80;E9_target_disorder=1.00>0.2
9ISI_1	9ISI	BRIL	Q16581	False	ELECTRON MICROSCOPY	3.56	INTERNAL_INSERTION	B	613	95	252	0.9639	0.0952	0.4717	C3a anaphylatoxin chemotactic receptor,Soluble cytochrome b562	E3_resolution=3.56>3.5;E9_target_disorder=0.47>0.2
9IPO_1	9IPO	BRIL	Q9UKL4	False	ELECTRON MICROSCOPY	2.41	INTERNAL_INSERTION	A	359	0	170	1.0	1.0	0.2975	Gap junction delta-2 protein,Soluble cytochrome b562	E7_fusion_modelled=0<50;E9_fusion_disorder=1.00>0.2;E9_target_disorder=0.30>0.2
9IPN_1	9IPN	BRIL	Q9UKL4	False	ELECTRON MICROSCOPY	2.46	INTERNAL_INSERTION	A	359	0	170	1.0	1.0	0.2975	Gap junction delta-2 protein,Soluble cytochrome b562	E7_fusion_modelled=0<50;E9_fusion_disorder=1.00>0.2;E9_target_disorder=0.30>0.2
9IPM_1	9IPM	BRIL	Q9UKL4	False	ELECTRON MICROSCOPY	3.56	INTERNAL_INSERTION	A	359	0	171	1.0	1.0	0.2934	Gap junction delta-2 protein,Soluble cytochrome b562	E3_resolution=3.56>3.5;E7_fusion_modelled=0<50;E9_fusion_disorder=1.00>0.2;E9_target_disorder=0.29>0.2
9IP5_1	9IP5	BRIL	Q9UKL4	False	ELECTRON MICROSCOPY	3.52	INTERNAL_INSERTION	A	359	0	166	1.0	1.0	0.314	Gap junction delta-2 protein,Soluble cytochrome b562	E3_resolution=3.52>3.5;E7_fusion_modelled=0<50;E9_fusion_disorder=1.00>0.2;E9_target_disorder=0.31>0.2
9IBW_1	9IBW	BRIL	P03999	True	ELECTRON MICROSCOPY	3.22	INTERNAL_INSERTION	A	488	92	306	0.9876	0.1238	0.1105	Short-wave-sensitive opsin 1,Soluble cytochrome b562	
9I3T_1	9I3T	BRIL	P04001	False	ELECTRON MICROSCOPY	3.7	INTERNAL_INSERTION	A	492	105	290	1.0	0.0094	0.1877	Medium-wave-sensitive opsin 1,Soluble cytochrome b562	E3_resolution=3.70>3.5
9GYO_5	9GYO	BRIL	Q8TDU6	False	ELECTRON MICROSCOPY	2.5	TERMINAL_N	R	470	0	273	1.0	1.0	0.1727	Soluble cytochrome b562,G-protein coupled bile acid receptor 1	E7_fusion_modelled=0<50;E9_fusion_disorder=1.00>0.2
9DYF_4	9DYF	BRIL	P08908	False	ELECTRON MICROSCOPY	2.74	TERMINAL_N	R	552	0	288	1.0	1.0	0.2746	Soluble cytochrome b562,5-hydroxytryptamine receptor 1A	E7_fusion_modelled=0<50;E9_fusion_disorder=1.00>0.2;E9_target_disorder=0.27>0.2
9DYD_4	9DYD	BRIL	P08908	False	ELECTRON MICROSCOPY	2.96	TERMINAL_N	R	552	0	286	1.0	1.0	0.2796	Soluble cytochrome b562,5-hydroxytryptamine receptor 1A	E7_fusion_modelled=0<50;E9_fusion_disorder=1.00>0.2;E9_target_disorder=0.28>0.2
9DVC_1	9DVC	BRIL		False	ELECTRON MICROSCOPY	7.4		B	117	74	0	0.8409	0.1778	1.0	Soluble cytochrome b562	E1_not_chimeric_single_uniprot;E3_resolution=7.40>3.5;E8_target_modelled=0<80;E9_target_disorder=1.00>0.2
9DVB_1	9DVB	BRIL		False	ELECTRON MICROSCOPY	3.6		B	117	74	0	0.7327	0.1778	1.0	Soluble cytochrome b562	E1_not_chimeric_single_uniprot;E3_resolution=3.60>3.5;E6_align_coverage=0.73<0.8;E8_target_modelled=0<80;E9_target_disorder=1.00>0.2
9CUG_1	9CUG	BRIL	Q15306	True	X-RAY DIFFRACTION	2.49	TERMINAL_N	A	286	98	177	1.0	0.0755	0.0112	Soluble cytochrome b562,Interferon regulatory factor 4	
9C3F_1	9C3F	BRIL	P0AE16	False	ELECTRON MICROSCOPY	3.78	TERMINAL_C	A	600	0	485	1.0	1.0	0.0122	Anhydromuropeptide permease,Soluble cytochrome b562	E3_resolution=3.78>3.5;E7_fusion_modelled=0<50;E9_fusion_disorder=1.00>0.2
8ZSV_5	8ZSV	BRIL	Q923Y8	False	ELECTRON MICROSCOPY	2.96	TERMINAL_N	R	488	0	281	1.0	1.0	0.1511	Soluble cytochrome b562,Trace amine-associated receptor 1	E7_fusion_modelled=0<50;E9_fusion_disorder=1.00>0.2
8ZSS_5	8ZSS	BRIL	Q96RJ0	False	ELECTRON MICROSCOPY	3.07	TERMINAL_N	R	495	0	282	1.0	1.0	0.1657	Soluble cytochrome b562,Trace amine-associated receptor 1	E7_fusion_modelled=0<50;E9_fusion_disorder=1.00>0.2
8ZSP_5	8ZSP	BRIL	Q96RJ0	False	ELECTRON MICROSCOPY	3.14	TERMINAL_N	R	495	0	281	1.0	1.0	0.1686	Soluble cytochrome b562,Trace amine-associated receptor 1	E7_fusion_modelled=0<50;E9_fusion_disorder=1.00>0.2
8ZSJ_5	8ZSJ	BRIL	Q96RJ0	False	ELECTRON MICROSCOPY	2.8	TERMINAL_N	R	495	0	282	1.0	1.0	0.1657	Soluble cytochrome b562,Trace amine-associated receptor 1	E7_fusion_modelled=0<50;E9_fusion_disorder=1.00>0.2
8ZQE_5	8ZQE	BRIL		False	ELECTRON MICROSCOPY	2.9		R	881	0	0	0.0	1.0	1.0	GPR15	E1_multi_uniprot_n=3;E6_align_coverage=0.00<0.8;E7_fusion_modelled=0<50;E8_target_modelled=0<80;E9_fusion_disorder=1.00>0.2;E9_target_disorder=1.00>0.2
9PXY_1	9PXY	BRIL	P35372	False	ELECTRON MICROSCOPY	3.0	TERMINAL_N	R	622	0	286	1.0	1.0	0.2832	Soluble cytochrome b562,Mu-type opioid receptor,Soluble cytochrome b562,Mu-type opioid receptor,Mu opioid receptor	E7_fusion_modelled=0<50;E9_fusion_disorder=1.00>0.2;E9_target_disorder=0.28>0.2
9PXX_4	9PXX	BRIL	P35372	False	ELECTRON MICROSCOPY	3.1	TERMINAL_N	R	622	0	286	1.0	1.0	0.2832	Soluble cytochrome b562,Mu-type opioid receptor	E7_fusion_modelled=0<50;E9_fusion_disorder=1.00>0.2;E9_target_disorder=0.28>0.2
9PXW_4	9PXW	BRIL	P35372	False	ELECTRON MICROSCOPY	3.8	TERMINAL_N	R	622	0	287	1.0	1.0	0.2807	Soluble cytochrome b562,Mu-type opioid receptor	E3_resolution=3.80>3.5;E7_fusion_modelled=0<50;E9_fusion_disorder=1.00>0.2;E9_target_disorder=0.28>0.2
9PXV_5	9PXV	BRIL	P35372	False	ELECTRON MICROSCOPY	3.02	TERMINAL_N	R	622	0	286	1.0	1.0	0.2832	Soluble cytochrome b562,Mu-type opioid receptor	E7_fusion_modelled=0<50;E9_fusion_disorder=1.00>0.2;E9_target_disorder=0.28>0.2
9PXU_1	9PXU	BRIL	P35372	False	ELECTRON MICROSCOPY	3.4	TERMINAL_N	R	622	0	287	1.0	1.0	0.2807	Soluble cytochrome b562,Mu-type opioid receptor	E7_fusion_modelled=0<50;E9_fusion_disorder=1.00>0.2;E9_target_disorder=0.28>0.2
9PV0_1	9PV0	BRIL	Q5HHX4	False	ELECTRON MICROSCOPY	2.52	TERMINAL_C	Z	495	2	358	0.9972	0.9811	0.0604	Quinolone resistance protein NorA, Soluble cytochrome b562 chimera	E7_fusion_modelled=2<50;E9_fusion_disorder=0.98>0.2
9PQ4_1	9PQ4	BRIL		False	X-RAY DIFFRACTION	1.48		A	106	106	0	1.0	0.0	1.0	Soluble cytochrome b562	E1_not_chimeric_single_uniprot;E8_target_modelled=0<80;E9_target_disorder=1.00>0.2
9PPT_1	9PPT	BRIL		False	X-RAY DIFFRACTION	1.78		A	106	106	0	1.0	0.0	1.0	Soluble cytochrome b562	E1_not_chimeric_single_uniprot;E8_target_modelled=0<80;E9_target_disorder=1.00>0.2
9PPS_1	9PPS	BRIL		False	X-RAY DIFFRACTION	2.0		A	106	106	0	1.0	0.0	1.0	Soluble cytochrome b562	E1_not_chimeric_single_uniprot;E8_target_modelled=0<80;E9_target_disorder=1.00>0.2
9PPR_1	9PPR	BRIL		False	X-RAY DIFFRACTION	1.57		A	106	106	0	1.0	0.0	1.0	Soluble cytochrome b562	E1_not_chimeric_single_uniprot;E8_target_modelled=0<80;E9_target_disorder=1.00>0.2
9PPO_1	9PPO	BRIL		False	X-RAY DIFFRACTION	1.62		A	106	106	0	1.0	0.0	1.0	Soluble cytochrome b562	E1_not_chimeric_single_uniprot;E8_target_modelled=0<80;E9_target_disorder=1.00>0.2
9PPN_1	9PPN	BRIL		False	X-RAY DIFFRACTION	1.87		A	106	106	0	1.0	0.0	1.0	Soluble cytochrome b562	E1_not_chimeric_single_uniprot;E8_target_modelled=0<80;E9_target_disorder=1.00>0.2
9PPM_1	9PPM	BRIL		False	X-RAY DIFFRACTION	2.53		A	106	106	0	1.0	0.0	1.0	Soluble cytochrome b562	E1_not_chimeric_single_uniprot;E8_target_modelled=0<80;E9_target_disorder=1.00>0.2
9PNH_1	9PNH	BRIL		False	X-RAY DIFFRACTION	1.84		A	106	106	0	1.0	0.0	1.0	Soluble cytochrome b562	E1_not_chimeric_single_uniprot;E8_target_modelled=0<80;E9_target_disorder=1.00>0.2
9PNG_1	9PNG	BRIL		False	X-RAY DIFFRACTION	1.97		A	106	106	0	1.0	0.0	1.0	Soluble cytochrome b562	E1_not_chimeric_single_uniprot;E8_target_modelled=0<80;E9_target_disorder=1.00>0.2
9OXA_1	9OXA	BRIL	P59537	False	ELECTRON MICROSCOPY	2.9	TERMINAL_N	R	645	0	284	1.0	1.0	0.0809	Soluble cytochrome b562,Taste receptor type 2 member 43	E7_fusion_modelled=0<50;E9_fusion_disorder=1.00>0.2
9M8V_1	9M8V	BRIL	P46089	False	ELECTRON MICROSCOPY	3.83	TERMINAL_N	A	466	0	264	1.0	1.0	0.2	Soluble cytochrome b562,G-protein coupled receptor 3	E3_resolution=3.83>3.5;E7_fusion_modelled=0<50;E9_fusion_disorder=1.00>0.2
9M8P_1	9M8P	BRIL	P46089	False	ELECTRON MICROSCOPY	3.42	TERMINAL_N	A	466	0	254	1.0	1.0	0.2303	Soluble cytochrome b562,G-protein coupled receptor 3	E7_fusion_modelled=0<50;E9_fusion_disorder=1.00>0.2;E9_target_disorder=0.23>0.2
9LRS_1	9LRS	BRIL	Q96LA9	False	ELECTRON MICROSCOPY	2.83	TERMINAL_N	R	472	0	247	1.0	1.0	0.2305	Soluble cytochrome b562,Mas-related G-protein coupled receptor member X4	E7_fusion_modelled=0<50;E9_fusion_disorder=1.00>0.2;E9_target_disorder=0.23>0.2
9KQM_1	9KQM	BRIL	Q16572	False	ELECTRON MICROSCOPY	3.5	TERMINAL_N	A	637	0	403	1.0	1.0	0.2067	Soluble cytochrome b562,Vesicular acetylcholine transporter	E7_fusion_modelled=0<50;E9_fusion_disorder=1.00>0.2;E9_target_disorder=0.21>0.2
9JRT_1	9JRT	BRIL	P43116	True	ELECTRON MICROSCOPY	3.28	INTERNAL_INSERTION	A	684	93	271	0.9655	0.0312	0.1738	GFP-like fluorescent chromoprotein,Prostaglandin E2 receptor EP2 subtype,Soluble cytochrome b562,Prostaglandin E2 receptor EP2 subtype,Soluble cytochrome b562	
9JRO_4	9JRO	BRIL	P43116	True	ELECTRON MICROSCOPY	3.5	INTERNAL_INSERTION	A	684	94	272	0.9657	0.0208	0.1707	GFP-like fluorescent chromoprotein,Prostaglandin E2 receptor EP2 subtype,Soluble cytochrome b562,Prostaglandin E2 receptor EP2 subtype,Soluble cytochrome b562	
9JKQ_5	9JKQ	BRIL	Q96RJ0	False	ELECTRON MICROSCOPY	2.66	TERMINAL_N	R	510	0	296	1.0	1.0	0.1268	Soluble cytochrome b562,Trace amine-associated receptor 1	E7_fusion_modelled=0<50;E9_fusion_disorder=1.00>0.2
9JG1_1	9JG1	BRIL	Q9H3N8	False	ELECTRON MICROSCOPY	3.62	INTERNAL_INSERTION	R	427	96	277	0.9663	0.0857	0.0348	Histamine H4 receptor,Soluble cytochrome b562	E3_resolution=3.62>3.5
9JG0_1	9JG0	BRIL	Q9Y5X5	False	ELECTRON MICROSCOPY	2.91	INTERNAL_INSERTION	R	526	90	297	0.9675	0.1429	0.2404	Isoform 2 of Neuropeptide FF receptor 2,Soluble cytochrome b562	E9_target_disorder=0.24>0.2
9UVW_1	9UVW	BRIL	P30518	False	ELECTRON MICROSCOPY	2.89	INTERNAL_INSERTION	A	486	0	266	1.0	1.0	0.2245	Vasopressin V2 receptor,Soluble cytochrome b562	E7_fusion_modelled=0<50;E9_fusion_disorder=1.00>0.2;E9_target_disorder=0.22>0.2
9UVV_1	9UVV	BRIL	P30518	False	ELECTRON MICROSCOPY	3.02	INTERNAL_INSERTION	A	486	93	266	1.0	0.1226	0.2245	Vasopressin V2 receptor,Soluble cytochrome b562	E9_target_disorder=0.22>0.2
9UVU_2	9UVU	BRIL	P30411	False	ELECTRON MICROSCOPY	3.69	INTERNAL_INSERTION	A	487	18	246	1.0	0.8302	0.3405	B2 bradykinin receptor,Soluble cytochrome b562	E3_resolution=3.69>3.5;E7_fusion_modelled=18<50;E9_fusion_disorder=0.83>0.2;E9_target_disorder=0.34>0.2
9UVT_3	9UVT	BRIL	P30411	False	ELECTRON MICROSCOPY	3.29	INTERNAL_INSERTION	A	487	89	246	1.0	0.1604	0.3405	B2 bradykinin receptor,Soluble cytochrome b562	E9_target_disorder=0.34>0.2
9UPV_4	9UPV	BRIL		False	ELECTRON MICROSCOPY	2.7		R	648	0	0	0.0	1.0	1.0	Soluble cytochrome b562,C-X-C chemokine receptor type 4,Oplophorus-luciferin 2-monooxygenase catalytic subunit	E1_multi_uniprot_n=3;E6_align_coverage=0.00<0.8;E7_fusion_modelled=0<50;E8_target_modelled=0<80;E9_fusion_disorder=1.00>0.2;E9_target_disorder=1.00>0.2
9UPU_6	9UPU	BRIL		False	ELECTRON MICROSCOPY	2.8		R	648	0	0	0.0	1.0	1.0	Soluble cytochrome b562,C-X-C chemokine receptor type 4,Oplophorus-luciferin 2-monooxygenase catalytic subunit	E1_multi_uniprot_n=3;E6_align_coverage=0.00<0.8;E7_fusion_modelled=0<50;E8_target_modelled=0<80;E9_fusion_disorder=1.00>0.2;E9_target_disorder=1.00>0.2
9UPO_1	9UPO	BRIL	Q9XSX2	False	ELECTRON MICROSCOPY	3.71	INTERNAL_INSERTION	A	434	0	286	1.0	1.0	0.1588	MW opsin,Soluble cytochrome b562	E3_resolution=3.71>3.5;E7_fusion_modelled=0<50;E9_fusion_disorder=1.00>0.2
9UPN_1	9UPN	BRIL	Q9XSX2	False	ELECTRON MICROSCOPY	3.37	INTERNAL_INSERTION	A	434	0	286	1.0	1.0	0.1588	MW opsin,Soluble cytochrome b562	E7_fusion_modelled=0<50;E9_fusion_disorder=1.00>0.2
9UPM_1	9UPM	BRIL	Q9XSX4	False	ELECTRON MICROSCOPY	3.21	INTERNAL_INSERTION	A	452	0	294	1.0	1.0	0.1765	LW opsin,Soluble cytochrome b562	E7_fusion_modelled=0<50;E9_fusion_disorder=1.00>0.2
9TPQ_2	9TPQ	BRIL	P28472	False	ELECTRON MICROSCOPY	2.9	INTERNAL_INSERTION	B	451	0	326	0.9879	1.0	0.024	Gamma-aminobutyric acid receptor subunit beta-3,Soluble cytochrome b562	E7_fusion_modelled=0<50;E9_fusion_disorder=1.00>0.2
9TMP_1	9TMP	BRIL		False	X-RAY DIFFRACTION	2.65		A	128	103	0	1.0	0.1953	1.0	Soluble cytochrome b562	E1_not_chimeric_single_uniprot;E8_target_modelled=0<80;E9_target_disorder=1.00>0.2
9T8D_1	9T8D	BRIL	P35462	False	ELECTRON MICROSCOPY	3.6	INTERNAL_INSERTION	R	432	96	260	0.9544	0.0857	0.1003	D(3) dopamine receptor,Soluble cytochrome b562	E3_resolution=3.60>3.5
9SLD_2	9SLD	BRIL	P28472	False	ELECTRON MICROSCOPY	3.04	TERMINAL_C	B	451	0	301	0.9066	1.0	0.0195	Gamma-aminobutyric acid receptor subunit beta-3,Soluble cytochrome b562	E7_fusion_modelled=0<50;E9_fusion_disorder=1.00>0.2
9SL1_2	9SL1	BRIL	P28472	False	ELECTRON MICROSCOPY	2.68	INTERNAL_INSERTION	B	451	0	327	0.9849	1.0	0.021	Gamma-aminobutyric acid receptor subunit beta-3,Soluble cytochrome b562	E7_fusion_modelled=0<50;E9_fusion_disorder=1.00>0.2
9R42_4	9R42	BRIL	P35462	False	ELECTRON MICROSCOPY	3.24	TERMINAL_N	R	561	0	257	1.0	1.0	0.3575	Soluble cytochrome b562,D(3) dopamine receptor	E7_fusion_modelled=0<50;E9_fusion_disorder=1.00>0.2;E9_target_disorder=0.36>0.2
9QP4_1	9QP4	BRIL	P03999	True	ELECTRON MICROSCOPY	3.06	INTERNAL_INSERTION	A	488	92	299	0.9874	0.1238	0.1308	Short-wave-sensitive opsin 1,Soluble cytochrome b562	
9QK1_2	9QK1	BRIL	P28472	False	ELECTRON MICROSCOPY	3.05	INTERNAL_INSERTION	B	451	1	327	0.9791	0.9905	0.021	Gamma-aminobutyric acid receptor subunit beta-3,Soluble cytochrome b562	E7_fusion_modelled=1<50;E9_fusion_disorder=0.99>0.2
9QK0_2	9QK0	BRIL	P28472	False	ELECTRON MICROSCOPY	3.01	INTERNAL_INSERTION	B	451	0	326	0.9879	1.0	0.024	Gamma-aminobutyric acid receptor subunit beta-3,Soluble cytochrome b562	E7_fusion_modelled=0<50;E9_fusion_disorder=1.00>0.2
9QJY_2	9QJY	BRIL	P28472	False	ELECTRON MICROSCOPY	2.78	TERMINAL_C	B	451	0	300	0.9091	1.0	0.0228	Gamma-aminobutyric acid receptor subunit beta-3,Soluble cytochrome b562	E7_fusion_modelled=0<50;E9_fusion_disorder=1.00>0.2
9QJX_2	9QJX	BRIL	P28472	False	ELECTRON MICROSCOPY	2.7	INTERNAL_INSERTION	B	451	0	326	0.9879	1.0	0.024	Gamma-aminobutyric acid receptor subunit beta-3,Soluble cytochrome b562	E7_fusion_modelled=0<50;E9_fusion_disorder=1.00>0.2
9QJV_2	9QJV	BRIL	P28472	False	ELECTRON MICROSCOPY	3.45	INTERNAL_INSERTION	B	451	0	326	0.979	1.0	0.024	Gamma-aminobutyric acid receptor subunit beta-3,Soluble cytochrome b562	E7_fusion_modelled=0<50;E9_fusion_disorder=1.00>0.2
9QJS_2	9QJS	BRIL	P28472	False	ELECTRON MICROSCOPY	2.52	INTERNAL_INSERTION	B	451	0	327	0.9879	1.0	0.021	Gamma-aminobutyric acid receptor subunit beta-3,Soluble cytochrome b562	E7_fusion_modelled=0<50;E9_fusion_disorder=1.00>0.2
9PY4_4	9PY4	BRIL	P35372	False	ELECTRON MICROSCOPY	2.78	TERMINAL_N	R	622	0	286	1.0	1.0	0.2832	Cytochrome b-562/Mu-type opioid receptor chimera protein,Mu-type opioid receptor	E7_fusion_modelled=0<50;E9_fusion_disorder=1.00>0.2;E9_target_disorder=0.28>0.2
9PY3_3	9PY3	BRIL	P35372	False	ELECTRON MICROSCOPY	3.2	TERMINAL_N	R	622	0	286	1.0	1.0	0.2832	Soluble cytochrome b562,Mu-type opioid receptor	E7_fusion_modelled=0<50;E9_fusion_disorder=1.00>0.2;E9_target_disorder=0.28>0.2
9PY2_1	9PY2	BRIL	P35372	False	ELECTRON MICROSCOPY	3.16	TERMINAL_N	R	622	0	286	1.0	1.0	0.2832	Soluble cytochrome b562,Mu-type opioid receptor	E7_fusion_modelled=0<50;E9_fusion_disorder=1.00>0.2;E9_target_disorder=0.28>0.2
9WIJ_1	9WIJ	BRIL	Q9NQS5	False	ELECTRON MICROSCOPY	3.05	INTERNAL_INSERTION	A	447	0	290	1.0	1.0	0.0554	G-protein coupled receptor 84,Soluble cytochrome b562	E7_fusion_modelled=0<50;E9_fusion_disorder=1.00>0.2
9W6W_5	9W6W	BRIL	P47898	False	ELECTRON MICROSCOPY	3.13	TERMINAL_N	R	481	0	274	1.0	1.0	0.2149	Soluble cytochrome b562,5-hydroxytryptamine receptor 5A	E7_fusion_modelled=0<50;E9_fusion_disorder=1.00>0.2;E9_target_disorder=0.21>0.2
9W41_5	9W41	BRIL	P29274	False	ELECTRON MICROSCOPY	2.71	TERMINAL_N	R	607	0	276	1.0	1.0	0.181	Soluble cytochrome b562,Adenosine receptor A2a,Soluble cytochrome b562,Adenosine receptor A2a,LgBiT	E7_fusion_modelled=0<50;E9_fusion_disorder=1.00>0.2
9W40_4	9W40	BRIL	P29275	False	ELECTRON MICROSCOPY	3.2	TERMINAL_N	R	607	0	289	1.0	1.0	0.1269	Soluble cytochrome b562,Adenosine receptor A2b,LgBiT	E7_fusion_modelled=0<50;E9_fusion_disorder=1.00>0.2
9W33_1	9W33	BRIL	P35346	True	ELECTRON MICROSCOPY	2.69	INTERNAL_INSERTION	A	389	98	278	0.9666	0.0	0.0	Somatostatin receptor type 5,Soluble cytochrome b562	
9W32_1	9W32	BRIL	P35346	True	ELECTRON MICROSCOPY	2.59	INTERNAL_INSERTION	A	389	98	278	0.9666	0.0	0.0	Somatostatin receptor type 5,Soluble cytochrome b562	
9W1Q_1	9W1Q	BRIL	O43826	False	ELECTRON MICROSCOPY	3.2	TERMINAL_C	A	551	0	392	0.9727	1.0	0.0554	Glucose-6-phosphate exchanger SLC37A4,Soluble cytochrome b562	E7_fusion_modelled=0<50;E9_fusion_disorder=1.00>0.2
9W1P_1	9W1P	BRIL	O43826	False	ELECTRON MICROSCOPY	3.4	TERMINAL_C	A	551	0	392	0.9727	1.0	0.0554	Glucose-6-phosphate exchanger SLC37A4,Soluble cytochrome b562	E7_fusion_modelled=0<50;E9_fusion_disorder=1.00>0.2
9W0P_4	9W0P	BRIL	Q9NYV8	False	ELECTRON MICROSCOPY	3.6	TERMINAL_N	R	483	0	282	1.0	1.0	0.1104	Soluble cytochrome b562,Taste receptor type 2 member 14	E3_resolution=3.60>3.5;E7_fusion_modelled=0<50;E9_fusion_disorder=1.00>0.2
9VV6_1	9VV6	BRIL		False	ELECTRON MICROSCOPY	2.62		A	1398	0	0	0.0	1.0	1.0	Soluble cytochrome b562,2-oxoglutarate receptor 1,Soluble cytochrome b562,2-oxoglutarate receptor 1,Soluble cytochrome b562,2-oxoglutarate receptor 1,Fusion protein,Maltose/maltodextrin-binding periplasmic protein,Maltose/maltodextrin-binding periplasmic protein,Maltose/maltodextrin-binding periplasmic protein	E1_multi_uniprot_n=3;E6_align_coverage=0.00<0.8;E7_fusion_modelled=0<50;E8_target_modelled=0<80;E9_fusion_disorder=1.00>0.2;E9_target_disorder=1.00>0.2
9VUS_5	9VUS	BRIL		False	ELECTRON MICROSCOPY	2.37		A	1398	0	0	0.0	1.0	1.0	Soluble cytochrome b562,2-oxoglutarate receptor 1,Soluble cytochrome b562,2-oxoglutarate receptor 1,Soluble cytochrome b562,2-oxoglutarate receptor 1,Fusion protein,Maltose/maltodextrin-binding periplasmic protein,Maltose/maltodextrin-binding periplasmic protein,Maltose/maltodextrin-binding periplasmic protein	E1_multi_uniprot_n=3;E6_align_coverage=0.00<0.8;E7_fusion_modelled=0<50;E8_target_modelled=0<80;E9_fusion_disorder=1.00>0.2;E9_target_disorder=1.00>0.2
9VO1_4	9VO1	BRIL	P21453	False	ELECTRON MICROSCOPY	2.97	TERMINAL_N	F	534	0	281	1.0	1.0	0.2644	Soluble cytochrome b562,Sphingosine 1-phosphate receptor 1	E7_fusion_modelled=0<50;E9_fusion_disorder=1.00>0.2;E9_target_disorder=0.26>0.2
9VO0_5	9VO0	BRIL	P21453	False	ELECTRON MICROSCOPY	2.79	TERMINAL_N	F	534	0	279	1.0	1.0	0.2696	Soluble cytochrome b562,Sphingosine 1-phosphate receptor 1	E7_fusion_modelled=0<50;E9_fusion_disorder=1.00>0.2;E9_target_disorder=0.27>0.2
9VNZ_5	9VNZ	BRIL	P21453	False	ELECTRON MICROSCOPY	2.79	TERMINAL_N	F	534	0	280	1.0	1.0	0.267	Soluble cytochrome b562,Sphingosine 1-phosphate receptor 1	E7_fusion_modelled=0<50;E9_fusion_disorder=1.00>0.2;E9_target_disorder=0.27>0.2
9VNY_5	9VNY	BRIL	P21453	False	ELECTRON MICROSCOPY	3.69	TERMINAL_N	F	534	0	280	1.0	1.0	0.267	Soluble cytochrome b562,Sphingosine 1-phosphate receptor 1	E3_resolution=3.69>3.5;E7_fusion_modelled=0<50;E9_fusion_disorder=1.00>0.2;E9_target_disorder=0.27>0.2
9VNF_5	9VNF	BRIL	P08908	False	ELECTRON MICROSCOPY	2.74	TERMINAL_N	R	549	0	276	1.0	1.0	0.3065	Soluble cytochrome b562,5-hydroxytryptamine receptor 1A	E7_fusion_modelled=0<50;E9_fusion_disorder=1.00>0.2;E9_target_disorder=0.31>0.2
9VMY_5	9VMY	BRIL	P08908	False	ELECTRON MICROSCOPY	2.86	TERMINAL_N	R	549	0	277	1.0	1.0	0.304	Soluble cytochrome b562,5-hydroxytryptamine receptor 1A	E7_fusion_modelled=0<50;E9_fusion_disorder=1.00>0.2;E9_target_disorder=0.30>0.2
9VJG_5	9VJG	BRIL	P08908	False	ELECTRON MICROSCOPY	2.67	TERMINAL_N	R	549	0	277	1.0	1.0	0.304	Soluble cytochrome b562,5-hydroxytryptamine receptor 1A	E7_fusion_modelled=0<50;E9_fusion_disorder=1.00>0.2;E9_target_disorder=0.30>0.2
9VJF_5	9VJF	BRIL	P08908	False	ELECTRON MICROSCOPY	2.7	TERMINAL_N	R	549	0	280	1.0	1.0	0.2965	Soluble cytochrome b562,5-hydroxytryptamine receptor 1A	E7_fusion_modelled=0<50;E9_fusion_disorder=1.00>0.2;E9_target_disorder=0.30>0.2
9VJE_5	9VJE	BRIL	P08908	False	ELECTRON MICROSCOPY	2.47	TERMINAL_N	R	549	0	276	1.0	1.0	0.3065	Soluble cytochrome b562,5-hydroxytryptamine receptor 1A	E7_fusion_modelled=0<50;E9_fusion_disorder=1.00>0.2;E9_target_disorder=0.31>0.2
9VJ6_5	9VJ6	BRIL	P08908	False	ELECTRON MICROSCOPY	2.62	TERMINAL_N	R	549	0	280	1.0	1.0	0.2965	Soluble cytochrome b562,5-hydroxytryptamine receptor 1A	E7_fusion_modelled=0<50;E9_fusion_disorder=1.00>0.2;E9_target_disorder=0.30>0.2
9VJ5_5	9VJ5	BRIL	P08908	False	ELECTRON MICROSCOPY	2.69	TERMINAL_N	R	549	0	276	1.0	1.0	0.3065	Soluble cytochrome b562,5-hydroxytryptamine receptor 1A	E7_fusion_modelled=0<50;E9_fusion_disorder=1.00>0.2;E9_target_disorder=0.31>0.2
9V82_1	9V82	BRIL	Q96LA9	False	ELECTRON MICROSCOPY	2.56	TERMINAL_N	R	472	0	244	1.0	1.0	0.2399	Soluble cytochrome b562,Mas-related G-protein coupled receptor member X4	E7_fusion_modelled=0<50;E9_fusion_disorder=1.00>0.2;E9_target_disorder=0.24>0.2
9V81_5	9V81	BRIL	Q96LA9	False	ELECTRON MICROSCOPY	2.63	TERMINAL_N	R	472	0	244	1.0	1.0	0.2399	Soluble cytochrome b562,Mas-related G-protein coupled receptor member X4	E7_fusion_modelled=0<50;E9_fusion_disorder=1.00>0.2;E9_target_disorder=0.24>0.2
9UVX_1	9UVX	BRIL	P30518	False	ELECTRON MICROSCOPY	3.31	INTERNAL_INSERTION	A	486	0	263	1.0	1.0	0.2332	Vasopressin V2 receptor,Soluble cytochrome b562	E7_fusion_modelled=0<50;E9_fusion_disorder=1.00>0.2;E9_target_disorder=0.23>0.2
9ZXC_1	9ZXC	BRIL	P30556	False	ELECTRON MICROSCOPY	3.4	INTERNAL_INSERTION	A	582	104	278	0.7748	0.0	0.1032	Nanobody AT118-R,Type-1 angiotensin II receptor with Soluble cytochrome b562 insertion	E6_align_coverage=0.77<0.8
9XZN_1	9XZN	BRIL	Q8DPI1	False	ELECTRON MICROSCOPY	3.63	TERMINAL_N	B	594	104	475	0.9983	0.0095	0.0246	Soluble cytochrome b562,Teichoic acid subunit flippase	E3_resolution=3.63>3.5
9WIK_4	9WIK	BRIL	Q9NQS5	False	ELECTRON MICROSCOPY	3.3	TERMINAL_N	R	691	0	283	1.0	1.0	0.2835	Soluble cytochrome b562,G-protein coupled receptor 84,LgBiT tag	E7_fusion_modelled=0<50;E9_fusion_disorder=1.00>0.2;E9_target_disorder=0.28>0.2
137L_1	137L	T4L		False	X-RAY DIFFRACTION	1.85		A	164	162	0	1.0	0.0122	1.0	T4 LYSOZYME	E1_not_chimeric_single_uniprot;E8_target_modelled=0<80;E9_target_disorder=1.00>0.2
131L_1	131L	T4L		False	X-RAY DIFFRACTION	1.7		A	164	162	0	1.0	0.0122	1.0	T4 LYSOZYME	E1_not_chimeric_single_uniprot;E8_target_modelled=0<80;E9_target_disorder=1.00>0.2
130L_1	130L	T4L		False	X-RAY DIFFRACTION	1.7		A	164	162	0	1.0	0.0122	1.0	T4 LYSOZYME	E1_not_chimeric_single_uniprot;E8_target_modelled=0<80;E9_target_disorder=1.00>0.2
129L_1	129L	T4L		False	X-RAY DIFFRACTION	1.7		A	164	162	0	1.0	0.0122	1.0	T4 LYSOZYME	E1_not_chimeric_single_uniprot;E8_target_modelled=0<80;E9_target_disorder=1.00>0.2
128L_1	128L	T4L		False	X-RAY DIFFRACTION	1.7		A	164	162	0	1.0	0.0122	1.0	T4 LYSOZYME	E1_not_chimeric_single_uniprot;E8_target_modelled=0<80;E9_target_disorder=1.00>0.2
127L_1	127L	T4L		False	X-RAY DIFFRACTION	1.85		A	164	162	0	1.0	0.0122	1.0	T4 LYSOZYME	E1_not_chimeric_single_uniprot;E8_target_modelled=0<80;E9_target_disorder=1.00>0.2
126L_1	126L	T4L		False	X-RAY DIFFRACTION	1.8		A	164	162	0	1.0	0.0122	1.0	T4 LYSOZYME	E1_not_chimeric_single_uniprot;E8_target_modelled=0<80;E9_target_disorder=1.00>0.2
125L_1	125L	T4L		False	X-RAY DIFFRACTION	1.85		A	164	162	0	1.0	0.0122	1.0	T4 LYSOZYME	E1_not_chimeric_single_uniprot;E8_target_modelled=0<80;E9_target_disorder=1.00>0.2
123L_1	123L	T4L		False	X-RAY DIFFRACTION	1.8		A	164	162	0	1.0	0.0122	1.0	T4 LYSOZYME	E1_not_chimeric_single_uniprot;E8_target_modelled=0<80;E9_target_disorder=1.00>0.2
122L_1	122L	T4L		False	X-RAY DIFFRACTION	1.8		A	164	162	0	1.0	0.0122	1.0	T4 LYSOZYME	E1_not_chimeric_single_uniprot;E8_target_modelled=0<80;E9_target_disorder=1.00>0.2
120L_1	120L	T4L		False	X-RAY DIFFRACTION	1.8		A	164	162	0	1.0	0.0122	1.0	T4 LYSOZYME	E1_not_chimeric_single_uniprot;E8_target_modelled=0<80;E9_target_disorder=1.00>0.2
119L_1	119L	T4L		False	X-RAY DIFFRACTION	1.65		A	164	162	0	1.0	0.0122	1.0	T4 LYSOZYME	E1_not_chimeric_single_uniprot;E8_target_modelled=0<80;E9_target_disorder=1.00>0.2
118L_1	118L	T4L		False	X-RAY DIFFRACTION	1.8		A	164	162	0	1.0	0.0122	1.0	T4 LYSOZYME	E1_not_chimeric_single_uniprot;E8_target_modelled=0<80;E9_target_disorder=1.00>0.2
115L_1	115L	T4L		False	X-RAY DIFFRACTION	1.8		A	164	162	0	1.0	0.0122	1.0	T4 LYSOZYME	E1_not_chimeric_single_uniprot;E8_target_modelled=0<80;E9_target_disorder=1.00>0.2
114L_1	114L	T4L		False	X-RAY DIFFRACTION	1.8		A	164	162	0	1.0	0.0122	1.0	T4 LYSOZYME	E1_not_chimeric_single_uniprot;E8_target_modelled=0<80;E9_target_disorder=1.00>0.2
113L_1	113L	T4L		False	X-RAY DIFFRACTION	1.8		A	164	162	0	1.0	0.0122	1.0	T4 LYSOZYME	E1_not_chimeric_single_uniprot;E8_target_modelled=0<80;E9_target_disorder=1.00>0.2
112L_1	112L	T4L		False	X-RAY DIFFRACTION	1.8		A	164	162	0	1.0	0.0122	1.0	T4 LYSOZYME	E1_not_chimeric_single_uniprot;E8_target_modelled=0<80;E9_target_disorder=1.00>0.2
111L_1	111L	T4L		False	X-RAY DIFFRACTION	1.8		A	164	162	0	1.0	0.0122	1.0	T4 LYSOZYME	E1_not_chimeric_single_uniprot;E8_target_modelled=0<80;E9_target_disorder=1.00>0.2
110L_1	110L	T4L		False	X-RAY DIFFRACTION	1.7		A	164	162	0	1.0	0.0122	1.0	T4 LYSOZYME	E1_not_chimeric_single_uniprot;E8_target_modelled=0<80;E9_target_disorder=1.00>0.2
109L_1	109L	T4L		False	X-RAY DIFFRACTION	1.85		A	164	162	0	1.0	0.0122	1.0	T4 LYSOZYME	E1_not_chimeric_single_uniprot;E8_target_modelled=0<80;E9_target_disorder=1.00>0.2
108L_1	108L	T4L		False	X-RAY DIFFRACTION	1.8		A	164	162	0	1.0	0.0122	1.0	T4 LYSOZYME	E1_not_chimeric_single_uniprot;E8_target_modelled=0<80;E9_target_disorder=1.00>0.2
107L_1	107L	T4L		False	X-RAY DIFFRACTION	1.8		A	164	162	0	1.0	0.0122	1.0	T4 LYSOZYME	E1_not_chimeric_single_uniprot;E8_target_modelled=0<80;E9_target_disorder=1.00>0.2
104L_1	104L	T4L		False	X-RAY DIFFRACTION	2.8		A	166	162	0	0.9878	0.0122	1.0	T4 LYSOZYME	E1_not_chimeric_single_uniprot;E8_target_modelled=0<80;E9_target_disorder=1.00>0.2
103L_1	103L	T4L		False	X-RAY DIFFRACTION	1.9		A	167	156	0	0.9811	0.0488	1.0	T4 LYSOZYME	E1_not_chimeric_single_uniprot;E8_target_modelled=0<80;E9_target_disorder=1.00>0.2
102L_1	102L	T4L		False	X-RAY DIFFRACTION	1.74		A	165	162	0	0.9939	0.0122	1.0	T4 LYSOZYME	E1_not_chimeric_single_uniprot;E8_target_modelled=0<80;E9_target_disorder=1.00>0.2
151L_1	151L	T4L		False	X-RAY DIFFRACTION	2.2		A	164	162	0	1.0	0.0122	1.0	T4 LYSOZYME	E1_not_chimeric_single_uniprot;E8_target_modelled=0<80;E9_target_disorder=1.00>0.2
164L_1	164L	T4L		False	X-RAY DIFFRACTION	1.8		A	164	162	0	1.0	0.0122	1.0	T4 LYSOZYME	E1_not_chimeric_single_uniprot;E8_target_modelled=0<80;E9_target_disorder=1.00>0.2
163L_1	163L	T4L		False	X-RAY DIFFRACTION	1.8		A	164	162	0	1.0	0.0122	1.0	T4 LYSOZYME	E1_not_chimeric_single_uniprot;E8_target_modelled=0<80;E9_target_disorder=1.00>0.2
162L_1	162L	T4L		False	X-RAY DIFFRACTION	1.8		A	164	162	0	1.0	0.0122	1.0	T4 LYSOZYME	E1_not_chimeric_single_uniprot;E8_target_modelled=0<80;E9_target_disorder=1.00>0.2
161L_1	161L	T4L		False	X-RAY DIFFRACTION	1.7		A	164	162	0	1.0	0.0122	1.0	T4 LYSOZYME	E1_not_chimeric_single_uniprot;E8_target_modelled=0<80;E9_target_disorder=1.00>0.2
160L_1	160L	T4L		False	X-RAY DIFFRACTION	1.8		A	164	162	0	1.0	0.0122	1.0	T4 LYSOZYME	E1_not_chimeric_single_uniprot;E8_target_modelled=0<80;E9_target_disorder=1.00>0.2
159L_1	159L	T4L		False	X-RAY DIFFRACTION	1.8		A	164	162	0	1.0	0.0122	1.0	T4 LYSOZYME	E1_not_chimeric_single_uniprot;E8_target_modelled=0<80;E9_target_disorder=1.00>0.2
158L_1	158L	T4L		False	X-RAY DIFFRACTION	1.8		A	164	162	0	1.0	0.0122	1.0	T4 LYSOZYME	E1_not_chimeric_single_uniprot;E8_target_modelled=0<80;E9_target_disorder=1.00>0.2
157L_1	157L	T4L		False	X-RAY DIFFRACTION	1.85		A	164	162	0	1.0	0.0122	1.0	T4 LYSOZYME	E1_not_chimeric_single_uniprot;E8_target_modelled=0<80;E9_target_disorder=1.00>0.2
156L_1	156L	T4L		False	X-RAY DIFFRACTION	1.8		A	164	162	0	1.0	0.0122	1.0	T4 LYSOZYME	E1_not_chimeric_single_uniprot;E8_target_modelled=0<80;E9_target_disorder=1.00>0.2
155L_1	155L	T4L		False	X-RAY DIFFRACTION	1.85		A	164	162	0	1.0	0.0122	1.0	T4 LYSOZYME	E1_not_chimeric_single_uniprot;E8_target_modelled=0<80;E9_target_disorder=1.00>0.2
152L_1	152L	T4L		False	X-RAY DIFFRACTION	2.0		A	164	163	0	0.9939	0.0	1.0	T4 LYSOZYME	E1_not_chimeric_single_uniprot;E8_target_modelled=0<80;E9_target_disorder=1.00>0.2
150L_1	150L	T4L		False	X-RAY DIFFRACTION	2.2		A	164	164	0	1.0	0.0	1.0	T4 LYSOZYME	E1_not_chimeric_single_uniprot;E8_target_modelled=0<80;E9_target_disorder=1.00>0.2
149L_1	149L	T4L		False	X-RAY DIFFRACTION	2.6		A	164	164	0	1.0	0.0	1.0	T4 LYSOZYME	E1_not_chimeric_single_uniprot;E8_target_modelled=0<80;E9_target_disorder=1.00>0.2
148L_1	148L	T4L		False	X-RAY DIFFRACTION	1.9		E	164	163	0	1.0	0.0061	1.0	T4 LYSOZYME	E1_not_chimeric_single_uniprot;E8_target_modelled=0<80;E9_target_disorder=1.00>0.2
147L_1	147L	T4L		False	X-RAY DIFFRACTION	2.0		A	164	162	0	1.0	0.0122	1.0	T4 LYSOZYME	E1_not_chimeric_single_uniprot;E8_target_modelled=0<80;E9_target_disorder=1.00>0.2
146L_1	146L	T4L		False	X-RAY DIFFRACTION	1.85		A	164	162	0	1.0	0.0122	1.0	T4 LYSOZYME	E1_not_chimeric_single_uniprot;E8_target_modelled=0<80;E9_target_disorder=1.00>0.2
145L_1	145L	T4L		False	X-RAY DIFFRACTION	2.0		A	164	162	0	1.0	0.0122	1.0	T4 LYSOZYME	E1_not_chimeric_single_uniprot;E8_target_modelled=0<80;E9_target_disorder=1.00>0.2
144L_1	144L	T4L		False	X-RAY DIFFRACTION	2.1		A	164	162	0	1.0	0.0122	1.0	T4 LYSOZYME	E1_not_chimeric_single_uniprot;E8_target_modelled=0<80;E9_target_disorder=1.00>0.2
143L_1	143L	T4L		False	X-RAY DIFFRACTION	2.0		A	164	162	0	1.0	0.0122	1.0	T4 LYSOZYME	E1_not_chimeric_single_uniprot;E8_target_modelled=0<80;E9_target_disorder=1.00>0.2
142L_1	142L	T4L		False	X-RAY DIFFRACTION	2.0		A	164	162	0	1.0	0.0122	1.0	T4 LYSOZYME	E1_not_chimeric_single_uniprot;E8_target_modelled=0<80;E9_target_disorder=1.00>0.2
141L_1	141L	T4L		False	X-RAY DIFFRACTION	2.0		A	164	162	0	1.0	0.0122	1.0	T4 LYSOZYME	E1_not_chimeric_single_uniprot;E8_target_modelled=0<80;E9_target_disorder=1.00>0.2
140L_1	140L	T4L		False	X-RAY DIFFRACTION	2.1		A	164	162	0	1.0	0.0122	1.0	T4 LYSOZYME	E1_not_chimeric_single_uniprot;E8_target_modelled=0<80;E9_target_disorder=1.00>0.2
139L_1	139L	T4L		False	X-RAY DIFFRACTION	1.7		A	164	162	0	1.0	0.0122	1.0	T4 LYSOZYME	E1_not_chimeric_single_uniprot;E8_target_modelled=0<80;E9_target_disorder=1.00>0.2
138L_1	138L	T4L		False	X-RAY DIFFRACTION	1.7		A	164	162	0	1.0	0.0122	1.0	T4 LYSOZYME	E1_not_chimeric_single_uniprot;E8_target_modelled=0<80;E9_target_disorder=1.00>0.2
190L_1	190L	T4L		False	X-RAY DIFFRACTION	2.0		A	164	162	0	1.0	0.0122	1.0	LYSOZYME	E1_not_chimeric_single_uniprot;E8_target_modelled=0<80;E9_target_disorder=1.00>0.2
189L_1	189L	T4L		False	X-RAY DIFFRACTION	2.5		A	164	164	0	1.0	0.0	1.0	T4 LYSOZYME	E1_not_chimeric_single_uniprot;E8_target_modelled=0<80;E9_target_disorder=1.00>0.2
188L_1	188L	T4L		False	X-RAY DIFFRACTION	1.8		A	164	162	0	1.0	0.0122	1.0	T4 LYSOZYME	E1_not_chimeric_single_uniprot;E8_target_modelled=0<80;E9_target_disorder=1.00>0.2
187L_1	187L	T4L		False	X-RAY DIFFRACTION	1.8		A	164	162	0	1.0	0.0122	1.0	T4 LYSOZYME	E1_not_chimeric_single_uniprot;E8_target_modelled=0<80;E9_target_disorder=1.00>0.2
186L_1	186L	T4L		False	X-RAY DIFFRACTION	1.8		A	164	162	0	1.0	0.0122	1.0	T4 LYSOZYME	E1_not_chimeric_single_uniprot;E8_target_modelled=0<80;E9_target_disorder=1.00>0.2
185L_1	185L	T4L		False	X-RAY DIFFRACTION	1.8		A	164	162	0	1.0	0.0122	1.0	T4 LYSOZYME	E1_not_chimeric_single_uniprot;E8_target_modelled=0<80;E9_target_disorder=1.00>0.2
184L_1	184L	T4L		False	X-RAY DIFFRACTION	1.8		A	164	162	0	1.0	0.0122	1.0	T4 LYSOZYME	E1_not_chimeric_single_uniprot;E8_target_modelled=0<80;E9_target_disorder=1.00>0.2
183L_1	183L	T4L		False	X-RAY DIFFRACTION	1.8		A	164	162	0	1.0	0.0122	1.0	T4 LYSOZYME	E1_not_chimeric_single_uniprot;E8_target_modelled=0<80;E9_target_disorder=1.00>0.2
182L_1	182L	T4L		False	X-RAY DIFFRACTION	1.8		A	164	162	0	1.0	0.0122	1.0	T4 LYSOZYME	E1_not_chimeric_single_uniprot;E8_target_modelled=0<80;E9_target_disorder=1.00>0.2
181L_1	181L	T4L		False	X-RAY DIFFRACTION	1.8		A	164	162	0	1.0	0.0122	1.0	T4 LYSOZYME	E1_not_chimeric_single_uniprot;E8_target_modelled=0<80;E9_target_disorder=1.00>0.2
180L_1	180L	T4L		False	X-RAY DIFFRACTION	1.75		A	164	162	0	1.0	0.0122	1.0	LYSOZYME	E1_not_chimeric_single_uniprot;E8_target_modelled=0<80;E9_target_disorder=1.00>0.2
178L_1	178L	T4L		False	X-RAY DIFFRACTION	2.71		A	164	162	0	1.0	0.0122	1.0	T4 LYSOZYME	E1_not_chimeric_single_uniprot;E8_target_modelled=0<80;E9_target_disorder=1.00>0.2
177L_1	177L	T4L		False	X-RAY DIFFRACTION	2.5		A	164	162	0	1.0	0.0122	1.0	T4 LYSOZYME	E1_not_chimeric_single_uniprot;E8_target_modelled=0<80;E9_target_disorder=1.00>0.2
176L_1	176L	T4L		False	X-RAY DIFFRACTION	2.2		A	164	164	0	1.0	0.0	1.0	T4 LYSOZYME	E1_not_chimeric_single_uniprot;E8_target_modelled=0<80;E9_target_disorder=1.00>0.2
175L_1	175L	T4L		False	X-RAY DIFFRACTION	2.1		A	164	162	0	1.0	0.0122	1.0	T4 LYSOZYME	E1_not_chimeric_single_uniprot;E8_target_modelled=0<80;E9_target_disorder=1.00>0.2
174L_1	174L	T4L		False	X-RAY DIFFRACTION	2.3		A	164	164	0	1.0	0.0	1.0	T4 LYSOZYME	E1_not_chimeric_single_uniprot;E8_target_modelled=0<80;E9_target_disorder=1.00>0.2
173L_1	173L	T4L		False	X-RAY DIFFRACTION	1.7		A	164	162	0	1.0	0.0122	1.0	T4 LYSOZYME	E1_not_chimeric_single_uniprot;E8_target_modelled=0<80;E9_target_disorder=1.00>0.2
172L_1	172L	T4L		False	X-RAY DIFFRACTION	1.9		A	164	164	0	1.0	0.0	1.0	T4 LYSOZYME	E1_not_chimeric_single_uniprot;E8_target_modelled=0<80;E9_target_disorder=1.00>0.2
171L_1	171L	T4L		False	X-RAY DIFFRACTION	2.5		A	164	162	0	1.0	0.0122	1.0	T4 LYSOZYME	E1_not_chimeric_single_uniprot;E8_target_modelled=0<80;E9_target_disorder=1.00>0.2
170L_1	170L	T4L		False	X-RAY DIFFRACTION	2.6		A	164	164	0	1.0	0.0	1.0	T4 LYSOZYME	E1_not_chimeric_single_uniprot;E8_target_modelled=0<80;E9_target_disorder=1.00>0.2
169L_1	169L	T4L		False	X-RAY DIFFRACTION	3.0		A	164	162	0	1.0	0.0122	1.0	T4 LYSOZYME	E1_not_chimeric_single_uniprot;E8_target_modelled=0<80;E9_target_disorder=1.00>0.2
168L_1	168L	T4L		False	X-RAY DIFFRACTION	2.9		A	164	164	0	1.0	0.0	1.0	T4 LYSOZYME	E1_not_chimeric_single_uniprot;E8_target_modelled=0<80;E9_target_disorder=1.00>0.2
167L_1	167L	T4L		False	X-RAY DIFFRACTION	2.2		A	164	163	0	0.9939	0.0	1.0	T4 LYSOZYME	E1_not_chimeric_single_uniprot;E8_target_modelled=0<80;E9_target_disorder=1.00>0.2
166L_1	166L	T4L		False	X-RAY DIFFRACTION	1.75		A	164	162	0	1.0	0.0122	1.0	T4 LYSOZYME	E1_not_chimeric_single_uniprot;E8_target_modelled=0<80;E9_target_disorder=1.00>0.2
165L_1	165L	T4L		False	X-RAY DIFFRACTION	1.75		A	164	162	0	1.0	0.0122	1.0	T4 LYSOZYME	E1_not_chimeric_single_uniprot;E8_target_modelled=0<80;E9_target_disorder=1.00>0.2
1C6F_1	1C6F	T4L		False	X-RAY DIFFRACTION	2.0		A	164	162	0	1.0	0.0122	1.0	PROTEIN (LYSOZYME)	E1_not_chimeric_single_uniprot;E8_target_modelled=0<80;E9_target_disorder=1.00>0.2
1C6G_1	1C6G	T4L		False	X-RAY DIFFRACTION	1.9		A	164	162	0	1.0	0.0122	1.0	PROTEIN (LYSOZYME)	E1_not_chimeric_single_uniprot;E8_target_modelled=0<80;E9_target_disorder=1.00>0.2
1C6E_1	1C6E	T4L		False	X-RAY DIFFRACTION	1.9		A	164	162	0	1.0	0.0122	1.0	PROTEIN (LYSOZYME)	E1_not_chimeric_single_uniprot;E8_target_modelled=0<80;E9_target_disorder=1.00>0.2
1C6D_1	1C6D	T4L		False	X-RAY DIFFRACTION	2.0		A	164	162	0	1.0	0.0122	1.0	PROTEIN (LYSOZYME)	E1_not_chimeric_single_uniprot;E8_target_modelled=0<80;E9_target_disorder=1.00>0.2
1C6C_1	1C6C	T4L		False	X-RAY DIFFRACTION	2.0		A	164	162	0	1.0	0.0122	1.0	PROTEIN (LYSOZYME)	E1_not_chimeric_single_uniprot;E8_target_modelled=0<80;E9_target_disorder=1.00>0.2
1C6B_1	1C6B	T4L		False	X-RAY DIFFRACTION	2.2		A	164	162	0	1.0	0.0122	1.0	PROTEIN (LYSOZYME)	E1_not_chimeric_single_uniprot;E8_target_modelled=0<80;E9_target_disorder=1.00>0.2
1C6A_1	1C6A	T4L		False	X-RAY DIFFRACTION	2.1		A	164	162	0	1.0	0.0122	1.0	PROTEIN (LYSOZYME)	E1_not_chimeric_single_uniprot;E8_target_modelled=0<80;E9_target_disorder=1.00>0.2
1C69_1	1C69	T4L		False	X-RAY DIFFRACTION	1.8		A	164	162	0	1.0	0.0122	1.0	PROTEIN (LYSOZYME)	E1_not_chimeric_single_uniprot;E8_target_modelled=0<80;E9_target_disorder=1.00>0.2
1C68_1	1C68	T4L		False	X-RAY DIFFRACTION	2.5		A	164	162	0	1.0	0.0122	1.0	PROTEIN (LYSOZYME)	E1_not_chimeric_single_uniprot;E8_target_modelled=0<80;E9_target_disorder=1.00>0.2
1C67_1	1C67	T4L		False	X-RAY DIFFRACTION	2.2		A	164	162	0	1.0	0.0122	1.0	PROTEIN (LYSOZYME)	E1_not_chimeric_single_uniprot;E8_target_modelled=0<80;E9_target_disorder=1.00>0.2
1C66_1	1C66	T4L		False	X-RAY DIFFRACTION	2.1		A	164	162	0	1.0	0.0122	1.0	PROTEIN (LYSOZYME)	E1_not_chimeric_single_uniprot;E8_target_modelled=0<80;E9_target_disorder=1.00>0.2
1C65_1	1C65	T4L		False	X-RAY DIFFRACTION	2.0		A	164	162	0	1.0	0.0122	1.0	PROTEIN (LYSOZYME)	E1_not_chimeric_single_uniprot;E8_target_modelled=0<80;E9_target_disorder=1.00>0.2
1C64_1	1C64	T4L		False	X-RAY DIFFRACTION	2.0		A	164	162	0	1.0	0.0122	1.0	PROTEIN (LYSOZYME)	E1_not_chimeric_single_uniprot;E8_target_modelled=0<80;E9_target_disorder=1.00>0.2
1C63_1	1C63	T4L		False	X-RAY DIFFRACTION	2.0		A	164	162	0	1.0	0.0122	1.0	PROTEIN (LYSOZYME)	E1_not_chimeric_single_uniprot;E8_target_modelled=0<80;E9_target_disorder=1.00>0.2
1C62_1	1C62	T4L		False	X-RAY DIFFRACTION	2.3		A	164	162	0	1.0	0.0122	1.0	PROTEIN (LYSOZYME)	E1_not_chimeric_single_uniprot;E8_target_modelled=0<80;E9_target_disorder=1.00>0.2
1C61_1	1C61	T4L		False	X-RAY DIFFRACTION	2.0		A	164	162	0	1.0	0.0122	1.0	PROTEIN (LYSOZYME)	E1_not_chimeric_single_uniprot;E8_target_modelled=0<80;E9_target_disorder=1.00>0.2
1C60_1	1C60	T4L		False	X-RAY DIFFRACTION	2.0		A	164	162	0	1.0	0.0122	1.0	PROTEIN (LYSOZYME)	E1_not_chimeric_single_uniprot;E8_target_modelled=0<80;E9_target_disorder=1.00>0.2
1B6I_1	1B6I	T4L		False	X-RAY DIFFRACTION	1.9		A	164	162	0	1.0	0.0122	1.0	PROTEIN (LYSOZYME)	E1_not_chimeric_single_uniprot;E8_target_modelled=0<80;E9_target_disorder=1.00>0.2
199L_1	199L	T4L		False	X-RAY DIFFRACTION	1.85		A	164	162	0	1.0	0.0122	1.0	LYSOZYME	E1_not_chimeric_single_uniprot;E8_target_modelled=0<80;E9_target_disorder=1.00>0.2
198L_1	198L	T4L		False	X-RAY DIFFRACTION	2.0		A	164	162	0	1.0	0.0122	1.0	LYSOZYME	E1_not_chimeric_single_uniprot;E8_target_modelled=0<80;E9_target_disorder=1.00>0.2
197L_1	197L	T4L		False	X-RAY DIFFRACTION	2.1		A	164	162	0	1.0	0.0122	1.0	LYSOZYME	E1_not_chimeric_single_uniprot;E8_target_modelled=0<80;E9_target_disorder=1.00>0.2
196L_1	196L	T4L		False	X-RAY DIFFRACTION	2.3		A	164	162	0	1.0	0.0122	1.0	LYSOZYME	E1_not_chimeric_single_uniprot;E8_target_modelled=0<80;E9_target_disorder=1.00>0.2
195L_1	195L	T4L		False	X-RAY DIFFRACTION	1.9		A	164	162	0	1.0	0.0122	1.0	LYSOZYME	E1_not_chimeric_single_uniprot;E8_target_modelled=0<80;E9_target_disorder=1.00>0.2
192L_1	192L	T4L		False	X-RAY DIFFRACTION	1.9		A	164	162	0	1.0	0.0122	1.0	LYSOZYME	E1_not_chimeric_single_uniprot;E8_target_modelled=0<80;E9_target_disorder=1.00>0.2
191L_1	191L	T4L		False	X-RAY DIFFRACTION	1.95		A	164	162	0	1.0	0.0122	1.0	LYSOZYME	E1_not_chimeric_single_uniprot;E8_target_modelled=0<80;E9_target_disorder=1.00>0.2
1C6H_1	1C6H	T4L		False	X-RAY DIFFRACTION	1.9		A	164	162	0	1.0	0.0122	1.0	PROTEIN (LYSOZYME)	E1_not_chimeric_single_uniprot;E8_target_modelled=0<80;E9_target_disorder=1.00>0.2
1C6K_1	1C6K	T4L		False	X-RAY DIFFRACTION	1.9		A	164	162	0	1.0	0.0122	1.0	PROTEIN (LYSOZYME)	E1_not_chimeric_single_uniprot;E8_target_modelled=0<80;E9_target_disorder=1.00>0.2
1C6L_1	1C6L	T4L		False	X-RAY DIFFRACTION	1.9		A	164	162	0	1.0	0.0122	1.0	PROTEIN (LYSOZYME)	E1_not_chimeric_single_uniprot;E8_target_modelled=0<80;E9_target_disorder=1.00>0.2
1C6N_1	1C6N	T4L		False	X-RAY DIFFRACTION	2.2		A	164	162	0	1.0	0.0122	1.0	PROTEIN (LYSOZYME)	E1_not_chimeric_single_uniprot;E8_target_modelled=0<80;E9_target_disorder=1.00>0.2
1C6P_1	1C6P	T4L		False	X-RAY DIFFRACTION	1.9		A	164	162	0	1.0	0.0122	1.0	PROTEIN (LYSOZYME)	E1_not_chimeric_single_uniprot;E8_target_modelled=0<80;E9_target_disorder=1.00>0.2
1C6T_1	1C6T	T4L		False	X-RAY DIFFRACTION	2.0		A	164	162	0	1.0	0.0122	1.0	PROTEIN (LYSOZYME)	E1_not_chimeric_single_uniprot;E8_target_modelled=0<80;E9_target_disorder=1.00>0.2
1CU0_1	1CU0	T4L		False	X-RAY DIFFRACTION	2.2		A	164	162	0	1.0	0.0122	1.0	LYSOZYME	E1_not_chimeric_single_uniprot;E8_target_modelled=0<80;E9_target_disorder=1.00>0.2
1CU2_1	1CU2	T4L		False	X-RAY DIFFRACTION	1.85		A	164	162	0	1.0	0.0122	1.0	LYSOZYME	E1_not_chimeric_single_uniprot;E8_target_modelled=0<80;E9_target_disorder=1.00>0.2
1CU3_1	1CU3	T4L		False	X-RAY DIFFRACTION	2.12		A	164	162	0	1.0	0.0122	1.0	LYSOZYME	E1_not_chimeric_single_uniprot;E8_target_modelled=0<80;E9_target_disorder=1.00>0.2
1CUQ_1	1CUQ	T4L		False	X-RAY DIFFRACTION	2.05		A	164	162	0	1.0	0.0122	1.0	LYSOZYME	E1_not_chimeric_single_uniprot;E8_target_modelled=0<80;E9_target_disorder=1.00>0.2
1CV3_1	1CV3	T4L		False	X-RAY DIFFRACTION	1.8		A	164	162	0	1.0	0.0122	1.0	LYSOZYME	E1_not_chimeric_single_uniprot;E8_target_modelled=0<80;E9_target_disorder=1.00>0.2
1CV4_1	1CV4	T4L		False	X-RAY DIFFRACTION	1.9		A	164	162	0	1.0	0.0122	1.0	LYSOZYME	E1_not_chimeric_single_uniprot;E8_target_modelled=0<80;E9_target_disorder=1.00>0.2
1CV6_1	1CV6	T4L		False	X-RAY DIFFRACTION	1.9		A	164	162	0	1.0	0.0122	1.0	LYSOZYME	E1_not_chimeric_single_uniprot;E8_target_modelled=0<80;E9_target_disorder=1.00>0.2
1CVK_1	1CVK	T4L		False	X-RAY DIFFRACTION	1.8		A	164	162	0	1.0	0.0122	1.0	LYSOZYME	E1_not_chimeric_single_uniprot;E8_target_modelled=0<80;E9_target_disorder=1.00>0.2
1CV5_1	1CV5	T4L		False	X-RAY DIFFRACTION	1.87		A	164	162	0	1.0	0.0122	1.0	LYSOZYME	E1_not_chimeric_single_uniprot;E8_target_modelled=0<80;E9_target_disorder=1.00>0.2
1CV1_1	1CV1	T4L		False	X-RAY DIFFRACTION	2.1		A	164	162	0	1.0	0.0122	1.0	LYSOZYME	E1_not_chimeric_single_uniprot;E8_target_modelled=0<80;E9_target_disorder=1.00>0.2
1CV0_1	1CV0	T4L		False	X-RAY DIFFRACTION	2.12		A	164	162	0	1.0	0.0122	1.0	LYSOZYME	E1_not_chimeric_single_uniprot;E8_target_modelled=0<80;E9_target_disorder=1.00>0.2
1CUP_1	1CUP	T4L		False	X-RAY DIFFRACTION	1.89		A	164	162	0	1.0	0.0122	1.0	LYSOZYME	E1_not_chimeric_single_uniprot;E8_target_modelled=0<80;E9_target_disorder=1.00>0.2
1CU6_1	1CU6	T4L		False	X-RAY DIFFRACTION	2.1		A	164	162	0	1.0	0.0122	1.0	LYSOZYME	E1_not_chimeric_single_uniprot;E8_target_modelled=0<80;E9_target_disorder=1.00>0.2
1CU5_1	1CU5	T4L		False	X-RAY DIFFRACTION	2.05		A	164	162	0	1.0	0.0122	1.0	LYSOZYME	E1_not_chimeric_single_uniprot;E8_target_modelled=0<80;E9_target_disorder=1.00>0.2
1CTW_1	1CTW	T4L		False	X-RAY DIFFRACTION	2.1		A	164	162	0	1.0	0.0122	1.0	LYSOZYME	E1_not_chimeric_single_uniprot;E8_target_modelled=0<80;E9_target_disorder=1.00>0.2
1C6Q_1	1C6Q	T4L		False	X-RAY DIFFRACTION	1.9		A	164	162	0	1.0	0.0122	1.0	PROTEIN (LYSOZYME)	E1_not_chimeric_single_uniprot;E8_target_modelled=0<80;E9_target_disorder=1.00>0.2
1C6M_1	1C6M	T4L		False	X-RAY DIFFRACTION	2.1		A	164	162	0	1.0	0.0122	1.0	PROTEIN (LYSOZYME)	E1_not_chimeric_single_uniprot;E8_target_modelled=0<80;E9_target_disorder=1.00>0.2
1C6J_1	1C6J	T4L		False	X-RAY DIFFRACTION	1.9		A	164	162	0	1.0	0.0122	1.0	PROTEIN (LYSOZYME)	E1_not_chimeric_single_uniprot;E8_target_modelled=0<80;E9_target_disorder=1.00>0.2
1C6I_1	1C6I	T4L		False	X-RAY DIFFRACTION	1.9		A	164	162	0	1.0	0.0122	1.0	PROTEIN (LYSOZYME)	E1_not_chimeric_single_uniprot;E8_target_modelled=0<80;E9_target_disorder=1.00>0.2
1D3J_1	1D3J	T4L		False	X-RAY DIFFRACTION	1.97		A	164	162	0	1.0	0.0122	1.0	LYSOZYME	E1_not_chimeric_single_uniprot;E8_target_modelled=0<80;E9_target_disorder=1.00>0.2
1G0J_1	1G0J	T4L		False	X-RAY DIFFRACTION	1.8		A	164	164	0	1.0	0.0	1.0	PROTEIN (LYSOZYME)	E1_not_chimeric_single_uniprot;E8_target_modelled=0<80;E9_target_disorder=1.00>0.2
1G0P_1	1G0P	T4L		False	X-RAY DIFFRACTION	1.8		A	164	164	0	1.0	0.0	1.0	PROTEIN (LYSOZYME)	E1_not_chimeric_single_uniprot;E8_target_modelled=0<80;E9_target_disorder=1.00>0.2
1G0M_1	1G0M	T4L		False	X-RAY DIFFRACTION	1.7		A	164	162	0	1.0	0.0122	1.0	PROTEIN (LYSOZYME)	E1_not_chimeric_single_uniprot;E8_target_modelled=0<80;E9_target_disorder=1.00>0.2
1G0L_1	1G0L	T4L		False	X-RAY DIFFRACTION	1.8		A	164	164	0	1.0	0.0	1.0	PROTEIN (LYSOZYME)	E1_not_chimeric_single_uniprot;E8_target_modelled=0<80;E9_target_disorder=1.00>0.2
1G0K_1	1G0K	T4L		False	X-RAY DIFFRACTION	1.85		A	164	164	0	1.0	0.0	1.0	PROTEIN (LYSOZYME)	E1_not_chimeric_single_uniprot;E8_target_modelled=0<80;E9_target_disorder=1.00>0.2
1G0G_1	1G0G	T4L		False	X-RAY DIFFRACTION	1.9		A	164	162	0	1.0	0.0122	1.0	PROTEIN (LYSOZYME)	E1_not_chimeric_single_uniprot;E8_target_modelled=0<80;E9_target_disorder=1.00>0.2
1G07_1	1G07	T4L		False	X-RAY DIFFRACTION	1.7		A	164	162	0	1.0	0.0122	1.0	PROTEIN (LYSOZYME)	E1_not_chimeric_single_uniprot;E8_target_modelled=0<80;E9_target_disorder=1.00>0.2
1G06_1	1G06	T4L		False	X-RAY DIFFRACTION	1.85		A	164	164	0	1.0	0.0	1.0	PROTEIN (LYSOZYME)	E1_not_chimeric_single_uniprot;E8_target_modelled=0<80;E9_target_disorder=1.00>0.2
1EPY_1	1EPY	T4L		False	X-RAY DIFFRACTION	1.85		A	164	162	0	1.0	0.0122	1.0	LYSOZYME	E1_not_chimeric_single_uniprot;E8_target_modelled=0<80;E9_target_disorder=1.00>0.2
1DYG_1	1DYG	T4L		False	X-RAY DIFFRACTION	2.1		A	164	162	0	1.0	0.0122	1.0	T4 LYSOZYME	E1_not_chimeric_single_uniprot;E8_target_modelled=0<80;E9_target_disorder=1.00>0.2
1DYF_1	1DYF	T4L		False	X-RAY DIFFRACTION	1.9		A	164	162	0	1.0	0.0122	1.0	T4 LYSOZYME	E1_not_chimeric_single_uniprot;E8_target_modelled=0<80;E9_target_disorder=1.00>0.2
1DYE_1	1DYE	T4L		False	X-RAY DIFFRACTION	1.8		A	164	162	0	1.0	0.0122	1.0	T4 LYSOZYME	E1_not_chimeric_single_uniprot;E8_target_modelled=0<80;E9_target_disorder=1.00>0.2
1DYD_1	1DYD	T4L		False	X-RAY DIFFRACTION	2.1		A	164	162	0	1.0	0.0122	1.0	T4 LYSOZYME	E1_not_chimeric_single_uniprot;E8_target_modelled=0<80;E9_target_disorder=1.00>0.2
1DYC_1	1DYC	T4L		False	X-RAY DIFFRACTION	2.1		A	164	162	0	1.0	0.0122	1.0	T4 LYSOZYME	E1_not_chimeric_single_uniprot;E8_target_modelled=0<80;E9_target_disorder=1.00>0.2
1DYB_1	1DYB	T4L		False	X-RAY DIFFRACTION	1.75		A	164	162	0	1.0	0.0122	1.0	T4 LYSOZYME	E1_not_chimeric_single_uniprot;E8_target_modelled=0<80;E9_target_disorder=1.00>0.2
1DYA_1	1DYA	T4L		False	X-RAY DIFFRACTION	1.9		A	164	162	0	1.0	0.0122	1.0	T4 LYSOZYME	E1_not_chimeric_single_uniprot;E8_target_modelled=0<80;E9_target_disorder=1.00>0.2
1D9W_1	1D9W	T4L		False	X-RAY DIFFRACTION	1.91		A	164	162	0	1.0	0.0122	1.0	PROTEIN (LYSOZYME)	E1_not_chimeric_single_uniprot;E8_target_modelled=0<80;E9_target_disorder=1.00>0.2
1D3N_1	1D3N	T4L		False	X-RAY DIFFRACTION	2.0		A	164	162	0	1.0	0.0122	1.0	LYSOZYME	E1_not_chimeric_single_uniprot;E8_target_modelled=0<80;E9_target_disorder=1.00>0.2
1D3M_1	1D3M	T4L		False	X-RAY DIFFRACTION	2.12		A	164	162	0	1.0	0.0122	1.0	LYSOZYME	E1_not_chimeric_single_uniprot;E8_target_modelled=0<80;E9_target_disorder=1.00>0.2
1D3F_1	1D3F	T4L		False	X-RAY DIFFRACTION	2.05		A	164	162	0	1.0	0.0122	1.0	LYSOZYME	E1_not_chimeric_single_uniprot;E8_target_modelled=0<80;E9_target_disorder=1.00>0.2
1D2Y_1	1D2Y	T4L		False	X-RAY DIFFRACTION	2.06		A	164	162	0	1.0	0.0122	1.0	LYSOZYME	E1_not_chimeric_single_uniprot;E8_target_modelled=0<80;E9_target_disorder=1.00>0.2
1D2W_1	1D2W	T4L		False	X-RAY DIFFRACTION	1.89		A	164	162	0	1.0	0.0122	1.0	LYSOZYME	E1_not_chimeric_single_uniprot;E8_target_modelled=0<80;E9_target_disorder=1.00>0.2
1CX7_1	1CX7	T4L		False	X-RAY DIFFRACTION	1.94		A	164	162	0	1.0	0.0122	1.0	LYSOZYME	E1_not_chimeric_single_uniprot;E8_target_modelled=0<80;E9_target_disorder=1.00>0.2
1CX6_1	1CX6	T4L		False	X-RAY DIFFRACTION	2.01		A	164	162	0	1.0	0.0122	1.0	LYSOZYME	E1_not_chimeric_single_uniprot;E8_target_modelled=0<80;E9_target_disorder=1.00>0.2
1L0K_1	1L0K	T4L		False	X-RAY DIFFRACTION	2.02		A	162	162	0	1.0	0.0	1.0	LYSOZYME	E1_not_chimeric_single_uniprot;E8_target_modelled=0<80;E9_target_disorder=1.00>0.2
1L0J_1	1L0J	T4L		False	X-RAY DIFFRACTION	1.98		A	162	162	0	1.0	0.0	1.0	LYSOZYME	E1_not_chimeric_single_uniprot;E8_target_modelled=0<80;E9_target_disorder=1.00>0.2
1L09_1	1L09	T4L		False	X-RAY DIFFRACTION	1.7		A	164	164	0	1.0	0.0	1.0	T4 LYSOZYME	E1_not_chimeric_single_uniprot;E8_target_modelled=0<80;E9_target_disorder=1.00>0.2
1L08_1	1L08	T4L		False	X-RAY DIFFRACTION	1.7		A	164	164	0	1.0	0.0	1.0	T4 LYSOZYME	E1_not_chimeric_single_uniprot;E8_target_modelled=0<80;E9_target_disorder=1.00>0.2
1L07_1	1L07	T4L		False	X-RAY DIFFRACTION	1.7		A	164	164	0	1.0	0.0	1.0	T4 LYSOZYME	E1_not_chimeric_single_uniprot;E8_target_modelled=0<80;E9_target_disorder=1.00>0.2
1L06_1	1L06	T4L		False	X-RAY DIFFRACTION	1.7		A	164	164	0	1.0	0.0	1.0	T4 LYSOZYME	E1_not_chimeric_single_uniprot;E8_target_modelled=0<80;E9_target_disorder=1.00>0.2
1L05_1	1L05	T4L		False	X-RAY DIFFRACTION	1.7		A	164	164	0	1.0	0.0	1.0	T4 LYSOZYME	E1_not_chimeric_single_uniprot;E8_target_modelled=0<80;E9_target_disorder=1.00>0.2
1L04_1	1L04	T4L		False	X-RAY DIFFRACTION	1.7		A	164	164	0	1.0	0.0	1.0	T4 LYSOZYME	E1_not_chimeric_single_uniprot;E8_target_modelled=0<80;E9_target_disorder=1.00>0.2
1L03_1	1L03	T4L		False	X-RAY DIFFRACTION	1.7		A	164	164	0	1.0	0.0	1.0	T4 LYSOZYME	E1_not_chimeric_single_uniprot;E8_target_modelled=0<80;E9_target_disorder=1.00>0.2
1L02_1	1L02	T4L		False	X-RAY DIFFRACTION	1.7		A	164	164	0	1.0	0.0	1.0	T4 LYSOZYME	E1_not_chimeric_single_uniprot;E8_target_modelled=0<80;E9_target_disorder=1.00>0.2
1L01_1	1L01	T4L		False	X-RAY DIFFRACTION	1.7		A	164	164	0	1.0	0.0	1.0	T4 LYSOZYME	E1_not_chimeric_single_uniprot;E8_target_modelled=0<80;E9_target_disorder=1.00>0.2
1L00_1	1L00	T4L		False	X-RAY DIFFRACTION	1.9		A	164	164	0	1.0	0.0	1.0	T4 LYSOZYME	E1_not_chimeric_single_uniprot;E8_target_modelled=0<80;E9_target_disorder=1.00>0.2
1KY1_1	1KY1	T4L		False	X-RAY DIFFRACTION	2.05		A	162	162	0	1.0	0.0	1.0	LYSOZYME	E1_not_chimeric_single_uniprot;E8_target_modelled=0<80;E9_target_disorder=1.00>0.2
1KY0_1	1KY0	T4L		False	X-RAY DIFFRACTION	1.97		A	162	162	0	1.0	0.0	1.0	LYSOZYME	E1_not_chimeric_single_uniprot;E8_target_modelled=0<80;E9_target_disorder=1.00>0.2
1KW7_1	1KW7	T4L		False	X-RAY DIFFRACTION	1.89		A	162	162	0	1.0	0.0	1.0	LYSOZYME	E1_not_chimeric_single_uniprot;E8_target_modelled=0<80;E9_target_disorder=1.00>0.2
1KW5_1	1KW5	T4L		False	X-RAY DIFFRACTION	1.75		A	162	162	0	1.0	0.0	1.0	LYSOZYME	E1_not_chimeric_single_uniprot;E8_target_modelled=0<80;E9_target_disorder=1.00>0.2
1KS3_1	1KS3	T4L		False	X-RAY DIFFRACTION	2.16		A	162	162	0	1.0	0.0	1.0	LYSOZYME	E1_not_chimeric_single_uniprot;E8_target_modelled=0<80;E9_target_disorder=1.00>0.2
1KNI_1	1KNI	T4L		False	X-RAY DIFFRACTION	1.7		A	164	162	0	1.0	0.0122	1.0	LYSOZYME	E1_not_chimeric_single_uniprot;E8_target_modelled=0<80;E9_target_disorder=1.00>0.2
1JTN_1	1JTN	T4L		False	X-RAY DIFFRACTION	2.3		A	178	164	0	0.9266	0.0	1.0	LYSOZYME	E1_not_chimeric_single_uniprot;E8_target_modelled=0<80;E9_target_disorder=1.00>0.2
1JTM_1	1JTM	T4L		False	X-RAY DIFFRACTION	1.9		A	178	162	0	0.9529	0.0122	1.0	LYSOZYME	E1_not_chimeric_single_uniprot;E8_target_modelled=0<80;E9_target_disorder=1.00>0.2
1JQU_1	1JQU	T4L		False	X-RAY DIFFRACTION	2.6		A	164	164	0	1.0	0.0	1.0	Lysozyme	E1_not_chimeric_single_uniprot;E8_target_modelled=0<80;E9_target_disorder=1.00>0.2
1I6S_1	1I6S	T4L		False	X-RAY DIFFRACTION	1.9		A	164	162	0	1.0	0.0122	1.0	LYSOZYME	E1_not_chimeric_single_uniprot;E8_target_modelled=0<80;E9_target_disorder=1.00>0.2
1G1W_1	1G1W	T4L		False	X-RAY DIFFRACTION	1.8		A	164	162	0	1.0	0.0122	1.0	LYSOZYME	E1_not_chimeric_single_uniprot;E8_target_modelled=0<80;E9_target_disorder=1.00>0.2
1G1V_1	1G1V	T4L		False	X-RAY DIFFRACTION	1.9		A	164	162	0	1.0	0.0122	1.0	LYSOZYME	E1_not_chimeric_single_uniprot;E8_target_modelled=0<80;E9_target_disorder=1.00>0.2
1G0Q_1	1G0Q	T4L		False	X-RAY DIFFRACTION	1.8		A	164	164	0	1.0	0.0	1.0	PROTEIN (LYSOZYME)	E1_not_chimeric_single_uniprot;E8_target_modelled=0<80;E9_target_disorder=1.00>0.2
1L33_1	1L33	T4L		False	X-RAY DIFFRACTION	1.7		A	164	164	0	1.0	0.0	1.0	T4 LYSOZYME	E1_not_chimeric_single_uniprot;E8_target_modelled=0<80;E9_target_disorder=1.00>0.2
1L34_1	1L34	T4L		False	X-RAY DIFFRACTION	1.9		A	164	164	0	1.0	0.0	1.0	T4 LYSOZYME	E1_not_chimeric_single_uniprot;E8_target_modelled=0<80;E9_target_disorder=1.00>0.2
1L32_1	1L32	T4L		False	X-RAY DIFFRACTION	1.7		A	164	164	0	1.0	0.0	1.0	T4 LYSOZYME	E1_not_chimeric_single_uniprot;E8_target_modelled=0<80;E9_target_disorder=1.00>0.2
1L31_1	1L31	T4L		False	X-RAY DIFFRACTION	1.8		A	164	164	0	1.0	0.0	1.0	T4 LYSOZYME	E1_not_chimeric_single_uniprot;E8_target_modelled=0<80;E9_target_disorder=1.00>0.2
1L30_1	1L30	T4L		False	X-RAY DIFFRACTION	1.7		A	164	164	0	1.0	0.0	1.0	T4 LYSOZYME	E1_not_chimeric_single_uniprot;E8_target_modelled=0<80;E9_target_disorder=1.00>0.2
1L29_1	1L29	T4L		False	X-RAY DIFFRACTION	1.7		A	164	164	0	1.0	0.0	1.0	T4 LYSOZYME	E1_not_chimeric_single_uniprot;E8_target_modelled=0<80;E9_target_disorder=1.00>0.2
1L28_1	1L28	T4L		False	X-RAY DIFFRACTION	1.9		A	164	164	0	1.0	0.0	1.0	T4 LYSOZYME	E1_not_chimeric_single_uniprot;E8_target_modelled=0<80;E9_target_disorder=1.00>0.2
1L27_1	1L27	T4L		False	X-RAY DIFFRACTION	1.8		A	164	164	0	1.0	0.0	1.0	T4 LYSOZYME	E1_not_chimeric_single_uniprot;E8_target_modelled=0<80;E9_target_disorder=1.00>0.2
1L26_1	1L26	T4L		False	X-RAY DIFFRACTION	1.7		A	164	164	0	1.0	0.0	1.0	T4 LYSOZYME	E1_not_chimeric_single_uniprot;E8_target_modelled=0<80;E9_target_disorder=1.00>0.2
1L25_1	1L25	T4L		False	X-RAY DIFFRACTION	1.8		A	164	164	0	1.0	0.0	1.0	T4 LYSOZYME	E1_not_chimeric_single_uniprot;E8_target_modelled=0<80;E9_target_disorder=1.00>0.2
1L24_1	1L24	T4L		False	X-RAY DIFFRACTION	1.7		A	164	164	0	1.0	0.0	1.0	T4 LYSOZYME	E1_not_chimeric_single_uniprot;E8_target_modelled=0<80;E9_target_disorder=1.00>0.2
1L23_1	1L23	T4L		False	X-RAY DIFFRACTION	1.7		A	164	164	0	1.0	0.0	1.0	T4 LYSOZYME	E1_not_chimeric_single_uniprot;E8_target_modelled=0<80;E9_target_disorder=1.00>0.2
1L22_1	1L22	T4L		False	X-RAY DIFFRACTION	1.7		A	164	164	0	1.0	0.0	1.0	T4 LYSOZYME	E1_not_chimeric_single_uniprot;E8_target_modelled=0<80;E9_target_disorder=1.00>0.2
1L21_1	1L21	T4L		False	X-RAY DIFFRACTION	1.85		A	164	164	0	1.0	0.0	1.0	T4 LYSOZYME	E1_not_chimeric_single_uniprot;E8_target_modelled=0<80;E9_target_disorder=1.00>0.2
1L20_1	1L20	T4L		False	X-RAY DIFFRACTION	1.85		A	164	164	0	1.0	0.0	1.0	T4 LYSOZYME	E1_not_chimeric_single_uniprot;E8_target_modelled=0<80;E9_target_disorder=1.00>0.2
1L19_1	1L19	T4L		False	X-RAY DIFFRACTION	1.7		A	164	164	0	1.0	0.0	1.0	T4 LYSOZYME	E1_not_chimeric_single_uniprot;E8_target_modelled=0<80;E9_target_disorder=1.00>0.2
1L18_1	1L18	T4L		False	X-RAY DIFFRACTION	1.7		A	164	164	0	1.0	0.0	1.0	T4 LYSOZYME	E1_not_chimeric_single_uniprot;E8_target_modelled=0<80;E9_target_disorder=1.00>0.2
1L17_1	1L17	T4L		False	X-RAY DIFFRACTION	1.7		A	164	164	0	1.0	0.0	1.0	T4 LYSOZYME	E1_not_chimeric_single_uniprot;E8_target_modelled=0<80;E9_target_disorder=1.00>0.2
1L16_1	1L16	T4L		False	X-RAY DIFFRACTION	1.7		A	164	164	0	1.0	0.0	1.0	T4 LYSOZYME	E1_not_chimeric_single_uniprot;E8_target_modelled=0<80;E9_target_disorder=1.00>0.2
1L15_1	1L15	T4L		False	X-RAY DIFFRACTION	1.7		A	164	164	0	1.0	0.0	1.0	T4 LYSOZYME	E1_not_chimeric_single_uniprot;E8_target_modelled=0<80;E9_target_disorder=1.00>0.2
1L14_1	1L14	T4L		False	X-RAY DIFFRACTION	1.7		A	164	164	0	1.0	0.0	1.0	T4 LYSOZYME	E1_not_chimeric_single_uniprot;E8_target_modelled=0<80;E9_target_disorder=1.00>0.2
1L13_1	1L13	T4L		False	X-RAY DIFFRACTION	1.7		A	164	164	0	1.0	0.0	1.0	T4 LYSOZYME	E1_not_chimeric_single_uniprot;E8_target_modelled=0<80;E9_target_disorder=1.00>0.2
1L12_1	1L12	T4L		False	X-RAY DIFFRACTION	1.7		A	164	164	0	1.0	0.0	1.0	T4 LYSOZYME	E1_not_chimeric_single_uniprot;E8_target_modelled=0<80;E9_target_disorder=1.00>0.2
1L11_1	1L11	T4L		False	X-RAY DIFFRACTION	1.7		A	164	164	0	1.0	0.0	1.0	T4 LYSOZYME	E1_not_chimeric_single_uniprot;E8_target_modelled=0<80;E9_target_disorder=1.00>0.2
1L10_1	1L10	T4L		False	X-RAY DIFFRACTION	1.7		A	164	164	0	1.0	0.0	1.0	T4 LYSOZYME	E1_not_chimeric_single_uniprot;E8_target_modelled=0<80;E9_target_disorder=1.00>0.2
1L59_1	1L59	T4L		False	X-RAY DIFFRACTION	1.75		A	164	162	0	1.0	0.0122	1.0	LYSOZYME	E1_not_chimeric_single_uniprot;E8_target_modelled=0<80;E9_target_disorder=1.00>0.2
1L58_1	1L58	T4L		False	X-RAY DIFFRACTION	1.65		A	164	164	0	1.0	0.0	1.0	T4 LYSOZYME	E1_not_chimeric_single_uniprot;E8_target_modelled=0<80;E9_target_disorder=1.00>0.2
1L57_1	1L57	T4L		False	X-RAY DIFFRACTION	1.9		A	164	162	0	1.0	0.0122	1.0	LYSOZYME	E1_not_chimeric_single_uniprot;E8_target_modelled=0<80;E9_target_disorder=1.00>0.2
1L56_1	1L56	T4L		False	X-RAY DIFFRACTION	1.8		A	164	164	0	1.0	0.0	1.0	T4 LYSOZYME	E1_not_chimeric_single_uniprot;E8_target_modelled=0<80;E9_target_disorder=1.00>0.2
1L55_1	1L55	T4L		False	X-RAY DIFFRACTION	1.9		A	164	162	0	1.0	0.0122	1.0	LYSOZYME	E1_not_chimeric_single_uniprot;E8_target_modelled=0<80;E9_target_disorder=1.00>0.2
1L54_1	1L54	T4L		False	X-RAY DIFFRACTION	1.9		A	164	164	0	1.0	0.0	1.0	T4 LYSOZYME	E1_not_chimeric_single_uniprot;E8_target_modelled=0<80;E9_target_disorder=1.00>0.2
1L53_1	1L53	T4L		False	X-RAY DIFFRACTION	1.85		A	164	164	0	1.0	0.0	1.0	T4 LYSOZYME	E1_not_chimeric_single_uniprot;E8_target_modelled=0<80;E9_target_disorder=1.00>0.2
1L52_1	1L52	T4L		False	X-RAY DIFFRACTION	1.7		A	164	164	0	1.0	0.0	1.0	T4 LYSOZYME	E1_not_chimeric_single_uniprot;E8_target_modelled=0<80;E9_target_disorder=1.00>0.2
1L51_1	1L51	T4L		False	X-RAY DIFFRACTION	1.9		A	164	164	0	1.0	0.0	1.0	T4 LYSOZYME	E1_not_chimeric_single_uniprot;E8_target_modelled=0<80;E9_target_disorder=1.00>0.2
1L50_1	1L50	T4L		False	X-RAY DIFFRACTION	1.85		A	164	164	0	1.0	0.0	1.0	T4 LYSOZYME	E1_not_chimeric_single_uniprot;E8_target_modelled=0<80;E9_target_disorder=1.00>0.2
1L49_1	1L49	T4L		False	X-RAY DIFFRACTION	1.8		A	164	164	0	1.0	0.0	1.0	T4 LYSOZYME	E1_not_chimeric_single_uniprot;E8_target_modelled=0<80;E9_target_disorder=1.00>0.2
1L48_1	1L48	T4L		False	X-RAY DIFFRACTION	1.7		A	164	164	0	1.0	0.0	1.0	T4 LYSOZYME	E1_not_chimeric_single_uniprot;E8_target_modelled=0<80;E9_target_disorder=1.00>0.2
1L47_1	1L47	T4L		False	X-RAY DIFFRACTION	1.7		A	164	164	0	1.0	0.0	1.0	T4 LYSOZYME	E1_not_chimeric_single_uniprot;E8_target_modelled=0<80;E9_target_disorder=1.00>0.2
1L46_1	1L46	T4L		False	X-RAY DIFFRACTION	1.7		A	164	164	0	1.0	0.0	1.0	T4 LYSOZYME	E1_not_chimeric_single_uniprot;E8_target_modelled=0<80;E9_target_disorder=1.00>0.2
1L45_1	1L45	T4L		False	X-RAY DIFFRACTION	1.7		A	164	164	0	1.0	0.0	1.0	T4 LYSOZYME	E1_not_chimeric_single_uniprot;E8_target_modelled=0<80;E9_target_disorder=1.00>0.2
1L44_1	1L44	T4L		False	X-RAY DIFFRACTION	1.7		A	164	164	0	1.0	0.0	1.0	T4 LYSOZYME	E1_not_chimeric_single_uniprot;E8_target_modelled=0<80;E9_target_disorder=1.00>0.2
1L43_1	1L43	T4L		False	X-RAY DIFFRACTION	1.8		A	164	164	0	1.0	0.0	1.0	T4 LYSOZYME	E1_not_chimeric_single_uniprot;E8_target_modelled=0<80;E9_target_disorder=1.00>0.2
1L42_1	1L42	T4L		False	X-RAY DIFFRACTION	1.8		A	164	164	0	1.0	0.0	1.0	T4 LYSOZYME	E1_not_chimeric_single_uniprot;E8_target_modelled=0<80;E9_target_disorder=1.00>0.2
1L41_1	1L41	T4L		False	X-RAY DIFFRACTION	1.75		A	164	164	0	1.0	0.0	1.0	T4 LYSOZYME	E1_not_chimeric_single_uniprot;E8_target_modelled=0<80;E9_target_disorder=1.00>0.2
1L40_1	1L40	T4L		False	X-RAY DIFFRACTION	1.85		A	164	164	0	1.0	0.0	1.0	T4 LYSOZYME	E1_not_chimeric_single_uniprot;E8_target_modelled=0<80;E9_target_disorder=1.00>0.2
1L39_1	1L39	T4L		False	X-RAY DIFFRACTION	1.85		A	164	164	0	1.0	0.0	1.0	T4 LYSOZYME	E1_not_chimeric_single_uniprot;E8_target_modelled=0<80;E9_target_disorder=1.00>0.2
1L38_1	1L38	T4L		False	X-RAY DIFFRACTION	1.8		A	164	164	0	1.0	0.0	1.0	T4 LYSOZYME	E1_not_chimeric_single_uniprot;E8_target_modelled=0<80;E9_target_disorder=1.00>0.2
1L37_1	1L37	T4L		False	X-RAY DIFFRACTION	1.85		A	164	164	0	1.0	0.0	1.0	T4 LYSOZYME	E1_not_chimeric_single_uniprot;E8_target_modelled=0<80;E9_target_disorder=1.00>0.2
1L36_1	1L36	T4L		False	X-RAY DIFFRACTION	1.7		A	164	162	0	1.0	0.0122	1.0	LYSOZYME	E1_not_chimeric_single_uniprot;E8_target_modelled=0<80;E9_target_disorder=1.00>0.2
1L35_1	1L35	T4L		False	X-RAY DIFFRACTION	1.8		A	164	163	0	0.9939	0.0	1.0	T4 LYSOZYME	E1_not_chimeric_single_uniprot;E8_target_modelled=0<80;E9_target_disorder=1.00>0.2
1L85_1	1L85	T4L		False	X-RAY DIFFRACTION	2.0		A	164	162	0	1.0	0.0122	1.0	T4 LYSOZYME	E1_not_chimeric_single_uniprot;E8_target_modelled=0<80;E9_target_disorder=1.00>0.2
1L84_1	1L84	T4L		False	X-RAY DIFFRACTION	1.9		A	164	162	0	1.0	0.0122	1.0	T4 LYSOZYME	E1_not_chimeric_single_uniprot;E8_target_modelled=0<80;E9_target_disorder=1.00>0.2
1L83_1	1L83	T4L		False	X-RAY DIFFRACTION	1.7		A	164	162	0	1.0	0.0122	1.0	T4 LYSOZYME	E1_not_chimeric_single_uniprot;E8_target_modelled=0<80;E9_target_disorder=1.00>0.2
1L82_1	1L82	T4L		False	X-RAY DIFFRACTION	2.1		A	164	162	0	1.0	0.0122	1.0	T4 LYSOZYME	E1_not_chimeric_single_uniprot;E8_target_modelled=0<80;E9_target_disorder=1.00>0.2
1L81_1	1L81	T4L		False	X-RAY DIFFRACTION	2.0		A	164	162	0	1.0	0.0122	1.0	T4 LYSOZYME	E1_not_chimeric_single_uniprot;E8_target_modelled=0<80;E9_target_disorder=1.00>0.2
1L80_1	1L80	T4L		False	X-RAY DIFFRACTION	1.8		A	164	162	0	1.0	0.0122	1.0	T4 LYSOZYME	E1_not_chimeric_single_uniprot;E8_target_modelled=0<80;E9_target_disorder=1.00>0.2
1L79_1	1L79	T4L		False	X-RAY DIFFRACTION	1.9		A	164	162	0	1.0	0.0122	1.0	T4 LYSOZYME	E1_not_chimeric_single_uniprot;E8_target_modelled=0<80;E9_target_disorder=1.00>0.2
1L77_1	1L77	T4L		False	X-RAY DIFFRACTION	2.05		A	164	162	0	1.0	0.0122	1.0	T4 LYSOZYME	E1_not_chimeric_single_uniprot;E8_target_modelled=0<80;E9_target_disorder=1.00>0.2
1L76_1	1L76	T4L		False	X-RAY DIFFRACTION	1.9		A	164	162	0	1.0	0.0122	1.0	LYSOZYME	E1_not_chimeric_single_uniprot;E8_target_modelled=0<80;E9_target_disorder=1.00>0.2
1L75_1	1L75	T4L		False	X-RAY DIFFRACTION	1.9		A	164	162	0	1.0	0.0122	1.0	LYSOZYME	E1_not_chimeric_single_uniprot;E8_target_modelled=0<80;E9_target_disorder=1.00>0.2
1L74_1	1L74	T4L		False	X-RAY DIFFRACTION	1.7		A	164	162	0	1.0	0.0122	1.0	LYSOZYME	E1_not_chimeric_single_uniprot;E8_target_modelled=0<80;E9_target_disorder=1.00>0.2
1L73_1	1L73	T4L		False	X-RAY DIFFRACTION	2.05		A	164	162	0	1.0	0.0122	1.0	LYSOZYME	E1_not_chimeric_single_uniprot;E8_target_modelled=0<80;E9_target_disorder=1.00>0.2
1L72_1	1L72	T4L		False	X-RAY DIFFRACTION	1.85		A	164	162	0	1.0	0.0122	1.0	LYSOZYME	E1_not_chimeric_single_uniprot;E8_target_modelled=0<80;E9_target_disorder=1.00>0.2
1L71_1	1L71	T4L		False	X-RAY DIFFRACTION	1.85		A	164	162	0	1.0	0.0122	1.0	LYSOZYME	E1_not_chimeric_single_uniprot;E8_target_modelled=0<80;E9_target_disorder=1.00>0.2
1L70_1	1L70	T4L		False	X-RAY DIFFRACTION	1.9		A	164	162	0	1.0	0.0122	1.0	LYSOZYME	E1_not_chimeric_single_uniprot;E8_target_modelled=0<80;E9_target_disorder=1.00>0.2
1L69_1	1L69	T4L		False	X-RAY DIFFRACTION	1.9		A	164	162	0	1.0	0.0122	1.0	LYSOZYME	E1_not_chimeric_single_uniprot;E8_target_modelled=0<80;E9_target_disorder=1.00>0.2
1L68_1	1L68	T4L		False	X-RAY DIFFRACTION	1.7		A	164	162	0	1.0	0.0122	1.0	LYSOZYME	E1_not_chimeric_single_uniprot;E8_target_modelled=0<80;E9_target_disorder=1.00>0.2
1L67_1	1L67	T4L		False	X-RAY DIFFRACTION	1.9		A	164	162	0	1.0	0.0122	1.0	LYSOZYME	E1_not_chimeric_single_uniprot;E8_target_modelled=0<80;E9_target_disorder=1.00>0.2
1L66_1	1L66	T4L		False	X-RAY DIFFRACTION	1.7		A	164	162	0	1.0	0.0122	1.0	LYSOZYME	E1_not_chimeric_single_uniprot;E8_target_modelled=0<80;E9_target_disorder=1.00>0.2
1L65_1	1L65	T4L		False	X-RAY DIFFRACTION	1.7		A	164	162	0	1.0	0.0122	1.0	LYSOZYME	E1_not_chimeric_single_uniprot;E8_target_modelled=0<80;E9_target_disorder=1.00>0.2
1L64_1	1L64	T4L		False	X-RAY DIFFRACTION	1.9		A	164	162	0	1.0	0.0122	1.0	LYSOZYME	E1_not_chimeric_single_uniprot;E8_target_modelled=0<80;E9_target_disorder=1.00>0.2
1L63_1	1L63	T4L		False	X-RAY DIFFRACTION	1.75		A	164	162	0	1.0	0.0122	1.0	LYSOZYME	E1_not_chimeric_single_uniprot;E8_target_modelled=0<80;E9_target_disorder=1.00>0.2
1L62_1	1L62	T4L		False	X-RAY DIFFRACTION	1.7		A	164	162	0	1.0	0.0122	1.0	LYSOZYME	E1_not_chimeric_single_uniprot;E8_target_modelled=0<80;E9_target_disorder=1.00>0.2
1L61_1	1L61	T4L		False	X-RAY DIFFRACTION	1.8		A	164	162	0	1.0	0.0122	1.0	LYSOZYME	E1_not_chimeric_single_uniprot;E8_target_modelled=0<80;E9_target_disorder=1.00>0.2
1L60_1	1L60	T4L		False	X-RAY DIFFRACTION	1.7		A	164	164	0	1.0	0.0	1.0	T4 LYSOZYME	E1_not_chimeric_single_uniprot;E8_target_modelled=0<80;E9_target_disorder=1.00>0.2
1L88_1	1L88	T4L		False	X-RAY DIFFRACTION	1.85		A	164	162	0	1.0	0.0122	1.0	T4 LYSOZYME	E1_not_chimeric_single_uniprot;E8_target_modelled=0<80;E9_target_disorder=1.00>0.2
1LWK_1	1LWK	T4L		False	X-RAY DIFFRACTION	2.1		A	164	162	0	1.0	0.0122	1.0	Lysozyme	E1_not_chimeric_single_uniprot;E8_target_modelled=0<80;E9_target_disorder=1.00>0.2
1LWG_1	1LWG	T4L		False	X-RAY DIFFRACTION	1.7		A	164	162	0	1.0	0.0122	1.0	Lysozyme	E1_not_chimeric_single_uniprot;E8_target_modelled=0<80;E9_target_disorder=1.00>0.2
1LW9_1	1LW9	T4L		False	X-RAY DIFFRACTION	1.45		A	164	164	0	1.0	0.0	1.0	LYSOZYME	E1_not_chimeric_single_uniprot;E8_target_modelled=0<80;E9_target_disorder=1.00>0.2
1LPY_1	1LPY	T4L		False	X-RAY DIFFRACTION	1.65		A	164	162	0	1.0	0.0122	1.0	LYSOZYME	E1_not_chimeric_single_uniprot;E8_target_modelled=0<80;E9_target_disorder=1.00>0.2
1LLH_1	1LLH	T4L		False	X-RAY DIFFRACTION	1.8		A	164	162	0	1.0	0.0122	1.0	Lysozyme	E1_not_chimeric_single_uniprot;E8_target_modelled=0<80;E9_target_disorder=1.00>0.2
1LI6_1	1LI6	T4L		False	X-RAY DIFFRACTION	2.0		A	164	162	0	1.0	0.0122	1.0	Lysozyme	E1_not_chimeric_single_uniprot;E8_target_modelled=0<80;E9_target_disorder=1.00>0.2
1LI3_1	1LI3	T4L		False	X-RAY DIFFRACTION	1.85		A	164	162	0	1.0	0.0122	1.0	Lysozyme	E1_not_chimeric_single_uniprot;E8_target_modelled=0<80;E9_target_disorder=1.00>0.2
1LI2_1	1LI2	T4L		False	X-RAY DIFFRACTION	2.0		A	164	162	0	1.0	0.0122	1.0	Lysozyme	E1_not_chimeric_single_uniprot;E8_target_modelled=0<80;E9_target_disorder=1.00>0.2
1LGX_1	1LGX	T4L		False	X-RAY DIFFRACTION	1.9		A	164	162	0	1.0	0.0122	1.0	Lysozyme	E1_not_chimeric_single_uniprot;E8_target_modelled=0<80;E9_target_disorder=1.00>0.2
1LGW_1	1LGW	T4L		False	X-RAY DIFFRACTION	1.85		A	164	162	0	1.0	0.0122	1.0	Lysozyme	E1_not_chimeric_single_uniprot;E8_target_modelled=0<80;E9_target_disorder=1.00>0.2
1LGU_1	1LGU	T4L		False	X-RAY DIFFRACTION	1.9		A	164	162	0	1.0	0.0122	1.0	Lysozyme	E1_not_chimeric_single_uniprot;E8_target_modelled=0<80;E9_target_disorder=1.00>0.2
1L99_1	1L99	T4L		False	X-RAY DIFFRACTION	1.95		A	164	164	0	1.0	0.0	1.0	T4 LYSOZYME	E1_not_chimeric_single_uniprot;E8_target_modelled=0<80;E9_target_disorder=1.00>0.2
1L98_1	1L98	T4L		False	X-RAY DIFFRACTION	1.8		A	164	164	0	1.0	0.0	1.0	T4 LYSOZYME	E1_not_chimeric_single_uniprot;E8_target_modelled=0<80;E9_target_disorder=1.00>0.2
1L97_1	1L97	T4L		False	X-RAY DIFFRACTION	2.0		A	164	164	0	1.0	0.0	1.0	T4 LYSOZYME	E1_not_chimeric_single_uniprot;E8_target_modelled=0<80;E9_target_disorder=1.00>0.2
1L96_1	1L96	T4L		False	X-RAY DIFFRACTION	2.0		A	164	162	0	1.0	0.0122	1.0	T4 LYSOZYME	E1_not_chimeric_single_uniprot;E8_target_modelled=0<80;E9_target_disorder=1.00>0.2
1L95_1	1L95	T4L		False	X-RAY DIFFRACTION	2.0		A	164	162	0	1.0	0.0122	1.0	T4 LYSOZYME	E1_not_chimeric_single_uniprot;E8_target_modelled=0<80;E9_target_disorder=1.00>0.2
1L94_1	1L94	T4L		False	X-RAY DIFFRACTION	1.8		A	164	162	0	1.0	0.0122	1.0	T4 LYSOZYME	E1_not_chimeric_single_uniprot;E8_target_modelled=0<80;E9_target_disorder=1.00>0.2
1L93_1	1L93	T4L		False	X-RAY DIFFRACTION	1.8		A	164	162	0	1.0	0.0122	1.0	T4 LYSOZYME	E1_not_chimeric_single_uniprot;E8_target_modelled=0<80;E9_target_disorder=1.00>0.2
1L92_1	1L92	T4L		False	X-RAY DIFFRACTION	1.7		A	164	162	0	1.0	0.0122	1.0	T4 LYSOZYME	E1_not_chimeric_single_uniprot;E8_target_modelled=0<80;E9_target_disorder=1.00>0.2
1L91_1	1L91	T4L		False	X-RAY DIFFRACTION	1.8		A	164	162	0	1.0	0.0122	1.0	T4 LYSOZYME	E1_not_chimeric_single_uniprot;E8_target_modelled=0<80;E9_target_disorder=1.00>0.2
1L90_1	1L90	T4L		False	X-RAY DIFFRACTION	1.75		A	164	162	0	1.0	0.0122	1.0	T4 LYSOZYME	E1_not_chimeric_single_uniprot;E8_target_modelled=0<80;E9_target_disorder=1.00>0.2
1L89_1	1L89	T4L		False	X-RAY DIFFRACTION	1.9		A	164	162	0	1.0	0.0122	1.0	T4 LYSOZYME	E1_not_chimeric_single_uniprot;E8_target_modelled=0<80;E9_target_disorder=1.00>0.2
1L87_1	1L87	T4L		False	X-RAY DIFFRACTION	1.8		A	164	162	0	1.0	0.0122	1.0	T4 LYSOZYME	E1_not_chimeric_single_uniprot;E8_target_modelled=0<80;E9_target_disorder=1.00>0.2
1L86_1	1L86	T4L		False	X-RAY DIFFRACTION	1.8		A	164	162	0	1.0	0.0122	1.0	T4 LYSOZYME	E1_not_chimeric_single_uniprot;E8_target_modelled=0<80;E9_target_disorder=1.00>0.2
1LYE_1	1LYE	T4L		False	X-RAY DIFFRACTION	1.8		A	164	162	0	1.0	0.0122	1.0	T4 LYSOZYME	E1_not_chimeric_single_uniprot;E8_target_modelled=0<80;E9_target_disorder=1.00>0.2
1LYF_1	1LYF	T4L		False	X-RAY DIFFRACTION	1.8		A	164	162	0	1.0	0.0122	1.0	T4 LYSOZYME	E1_not_chimeric_single_uniprot;E8_target_modelled=0<80;E9_target_disorder=1.00>0.2
1LYG_1	1LYG	T4L		False	X-RAY DIFFRACTION	1.8		A	164	162	0	1.0	0.0122	1.0	T4 LYSOZYME	E1_not_chimeric_single_uniprot;E8_target_modelled=0<80;E9_target_disorder=1.00>0.2
1LYH_1	1LYH	T4L		False	X-RAY DIFFRACTION	1.7		A	164	162	0	1.0	0.0122	1.0	T4 LYSOZYME	E1_not_chimeric_single_uniprot;E8_target_modelled=0<80;E9_target_disorder=1.00>0.2
1NHB_1	1NHB	T4L		False	X-RAY DIFFRACTION	1.8		A	164	162	0	1.0	0.0122	1.0	T4 LYSOZYME	E1_not_chimeric_single_uniprot;E8_target_modelled=0<80;E9_target_disorder=1.00>0.2
1OV5_1	1OV5	T4L		False	X-RAY DIFFRACTION	2.1		A	164	162	0	1.0	0.0122	1.0	Lysozyme	E1_not_chimeric_single_uniprot;E8_target_modelled=0<80;E9_target_disorder=1.00>0.2
1OVH_1	1OVH	T4L		False	X-RAY DIFFRACTION	1.95		A	164	162	0	1.0	0.0122	1.0	Lysozyme	E1_not_chimeric_single_uniprot;E8_target_modelled=0<80;E9_target_disorder=1.00>0.2
1OVJ_1	1OVJ	T4L		False	X-RAY DIFFRACTION	2.0		A	164	162	0	1.0	0.0122	1.0	Lysozyme	E1_not_chimeric_single_uniprot;E8_target_modelled=0<80;E9_target_disorder=1.00>0.2
1P2L_1	1P2L	T4L		False	X-RAY DIFFRACTION	1.58		A	164	164	0	1.0	0.0	1.0	LYSOZYME	E1_not_chimeric_single_uniprot;E8_target_modelled=0<80;E9_target_disorder=1.00>0.2
1P2R_1	1P2R	T4L		False	X-RAY DIFFRACTION	1.58		A	164	164	0	1.0	0.0	1.0	LYSOZYME	E1_not_chimeric_single_uniprot;E8_target_modelled=0<80;E9_target_disorder=1.00>0.2
1P36_1	1P36	T4L		False	X-RAY DIFFRACTION	1.45		A	164	164	0	1.0	0.0	1.0	LYSOZYME	E1_not_chimeric_single_uniprot;E8_target_modelled=0<80;E9_target_disorder=1.00>0.2
1P37_1	1P37	T4L		False	X-RAY DIFFRACTION	1.57		A	164	164	0	1.0	0.0	1.0	LYSOZYME	E1_not_chimeric_single_uniprot;E8_target_modelled=0<80;E9_target_disorder=1.00>0.2
1P46_1	1P46	T4L		False	X-RAY DIFFRACTION	1.67		A	164	164	0	1.0	0.0	1.0	LYSOZYME	E1_not_chimeric_single_uniprot;E8_target_modelled=0<80;E9_target_disorder=1.00>0.2
1P56_1	1P56	T4L		False	X-RAY DIFFRACTION	1.8		A	176	162	0	1.0	0.0061	1.0	PROTEIN (Lysozyme)	E1_not_chimeric_single_uniprot;E8_target_modelled=0<80;E9_target_disorder=1.00>0.2
1P64_1	1P64	T4L		False	X-RAY DIFFRACTION	1.62		A	164	164	0	1.0	0.0	1.0	LYSOZYME	E1_not_chimeric_single_uniprot;E8_target_modelled=0<80;E9_target_disorder=1.00>0.2
1P5C_1	1P5C	T4L		False	X-RAY DIFFRACTION	2.5		A	167	151	0	0.9096	0.0	1.0	Lysozyme	E1_not_chimeric_single_uniprot;E8_target_modelled=0<80;E9_target_disorder=1.00>0.2
1P3N_1	1P3N	T4L		False	X-RAY DIFFRACTION	1.55		A	164	164	0	1.0	0.0	1.0	LYSOZYME	E1_not_chimeric_single_uniprot;E8_target_modelled=0<80;E9_target_disorder=1.00>0.2
1OYU_1	1OYU	T4L		False	X-RAY DIFFRACTION	2.5		A	175	162	0	0.9364	0.0122	1.0	Lysozyme	E1_not_chimeric_single_uniprot;E8_target_modelled=0<80;E9_target_disorder=1.00>0.2
1OWZ_1	1OWZ	T4L		False	X-RAY DIFFRACTION	1.9		A	164	162	0	1.0	0.0122	1.0	Lysozyme	E1_not_chimeric_single_uniprot;E8_target_modelled=0<80;E9_target_disorder=1.00>0.2
1OWY_1	1OWY	T4L		False	X-RAY DIFFRACTION	1.9		A	164	162	0	1.0	0.0122	1.0	Lysozyme	E1_not_chimeric_single_uniprot;E8_target_modelled=0<80;E9_target_disorder=1.00>0.2
1OVK_1	1OVK	T4L		False	X-RAY DIFFRACTION	2.1		A	164	162	0	1.0	0.0122	1.0	Lysozyme	E1_not_chimeric_single_uniprot;E8_target_modelled=0<80;E9_target_disorder=1.00>0.2
1OV7_1	1OV7	T4L		False	X-RAY DIFFRACTION	2.0		A	164	162	0	1.0	0.0122	1.0	Lysozyme	E1_not_chimeric_single_uniprot;E8_target_modelled=0<80;E9_target_disorder=1.00>0.2
1LYJ_1	1LYJ	T4L		False	X-RAY DIFFRACTION	1.8		A	164	162	0	1.0	0.0122	1.0	T4 LYSOZYME	E1_not_chimeric_single_uniprot;E8_target_modelled=0<80;E9_target_disorder=1.00>0.2
1LYI_1	1LYI	T4L		False	X-RAY DIFFRACTION	2.0		A	164	162	0	1.0	0.0122	1.0	T4 LYSOZYME	E1_not_chimeric_single_uniprot;E8_target_modelled=0<80;E9_target_disorder=1.00>0.2
1LYD_1	1LYD	T4L		False	X-RAY DIFFRACTION	2.0		A	164	164	0	1.0	0.0	1.0	T4 LYSOZYME	E1_not_chimeric_single_uniprot;E8_target_modelled=0<80;E9_target_disorder=1.00>0.2
1P6Y_1	1P6Y	T4L		False	X-RAY DIFFRACTION	1.54		A	164	164	0	1.0	0.0	1.0	LYSOZYME	E1_not_chimeric_single_uniprot;E8_target_modelled=0<80;E9_target_disorder=1.00>0.2
1QUD_1	1QUD	T4L		False	X-RAY DIFFRACTION	1.75		A	162	162	0	1.0	0.0	1.0	PROTEIN (LYSOZYME)	E1_not_chimeric_single_uniprot;E8_target_modelled=0<80;E9_target_disorder=1.00>0.2
1QTZ_1	1QTZ	T4L		False	X-RAY DIFFRACTION	2.0		A	164	164	0	1.0	0.0	1.0	PROTEIN (T4 LYSOZYME)	E1_not_chimeric_single_uniprot;E8_target_modelled=0<80;E9_target_disorder=1.00>0.2
1QTV_1	1QTV	T4L		False	X-RAY DIFFRACTION	2.3		A	164	164	0	1.0	0.0	1.0	PROTEIN (T4 LYSOZYME)	E1_not_chimeric_single_uniprot;E8_target_modelled=0<80;E9_target_disorder=1.00>0.2
1QTH_1	1QTH	T4L		False	X-RAY DIFFRACTION	1.9		A	164	162	0	1.0	0.0122	1.0	LYSOZYME	E1_not_chimeric_single_uniprot;E8_target_modelled=0<80;E9_target_disorder=1.00>0.2
1QTD_1	1QTD	T4L		False	X-RAY DIFFRACTION	2.5		A	162	162	0	1.0	0.0	1.0	LYSOZYME	E1_not_chimeric_single_uniprot;E8_target_modelled=0<80;E9_target_disorder=1.00>0.2
1QTC_1	1QTC	T4L		False	X-RAY DIFFRACTION	2.5		A	162	162	0	1.0	0.0	1.0	LYSOZYME	E1_not_chimeric_single_uniprot;E8_target_modelled=0<80;E9_target_disorder=1.00>0.2
1QTB_1	1QTB	T4L		False	X-RAY DIFFRACTION	1.9		A	162	162	0	1.0	0.0	1.0	LYSOZYME	E1_not_chimeric_single_uniprot;E8_target_modelled=0<80;E9_target_disorder=1.00>0.2
1QT8_1	1QT8	T4L		False	X-RAY DIFFRACTION	1.9		A	164	164	0	1.0	0.0	1.0	PROTEIN (T4 LYSOZYME)	E1_not_chimeric_single_uniprot;E8_target_modelled=0<80;E9_target_disorder=1.00>0.2
1QT7_1	1QT7	T4L		False	X-RAY DIFFRACTION	1.8		A	164	164	0	1.0	0.0	1.0	PROTEIN (T4 LYSOZYME)	E1_not_chimeric_single_uniprot;E8_target_modelled=0<80;E9_target_disorder=1.00>0.2
1QT6_1	1QT6	T4L		False	X-RAY DIFFRACTION	1.9		A	164	164	0	1.0	0.0	1.0	PROTEIN (T4 LYSOZYME)	E1_not_chimeric_single_uniprot;E8_target_modelled=0<80;E9_target_disorder=1.00>0.2
1QT5_1	1QT5	T4L		False	X-RAY DIFFRACTION	1.8		A	164	164	0	1.0	0.0	1.0	PROTEIN (T4 LYSOZYME)	E1_not_chimeric_single_uniprot;E8_target_modelled=0<80;E9_target_disorder=1.00>0.2
1QT4_1	1QT4	T4L		False	X-RAY DIFFRACTION	2.1		A	164	164	0	1.0	0.0	1.0	PROTEIN (T4 LYSOZYME)	E1_not_chimeric_single_uniprot;E8_target_modelled=0<80;E9_target_disorder=1.00>0.2
1QT3_1	1QT3	T4L		False	X-RAY DIFFRACTION	1.85		A	164	164	0	1.0	0.0	1.0	PROTEIN (T4 Lysozyme)	E1_not_chimeric_single_uniprot;E8_target_modelled=0<80;E9_target_disorder=1.00>0.2
1QSQ_1	1QSQ	T4L		False	X-RAY DIFFRACTION	1.9		A	164	162	0	1.0	0.0122	1.0	LYSOZYME	E1_not_chimeric_single_uniprot;E8_target_modelled=0<80;E9_target_disorder=1.00>0.2
1QSB_1	1QSB	T4L		False	X-RAY DIFFRACTION	1.8		A	162	162	0	1.0	0.0	1.0	PROTEIN (LYSOZYME)	E1_not_chimeric_single_uniprot;E8_target_modelled=0<80;E9_target_disorder=1.00>0.2
1QS9_1	1QS9	T4L		False	X-RAY DIFFRACTION	1.85		A	162	162	0	1.0	0.0	1.0	LYSOZYME	E1_not_chimeric_single_uniprot;E8_target_modelled=0<80;E9_target_disorder=1.00>0.2
1QS5_1	1QS5	T4L		False	X-RAY DIFFRACTION	2.5		A	162	162	0	1.0	0.0	1.0	LYSOZYME	E1_not_chimeric_single_uniprot;E8_target_modelled=0<80;E9_target_disorder=1.00>0.2
1PQO_1	1PQO	T4L		False	X-RAY DIFFRACTION	1.65		A	164	164	0	1.0	0.0	1.0	Lysozyme	E1_not_chimeric_single_uniprot;E8_target_modelled=0<80;E9_target_disorder=1.00>0.2
1PQM_1	1PQM	T4L		False	X-RAY DIFFRACTION	1.52		A	164	164	0	1.0	0.0	1.0	Lysozyme	E1_not_chimeric_single_uniprot;E8_target_modelled=0<80;E9_target_disorder=1.00>0.2
1PQK_1	1PQK	T4L		False	X-RAY DIFFRACTION	2.0		A	164	164	0	1.0	0.0	1.0	Lysozyme	E1_not_chimeric_single_uniprot;E8_target_modelled=0<80;E9_target_disorder=1.00>0.2
1PQJ_1	1PQJ	T4L		False	X-RAY DIFFRACTION	1.9		A	164	164	0	1.0	0.0	1.0	Lysozyme	E1_not_chimeric_single_uniprot;E8_target_modelled=0<80;E9_target_disorder=1.00>0.2
1PQI_1	1PQI	T4L		False	X-RAY DIFFRACTION	1.57		A	164	164	0	1.0	0.0	1.0	Lysozyme	E1_not_chimeric_single_uniprot;E8_target_modelled=0<80;E9_target_disorder=1.00>0.2
1PQD_1	1PQD	T4L		False	X-RAY DIFFRACTION	1.65		A	164	164	0	1.0	0.0	1.0	Lysozyme	E1_not_chimeric_single_uniprot;E8_target_modelled=0<80;E9_target_disorder=1.00>0.2
1P7S_1	1P7S	T4L		False	X-RAY DIFFRACTION	1.5		A	164	164	0	1.0	0.0	1.0	LYSOZYME	E1_not_chimeric_single_uniprot;E8_target_modelled=0<80;E9_target_disorder=1.00>0.2
1T97_1	1T97	T4L		False	X-RAY DIFFRACTION	2.7		A	175	154	0	0.9333	0.061	1.0	Lysozyme	E1_not_chimeric_single_uniprot;E8_target_modelled=0<80;E9_target_disorder=1.00>0.2
210L_1	210L	T4L		False	X-RAY DIFFRACTION	1.89		A	163	161	0	1.0	0.0123	1.0	T4 LYSOZYME	E1_not_chimeric_single_uniprot;E8_target_modelled=0<80;E9_target_disorder=1.00>0.2
209L_1	209L	T4L		False	X-RAY DIFFRACTION	2.7		A	167	162	0	0.9818	0.0122	1.0	T4 LYSOZYME	E1_not_chimeric_single_uniprot;E8_target_modelled=0<80;E9_target_disorder=1.00>0.2
206L_1	206L	T4L		False	X-RAY DIFFRACTION	1.75		A	164	162	0	1.0	0.0122	1.0	LYSOZYME	E1_not_chimeric_single_uniprot;E8_target_modelled=0<80;E9_target_disorder=1.00>0.2
205L_1	205L	T4L		False	X-RAY DIFFRACTION	2.1		A	167	156	0	0.9811	0.0488	1.0	T4 LYSOZYME	E1_not_chimeric_single_uniprot;E8_target_modelled=0<80;E9_target_disorder=1.00>0.2
201L_1	201L	T4L		False	X-RAY DIFFRACTION	2.0		A	166	162	0	0.9878	0.0122	1.0	T4 LYSOZYME	E1_not_chimeric_single_uniprot;E8_target_modelled=0<80;E9_target_disorder=1.00>0.2
200L_1	200L	T4L		False	X-RAY DIFFRACTION	1.95		A	164	162	0	1.0	0.0122	1.0	LYSOZYME	E1_not_chimeric_single_uniprot;E8_target_modelled=0<80;E9_target_disorder=1.00>0.2
1ZYT_1	1ZYT	T4L		False	X-RAY DIFFRACTION	1.7		A	164	164	0	1.0	0.0	1.0	Lysozyme	E1_not_chimeric_single_uniprot;E8_target_modelled=0<80;E9_target_disorder=1.00>0.2
1ZWN_1	1ZWN	T4L		False	X-RAY DIFFRACTION	1.8		A	164	164	0	1.0	0.0	1.0	Lysozyme	E1_not_chimeric_single_uniprot;E8_target_modelled=0<80;E9_target_disorder=1.00>0.2
1ZUR_1	1ZUR	T4L		False	X-RAY DIFFRACTION	1.6		A	164	164	0	1.0	0.0	1.0	Lysozyme	E1_not_chimeric_single_uniprot;E8_target_modelled=0<80;E9_target_disorder=1.00>0.2
1XEP_1	1XEP	T4L		False	X-RAY DIFFRACTION	1.55		A	164	162	0	1.0	0.0122	1.0	Lysozyme	E1_not_chimeric_single_uniprot;E8_target_modelled=0<80;E9_target_disorder=1.00>0.2
1TLA_1	1TLA	T4L		False	X-RAY DIFFRACTION	2.0		A	164	162	0	1.0	0.0122	1.0	T4 LYSOZYME	E1_not_chimeric_single_uniprot;E8_target_modelled=0<80;E9_target_disorder=1.00>0.2
1T8G_1	1T8G	T4L		False	X-RAY DIFFRACTION	1.8		A	164	158	0	1.0	0.0366	1.0	Lysozyme	E1_not_chimeric_single_uniprot;E8_target_modelled=0<80;E9_target_disorder=1.00>0.2
1T8F_1	1T8F	T4L		False	X-RAY DIFFRACTION	2.15		A	164	162	0	1.0	0.0122	1.0	Lysozyme	E1_not_chimeric_single_uniprot;E8_target_modelled=0<80;E9_target_disorder=1.00>0.2
1T8A_1	1T8A	T4L		False	X-RAY DIFFRACTION	2.0		A	175	164	0	0.9371	0.0	1.0	Lysozyme	E1_not_chimeric_single_uniprot;E8_target_modelled=0<80;E9_target_disorder=1.00>0.2
1T6H_1	1T6H	T4L		False	X-RAY DIFFRACTION	2.01		A	164	164	0	1.0	0.0	1.0	Lysozyme	E1_not_chimeric_single_uniprot;E8_target_modelled=0<80;E9_target_disorder=1.00>0.2
1SX7_1	1SX7	T4L		False	X-RAY DIFFRACTION	1.06		A	164	164	0	1.0	0.0	1.0	Lysozyme	E1_not_chimeric_single_uniprot;E8_target_modelled=0<80;E9_target_disorder=1.00>0.2
1SX2_1	1SX2	T4L		False	X-RAY DIFFRACTION	1.06		A	164	164	0	1.0	0.0	1.0	Lysozyme	E1_not_chimeric_single_uniprot;E8_target_modelled=0<80;E9_target_disorder=1.00>0.2
1SWZ_1	1SWZ	T4L		False	X-RAY DIFFRACTION	1.06		A	164	164	0	1.0	0.0	1.0	Lysozyme	E1_not_chimeric_single_uniprot;E8_target_modelled=0<80;E9_target_disorder=1.00>0.2
1SWY_1	1SWY	T4L		False	X-RAY DIFFRACTION	1.06		A	164	164	0	1.0	0.0	1.0	Lysozyme	E1_not_chimeric_single_uniprot;E8_target_modelled=0<80;E9_target_disorder=1.00>0.2
1SSY_1	1SSY	T4L		False	X-RAY DIFFRACTION	2.4		A	164	164	0	1.0	0.0	1.0	Lysozyme	E1_not_chimeric_single_uniprot;E8_target_modelled=0<80;E9_target_disorder=1.00>0.2
1SSW_1	1SSW	T4L		False	X-RAY DIFFRACTION	2.13		A	164	164	0	1.0	0.0	1.0	Lysozyme	E1_not_chimeric_single_uniprot;E8_target_modelled=0<80;E9_target_disorder=1.00>0.2
1QUO_1	1QUO	T4L		False	X-RAY DIFFRACTION	1.9		A	162	162	0	1.0	0.0	1.0	PROTEIN (LYSOZYME)	E1_not_chimeric_single_uniprot;E8_target_modelled=0<80;E9_target_disorder=1.00>0.2
1QUH_1	1QUH	T4L		False	X-RAY DIFFRACTION	1.85		A	162	162	0	1.0	0.0	1.0	PROTEIN (LYSOZYME)	E1_not_chimeric_single_uniprot;E8_target_modelled=0<80;E9_target_disorder=1.00>0.2
1QUG_1	1QUG	T4L		False	X-RAY DIFFRACTION	1.9		A	162	162	0	1.0	0.0	1.0	PROTEIN (LYSOZYME)	E1_not_chimeric_single_uniprot;E8_target_modelled=0<80;E9_target_disorder=1.00>0.2
235L_1	235L	T4L		False	X-RAY DIFFRACTION	1.9		A	164	162	0	1.0	0.0122	1.0	T4 LYSOZYME	E1_not_chimeric_single_uniprot;E8_target_modelled=0<80;E9_target_disorder=1.00>0.2
234L_1	234L	T4L		False	X-RAY DIFFRACTION	1.9		A	164	162	0	1.0	0.0122	1.0	T4 LYSOZYME	E1_not_chimeric_single_uniprot;E8_target_modelled=0<80;E9_target_disorder=1.00>0.2
233L_1	233L	T4L		False	X-RAY DIFFRACTION	1.9		A	164	162	0	1.0	0.0122	1.0	T4 LYSOZYME	E1_not_chimeric_single_uniprot;E8_target_modelled=0<80;E9_target_disorder=1.00>0.2
232L_1	232L	T4L		False	X-RAY DIFFRACTION	1.73		A	164	162	0	1.0	0.0122	1.0	T4 LYSOZYME	E1_not_chimeric_single_uniprot;E8_target_modelled=0<80;E9_target_disorder=1.00>0.2
231L_1	231L	T4L		False	X-RAY DIFFRACTION	2.5		A	164	162	0	1.0	0.0122	1.0	T4 LYSOZYME	E1_not_chimeric_single_uniprot;E8_target_modelled=0<80;E9_target_disorder=1.00>0.2
230L_1	230L	T4L		False	X-RAY DIFFRACTION	1.9		A	164	164	0	1.0	0.0	1.0	T4 LYSOZYME	E1_not_chimeric_single_uniprot;E8_target_modelled=0<80;E9_target_disorder=1.00>0.2
229L_1	229L	T4L		False	X-RAY DIFFRACTION	1.8		A	164	162	0	1.0	0.0122	1.0	T4 LYSOZYME	E1_not_chimeric_single_uniprot;E8_target_modelled=0<80;E9_target_disorder=1.00>0.2
228L_1	228L	T4L		False	X-RAY DIFFRACTION	1.9		A	164	162	0	1.0	0.0122	1.0	T4 LYSOZYME	E1_not_chimeric_single_uniprot;E8_target_modelled=0<80;E9_target_disorder=1.00>0.2
227L_1	227L	T4L		False	X-RAY DIFFRACTION	2.0		A	164	162	0	1.0	0.0122	1.0	T4 LYSOZYME	E1_not_chimeric_single_uniprot;E8_target_modelled=0<80;E9_target_disorder=1.00>0.2
226L_1	226L	T4L		False	X-RAY DIFFRACTION	1.8		A	164	162	0	1.0	0.0122	1.0	T4 LYSOZYME	E1_not_chimeric_single_uniprot;E8_target_modelled=0<80;E9_target_disorder=1.00>0.2
225L_1	225L	T4L		False	X-RAY DIFFRACTION	1.9		A	164	162	0	1.0	0.0122	1.0	T4 LYSOZYME	E1_not_chimeric_single_uniprot;E8_target_modelled=0<80;E9_target_disorder=1.00>0.2
224L_1	224L	T4L		False	X-RAY DIFFRACTION	1.85		A	164	162	0	1.0	0.0122	1.0	T4 LYSOZYME	E1_not_chimeric_single_uniprot;E8_target_modelled=0<80;E9_target_disorder=1.00>0.2
223L_1	223L	T4L		False	X-RAY DIFFRACTION	1.9		A	164	162	0	1.0	0.0122	1.0	T4 LYSOZYME	E1_not_chimeric_single_uniprot;E8_target_modelled=0<80;E9_target_disorder=1.00>0.2
222L_1	222L	T4L		False	X-RAY DIFFRACTION	1.9		A	164	162	0	1.0	0.0122	1.0	T4 LYSOZYME	E1_not_chimeric_single_uniprot;E8_target_modelled=0<80;E9_target_disorder=1.00>0.2
221L_1	221L	T4L		False	X-RAY DIFFRACTION	1.7		A	164	162	0	1.0	0.0122	1.0	T4 LYSOZYME	E1_not_chimeric_single_uniprot;E8_target_modelled=0<80;E9_target_disorder=1.00>0.2
220L_1	220L	T4L		False	X-RAY DIFFRACTION	1.85		A	164	162	0	1.0	0.0122	1.0	T4 LYSOZYME	E1_not_chimeric_single_uniprot;E8_target_modelled=0<80;E9_target_disorder=1.00>0.2
219L_1	219L	T4L		False	X-RAY DIFFRACTION	1.66		A	164	164	0	1.0	0.0	1.0	T4 LYSOZYME	E1_not_chimeric_single_uniprot;E8_target_modelled=0<80;E9_target_disorder=1.00>0.2
218L_1	218L	T4L		False	X-RAY DIFFRACTION	2.05		A	165	162	0	0.9939	0.0122	1.0	T4 LYSOZYME	E1_not_chimeric_single_uniprot;E8_target_modelled=0<80;E9_target_disorder=1.00>0.2
217L_1	217L	T4L		False	X-RAY DIFFRACTION	1.7		A	164	162	0	1.0	0.0122	1.0	T4 LYSOZYME	E1_not_chimeric_single_uniprot;E8_target_modelled=0<80;E9_target_disorder=1.00>0.2
216L_1	216L	T4L		False	X-RAY DIFFRACTION	2.1		A	164	162	0	1.0	0.0122	1.0	T4 LYSOZYME	E1_not_chimeric_single_uniprot;E8_target_modelled=0<80;E9_target_disorder=1.00>0.2
215L_1	215L	T4L		False	X-RAY DIFFRACTION	1.96		A	165	162	0	0.9939	0.0122	1.0	T4 LYSOZYME	E1_not_chimeric_single_uniprot;E8_target_modelled=0<80;E9_target_disorder=1.00>0.2
214L_1	214L	T4L		False	X-RAY DIFFRACTION	1.89		A	165	162	0	0.9939	0.0122	1.0	T4 LYSOZYME	E1_not_chimeric_single_uniprot;E8_target_modelled=0<80;E9_target_disorder=1.00>0.2
213L_1	213L	T4L		False	X-RAY DIFFRACTION	2.13		A	165	162	0	0.9939	0.0122	1.0	T4 LYSOZYME	E1_not_chimeric_single_uniprot;E8_target_modelled=0<80;E9_target_disorder=1.00>0.2
212L_1	212L	T4L		False	X-RAY DIFFRACTION	1.76		A	168	164	0	0.9762	0.0	1.0	T4 LYSOZYME	E1_not_chimeric_single_uniprot;E8_target_modelled=0<80;E9_target_disorder=1.00>0.2
211L_1	211L	T4L		False	X-RAY DIFFRACTION	1.7		A	165	162	0	0.9939	0.0122	1.0	T4 LYSOZYME	E1_not_chimeric_single_uniprot;E8_target_modelled=0<80;E9_target_disorder=1.00>0.2
244L_1	244L	T4L		False	X-RAY DIFFRACTION	1.7		A	164	162	0	1.0	0.0122	1.0	T4 LYSOZYME	E1_not_chimeric_single_uniprot;E8_target_modelled=0<80;E9_target_disorder=1.00>0.2
260L_1	260L	T4L		False	X-RAY DIFFRACTION	1.8		A	164	162	0	1.0	0.0122	1.0	PROTEIN (LYSOZYME)	E1_not_chimeric_single_uniprot;E8_target_modelled=0<80;E9_target_disorder=1.00>0.2
259L_1	259L	T4L		False	X-RAY DIFFRACTION	1.92		A	164	162	0	1.0	0.0122	1.0	PROTEIN (LYSOZYME)	E1_not_chimeric_single_uniprot;E8_target_modelled=0<80;E9_target_disorder=1.00>0.2
258L_1	258L	T4L		False	X-RAY DIFFRACTION	1.8		A	164	163	0	1.0	0.0061	1.0	LYSOZYME	E1_not_chimeric_single_uniprot;E8_target_modelled=0<80;E9_target_disorder=1.00>0.2
257L_1	257L	T4L		False	X-RAY DIFFRACTION	1.9		A	164	162	0	1.0	0.0122	1.0	PROTEIN (LYSOZYME)	E1_not_chimeric_single_uniprot;E8_target_modelled=0<80;E9_target_disorder=1.00>0.2
256L_1	256L	T4L		False	X-RAY DIFFRACTION	1.8		A	164	164	0	1.0	0.0	1.0	LYSOZYME	E1_not_chimeric_single_uniprot;E8_target_modelled=0<80;E9_target_disorder=1.00>0.2
255L_1	255L	T4L		False	X-RAY DIFFRACTION	1.8		A	164	164	0	1.0	0.0	1.0	LYSOZYME	E1_not_chimeric_single_uniprot;E8_target_modelled=0<80;E9_target_disorder=1.00>0.2
254L_1	254L	T4L		False	X-RAY DIFFRACTION	1.9		A	164	164	0	1.0	0.0	1.0	LYSOZYME	E1_not_chimeric_single_uniprot;E8_target_modelled=0<80;E9_target_disorder=1.00>0.2
253L_1	253L	T4L		False	X-RAY DIFFRACTION	2.0		A	164	164	0	1.0	0.0	1.0	LYSOZYME	E1_not_chimeric_single_uniprot;E8_target_modelled=0<80;E9_target_disorder=1.00>0.2
252L_1	252L	T4L		False	X-RAY DIFFRACTION	2.1		A	164	164	0	1.0	0.0	1.0	T4 LYSOZYME	E1_not_chimeric_single_uniprot;E8_target_modelled=0<80;E9_target_disorder=1.00>0.2
251L_1	251L	T4L		False	X-RAY DIFFRACTION	2.6		A	164	162	0	1.0	0.0122	1.0	T4 LYSOZYME	E1_not_chimeric_single_uniprot;E8_target_modelled=0<80;E9_target_disorder=1.00>0.2
250L_1	250L	T4L		False	X-RAY DIFFRACTION	1.8		A	164	162	0	1.0	0.0122	1.0	T4 LYSOZYME	E1_not_chimeric_single_uniprot;E8_target_modelled=0<80;E9_target_disorder=1.00>0.2
249L_1	249L	T4L		False	X-RAY DIFFRACTION	1.9		A	164	164	0	1.0	0.0	1.0	T4 LYSOZYME	E1_not_chimeric_single_uniprot;E8_target_modelled=0<80;E9_target_disorder=1.00>0.2
248L_1	248L	T4L		False	X-RAY DIFFRACTION	1.9		A	164	162	0	1.0	0.0122	1.0	T4 LYSOZYME	E1_not_chimeric_single_uniprot;E8_target_modelled=0<80;E9_target_disorder=1.00>0.2
247L_1	247L	T4L		False	X-RAY DIFFRACTION	1.75		A	164	164	0	1.0	0.0	1.0	T4 LYSOZYME	E1_not_chimeric_single_uniprot;E8_target_modelled=0<80;E9_target_disorder=1.00>0.2
246L_1	246L	T4L		False	X-RAY DIFFRACTION	1.8		A	164	164	0	1.0	0.0	1.0	T4 LYSOZYME	E1_not_chimeric_single_uniprot;E8_target_modelled=0<80;E9_target_disorder=1.00>0.2
245L_1	245L	T4L		False	X-RAY DIFFRACTION	1.8		A	164	164	0	1.0	0.0	1.0	T4 LYSOZYME	E1_not_chimeric_single_uniprot;E8_target_modelled=0<80;E9_target_disorder=1.00>0.2
243L_1	243L	T4L		False	X-RAY DIFFRACTION	1.75		A	164	162	0	1.0	0.0122	1.0	T4 LYSOZYME	E1_not_chimeric_single_uniprot;E8_target_modelled=0<80;E9_target_disorder=1.00>0.2
242L_1	242L	T4L		False	X-RAY DIFFRACTION	1.8		A	164	164	0	1.0	0.0	1.0	T4 LYSOZYME	E1_not_chimeric_single_uniprot;E8_target_modelled=0<80;E9_target_disorder=1.00>0.2
241L_1	241L	T4L		False	X-RAY DIFFRACTION	1.7		A	164	162	0	1.0	0.0122	1.0	T4 LYSOZYME	E1_not_chimeric_single_uniprot;E8_target_modelled=0<80;E9_target_disorder=1.00>0.2
240L_1	240L	T4L		False	X-RAY DIFFRACTION	1.75		A	164	162	0	1.0	0.0122	1.0	T4 LYSOZYME	E1_not_chimeric_single_uniprot;E8_target_modelled=0<80;E9_target_disorder=1.00>0.2
239L_1	239L	T4L		False	X-RAY DIFFRACTION	1.8		A	164	162	0	1.0	0.0122	1.0	T4 LYSOZYME	E1_not_chimeric_single_uniprot;E8_target_modelled=0<80;E9_target_disorder=1.00>0.2
238L_1	238L	T4L		False	X-RAY DIFFRACTION	1.8		A	164	162	0	1.0	0.0122	1.0	T4 LYSOZYME	E1_not_chimeric_single_uniprot;E8_target_modelled=0<80;E9_target_disorder=1.00>0.2
237L_1	237L	T4L		False	X-RAY DIFFRACTION	1.7		A	164	164	0	1.0	0.0	1.0	T4 LYSOZYME	E1_not_chimeric_single_uniprot;E8_target_modelled=0<80;E9_target_disorder=1.00>0.2
236L_1	236L	T4L		False	X-RAY DIFFRACTION	1.9		A	164	162	0	1.0	0.0122	1.0	T4 LYSOZYME	E1_not_chimeric_single_uniprot;E8_target_modelled=0<80;E9_target_disorder=1.00>0.2
2A4T_1	2A4T	T4L		False	X-RAY DIFFRACTION	1.7		A	164	164	0	1.0	0.0	1.0	Lysozyme	E1_not_chimeric_single_uniprot;E8_target_modelled=0<80;E9_target_disorder=1.00>0.2
2LC9_1	2LC9	T4L		False	SOLUTION NMR			A	164	164	0	1.0	0.0	1.0	Lysozyme	E1_not_chimeric_single_uniprot;E2_method=SOLUTION NMR;E3_no_resolution;E8_target_modelled=0<80;E9_target_disorder=1.00>0.2
2L78_1	2L78	T4L		False	X-RAY DIFFRACTION	2.0		A	164	162	0	1.0	0.0122	1.0	T4 LYSOZYME	E1_not_chimeric_single_uniprot;E8_target_modelled=0<80;E9_target_disorder=1.00>0.2
2IGC_1	2IGC	T4L		False	X-RAY DIFFRACTION	1.4		A	164	164	0	1.0	0.0	1.0	Lysozyme	E1_not_chimeric_single_uniprot;E8_target_modelled=0<80;E9_target_disorder=1.00>0.2
2HUM_1	2HUM	T4L		False	X-RAY DIFFRACTION	2.35		A	164	164	0	1.0	0.0	1.0	Lysozyme	E1_not_chimeric_single_uniprot;E8_target_modelled=0<80;E9_target_disorder=1.00>0.2
2HUL_1	2HUL	T4L		False	X-RAY DIFFRACTION	1.8		A	164	164	0	1.0	0.0	1.0	Lysozyme	E1_not_chimeric_single_uniprot;E8_target_modelled=0<80;E9_target_disorder=1.00>0.2
2HUK_1	2HUK	T4L		False	X-RAY DIFFRACTION	2.0		A	164	164	0	1.0	0.0	1.0	Lysozyme	E1_not_chimeric_single_uniprot;E8_target_modelled=0<80;E9_target_disorder=1.00>0.2
2F47_1	2F47	T4L		False	X-RAY DIFFRACTION	1.7		A	175	164	0	0.9371	0.0	1.0	Lysozyme	E1_not_chimeric_single_uniprot;E8_target_modelled=0<80;E9_target_disorder=1.00>0.2
2F32_1	2F32	T4L		False	X-RAY DIFFRACTION	1.8		A	175	164	0	0.9371	0.0	1.0	Lysozyme	E1_not_chimeric_single_uniprot;E8_target_modelled=0<80;E9_target_disorder=1.00>0.2
2F2Q_1	2F2Q	T4L		False	X-RAY DIFFRACTION	1.45		A	175	164	0	0.9371	0.0	1.0	Lysozyme	E1_not_chimeric_single_uniprot;E8_target_modelled=0<80;E9_target_disorder=1.00>0.2
2CUU_1	2CUU	T4L		False	X-RAY DIFFRACTION	1.75		A	164	164	0	1.0	0.0	1.0	Lysozyme	E1_not_chimeric_single_uniprot;E8_target_modelled=0<80;E9_target_disorder=1.00>0.2
2B7X_1	2B7X	T4L		False	X-RAY DIFFRACTION	3.0		A	170	155	0	0.9873	0.0549	1.0	Lysozyme	E1_not_chimeric_single_uniprot;E8_target_modelled=0<80;E9_target_disorder=1.00>0.2
2B75_1	2B75	T4L		False	X-RAY DIFFRACTION	2.1		A	162	162	0	1.0	0.0	1.0	Lysozyme	E1_not_chimeric_single_uniprot;E8_target_modelled=0<80;E9_target_disorder=1.00>0.2
2B74_1	2B74	T4L		False	X-RAY DIFFRACTION	2.1		A	162	162	0	1.0	0.0	1.0	Lysozyme	E1_not_chimeric_single_uniprot;E8_target_modelled=0<80;E9_target_disorder=1.00>0.2
2B73_1	2B73	T4L		False	X-RAY DIFFRACTION	2.15		A	162	162	0	1.0	0.0	1.0	Lysozyme	E1_not_chimeric_single_uniprot;E8_target_modelled=0<80;E9_target_disorder=1.00>0.2
2B72_1	2B72	T4L		False	X-RAY DIFFRACTION	2.1		A	162	162	0	1.0	0.0	1.0	Lysozyme	E1_not_chimeric_single_uniprot;E8_target_modelled=0<80;E9_target_disorder=1.00>0.2
2B70_1	2B70	T4L		False	X-RAY DIFFRACTION	2.4		A	162	162	0	1.0	0.0	1.0	Lysozyme	E1_not_chimeric_single_uniprot;E8_target_modelled=0<80;E9_target_disorder=1.00>0.2
2B6Z_1	2B6Z	T4L		False	X-RAY DIFFRACTION	2.4		A	162	162	0	1.0	0.0	1.0	Lysozyme	E1_not_chimeric_single_uniprot;E8_target_modelled=0<80;E9_target_disorder=1.00>0.2
2B6Y_1	2B6Y	T4L		False	X-RAY DIFFRACTION	2.4		A	162	162	0	1.0	0.0	1.0	Lysozyme	E1_not_chimeric_single_uniprot;E8_target_modelled=0<80;E9_target_disorder=1.00>0.2
2B6X_1	2B6X	T4L		False	X-RAY DIFFRACTION	2.107		A	162	162	0	1.0	0.0	1.0	Lysozyme	E1_not_chimeric_single_uniprot;E8_target_modelled=0<80;E9_target_disorder=1.00>0.2
2B6W_1	2B6W	T4L		False	X-RAY DIFFRACTION	2.2		A	162	162	0	1.0	0.0	1.0	Lysozyme	E1_not_chimeric_single_uniprot;E8_target_modelled=0<80;E9_target_disorder=1.00>0.2
2B6T_1	2B6T	T4L		False	X-RAY DIFFRACTION	2.1		A	162	162	0	1.0	0.0	1.0	Lysozyme	E1_not_chimeric_single_uniprot;E8_target_modelled=0<80;E9_target_disorder=1.00>0.2
29AJ_1	29AJ	T4L	Q5VT66	True	X-RAY DIFFRACTION	1.63	INTERNAL_INSERTION	D	455	161	282	0.9977	0.0	0.0035	Mitochondrial amidoxime-reducing component 1,Endolysin	
262L_1	262L	T4L		False	X-RAY DIFFRACTION	2.5		A	173	173	0	1.0	0.0	1.0	LYSOZYME	E1_not_chimeric_single_uniprot;E8_target_modelled=0<80;E9_target_disorder=1.00>0.2
261L_1	261L	T4L		False	X-RAY DIFFRACTION	2.5		A	173	173	0	1.0	0.0	1.0	LYSOZYME	E1_not_chimeric_single_uniprot;E8_target_modelled=0<80;E9_target_disorder=1.00>0.2
2LZM_1	2LZM	T4L		False	X-RAY DIFFRACTION	1.7		A	164	164	0	1.0	0.0	1.0	T4 LYSOZYME	E1_not_chimeric_single_uniprot;E8_target_modelled=0<80;E9_target_disorder=1.00>0.2
2QAR_3	2QAR	T4L		False	X-RAY DIFFRACTION	2.4		C	163	161	0	0.9877	0.0	1.0	Lysozyme	E1_not_chimeric_single_uniprot;E8_target_modelled=0<80;E9_target_disorder=1.00>0.2
2QB0_2	2QB0	T4L		False	X-RAY DIFFRACTION	2.56		B	241	161	0	0.668	0.0	1.0	Transcription factor ETV6,Endolysin	E1_not_chimeric_single_uniprot;E6_align_coverage=0.67<0.8;E8_target_modelled=0<80;E9_target_disorder=1.00>0.2
2RB2_1	2RB2	T4L		False	X-RAY DIFFRACTION	1.463		X	162	162	0	1.0	0.0	1.0	Lysozyme	E1_not_chimeric_single_uniprot;E8_target_modelled=0<80;E9_target_disorder=1.00>0.2
2RB1_1	2RB1	T4L		False	X-RAY DIFFRACTION	1.7		X	162	162	0	1.0	0.0	1.0	Lysozyme	E1_not_chimeric_single_uniprot;E8_target_modelled=0<80;E9_target_disorder=1.00>0.2
2RB0_1	2RB0	T4L		False	X-RAY DIFFRACTION	1.84		X	162	162	0	1.0	0.0	1.0	Lysozyme	E1_not_chimeric_single_uniprot;E8_target_modelled=0<80;E9_target_disorder=1.00>0.2
2RAZ_1	2RAZ	T4L		False	X-RAY DIFFRACTION	1.641		X	162	162	0	1.0	0.0	1.0	Lysozyme	E1_not_chimeric_single_uniprot;E8_target_modelled=0<80;E9_target_disorder=1.00>0.2
2RAY_1	2RAY	T4L		False	X-RAY DIFFRACTION	1.798		X	162	162	0	1.0	0.0	1.0	Lysozyme	E1_not_chimeric_single_uniprot;E8_target_modelled=0<80;E9_target_disorder=1.00>0.2
2Q9E_1	2Q9E	T4L		False	X-RAY DIFFRACTION	2.1		A	164	164	0	1.0	0.0	1.0	Lysozyme	E1_not_chimeric_single_uniprot;E8_target_modelled=0<80;E9_target_disorder=1.00>0.2
2Q9D_1	2Q9D	T4L		False	X-RAY DIFFRACTION	1.4		A	164	164	0	1.0	0.0	1.0	Lysozyme	E1_not_chimeric_single_uniprot;E8_target_modelled=0<80;E9_target_disorder=1.00>0.2
2OU9_1	2OU9	T4L		False	X-RAY DIFFRACTION	1.55		A	164	164	0	1.0	0.0	1.0	Lysozyme	E1_not_chimeric_single_uniprot;E8_target_modelled=0<80;E9_target_disorder=1.00>0.2
2OU8_1	2OU8	T4L		False	X-RAY DIFFRACTION	1.8		A	164	164	0	1.0	0.0	1.0	Lysozyme	E1_not_chimeric_single_uniprot;E8_target_modelled=0<80;E9_target_disorder=1.00>0.2
2OU0_1	2OU0	T4L		False	X-RAY DIFFRACTION	1.94		X	162	162	0	1.0	0.0	1.0	Lysozyme	E1_not_chimeric_single_uniprot;E8_target_modelled=0<80;E9_target_disorder=1.00>0.2
2OTZ_1	2OTZ	T4L		False	X-RAY DIFFRACTION	2.07		X	162	162	0	1.0	0.0	1.0	Lysozyme	E1_not_chimeric_single_uniprot;E8_target_modelled=0<80;E9_target_disorder=1.00>0.2
2OTY_1	2OTY	T4L		False	X-RAY DIFFRACTION	1.83		X	162	162	0	1.0	0.0	1.0	Lysozyme	E1_not_chimeric_single_uniprot;E8_target_modelled=0<80;E9_target_disorder=1.00>0.2
2OEA_1	2OEA	T4L		False	X-RAY DIFFRACTION	2.01		X	164	162	0	1.0	0.0122	1.0	Lysozyme	E1_not_chimeric_single_uniprot;E8_target_modelled=0<80;E9_target_disorder=1.00>0.2
2OE9_1	2OE9	T4L		False	X-RAY DIFFRACTION	2.01		X	164	162	0	1.0	0.0122	1.0	Lysozyme	E1_not_chimeric_single_uniprot;E8_target_modelled=0<80;E9_target_disorder=1.00>0.2
2OE7_1	2OE7	T4L		False	X-RAY DIFFRACTION	2.1		X	164	162	0	1.0	0.0122	1.0	Lysozyme	E1_not_chimeric_single_uniprot;E8_target_modelled=0<80;E9_target_disorder=1.00>0.2
2OE4_1	2OE4	T4L		False	X-RAY DIFFRACTION	2.1		X	164	162	0	1.0	0.0122	1.0	Lysozyme	E1_not_chimeric_single_uniprot;E8_target_modelled=0<80;E9_target_disorder=1.00>0.2
2O7A_1	2O7A	T4L		False	X-RAY DIFFRACTION	0.84		A	124	115	0	0.9914	0.0171	1.0	Lysozyme	E1_not_chimeric_single_uniprot;E8_target_modelled=0<80;E9_target_disorder=1.00>0.2
2O79_1	2O79	T4L		False	X-RAY DIFFRACTION	1.8		A	170	162	0	1.0	0.0122	1.0	Lysozyme	E1_not_chimeric_single_uniprot;E8_target_modelled=0<80;E9_target_disorder=1.00>0.2
2O4W_1	2O4W	T4L		False	X-RAY DIFFRACTION	1.9		A	171	162	0	1.0	0.0061	1.0	Lysozyme	E1_not_chimeric_single_uniprot;E8_target_modelled=0<80;E9_target_disorder=1.00>0.2
2NTH_1	2NTH	T4L		False	X-RAY DIFFRACTION	1.8		A	164	164	0	1.0	0.0	1.0	Lysozyme	E1_not_chimeric_single_uniprot;E8_target_modelled=0<80;E9_target_disorder=1.00>0.2
2NTG_1	2NTG	T4L		False	X-RAY DIFFRACTION	1.4		A	164	164	0	1.0	0.0	1.0	Lysozyme	E1_not_chimeric_single_uniprot;E8_target_modelled=0<80;E9_target_disorder=1.00>0.2
2LCB_1	2LCB	T4L		False	SOLUTION NMR			A	164	164	0	1.0	0.0	1.0	Lysozyme	E1_not_chimeric_single_uniprot;E2_method=SOLUTION NMR;E3_no_resolution;E8_target_modelled=0<80;E9_target_disorder=1.00>0.2
2RH1_1	2RH1	T4L	P07550	True	X-RAY DIFFRACTION	2.4	INTERNAL_INSERTION	A	500	161	281	1.0	0.0	0.1536	beta-2-adrenergic receptor/T4-lysozyme chimera	
3DMV_1	3DMV	T4L		False	X-RAY DIFFRACTION	1.65		A	164	164	0	1.0	0.0	1.0	Lysozyme	E1_not_chimeric_single_uniprot;E8_target_modelled=0<80;E9_target_disorder=1.00>0.2
3DKE_1	3DKE	T4L		False	X-RAY DIFFRACTION	1.25		X	164	164	0	1.0	0.0	1.0	Lysozyme	E1_not_chimeric_single_uniprot;E8_target_modelled=0<80;E9_target_disorder=1.00>0.2
3D4S_1	3D4S	T4L	P07550	True	X-RAY DIFFRACTION	2.8	INTERNAL_INSERTION	A	490	161	278	1.0	0.0	0.1175	Beta-2 adrenergic receptor/T4-lysozyme chimera	
3CDV_1	3CDV	T4L		False	X-RAY DIFFRACTION	1.73		A	164	164	0	1.0	0.0	1.0	Lysozyme	E1_not_chimeric_single_uniprot;E8_target_modelled=0<80;E9_target_disorder=1.00>0.2
3CDT_1	3CDT	T4L		False	X-RAY DIFFRACTION	1.63		A	164	164	0	1.0	0.0	1.0	Lysozyme	E1_not_chimeric_single_uniprot;E8_target_modelled=0<80;E9_target_disorder=1.00>0.2
3CDR_1	3CDR	T4L		False	X-RAY DIFFRACTION	1.7		A	164	164	0	1.0	0.0	1.0	Lysozyme	E1_not_chimeric_single_uniprot;E8_target_modelled=0<80;E9_target_disorder=1.00>0.2
3CDQ_1	3CDQ	T4L		False	X-RAY DIFFRACTION	1.68		A	164	164	0	1.0	0.0	1.0	Lysozyme	E1_not_chimeric_single_uniprot;E8_target_modelled=0<80;E9_target_disorder=1.00>0.2
3CDO_1	3CDO	T4L		False	X-RAY DIFFRACTION	1.87		A	164	162	0	1.0	0.0122	1.0	Lysozyme	E1_not_chimeric_single_uniprot;E8_target_modelled=0<80;E9_target_disorder=1.00>0.2
3C8S_1	3C8S	T4L		False	X-RAY DIFFRACTION	1.68		A	164	164	0	1.0	0.0	1.0	Lysozyme	E1_not_chimeric_single_uniprot;E8_target_modelled=0<80;E9_target_disorder=1.00>0.2
3C8R_1	3C8R	T4L		False	X-RAY DIFFRACTION	1.8		A	164	164	0	1.0	0.0	1.0	Lysozyme	E1_not_chimeric_single_uniprot;E8_target_modelled=0<80;E9_target_disorder=1.00>0.2
3C8Q_1	3C8Q	T4L		False	X-RAY DIFFRACTION	1.64		A	164	164	0	1.0	0.0	1.0	Lysozyme	E1_not_chimeric_single_uniprot;E8_target_modelled=0<80;E9_target_disorder=1.00>0.2
3C83_1	3C83	T4L		False	X-RAY DIFFRACTION	1.84		A	164	164	0	1.0	0.0	1.0	Lysozyme	E1_not_chimeric_single_uniprot;E8_target_modelled=0<80;E9_target_disorder=1.00>0.2
3C82_1	3C82	T4L		False	X-RAY DIFFRACTION	1.68		A	164	164	0	1.0	0.0	1.0	Lysozyme	E1_not_chimeric_single_uniprot;E8_target_modelled=0<80;E9_target_disorder=1.00>0.2
3C81_1	3C81	T4L		False	X-RAY DIFFRACTION	1.85		A	164	164	0	1.0	0.0	1.0	Lysozyme	E1_not_chimeric_single_uniprot;E8_target_modelled=0<80;E9_target_disorder=1.00>0.2
3C80_1	3C80	T4L		False	X-RAY DIFFRACTION	1.99		A	164	162	0	1.0	0.0122	1.0	Lysozyme	E1_not_chimeric_single_uniprot;E8_target_modelled=0<80;E9_target_disorder=1.00>0.2
3C7Z_1	3C7Z	T4L		False	X-RAY DIFFRACTION	1.67		A	164	164	0	1.0	0.0	1.0	Lysozyme	E1_not_chimeric_single_uniprot;E8_target_modelled=0<80;E9_target_disorder=1.00>0.2
3C7Y_1	3C7Y	T4L		False	X-RAY DIFFRACTION	1.95		A	164	164	0	1.0	0.0	1.0	lysozyme	E1_not_chimeric_single_uniprot;E8_target_modelled=0<80;E9_target_disorder=1.00>0.2
3C7W_1	3C7W	T4L		False	X-RAY DIFFRACTION	1.77		A	164	164	0	1.0	0.0	1.0	Lysozyme	E1_not_chimeric_single_uniprot;E8_target_modelled=0<80;E9_target_disorder=1.00>0.2
2RBS_1	2RBS	T4L		False	X-RAY DIFFRACTION	1.557		A	162	162	0	1.0	0.0	1.0	Lysozyme	E1_not_chimeric_single_uniprot;E8_target_modelled=0<80;E9_target_disorder=1.00>0.2
2RBR_1	2RBR	T4L		False	X-RAY DIFFRACTION	1.433		A	162	162	0	1.0	0.0	1.0	Lysozyme	E1_not_chimeric_single_uniprot;E8_target_modelled=0<80;E9_target_disorder=1.00>0.2
2RBQ_1	2RBQ	T4L		False	X-RAY DIFFRACTION	1.633		A	162	162	0	1.0	0.0	1.0	Lysozyme	E1_not_chimeric_single_uniprot;E8_target_modelled=0<80;E9_target_disorder=1.00>0.2
2RBP_1	2RBP	T4L		False	X-RAY DIFFRACTION	1.467		A	162	162	0	1.0	0.0	1.0	Lysozyme	E1_not_chimeric_single_uniprot;E8_target_modelled=0<80;E9_target_disorder=1.00>0.2
2RBO_1	2RBO	T4L		False	X-RAY DIFFRACTION	1.29		A	162	162	0	1.0	0.0	1.0	Lysozyme	E1_not_chimeric_single_uniprot;E8_target_modelled=0<80;E9_target_disorder=1.00>0.2
2RBN_1	2RBN	T4L		False	X-RAY DIFFRACTION	1.29		A	162	162	0	1.0	0.0	1.0	Lysozyme	E1_not_chimeric_single_uniprot;E8_target_modelled=0<80;E9_target_disorder=1.00>0.2
3DMX_1	3DMX	T4L		False	X-RAY DIFFRACTION	1.8		A	164	164	0	1.0	0.0	1.0	Lysozyme	E1_not_chimeric_single_uniprot;E8_target_modelled=0<80;E9_target_disorder=1.00>0.2
3DMZ_1	3DMZ	T4L		False	X-RAY DIFFRACTION	2.0		A	164	164	0	1.0	0.0	1.0	Lysozyme	E1_not_chimeric_single_uniprot;E8_target_modelled=0<80;E9_target_disorder=1.00>0.2
3DN1_1	3DN1	T4L		False	X-RAY DIFFRACTION	1.8		A	164	164	0	1.0	0.0	1.0	Lysozyme	E1_not_chimeric_single_uniprot;E8_target_modelled=0<80;E9_target_disorder=1.00>0.2
3DN3_1	3DN3	T4L		False	X-RAY DIFFRACTION	1.8		A	164	162	0	1.0	0.0122	1.0	Lysozyme	E1_not_chimeric_single_uniprot;E8_target_modelled=0<80;E9_target_disorder=1.00>0.2
3DN6_1	3DN6	T4L		False	X-RAY DIFFRACTION	1.8		A	164	164	0	1.0	0.0	1.0	Lysozyme	E1_not_chimeric_single_uniprot;E8_target_modelled=0<80;E9_target_disorder=1.00>0.2
3FA0_1	3FA0	T4L		False	X-RAY DIFFRACTION	1.09		A	162	162	0	1.0	0.0	1.0	Lysozyme	E1_not_chimeric_single_uniprot;E8_target_modelled=0<80;E9_target_disorder=1.00>0.2
3FAD_1	3FAD	T4L		False	X-RAY DIFFRACTION	1.2		A	164	164	0	1.0	0.0	1.0	Lysozyme	E1_not_chimeric_single_uniprot;E8_target_modelled=0<80;E9_target_disorder=1.00>0.2
3G3V_1	3G3V	T4L		False	X-RAY DIFFRACTION	2.1		A	164	164	0	1.0	0.0	1.0	Lysozyme	E1_not_chimeric_single_uniprot;E8_target_modelled=0<80;E9_target_disorder=1.00>0.2
3G3W_1	3G3W	T4L		False	X-RAY DIFFRACTION	2.3		A	164	162	0	1.0	0.0122	1.0	Lysozyme	E1_not_chimeric_single_uniprot;E8_target_modelled=0<80;E9_target_disorder=1.00>0.2
3G3X_1	3G3X	T4L		False	X-RAY DIFFRACTION	1.8		A	164	162	0	1.0	0.0122	1.0	Lysozyme	E1_not_chimeric_single_uniprot;E8_target_modelled=0<80;E9_target_disorder=1.00>0.2
3GUN_1	3GUN	T4L		False	X-RAY DIFFRACTION	1.5		A	164	162	0	1.0	0.0122	1.0	Lysozyme	E1_not_chimeric_single_uniprot;E8_target_modelled=0<80;E9_target_disorder=1.00>0.2
3GUM_1	3GUM	T4L		False	X-RAY DIFFRACTION	2.24		A	164	162	0	1.0	0.0122	1.0	Lysozyme	E1_not_chimeric_single_uniprot;E8_target_modelled=0<80;E9_target_disorder=1.00>0.2
3GUL_1	3GUL	T4L		False	X-RAY DIFFRACTION	2.07		A	164	162	0	1.0	0.0122	1.0	Lysozyme	E1_not_chimeric_single_uniprot;E8_target_modelled=0<80;E9_target_disorder=1.00>0.2
3GUK_1	3GUK	T4L		False	X-RAY DIFFRACTION	1.85		A	164	162	0	1.0	0.0122	1.0	Lysozyme	E1_not_chimeric_single_uniprot;E8_target_modelled=0<80;E9_target_disorder=1.00>0.2
3GUJ_1	3GUJ	T4L		False	X-RAY DIFFRACTION	1.6		A	164	162	0	1.0	0.0122	1.0	Lysozyme	E1_not_chimeric_single_uniprot;E8_target_modelled=0<80;E9_target_disorder=1.00>0.2
3GUI_1	3GUI	T4L		False	X-RAY DIFFRACTION	1.45		A	164	162	0	1.0	0.0122	1.0	Lysozyme	E1_not_chimeric_single_uniprot;E8_target_modelled=0<80;E9_target_disorder=1.00>0.2
3FI5_1	3FI5	T4L		False	X-RAY DIFFRACTION	1.53		A	164	164	0	1.0	0.0	1.0	Lysozyme	E1_not_chimeric_single_uniprot;E8_target_modelled=0<80;E9_target_disorder=1.00>0.2
3F9L_1	3F9L	T4L		False	X-RAY DIFFRACTION	1.19		A	164	162	0	1.0	0.0122	1.0	Lysozyme	E1_not_chimeric_single_uniprot;E8_target_modelled=0<80;E9_target_disorder=1.00>0.2
3F8V_1	3F8V	T4L		False	X-RAY DIFFRACTION	1.08		A	164	164	0	1.0	0.0	1.0	Lysozyme	E1_not_chimeric_single_uniprot;E8_target_modelled=0<80;E9_target_disorder=1.00>0.2
3EML_1	3EML	T4L	P29274	True	X-RAY DIFFRACTION	2.6	INTERNAL_INSERTION	A	488	160	288	1.0	0.0	0.0464	Human Adenosine A2A receptor/T4 lysozyme chimera	
3DNA_1	3DNA	T4L		False	X-RAY DIFFRACTION	1.7		A	164	162	0	1.0	0.0122	1.0	Lysozyme	E1_not_chimeric_single_uniprot;E8_target_modelled=0<80;E9_target_disorder=1.00>0.2
3DN8_1	3DN8	T4L		False	X-RAY DIFFRACTION	1.7		A	164	162	0	1.0	0.0122	1.0	Lysozyme	E1_not_chimeric_single_uniprot;E8_target_modelled=0<80;E9_target_disorder=1.00>0.2
3DN4_1	3DN4	T4L		False	X-RAY DIFFRACTION	1.8		A	164	164	0	1.0	0.0	1.0	Lysozyme	E1_not_chimeric_single_uniprot;E8_target_modelled=0<80;E9_target_disorder=1.00>0.2
3DN2_1	3DN2	T4L		False	X-RAY DIFFRACTION	1.8		A	164	164	0	1.0	0.0	1.0	Lysozyme	E1_not_chimeric_single_uniprot;E8_target_modelled=0<80;E9_target_disorder=1.00>0.2
3DN0_1	3DN0	T4L		False	X-RAY DIFFRACTION	1.8		A	164	164	0	1.0	0.0	1.0	Lysozyme	E1_not_chimeric_single_uniprot;E8_target_modelled=0<80;E9_target_disorder=1.00>0.2
3LZM_1	3LZM	T4L		False	X-RAY DIFFRACTION	1.7		A	164	164	0	1.0	0.0	1.0	T4 LYSOZYME	E1_not_chimeric_single_uniprot;E8_target_modelled=0<80;E9_target_disorder=1.00>0.2
3L64_1	3L64	T4L		False	X-RAY DIFFRACTION	1.9		A	164	164	0	1.0	0.0	1.0	Lysozyme	E1_not_chimeric_single_uniprot;E8_target_modelled=0<80;E9_target_disorder=1.00>0.2
3L2X_1	3L2X	T4L		False	X-RAY DIFFRACTION	1.8		A	164	164	0	1.0	0.0	1.0	Lysozyme	E1_not_chimeric_single_uniprot;E8_target_modelled=0<80;E9_target_disorder=1.00>0.2
3K2R_1	3K2R	T4L		False	X-RAY DIFFRACTION	1.5		A	164	162	0	1.0	0.0122	1.0	Lysozyme	E1_not_chimeric_single_uniprot;E8_target_modelled=0<80;E9_target_disorder=1.00>0.2
3JR6_1	3JR6	T4L		False	X-RAY DIFFRACTION	3.0		A	170	164	0	0.9647	0.0	1.0	Lysozyme	E1_not_chimeric_single_uniprot;E8_target_modelled=0<80;E9_target_disorder=1.00>0.2
3HWL_1	3HWL	T4L		False	X-RAY DIFFRACTION	1.8		A	164	162	0	1.0	0.0122	1.0	Lysozyme	E1_not_chimeric_single_uniprot;E8_target_modelled=0<80;E9_target_disorder=1.00>0.2
3HUQ_1	3HUQ	T4L		False	X-RAY DIFFRACTION	1.45		A	162	162	0	1.0	0.0	1.0	Lysozyme	E1_not_chimeric_single_uniprot;E8_target_modelled=0<80;E9_target_disorder=1.00>0.2
3HUK_1	3HUK	T4L		False	X-RAY DIFFRACTION	1.29		A	164	162	0	1.0	0.0122	1.0	Lysozyme	E1_not_chimeric_single_uniprot;E8_target_modelled=0<80;E9_target_disorder=1.00>0.2
3HUA_1	3HUA	T4L		False	X-RAY DIFFRACTION	1.4		A	164	163	0	1.0	0.0061	1.0	Lysozyme	E1_not_chimeric_single_uniprot;E8_target_modelled=0<80;E9_target_disorder=1.00>0.2
3HU9_1	3HU9	T4L		False	X-RAY DIFFRACTION	1.46		A	164	162	0	1.0	0.0122	1.0	Lysozyme	E1_not_chimeric_single_uniprot;E8_target_modelled=0<80;E9_target_disorder=1.00>0.2
3HU8_1	3HU8	T4L		False	X-RAY DIFFRACTION	1.8		A	164	162	0	1.0	0.0122	1.0	Lysozyme	E1_not_chimeric_single_uniprot;E8_target_modelled=0<80;E9_target_disorder=1.00>0.2
3HTG_1	3HTG	T4L		False	X-RAY DIFFRACTION	1.26		A	164	162	0	1.0	0.0122	1.0	Lysozyme	E1_not_chimeric_single_uniprot;E8_target_modelled=0<80;E9_target_disorder=1.00>0.2
3HTF_1	3HTF	T4L		False	X-RAY DIFFRACTION	1.85		A	164	162	0	1.0	0.0122	1.0	Lysozyme	E1_not_chimeric_single_uniprot;E8_target_modelled=0<80;E9_target_disorder=1.00>0.2
3HTD_1	3HTD	T4L		False	X-RAY DIFFRACTION	1.4		A	164	163	0	1.0	0.0061	1.0	Lysozyme	E1_not_chimeric_single_uniprot;E8_target_modelled=0<80;E9_target_disorder=1.00>0.2
3HTB_1	3HTB	T4L		False	X-RAY DIFFRACTION	1.81		A	164	163	0	1.0	0.0061	1.0	Lysozyme	E1_not_chimeric_single_uniprot;E8_target_modelled=0<80;E9_target_disorder=1.00>0.2
3HT9_1	3HT9	T4L		False	X-RAY DIFFRACTION	2.02		A	164	162	0	1.0	0.0122	1.0	Lysozyme	E1_not_chimeric_single_uniprot;E8_target_modelled=0<80;E9_target_disorder=1.00>0.2
3HT8_1	3HT8	T4L		False	X-RAY DIFFRACTION	1.6		A	164	162	0	1.0	0.0122	1.0	Lysozyme	E1_not_chimeric_single_uniprot;E8_target_modelled=0<80;E9_target_disorder=1.00>0.2
3HT7_1	3HT7	T4L		False	X-RAY DIFFRACTION	1.7		A	164	162	0	1.0	0.0122	1.0	Lysozyme	E1_not_chimeric_single_uniprot;E8_target_modelled=0<80;E9_target_disorder=1.00>0.2
3HT6_1	3HT6	T4L		False	X-RAY DIFFRACTION	1.59		A	164	162	0	1.0	0.0122	1.0	Lysozyme	E1_not_chimeric_single_uniprot;E8_target_modelled=0<80;E9_target_disorder=1.00>0.2
3HH6_1	3HH6	T4L		False	X-RAY DIFFRACTION	1.25		A	164	163	0	1.0	0.0061	1.0	Lysozyme	E1_not_chimeric_single_uniprot;E8_target_modelled=0<80;E9_target_disorder=1.00>0.2
3HH5_1	3HH5	T4L		False	X-RAY DIFFRACTION	1.25		A	164	164	0	1.0	0.0	1.0	Lysozyme	E1_not_chimeric_single_uniprot;E8_target_modelled=0<80;E9_target_disorder=1.00>0.2
3HH4_1	3HH4	T4L		False	X-RAY DIFFRACTION	1.25		A	164	164	0	1.0	0.0	1.0	Lysozyme	E1_not_chimeric_single_uniprot;E8_target_modelled=0<80;E9_target_disorder=1.00>0.2
3HH3_1	3HH3	T4L		False	X-RAY DIFFRACTION	1.25		A	164	164	0	1.0	0.0	1.0	Lysozyme	E1_not_chimeric_single_uniprot;E8_target_modelled=0<80;E9_target_disorder=1.00>0.2
3GUP_1	3GUP	T4L		False	X-RAY DIFFRACTION	1.5		A	164	162	0	1.0	0.0122	1.0	Lysozyme	E1_not_chimeric_single_uniprot;E8_target_modelled=0<80;E9_target_disorder=1.00>0.2
3GUO_1	3GUO	T4L		False	X-RAY DIFFRACTION	2.16		A	164	162	0	1.0	0.0122	1.0	Lysozyme	E1_not_chimeric_single_uniprot;E8_target_modelled=0<80;E9_target_disorder=1.00>0.2
3ODU_1	3ODU	T4L	P61073	True	X-RAY DIFFRACTION	2.5	INTERNAL_INSERTION	A	502	160	293	0.9721	0.0	0.0786	C-X-C chemokine receptor type 4, Lysozyme Chimera	
3OE6_1	3OE6	T4L	P61073	True	X-RAY DIFFRACTION	3.2	INTERNAL_INSERTION	A	508	148	270	1.0	0.075	0.1667	C-X-C chemokine receptor type 4, Lysozyme Chimera	
3OE8_1	3OE8	T4L	P61073	True	X-RAY DIFFRACTION	3.1	INTERNAL_INSERTION	A	502	160	271	0.9954	0.0	0.1478	C-X-C chemokine receptor type 4, Lysozyme Chimera	
3PBL_1	3PBL	T4L	P35462	True	X-RAY DIFFRACTION	2.89	INTERNAL_INSERTION	A	481	160	272	1.0	0.0	0.0993	D(3) dopamine receptor, Lysozyme chimera	
3SN6_4	3SN6	T4L	P07550	True	X-RAY DIFFRACTION	3.2	TERMINAL_N	R	514	159	284	1.0	0.0063	0.1573	Endolysin,Beta-2 adrenergic receptor	
3V2Y_1	3V2Y	T4L	P21453	True	X-RAY DIFFRACTION	2.8	INTERNAL_INSERTION	A	520	160	291	0.9912	0.0	0.0673	Sphingosine 1-phosphate receptor 1, Lysozyme chimera (E.C.3.2.1.17)	
3V2W_1	3V2W	T4L	P21453	True	X-RAY DIFFRACTION	3.35	INTERNAL_INSERTION	A	520	160	282	1.0	0.0	0.0962	Sphingosine 1-phosphate receptor 1, Lysozyme chimera	
3UON_1	3UON	T4L	P08172	True	X-RAY DIFFRACTION	3.0	INTERNAL_INSERTION	A	467	160	278	1.0	0.0	0.0945	Human M2 muscarinic acetylcholine, receptor T4 lysozyme fusion protein	
3SBB_1	3SBB	T4L		False	X-RAY DIFFRACTION	1.434		C	165	162	0	0.9939	0.0	1.0	Lysozyme	E1_not_chimeric_single_uniprot;E8_target_modelled=0<80;E9_target_disorder=1.00>0.2
3SBA_1	3SBA	T4L		False	X-RAY DIFFRACTION	2.75		A	165	161	0	0.9938	0.0062	1.0	Lysozyme	E1_not_chimeric_single_uniprot;E8_target_modelled=0<80;E9_target_disorder=1.00>0.2
3SB9_1	3SB9	T4L		False	X-RAY DIFFRACTION	2.45		A	165	162	0	0.9939	0.0	1.0	Lysozyme	E1_not_chimeric_single_uniprot;E8_target_modelled=0<80;E9_target_disorder=1.00>0.2
3SB8_1	3SB8	T4L		False	X-RAY DIFFRACTION	2.65		A	165	162	0	0.9818	0.0	1.0	Lysozyme	E1_not_chimeric_single_uniprot;E8_target_modelled=0<80;E9_target_disorder=1.00>0.2
3SB7_1	3SB7	T4L		False	X-RAY DIFFRACTION	2.7		A	165	162	0	0.9939	0.0	1.0	Lysozyme	E1_not_chimeric_single_uniprot;E8_target_modelled=0<80;E9_target_disorder=1.00>0.2
3SB6_1	3SB6	T4L		False	X-RAY DIFFRACTION	2.7		A	165	162	0	0.9878	0.0	1.0	Lysozyme	E1_not_chimeric_single_uniprot;E8_target_modelled=0<80;E9_target_disorder=1.00>0.2
3SB5_1	3SB5	T4L		False	X-RAY DIFFRACTION	2.46		A	165	162	0	0.9878	0.0	1.0	Lysozyme	E1_not_chimeric_single_uniprot;E8_target_modelled=0<80;E9_target_disorder=1.00>0.2
3RZE_1	3RZE	T4L	P35367	True	X-RAY DIFFRACTION	3.1	INTERNAL_INSERTION	A	452	159	269	1.0	0.0	0.0594	Histamine H1 receptor, Lysozyme chimera	
3RUN_1	3RUN	T4L		False	X-RAY DIFFRACTION	1.4		A	168	164	0	0.9762	0.0	1.0	LYSOZYME	E1_not_chimeric_single_uniprot;E8_target_modelled=0<80;E9_target_disorder=1.00>0.2
3QAK_1	3QAK	T4L	P29274	True	X-RAY DIFFRACTION	2.71	INTERNAL_INSERTION	A	488	160	284	1.0	0.0	0.0596	Adenosine receptor A2a,lysozyme chimera	
3PDS_1	3PDS	T4L	P07550	True	X-RAY DIFFRACTION	3.5	INTERNAL_INSERTION	A	458	161	281	1.0	0.0	0.0344	Fusion protein Beta-2 adrenergic receptor/Lysozyme	
3P0G_1	3P0G	T4L	P07550	False	X-RAY DIFFRACTION	3.5	INTERNAL_INSERTION	A	501	0	284	1.0	1.0	0.1446	Beta-2 adrenergic receptor, Lysozyme	E7_fusion_modelled=0<50;E9_fusion_disorder=1.00>0.2
3OE9_1	3OE9	T4L	P61073	True	X-RAY DIFFRACTION	3.1	INTERNAL_INSERTION	A	499	157	263	1.0	0.0187	0.1677	C-X-C chemokine receptor type 4, Lysozyme Chimera	
3OE0_1	3OE0	T4L	P61073	True	X-RAY DIFFRACTION	2.9	INTERNAL_INSERTION	A	499	160	273	1.0	0.0	0.1361	C-X-C chemokine receptor type 4, Lysozyme Chimera	
3NYA_1	3NYA	T4L	P07550	True	X-RAY DIFFRACTION	3.16	INTERNAL_INSERTION	A	490	161	278	1.0	0.0	0.1175	Beta-2 adrenergic receptor, Lysozyme	
3NY9_1	3NY9	T4L	P07550	True	X-RAY DIFFRACTION	2.84	INTERNAL_INSERTION	A	490	161	278	1.0	0.0	0.1175	Beta-2 adrenergic receptor, Lysozyme	
3NY8_1	3NY8	T4L	P07550	True	X-RAY DIFFRACTION	2.84	INTERNAL_INSERTION	A	490	161	278	1.0	0.0	0.1175	Beta-2 adrenergic receptor, Lysozyme	
4I7R_1	4I7R	T4L		False	X-RAY DIFFRACTION	1.52		A	187	164	0	0.9371	0.0	1.0	Lysozyme	E1_not_chimeric_single_uniprot;E8_target_modelled=0<80;E9_target_disorder=1.00>0.2
4I7Q_1	4I7Q	T4L		False	X-RAY DIFFRACTION	1.58		A	187	164	0	0.9371	0.0	1.0	Lysozyme	E1_not_chimeric_single_uniprot;E8_target_modelled=0<80;E9_target_disorder=1.00>0.2
4I7P_1	4I7P	T4L		False	X-RAY DIFFRACTION	1.6		A	187	164	0	0.9318	0.0	1.0	Lysozyme	E1_not_chimeric_single_uniprot;E8_target_modelled=0<80;E9_target_disorder=1.00>0.2
4I7O_1	4I7O	T4L		False	X-RAY DIFFRACTION	1.73		A	187	164	0	0.9371	0.0	1.0	Lysozyme	E1_not_chimeric_single_uniprot;E8_target_modelled=0<80;E9_target_disorder=1.00>0.2
4I7N_1	4I7N	T4L		False	X-RAY DIFFRACTION	1.58		A	187	164	0	0.9371	0.0	1.0	Lysozyme	E1_not_chimeric_single_uniprot;E8_target_modelled=0<80;E9_target_disorder=1.00>0.2
4I7M_1	4I7M	T4L		False	X-RAY DIFFRACTION	1.48		A	187	164	0	0.9371	0.0	1.0	Lysozyme	E1_not_chimeric_single_uniprot;E8_target_modelled=0<80;E9_target_disorder=1.00>0.2
4I7L_1	4I7L	T4L		False	X-RAY DIFFRACTION	1.52		A	187	164	0	0.9318	0.0	1.0	Lysozyme	E1_not_chimeric_single_uniprot;E8_target_modelled=0<80;E9_target_disorder=1.00>0.2
4I7K_1	4I7K	T4L		False	X-RAY DIFFRACTION	1.72		A	187	164	0	0.9371	0.0	1.0	Lysozyme	E1_not_chimeric_single_uniprot;E8_target_modelled=0<80;E9_target_disorder=1.00>0.2
4I7J_1	4I7J	T4L		False	X-RAY DIFFRACTION	1.67		A	187	163	0	0.9368	0.0061	1.0	Lysozyme	E1_not_chimeric_single_uniprot;E8_target_modelled=0<80;E9_target_disorder=1.00>0.2
4HTT_1	4HTT	T4L	O67305	False	X-RAY DIFFRACTION	6.8	TERMINAL_C	A	418	0	225	1.0	1.0	0.0426	Sec-independent protein translocase protein TatC, Lysozyme	E3_resolution=6.80>3.5;E7_fusion_modelled=0<50;E9_fusion_disorder=1.00>0.2
4GRV_1	4GRV	T4L	P20789	True	X-RAY DIFFRACTION	2.802	INTERNAL_INSERTION	A	510	157	293	0.9912	0.0187	0.0929	Neurotensin receptor type 1, lysozyme chimera	
4GBR_2	4GBR	T4L		False	X-RAY DIFFRACTION	3.993		B	163	160	0	0.9877	0.0	1.0	Lysozyme	E1_not_chimeric_single_uniprot;E3_resolution=3.99>3.5;E8_target_modelled=0<80;E9_target_disorder=1.00>0.2
4EXM_1	4EXM	T4L	Q57159	True	X-RAY DIFFRACTION	2.6	TERMINAL_C	A	347	137	154	1.0	0.1543	0.0778	Pesticin, Lysozyme Chimera	
4EPI_1	4EPI	T4L	Q57159	True	X-RAY DIFFRACTION	1.74	COMPLEX	A	330	160	168	0.997	0.0	0.0059	Pesticin, Lysozyme Chimera	
4EKS_1	4EKS	T4L		False	X-RAY DIFFRACTION	1.64		A	187	164	0	0.9371	0.0	1.0	Lysozyme	E1_not_chimeric_single_uniprot;E8_target_modelled=0<80;E9_target_disorder=1.00>0.2
4EKR_1	4EKR	T4L		False	X-RAY DIFFRACTION	1.49		A	187	164	0	0.9371	0.0	1.0	Lysozyme	E1_not_chimeric_single_uniprot;E8_target_modelled=0<80;E9_target_disorder=1.00>0.2
4EKQ_1	4EKQ	T4L		False	X-RAY DIFFRACTION	1.54		A	187	164	0	0.9371	0.0	1.0	Lysozyme	E1_not_chimeric_single_uniprot;E8_target_modelled=0<80;E9_target_disorder=1.00>0.2
4EKP_1	4EKP	T4L		False	X-RAY DIFFRACTION	1.64		A	187	164	0	0.9371	0.0	1.0	Lysozyme	E1_not_chimeric_single_uniprot;E8_target_modelled=0<80;E9_target_disorder=1.00>0.2
4EJ4_1	4EJ4	T4L	P32300	True	X-RAY DIFFRACTION	3.4	INTERNAL_INSERTION	A	461	160	282	1.0	0.0	0.0631	Delta-type opioid receptor, Lysozyme chimera	
4E97_1	4E97	T4L		False	X-RAY DIFFRACTION	1.3		A	187	164	0	0.9371	0.0	1.0	Lysozyme	E1_not_chimeric_single_uniprot;E8_target_modelled=0<80;E9_target_disorder=1.00>0.2
4DKL_1	4DKL	T4L	P42866	True	X-RAY DIFFRACTION	2.8	INTERNAL_INSERTION	A	464	160	282	1.0	0.0	0.0693	Mu-type opioid receptor, lysozyme chimera	
4DJH_1	4DJH	T4L	P41145	True	X-RAY DIFFRACTION	2.9	INTERNAL_INSERTION	A	480	160	287	1.0	0.0	0.0889	Kappa-type opioid receptor, Lysozyme	
4DAJ_1	4DAJ	T4L	P08483	True	X-RAY DIFFRACTION	3.4	INTERNAL_INSERTION	A	479	161	268	1.0	0.0	0.1383	Muscarinic acetylcholine receptor M3, Lysozyme	
4ARJ_1	4ARJ	T4L	Q57159	True	X-RAY DIFFRACTION	2.593	TERMINAL_C	A	339	163	151	0.9874	0.0	0.0958	PESTICIN, LYSOZYME	
3VW7_1	3VW7	T4L	P25116	True	X-RAY DIFFRACTION	2.2	INTERNAL_INSERTION	A	484	160	282	1.0	0.0	0.0874	Proteinase-activated receptor 1, Lysozyme	
4I7T_1	4I7T	T4L		False	X-RAY DIFFRACTION	1.55		A	187	164	0	0.9371	0.0	1.0	Lysozyme	E1_not_chimeric_single_uniprot;E8_target_modelled=0<80;E9_target_disorder=1.00>0.2
4LDE_1	4LDE	T4L	P07550	True	X-RAY DIFFRACTION	2.79	TERMINAL_N	A	469	160	283	0.9758	0.0	0.0308	Lysozyme, Beta-2 adrenergic receptor	
4LDO_1	4LDO	T4L	P07550	True	X-RAY DIFFRACTION	3.2	TERMINAL_N	A	469	160	283	0.9758	0.0	0.0308	Lysozyme, Beta-2 adrenergic receptor	
4N9N_1	4N9N	T4L	Q12151	True	X-RAY DIFFRACTION	2.9	INTERNAL_INSERTION	A	438	160	264	0.9907	0.0	0.0222	Sterol uptake control protein 2, Lysozyme	
4OO9_1	4OO9	T4L	P41594	True	X-RAY DIFFRACTION	2.6	INTERNAL_INSERTION	A	444	161	247	0.9976	0.0	0.0749	Metabotropic glutamate receptor 5, Lysozyme, Metabotropic glutamate receptor 5 chimera	
4RWS_1	4RWS	T4L	P61073	True	X-RAY DIFFRACTION	3.1	INTERNAL_INSERTION	A	498	160	275	0.9932	0.0	0.1297	C-X-C chemokine receptor type 4/Endolysin chimeric protein	
4S0W_1	4S0W	T4L		False	X-RAY DIFFRACTION	2.117		A	164	162	0	1.0	0.0122	1.0	Lysozyme	E1_not_chimeric_single_uniprot;E8_target_modelled=0<80;E9_target_disorder=1.00>0.2
4W54_1	4W54	T4L		False	X-RAY DIFFRACTION	1.7901		A	172	164	0	1.0	0.0	1.0	Endolysin	E1_not_chimeric_single_uniprot;E8_target_modelled=0<80;E9_target_disorder=1.00>0.2
4W55_1	4W55	T4L		False	X-RAY DIFFRACTION	1.6401		A	172	164	0	1.0	0.0	1.0	Endolysin	E1_not_chimeric_single_uniprot;E8_target_modelled=0<80;E9_target_disorder=1.00>0.2
4W58_1	4W58	T4L		False	X-RAY DIFFRACTION	1.8		A	172	164	0	0.9939	0.0	1.0	Endolysin	E1_not_chimeric_single_uniprot;E8_target_modelled=0<80;E9_target_disorder=1.00>0.2
4W59_1	4W59	T4L		False	X-RAY DIFFRACTION	1.39		A	172	164	0	1.0	0.0	1.0	Endolysin	E1_not_chimeric_single_uniprot;E8_target_modelled=0<80;E9_target_disorder=1.00>0.2
4W57_1	4W57	T4L		False	X-RAY DIFFRACTION	1.6801		A	172	164	0	1.0	0.0	1.0	Endolysin	E1_not_chimeric_single_uniprot;E8_target_modelled=0<80;E9_target_disorder=1.00>0.2
4W56_1	4W56	T4L		False	X-RAY DIFFRACTION	1.63		A	172	164	0	1.0	0.0	1.0	Endolysin	E1_not_chimeric_single_uniprot;E8_target_modelled=0<80;E9_target_disorder=1.00>0.2
4W53_1	4W53	T4L		False	X-RAY DIFFRACTION	1.56		A	172	164	0	1.0	0.0	1.0	Endolysin	E1_not_chimeric_single_uniprot;E8_target_modelled=0<80;E9_target_disorder=1.00>0.2
4W52_1	4W52	T4L		False	X-RAY DIFFRACTION	1.5001		A	172	164	0	1.0	0.0	1.0	Endolysin	E1_not_chimeric_single_uniprot;E8_target_modelled=0<80;E9_target_disorder=1.00>0.2
4W51_1	4W51	T4L		False	X-RAY DIFFRACTION	1.45		A	172	164	0	1.0	0.0	1.0	Endolysin	E1_not_chimeric_single_uniprot;E8_target_modelled=0<80;E9_target_disorder=1.00>0.2
4U14_1	4U14	T4L	P08483	False	X-RAY DIFFRACTION	3.57	INTERNAL_INSERTION	A	460	161	275	1.0	0.0	0.0351	Muscarinic acetylcholine receptor M3,Endolysin,Muscarinic acetylcholine receptor M3	E3_resolution=3.57>3.5
4TN3_1	4TN3	T4L	G9MAP5	True	X-RAY DIFFRACTION	3.1989	TERMINAL_C	A	400	163	196	1.0	0.0	0.0968	TRIM5/cyclophilin A fusion protein/T4 Lysozyme chimera	
4QKX_1	4QKX	T4L	P07550	True	X-RAY DIFFRACTION	3.3	TERMINAL_N	A	469	160	283	0.9758	0.0	0.0308	Beta-2 adrenergic receptor	
4PHU_1	4PHU	T4L	O14842	True	X-RAY DIFFRACTION	2.332	INTERNAL_INSERTION	A	491	160	270	0.9908	0.0	0.094	Free fatty acid receptor 1,Lysozyme	
4LZM_1	4LZM	T4L		False	X-RAY DIFFRACTION	1.7		A	164	162	0	1.0	0.0122	1.0	T4 LYSOZYME	E1_not_chimeric_single_uniprot;E8_target_modelled=0<80;E9_target_disorder=1.00>0.2
4LDL_1	4LDL	T4L	P07550	True	X-RAY DIFFRACTION	3.1	TERMINAL_N	A	469	160	283	0.9758	0.0	0.0308	Lysozyme, Beta-2 adrenergic receptor	
4K5Y_1	4K5Y	T4L	P34998	True	X-RAY DIFFRACTION	2.977	INTERNAL_INSERTION	A	441	160	247	1.0	0.0	0.0749	Corticotropin-releasing factor receptor 1, T4-Lysozyme chimeric construct	
4IAP_1	4IAP	T4L	P38713	False	X-RAY DIFFRACTION	2.3	TERMINAL_N	A	260	160	79	0.9336	0.0	0.0	Oxysterol-binding protein homolog 3,Endolysin,Oxysterol-binding protein homolog 3	E8_target_modelled=79<80
4I7S_1	4I7S	T4L		False	X-RAY DIFFRACTION	1.69		A	187	164	0	0.9371	0.0	1.0	Lysozyme	E1_not_chimeric_single_uniprot;E8_target_modelled=0<80;E9_target_disorder=1.00>0.2
5JDT_1	5JDT	T4L		False	X-RAY DIFFRACTION	1.0		A	164	164	0	1.0	0.0	1.0	Endolysin	E1_not_chimeric_single_uniprot;E8_target_modelled=0<80;E9_target_disorder=1.00>0.2
5I14_1	5I14	T4L		False	X-RAY DIFFRACTION	1.745		A	121	103	0	0.8583	0.0096	1.0	mutated and truncated T4 lysozyme	E1_not_chimeric_single_uniprot;E8_target_modelled=0<80;E9_target_disorder=1.00>0.2
5GLI_1	5GLI	T4L	P24530	True	X-RAY DIFFRACTION	2.5	INTERNAL_INSERTION	A	464	101	315	0.9697	0.0	0.0708	Endothelin Receptor Subtype-B	
5GLH_1	5GLH	T4L	P24530	True	X-RAY DIFFRACTION	2.8	INTERNAL_INSERTION	A	498	160	292	1.0	0.0	0.131	Endothelin Receptor Subtype-B	
5G27_1	5G27	T4L		False	X-RAY DIFFRACTION	1.61		A	164	164	0	1.0	0.0	1.0	ENDOLYSIN	E1_not_chimeric_single_uniprot;E8_target_modelled=0<80;E9_target_disorder=1.00>0.2
5EWX_1	5EWX	T4L	P38507	False	X-RAY DIFFRACTION	2.6	COMPLEX	A	227	161	49	1.0	0.0	0.125	Endolysin,Immunoglobulin G-binding protein A,Endolysin	E8_target_modelled=49<80
5EUT_1	5EUT	T4L	Q9BTU6	True	X-RAY DIFFRACTION	2.802	INTERNAL_INSERTION	A	556	163	319	0.9938	0.0	0.1736	Phosphatidylinositol 4-kinase type 2-alpha,Endolysin,Phosphatidylinositol 4-kinase type 2-alpha	
5EE7_1	5EE7	T4L	P47871	True	X-RAY DIFFRACTION	2.5	INTERNAL_INSERTION	A	452	156	257	0.9928	0.0189	0.0755	Glucagon receptor,Endolysin,Glucagon receptor	
5DSG_1	5DSG	T4L	P08173	True	X-RAY DIFFRACTION	2.6	INTERNAL_INSERTION	A	422	100	290	0.9949	0.0099	0.0461	Muscarinic acetylcholine receptor M4,Endolysin,Endolysin,Muscarinic acetylcholine receptor M4	
5DGY_1	5DGY	T4L		False	X-RAY DIFFRACTION	7.7		A	906	160	0	0.1921	0.0	1.0	Endolysin,Rhodopsin,S-arrestin	E1_multi_uniprot_n=3;E3_resolution=7.70>3.5;E6_align_coverage=0.19<0.8;E8_target_modelled=0<80;E9_target_disorder=1.00>0.2
5D6L_1	5D6L	T4L	P07550	True	X-RAY DIFFRACTION	3.2	INTERNAL_INSERTION	A	500	161	274	0.9842	0.0	0.1569	Beta-2 adrenergic receptor,Endolysin,Beta-2 adrenergic receptor	
5D5B_1	5D5B	T4L	P07550	False	X-RAY DIFFRACTION	3.8	INTERNAL_INSERTION	A	500	161	281	1.0	0.0	0.1536	Beta-2 adrenergic receptor,Endolysin,Beta-2 adrenergic receptor	E3_resolution=3.80>3.5
5D5A_1	5D5A	T4L	P07550	True	X-RAY DIFFRACTION	2.4826	INTERNAL_INSERTION	A	500	161	281	1.0	0.0	0.1536	Beta-2 adrenergic receptor,Endolysin,Beta-2 adrenergic receptor	
5CXV_1	5CXV	T4L	P11229	True	X-RAY DIFFRACTION	2.7	INTERNAL_INSERTION	A	515	159	285	1.0	0.0	0.1204	Muscarinic acetylcholine receptor M1,Endolysin,Muscarinic acetylcholine receptor M1	
5CGD_1	5CGD	T4L	P41594	True	X-RAY DIFFRACTION	2.603	INTERNAL_INSERTION	A	444	161	246	0.9975	0.0	0.0787	Metabotropic glutamate receptor 5,Endolysin,Metabotropic glutamate receptor 5	
5CGC_1	5CGC	T4L	P41594	True	X-RAY DIFFRACTION	3.101	INTERNAL_INSERTION	A	444	161	247	0.9976	0.0	0.0749	Metabotropic glutamate receptor 5,Endolysin,Metabotropic glutamate receptor 5	
5B2G_1	5B2G	T4L	O14493	True	X-RAY DIFFRACTION	3.5	TERMINAL_N	A	364	160	171	0.997	0.0062	0.0656	Endolysin,Claudin-4	
4ZWJ_1	4ZWJ	T4L		False	X-RAY DIFFRACTION	3.302		A	906	160	0	0.1921	0.0	1.0	Chimera protein of human Rhodopsin, mouse S-arrestin, and T4 Endolysin	E1_multi_uniprot_n=3;E6_align_coverage=0.19<0.8;E8_target_modelled=0<80;E9_target_disorder=1.00>0.2
4YXC_1	4YXC	T4L		False	X-RAY DIFFRACTION	2.3		A	185	160	0	0.8791	0.0	1.0	Flagellar assembly protein H,Endolysin	E1_not_chimeric_single_uniprot;E8_target_modelled=0<80;E9_target_disorder=1.00>0.2
4YXA_3	4YXA	T4L	P0CL45	False	X-RAY DIFFRACTION	2.35	TERMINAL_C	C	197	134	30	0.9762	0.1779	0.0	Oxygen-regulated invasion protein OrgB,Endolysin	E8_target_modelled=30<80
4YX7_3	4YX7	T4L	P0CL45	False	X-RAY DIFFRACTION	2.0007	TERMINAL_C	C	197	162	30	0.9796	0.0061	0.0	Oxygen-regulated invasion protein OrgB,Endolysin	E8_target_modelled=30<80
4XES_1	4XES	T4L	P20789	True	X-RAY DIFFRACTION	2.6	TERMINAL_C	A	541	160	307	0.9915	0.0	0.1328	Neurotensin receptor type 1, Endolysin chimera	
4XEE_1	4XEE	T4L	P20789	True	X-RAY DIFFRACTION	2.9	TERMINAL_C	A	541	160	300	0.9914	0.0	0.1525	Neurotensin receptor type 1, Endolysin chimera	
4WTV_1	4WTV	T4L	Q8TCG2	True	X-RAY DIFFRACTION	1.9	INTERNAL_INSERTION	A	514	163	284	1.0	0.0	0.1909	Phosphatidylinositol 4-kinase type 2-beta,Endolysin,Phosphatidylinositol 4-kinase type 2-beta	
4W8F_1	4W8F	T4L	P36022	False	X-RAY DIFFRACTION	3.541	INTERNAL_INSERTION	A	2661	160	2448	1.0	0.0	0.0113	Dynein heavy chain lysozyme chimera	E3_resolution=3.54>3.5
5LWO_1	5LWO	T4L		False	X-RAY DIFFRACTION	1.183		A	164	164	0	1.0	0.0	1.0	Endolysin	E1_not_chimeric_single_uniprot;E8_target_modelled=0<80;E9_target_disorder=1.00>0.2
5KW2_1	5KW2	T4L	O14842	True	X-RAY DIFFRACTION	2.76	INTERNAL_INSERTION	A	491	160	247	0.9903	0.0	0.1711	Free fatty acid receptor 1,Lysozyme,Free fatty acid receptor 1	
5KIO_1	5KIO	T4L		False	X-RAY DIFFRACTION	1.63		A	170	162	0	1.0	0.0122	1.0	Endolysin	E1_not_chimeric_single_uniprot;E8_target_modelled=0<80;E9_target_disorder=1.00>0.2
5KIM_1	5KIM	T4L		False	X-RAY DIFFRACTION	1.5		A	170	162	0	1.0	0.0122	1.0	Endolysin	E1_not_chimeric_single_uniprot;E8_target_modelled=0<80;E9_target_disorder=1.00>0.2
5KII_1	5KII	T4L		False	X-RAY DIFFRACTION	1.56		A	170	162	0	1.0	0.0122	1.0	Endolysin	E1_not_chimeric_single_uniprot;E8_target_modelled=0<80;E9_target_disorder=1.00>0.2
5KIG_1	5KIG	T4L		False	X-RAY DIFFRACTION	1.5		A	170	162	0	1.0	0.0122	1.0	Endolysin	E1_not_chimeric_single_uniprot;E8_target_modelled=0<80;E9_target_disorder=1.00>0.2
5KI8_1	5KI8	T4L		False	X-RAY DIFFRACTION	1.55		A	170	162	0	1.0	0.0122	1.0	Endolysin	E1_not_chimeric_single_uniprot;E8_target_modelled=0<80;E9_target_disorder=1.00>0.2
5KI3_1	5KI3	T4L		False	X-RAY DIFFRACTION	1.65		A	170	162	0	1.0	0.0122	1.0	Endolysin	E1_not_chimeric_single_uniprot;E8_target_modelled=0<80;E9_target_disorder=1.00>0.2
5KI2_1	5KI2	T4L		False	X-RAY DIFFRACTION	1.5		A	170	162	0	1.0	0.0122	1.0	Endolysin	E1_not_chimeric_single_uniprot;E8_target_modelled=0<80;E9_target_disorder=1.00>0.2
5KI1_1	5KI1	T4L		False	X-RAY DIFFRACTION	1.46		A	170	162	0	1.0	0.0122	1.0	Endolysin	E1_not_chimeric_single_uniprot;E8_target_modelled=0<80;E9_target_disorder=1.00>0.2
5KHZ_1	5KHZ	T4L		False	X-RAY DIFFRACTION	1.49		A	170	162	0	1.0	0.0122	1.0	Endolysin	E1_not_chimeric_single_uniprot;E8_target_modelled=0<80;E9_target_disorder=1.00>0.2
5KGR_1	5KGR	T4L		False	X-RAY DIFFRACTION	1.473		A	164	164	0	1.0	0.0	1.0	Endolysin	E1_not_chimeric_single_uniprot;E8_target_modelled=0<80;E9_target_disorder=1.00>0.2
5JWW_1	5JWW	T4L		False	X-RAY DIFFRACTION	1.47		A	164	161	0	1.0	0.0183	1.0	Endolysin	E1_not_chimeric_single_uniprot;E8_target_modelled=0<80;E9_target_disorder=1.00>0.2
5JWV_1	5JWV	T4L		False	X-RAY DIFFRACTION	1.3		A	164	161	0	1.0	0.0183	1.0	Endolysin	E1_not_chimeric_single_uniprot;E8_target_modelled=0<80;E9_target_disorder=1.00>0.2
5JWU_1	5JWU	T4L		False	X-RAY DIFFRACTION	1.7		A	164	161	0	1.0	0.0183	1.0	Endolysin	E1_not_chimeric_single_uniprot;E8_target_modelled=0<80;E9_target_disorder=1.00>0.2
5JWT_1	5JWT	T4L		False	X-RAY DIFFRACTION	1.41		A	164	161	0	1.0	0.0183	1.0	Endolysin	E1_not_chimeric_single_uniprot;E8_target_modelled=0<80;E9_target_disorder=1.00>0.2
5JWS_1	5JWS	T4L		False	X-RAY DIFFRACTION	1.65		A	164	161	0	1.0	0.0183	1.0	Endolysin	E1_not_chimeric_single_uniprot;E8_target_modelled=0<80;E9_target_disorder=1.00>0.2
5JQH_1	5JQH	T4L	P07550	False	X-RAY DIFFRACTION	3.2	TERMINAL_N	A	471	105	283	0.9923	0.3438	0.0341	Endolysin,Beta-2 adrenergic receptor	E9_fusion_disorder=0.34>0.2
5JGZ_1	5JGZ	T4L		False	X-RAY DIFFRACTION	1.534		A	164	163	0	1.0	0.0061	1.0	Endolysin	E1_not_chimeric_single_uniprot;E8_target_modelled=0<80;E9_target_disorder=1.00>0.2
5JGX_1	5JGX	T4L		False	X-RAY DIFFRACTION	1.533		A	164	164	0	1.0	0.0	1.0	Endolysin	E1_not_chimeric_single_uniprot;E8_target_modelled=0<80;E9_target_disorder=1.00>0.2
5JGV_1	5JGV	T4L		False	X-RAY DIFFRACTION	1.732		A	164	163	0	1.0	0.0061	1.0	Endolysin	E1_not_chimeric_single_uniprot;E8_target_modelled=0<80;E9_target_disorder=1.00>0.2
5JGU_1	5JGU	T4L		False	X-RAY DIFFRACTION	1.468		A	164	164	0	1.0	0.0	1.0	Endolysin	E1_not_chimeric_single_uniprot;E8_target_modelled=0<80;E9_target_disorder=1.00>0.2
5JGR_1	5JGR	T4L		False	X-RAY DIFFRACTION	1.46		A	164	164	0	1.0	0.0	1.0	Endolysin	E1_not_chimeric_single_uniprot;E8_target_modelled=0<80;E9_target_disorder=1.00>0.2
5JGN_1	5JGN	T4L		False	X-RAY DIFFRACTION	1.534		A	164	164	0	1.0	0.0	1.0	Endolysin	E1_not_chimeric_single_uniprot;E8_target_modelled=0<80;E9_target_disorder=1.00>0.2
5JEA_11	5JEA	T4L	Q08491	False	X-RAY DIFFRACTION	2.65	TERMINAL_C	K	279	102	83	1.0	0.378	0.2455	Superkiller protein 7,Endolysin	E9_fusion_disorder=0.38>0.2;E9_target_disorder=0.25>0.2
5V7E_1	5V7E	T4L		False	X-RAY DIFFRACTION	1.36		A	170	162	0	1.0	0.0122	1.0	Lysozyme	E1_not_chimeric_single_uniprot;E8_target_modelled=0<80;E9_target_disorder=1.00>0.2
5VEW_1	5VEW	T4L	P43220	True	X-RAY DIFFRACTION	2.7	INTERNAL_INSERTION	A	455	160	263	1.0	0.0	0.0993	Glucagon-like peptide 1 receptor,Endolysin chimera	
5VEX_1	5VEX	T4L	P43220	True	X-RAY DIFFRACTION	3.0	INTERNAL_INSERTION	A	455	160	263	1.0	0.0	0.0993	Glucagon-like peptide 1 receptor, Endolysin chimera	
5XEZ_1	5XEZ	T4L	P47871	True	X-RAY DIFFRACTION	3.0	INTERNAL_INSERTION	A	574	156	389	1.0	0.025	0.0347	Glucagon receptor,Endolysin,Glucagon receptor	
5X93_1	5X93	T4L	P24530	True	X-RAY DIFFRACTION	2.2	INTERNAL_INSERTION	A	464	101	313	0.9628	0.0	0.0657	Endothelin B receptor,Endolysin,Endothelin B receptor	
5X7D_1	5X7D	T4L	P07550	True	X-RAY DIFFRACTION	2.703	INTERNAL_INSERTION	A	500	161	279	1.0	0.0	0.1596	Chimera protein of Beta-2 adrenergic receptor and Lysozyme	
5WF6_1	5WF6	T4L	P29274	True	X-RAY DIFFRACTION	2.9	INTERNAL_INSERTION	A	504	160	281	1.0	0.0	0.0695	Human A2a adenosine receptor T4L chimera	
5WF5_1	5WF5	T4L	P29274	True	X-RAY DIFFRACTION	2.6	INTERNAL_INSERTION	A	504	160	284	1.0	0.0	0.0596	Human A2a adenosine receptor T4L chimera	
5W0P_2	5W0P	T4L		False	X-RAY DIFFRACTION	3.013		C	906	160	0	0.1882	0.0	1.0	Endolysin,Rhodopsin,S-arrestin	E1_multi_uniprot_n=3;E6_align_coverage=0.19<0.8;E8_target_modelled=0<80;E9_target_disorder=1.00>0.2
5W0P_1	5W0P	T4L		False	X-RAY DIFFRACTION	3.013		A	906	160	0	0.1885	0.0	1.0	Endolysin,Rhodopsin,S-arrestin	E1_multi_uniprot_n=3;E6_align_coverage=0.19<0.8;E8_target_modelled=0<80;E9_target_disorder=1.00>0.2
5VNR_1	5VNR	T4L		False	X-RAY DIFFRACTION	1.631		A	164	164	0	1.0	0.0	1.0	Endolysin	E1_not_chimeric_single_uniprot;E8_target_modelled=0<80;E9_target_disorder=1.00>0.2
5VNQ_1	5VNQ	T4L		False	NEUTRON DIFFRACTION	2.2		A	164	164	0	1.0	0.0	1.0	Endolysin	E1_not_chimeric_single_uniprot;E8_target_modelled=0<80;E9_target_disorder=1.00>0.2
5VBA_1	5VBA	T4L		False	X-RAY DIFFRACTION	2.27		A	437	161	0	0.3946	0.0	1.0	Lysozyme, ESX-1 secretion-associated protein EspG1 chimera	E1_not_chimeric_single_uniprot;E6_align_coverage=0.39<0.8;E8_target_modelled=0<80;E9_target_disorder=1.00>0.2
5V88_1	5V88	T4L	Q96GG9	True	X-RAY DIFFRACTION	1.601	TERMINAL_N	A	384	164	187	0.9669	0.0	0.0556	Lysozyme,DCN1-like protein 1	
5V86_1	5V86	T4L	Q96GG9	True	X-RAY DIFFRACTION	1.374	TERMINAL_N	A	384	164	185	0.9694	0.0	0.0657	Lysozyme,DCN1-like protein 1	
5V83_1	5V83	T4L	Q96GG9	True	X-RAY DIFFRACTION	2.002	TERMINAL_N	A	384	164	188	0.967	0.0	0.0505	Lysozyme,DCN1-like protein 1 chimera	
5V7F_1	5V7F	T4L		False	X-RAY DIFFRACTION	1.65		A	170	162	0	1.0	0.0122	1.0	Lysozyme	E1_not_chimeric_single_uniprot;E8_target_modelled=0<80;E9_target_disorder=1.00>0.2
5V7D_1	5V7D	T4L		False	X-RAY DIFFRACTION	1.35		A	170	162	0	1.0	0.0122	1.0	Lysozyme	E1_not_chimeric_single_uniprot;E8_target_modelled=0<80;E9_target_disorder=1.00>0.2
5TZY_1	5TZY	T4L	O14842	True	X-RAY DIFFRACTION	3.22	INTERNAL_INSERTION	A	491	141	274	0.9928	0.1187	0.0805	Free fatty acid receptor 1,Endolysin,Free fatty acid receptor 1	
5TZR_1	5TZR	T4L	O14842	True	X-RAY DIFFRACTION	2.2	INTERNAL_INSERTION	A	491	160	273	0.9908	0.0	0.0839	Free fatty acid receptor 1,Endolysin,Free fatty acid receptor 1	
5T1A_1	5T1A	T4L	P41597	True	X-RAY DIFFRACTION	2.806	INTERNAL_INSERTION	A	508	161	282	0.9955	0.0	0.1104	Chimera protein of CC chemokine receptor type 2 isoform B and T4-lysozyme,Lysozyme	
5T04_1	5T04	T4L	P20789	True	X-RAY DIFFRACTION	3.3	INTERNAL_INSERTION	A	513	160	294	0.9913	0.0	0.0982	Neurotensin receptor type 1,Endolysin,Neurotensin receptor type 1	
5NDZ_1	5NDZ	T4L		False	X-RAY DIFFRACTION	3.6		A	619	150	0	0.2698	0.0625	1.0	Lysozyme,Proteinase-activated receptor 2,Soluble cytochrome b562,Proteinase-activated receptor 2	E1_multi_uniprot_n=3;E3_resolution=3.60>3.5;E6_align_coverage=0.27<0.8;E8_target_modelled=0<80;E9_target_disorder=1.00>0.2
5NDD_1	5NDD	T4L		False	X-RAY DIFFRACTION	2.801		A	619	160	0	0.2822	0.0	1.0	Lysozyme,Proteinase-activated receptor 2,Soluble cytochrome b562,Proteinase-activated receptor 2	E1_multi_uniprot_n=3;E6_align_coverage=0.28<0.8;E8_target_modelled=0<80;E9_target_disorder=1.00>0.2
5LZM_1	5LZM	T4L		False	X-RAY DIFFRACTION	1.8		A	164	162	0	1.0	0.0122	1.0	T4 LYSOZYME	E1_not_chimeric_single_uniprot;E8_target_modelled=0<80;E9_target_disorder=1.00>0.2
5XF1_1	5XF1	T4L	P47871	True	X-RAY DIFFRACTION	3.19	INTERNAL_INSERTION	A	574	155	389	1.0	0.0312	0.0347	Glucagon receptor,Endolysin,Glucagon receptor	
5YQZ_1	5YQZ	T4L	P47871	True	X-RAY DIFFRACTION	3.0	INTERNAL_INSERTION	R	575	160	398	1.0	0.0	0.0149	Glucagon receptor,Endolysin,Glucagon receptor	
6D27_1	6D27	T4L	Q9Y5Y4	True	X-RAY DIFFRACTION	2.738	INTERNAL_INSERTION	A	470	101	319	0.9481	0.0	0.059	Prostaglandin D2 receptor 2, Endolysin chimera	
6J20_1	6J20	T4L	P25103	True	X-RAY DIFFRACTION	2.7	INTERNAL_INSERTION	A	441	101	289	0.9799	0.0	0.1135	Substance-P receptor,Endolysin	
6IIH_1	6IIH	T4L	Q8IYU8	True	X-RAY DIFFRACTION	1.958	TERMINAL_N	A	493	161	283	0.9955	0.0	0.1211	Endolysin,Calcium uptake protein 2, mitochondrial	
6FW2_1	6FW2	T4L	Q5VT66	True	X-RAY DIFFRACTION	1.78	INTERNAL_INSERTION	A	459	159	282	0.9932	0.0	0.0	Mitochondrial amidoxime-reducing component 1,Endolysin,Mitochondrial amidoxime-reducing component 1	
6FFI_1	6FFI	T4L	P41594	True	X-RAY DIFFRACTION	2.2	INTERNAL_INSERTION	A	444	161	248	0.9976	0.0	0.0712	Metabotropic glutamate receptor 5,Endolysin,Metabotropic glutamate receptor 5	
6FFH_1	6FFH	T4L	P41594	True	X-RAY DIFFRACTION	2.65	INTERNAL_INSERTION	A	444	161	252	0.9976	0.0	0.0562	Metabotropic glutamate receptor 5,Endolysin	
6D9M_1	6D9M	T4L	Q39UD1	True	X-RAY DIFFRACTION	1.35	TERMINAL_N	A	337	161	163	0.9939	0.0	0.0181	Fusion protein of Endolysin,Response receiver sensor diguanylate cyclase, GAF domain-containing	
6D26_1	6D26	T4L	Q9Y5Y4	True	X-RAY DIFFRACTION	2.798	INTERNAL_INSERTION	A	470	101	323	0.9485	0.0	0.0472	Prostaglandin D2 receptor 2, Endolysin chimera	
6CM4_1	6CM4	T4L	P14416	True	X-RAY DIFFRACTION	2.867	INTERNAL_INSERTION	A	430	160	263	1.0	0.0062	0.0223	D(2) dopamine receptor, endolysin chimera	
6BG5_1	6BG5	T4L	Q96GG9	True	X-RAY DIFFRACTION	1.1	TERMINAL_N	A	384	164	189	0.9645	0.0	0.0455	Endolysin, DCN1-like protein 1 chimera	
6BG3_1	6BG3	T4L	Q96GG9	True	X-RAY DIFFRACTION	1.05	TERMINAL_N	A	384	164	189	0.9645	0.0	0.0455	Endolysin, DCN1-like protein 1 chimera	
6A9J_1	6A9J	T4L	O94649	False	X-RAY DIFFRACTION	2.7	TERMINAL_N	A	389	160	173	0.9911	0.0062	0.2136	Endolysin,Autophagy-related protein 2	E9_target_disorder=0.21>0.2
6A9E_1	6A9E	T4L	O94649	False	X-RAY DIFFRACTION	3.205	TERMINAL_N	A	389	161	175	0.9912	0.0	0.2045	Endolysin,Autophagy-related protein 2	E9_target_disorder=0.20>0.2
6A73_1	6A73	T4L	P61201	True	X-RAY DIFFRACTION	2.447	TERMINAL_C	A	304	160	130	1.0	0.0184	0.0299	COP9 signalosome complex subunit 2,Endolysin	
5ZKQ_1	5ZKQ	T4L	P25105	False	X-RAY DIFFRACTION	2.9	INTERNAL_INSERTION	A	438	0	279	1.0	1.0	0.1	Platelet-activating factor receptor,Endolysin,Endolysin,Platelet-activating factor receptor	E7_fusion_modelled=0<50;E9_fusion_disorder=1.00>0.2
5ZHP_1	5ZHP	T4L	P08483	True	X-RAY DIFFRACTION	3.1	INTERNAL_INSERTION	A	418	100	289	0.9873	0.0	0.0493	Muscarinic acetylcholine receptor M3,Endolysin,Endolysin,Muscarinic acetylcholine receptor M3	
5ZBQ_1	5ZBQ	T4L	P25929	True	X-RAY DIFFRACTION	2.7	TERMINAL_C	A	525	157	306	1.0	0.0248	0.1429	Neuropeptide Y receptor type 1,T4 Lysozyme	
5ZBH_1	5ZBH	T4L	P25929	True	X-RAY DIFFRACTION	3.0	INTERNAL_INSERTION	A	527	159	302	1.0	0.0	0.1371	Neuropeptide Y receptor type 1,T4 Lysozyme,Neuropeptide Y receptor type 1	
5YQR_1	5YQR	T4L	Q08001	True	X-RAY DIFFRACTION	2.402	TERMINAL_N	A	276	157	108	0.9888	0.0187	0.0357	Endolysin/Membrane-anchored lipid-binding protein LAM6 fusion protein	
5XSZ_1	5XSZ	T4L	Q08BG4	True	X-RAY DIFFRACTION	3.2	INTERNAL_INSERTION	A	477	160	279	0.9799	0.0	0.0912	Lysophosphatidic acid receptor 6a,Endolysin,Lysophosphatidic acid receptor 6a	
5XPR_1	5XPR	T4L	P24530	False	X-RAY DIFFRACTION	3.6	INTERNAL_INSERTION	A	464	95	306	0.9757	0.0594	0.0866	Endothelin B receptor,Endolysin,Endothelin B receptor	E3_resolution=3.60>3.5
5XPF_1	5XPF	T4L		False	X-RAY DIFFRACTION	1.04		A	164	164	0	1.0	0.0	1.0	Endolysin	E1_not_chimeric_single_uniprot;E8_target_modelled=0<80;E9_target_disorder=1.00>0.2
5XPE_1	5XPE	T4L		False	X-RAY DIFFRACTION	1.648		A	164	164	0	1.0	0.0	1.0	Endolysin	E1_not_chimeric_single_uniprot;E8_target_modelled=0<80;E9_target_disorder=1.00>0.2
6KJV_1	6KJV	T4L	P43220	True	X-RAY DIFFRACTION	2.8	INTERNAL_INSERTION	A	455	160	263	1.0	0.0	0.0962	Glucagon-like peptide 1 receptor,Endolysin,Glucagon-like peptide 1 receptor	
6KK1_1	6KK1	T4L	P43220	True	X-RAY DIFFRACTION	2.8	INTERNAL_INSERTION	A	455	160	263	1.0	0.0	0.0962	Glucagon-like peptide 1 receptor,Endolysin,Glucagon-like peptide 1 receptor	
6KK7_1	6KK7	T4L	P43220	True	X-RAY DIFFRACTION	3.1	INTERNAL_INSERTION	A	455	160	263	1.0	0.0	0.0962	Glucagon-like peptide 1 receptor,Endolysin,Glucagon-like peptide 1 receptor	
7L37_1	7L37	T4L		False	X-RAY DIFFRACTION	1.439		A	164	162	0	1.0	0.0122	1.0	Endolysin	E1_not_chimeric_single_uniprot;E8_target_modelled=0<80;E9_target_disorder=1.00>0.2
7F8Y_1	7F8Y	T4L	P32238	True	X-RAY DIFFRACTION	2.5	INTERNAL_INSERTION	A	534	160	278	1.0	0.0	0.1003	fusion protein of Cholecystokinin receptor type A and Endolysin	
7F8X_1	7F8X	T4L	P32238	True	X-RAY DIFFRACTION	3.0	INTERNAL_INSERTION	A	534	160	283	1.0	0.0	0.1773	Cholecystokinin receptor type A,Endolysin	
7F8U_1	7F8U	T4L	P32238	True	X-RAY DIFFRACTION	2.8	INTERNAL_INSERTION	A	534	160	278	1.0	0.0	0.0	Fusion protein of Cholecystokinin receptor type A and Endolysin	
7DWS_1	7DWS	T4L		False	X-RAY DIFFRACTION	2.8		A	176	162	0	0.9878	0.0	1.0	Endolysin	E1_not_chimeric_single_uniprot;E8_target_modelled=0<80;E9_target_disorder=1.00>0.2
6ZX9_3	6ZX9	T4L	A4UDG5	True	X-RAY DIFFRACTION	2.5197288426	TERMINAL_N	C	258	163	91	0.9883	0.0	0.0109	Vpr protein fused to T4 lysozyme	
6ZG9_1	6ZG9	T4L	P11229	True	X-RAY DIFFRACTION	2.5	INTERNAL_INSERTION	A	455	160	277	0.9798	0.0	0.0	Muscarinic acetylcholine receptor M1,Endolysin,Muscarinic acetylcholine receptor M1	
6ZG4_1	6ZG4	T4L	P11229	True	X-RAY DIFFRACTION	2.33	INTERNAL_INSERTION	A	455	160	277	0.9798	0.0	0.0	Muscarinic acetylcholine receptor M1,Endolysin,Muscarinic acetylcholine receptor M1	
6ZFZ_1	6ZFZ	T4L	P11229	True	X-RAY DIFFRACTION	2.17	INTERNAL_INSERTION	A	455	160	277	0.9798	0.0	0.0	Muscarinic acetylcholine receptor M1,Endolysin,Muscarinic acetylcholine receptor M1	
6XYR_1	6XYR	T4L	P0DP23	True	X-RAY DIFFRACTION	2.079	TERMINAL_N	A	361	163	145	0.8851	0.0	0.0203	T4Lnano,Endolysin,Calmodulin,Endolysin,Calmodulin-1	
6WSK_1	6WSK	T4L	Q5M7A7	True	X-RAY DIFFRACTION	1.55	TERMINAL_N	A	346	134	149	0.9861	0.1677	0.0915	Endolysin,CB1 cannabinoid receptor-interacting protein 1 fusion	
6U0F_1	6U0F	T4L		False	X-RAY DIFFRACTION	2.053		A	164	164	0	1.0	0.0	1.0	Endolysin	E1_not_chimeric_single_uniprot;E8_target_modelled=0<80;E9_target_disorder=1.00>0.2
6U0C_1	6U0C	T4L		False	X-RAY DIFFRACTION	2.0		A	164	164	0	1.0	0.0	1.0	Endolysin	E1_not_chimeric_single_uniprot;E8_target_modelled=0<80;E9_target_disorder=1.00>0.2
6U0B_1	6U0B	T4L		False	X-RAY DIFFRACTION	1.951		A	164	164	0	1.0	0.0	1.0	Endolysin	E1_not_chimeric_single_uniprot;E8_target_modelled=0<80;E9_target_disorder=1.00>0.2
6QAJ_1	6QAJ	T4L	Q13263	False	X-RAY DIFFRACTION	2.901	TERMINAL_N	A	544	160	272	0.9841	0.0	0.2402	Endolysin,Transcription intermediary factor 1-beta	E9_target_disorder=0.24>0.2
6MXT_1	6MXT	T4L	P07550	True	X-RAY DIFFRACTION	2.95934213525	TERMINAL_N	A	472	160	286	0.9933	0.0	0.0744	Endolysin, Beta-2 adrenergic receptor chimera	
6M9T_1	6M9T	T4L	P43115	True	X-RAY DIFFRACTION	2.5	INTERNAL_INSERTION	A	537	160	273	0.9752	0.0	0.1947	Prostaglandin E2 receptor EP3 subtype, Endolysin chimera	
6LZM_1	6LZM	T4L		False	X-RAY DIFFRACTION	1.8		A	164	162	0	1.0	0.0122	1.0	T4 LYSOZYME	E1_not_chimeric_single_uniprot;E8_target_modelled=0<80;E9_target_disorder=1.00>0.2
6KPC_1	6KPC	T4L	P34972	True	X-RAY DIFFRACTION	3.2	INTERNAL_INSERTION	A	500	160	283	0.9955	0.0	0.0341	Cannabinoid receptor 2,Endolysin	
6K69_2	6K69	T4L		False	X-RAY DIFFRACTION	2.401		B	206	164	0	0.9425	0.0	1.0	Engineered T4 lysozyme	E1_not_chimeric_single_uniprot;E8_target_modelled=0<80;E9_target_disorder=1.00>0.2
6K1Q_1	6K1Q	T4L	P24530	True	X-RAY DIFFRACTION	2.7	INTERNAL_INSERTION	A	464	99	300	0.9732	0.0198	0.1045	Endothelin B receptor,Endolysin,Endothelin B receptor	
6J21_1	6J21	T4L	P25103	True	X-RAY DIFFRACTION	3.2	INTERNAL_INSERTION	A	441	101	289	0.9799	0.0	0.1135	Substance-P receptor,Endolysin	
7L3A_1	7L3A	T4L		False	X-RAY DIFFRACTION	1.11		A	164	162	0	1.0	0.0122	1.0	Endolysin	E1_not_chimeric_single_uniprot;E8_target_modelled=0<80;E9_target_disorder=1.00>0.2
7LOB_1	7LOB	T4L		False	X-RAY DIFFRACTION	1.1		A	172	162	0	1.0	0.0122	1.0	Lysozyme	E1_not_chimeric_single_uniprot;E8_target_modelled=0<80;E9_target_disorder=1.00>0.2
7LZM_1	7LZM	T4L		False	X-RAY DIFFRACTION	1.8		A	164	162	0	1.0	0.0122	1.0	T4 LYSOZYME	E1_not_chimeric_single_uniprot;E8_target_modelled=0<80;E9_target_disorder=1.00>0.2
7LX9_1	7LX9	T4L		False	X-RAY DIFFRACTION	1.19		A	172	160	0	1.0	0.0244	1.0	Lysozyme	E1_not_chimeric_single_uniprot;E8_target_modelled=0<80;E9_target_disorder=1.00>0.2
7LX8_1	7LX8	T4L		False	X-RAY DIFFRACTION	1.03		A	172	161	0	1.0	0.0183	1.0	Lysozyme	E1_not_chimeric_single_uniprot;E8_target_modelled=0<80;E9_target_disorder=1.00>0.2
7LX7_1	7LX7	T4L		False	X-RAY DIFFRACTION	1.05		A	172	162	0	1.0	0.0122	1.0	Lysozyme	E1_not_chimeric_single_uniprot;E8_target_modelled=0<80;E9_target_disorder=1.00>0.2
7LX6_1	7LX6	T4L		False	X-RAY DIFFRACTION	1.05		A	172	162	0	1.0	0.0122	1.0	Lysozyme	E1_not_chimeric_single_uniprot;E8_target_modelled=0<80;E9_target_disorder=1.00>0.2
7LOJ_1	7LOJ	T4L		False	X-RAY DIFFRACTION	1.5		A	172	162	0	1.0	0.0122	1.0	Lysozyme	E1_not_chimeric_single_uniprot;E8_target_modelled=0<80;E9_target_disorder=1.00>0.2
7LOF_1	7LOF	T4L		False	X-RAY DIFFRACTION	1.05		A	172	163	0	1.0	0.0061	1.0	Lysozyme	E1_not_chimeric_single_uniprot;E8_target_modelled=0<80;E9_target_disorder=1.00>0.2
7LOE_1	7LOE	T4L		False	X-RAY DIFFRACTION	1.01		A	172	163	0	1.0	0.0061	1.0	Lysozyme	E1_not_chimeric_single_uniprot;E8_target_modelled=0<80;E9_target_disorder=1.00>0.2
7LOD_1	7LOD	T4L		False	X-RAY DIFFRACTION	1.02		A	172	162	0	1.0	0.0122	1.0	Lysozyme	E1_not_chimeric_single_uniprot;E8_target_modelled=0<80;E9_target_disorder=1.00>0.2
7LOC_1	7LOC	T4L		False	X-RAY DIFFRACTION	1.16		A	172	162	0	1.0	0.0122	1.0	Lysozyme	E1_not_chimeric_single_uniprot;E8_target_modelled=0<80;E9_target_disorder=1.00>0.2
7LOA_1	7LOA	T4L		False	X-RAY DIFFRACTION	1.07		A	172	163	0	1.0	0.0061	1.0	Lysozyme	E1_not_chimeric_single_uniprot;E8_target_modelled=0<80;E9_target_disorder=1.00>0.2
7L3K_1	7L3K	T4L		False	X-RAY DIFFRACTION	1.11		A	164	162	0	1.0	0.0122	1.0	Endolysin	E1_not_chimeric_single_uniprot;E8_target_modelled=0<80;E9_target_disorder=1.00>0.2
7L3J_1	7L3J	T4L		False	X-RAY DIFFRACTION	1.49		A	164	162	0	1.0	0.0122	1.0	Endolysin	E1_not_chimeric_single_uniprot;E8_target_modelled=0<80;E9_target_disorder=1.00>0.2
7L3I_1	7L3I	T4L		False	X-RAY DIFFRACTION	1.46		A	164	162	0	1.0	0.0122	1.0	Endolysin	E1_not_chimeric_single_uniprot;E8_target_modelled=0<80;E9_target_disorder=1.00>0.2
7L3H_1	7L3H	T4L		False	X-RAY DIFFRACTION	1.39		A	164	162	0	1.0	0.0122	1.0	Endolysin	E1_not_chimeric_single_uniprot;E8_target_modelled=0<80;E9_target_disorder=1.00>0.2
7L3G_1	7L3G	T4L		False	X-RAY DIFFRACTION	1.27		A	164	164	0	1.0	0.0	1.0	Endolysin	E1_not_chimeric_single_uniprot;E8_target_modelled=0<80;E9_target_disorder=1.00>0.2
7L3F_1	7L3F	T4L		False	X-RAY DIFFRACTION	1.49		A	164	162	0	1.0	0.0122	1.0	Endolysin	E1_not_chimeric_single_uniprot;E8_target_modelled=0<80;E9_target_disorder=1.00>0.2
7L3E_1	7L3E	T4L		False	X-RAY DIFFRACTION	1.13		A	164	162	0	1.0	0.0122	1.0	Endolysin	E1_not_chimeric_single_uniprot;E8_target_modelled=0<80;E9_target_disorder=1.00>0.2
7L3D_1	7L3D	T4L		False	X-RAY DIFFRACTION	1.35		A	164	162	0	1.0	0.0122	1.0	Endolysin	E1_not_chimeric_single_uniprot;E8_target_modelled=0<80;E9_target_disorder=1.00>0.2
7L3C_1	7L3C	T4L		False	X-RAY DIFFRACTION	1.31		A	164	162	0	1.0	0.0122	1.0	Endolysin	E1_not_chimeric_single_uniprot;E8_target_modelled=0<80;E9_target_disorder=1.00>0.2
7L3B_1	7L3B	T4L		False	X-RAY DIFFRACTION	1.27		A	164	162	0	1.0	0.0122	1.0	Endolysin	E1_not_chimeric_single_uniprot;E8_target_modelled=0<80;E9_target_disorder=1.00>0.2
7L39_1	7L39	T4L		False	X-RAY DIFFRACTION	1.35		A	164	162	0	1.0	0.0122	1.0	Endolysin	E1_not_chimeric_single_uniprot;E8_target_modelled=0<80;E9_target_disorder=1.00>0.2
7L38_1	7L38	T4L		False	X-RAY DIFFRACTION	1.33		A	164	162	0	1.0	0.0122	1.0	Endolysin	E1_not_chimeric_single_uniprot;E8_target_modelled=0<80;E9_target_disorder=1.00>0.2
8DCR_5	8DCR	T4L	P07700	False	ELECTRON MICROSCOPY	2.6	TERMINAL_N	R	508	0	275	1.0	1.0	0.0833	Endolysin,Endolysin,Beta-1 adrenergic receptor chimera	E7_fusion_modelled=0<50;E9_fusion_disorder=1.00>0.2
8DCS_5	8DCS	T4L	P07700	False	ELECTRON MICROSCOPY	2.5	TERMINAL_N	R	508	0	275	1.0	1.0	0.0833	Endolysin,Endolysin,Beta-1 adrenergic receptor chimera	E7_fusion_modelled=0<50;E9_fusion_disorder=1.00>0.2
9HHM_1	9HHM	T4L	Q8TCG2	True	X-RAY DIFFRACTION	2.25	INTERNAL_INSERTION	A	517	163	283	1.0	0.0	0.1937	Phosphatidylinositol 4-kinase type 2-beta,Endolysin	
9HC3_1	9HC3	T4L	P41594	True	X-RAY DIFFRACTION	2.9	INTERNAL_INSERTION	A	444	161	252	0.9952	0.0	0.0562	Metabotropic glutamate receptor 5,Endolysin	
9HC0_1	9HC0	T4L	P41594	True	X-RAY DIFFRACTION	2.33	INTERNAL_INSERTION	A	444	161	252	0.9976	0.0	0.0562	Metabotropic glutamate receptor 5,Endolysin	
9CBM_4	9CBM	T4L	P08913	False	ELECTRON MICROSCOPY	3.2	TERMINAL_N	R	484	0	257	1.0	1.0	0.1107	Endolysin,Alpha-2A adrenergic receptor	E7_fusion_modelled=0<50;E9_fusion_disorder=1.00>0.2
9CBL_4	9CBL	T4L	P08913	False	ELECTRON MICROSCOPY	2.8	TERMINAL_N	R	484	0	256	1.0	1.0	0.1142	Endolysin,Alpha-2A adrenergic receptor	E7_fusion_modelled=0<50;E9_fusion_disorder=1.00>0.2
9A08_1	9A08	T4L		False				A	164	164	0	1.0	0.0	1.0	T4L	E1_not_chimeric_single_uniprot;E2_method=None;E3_no_resolution;E8_target_modelled=0<80;E9_target_disorder=1.00>0.2
8YIC_4	8YIC	T4L	P21453	False	ELECTRON MICROSCOPY	3.47	TERMINAL_N	R	515	0	299	1.0	1.0	0.1128	Endolysin,Sphingosine 1-phosphate receptor 1	E7_fusion_modelled=0<50;E9_fusion_disorder=1.00>0.2
8W1V_1	8W1V	T4L	P07550	False	X-RAY DIFFRACTION	3.0	TERMINAL_C	A	549	159	282	1.0	0.0063	0.2274	Beta-2 adrenergic receptor,Endolysin	E9_target_disorder=0.23>0.2
8UGW_1	8UGW	T4L	P29274	False	X-RAY DIFFRACTION	3.9	TERMINAL_N	A	472	97	276	0.9688	0.0762	0.1402	Endolysin,Adenosine receptor A2a	E3_resolution=3.90>3.5
8THL_5	8THL	T4L	P35348	False	ELECTRON MICROSCOPY	3.1	TERMINAL_N	R	503	0	244	1.0	1.0	0.2078	Endolysin,Alpha-1A adrenergic receptor	E7_fusion_modelled=0<50;E9_fusion_disorder=1.00>0.2;E9_target_disorder=0.21>0.2
8THK_5	8THK	T4L	P35348	False	ELECTRON MICROSCOPY	2.6	TERMINAL_N	R	503	0	244	1.0	1.0	0.2078	Endolysin,Alpha-1A adrenergic receptor	E7_fusion_modelled=0<50;E9_fusion_disorder=1.00>0.2;E9_target_disorder=0.21>0.2
8EIT_5	8EIT	T4L	O14842	False	ELECTRON MICROSCOPY	2.8	TERMINAL_N	R	501	0	268	1.0	1.0	0.1037	Free fatty acid receptor 1	E7_fusion_modelled=0<50;E9_fusion_disorder=1.00>0.2
8A5X_1	8A5X	T4L	Q8TCG2	True	X-RAY DIFFRACTION	2.4	INTERNAL_INSERTION	A	514	163	303	1.0	0.0	0.1368	Phosphatidylinositol 4-kinase type 2-beta,Endolysin	
7Z36_1	7Z36	T4L	Q13263	True	X-RAY DIFFRACTION	2.8	TERMINAL_N	A	482	160	265	0.9815	0.0	0.1047	Endolysin,Transcription intermediary factor 1-beta,Isoform 2 of Transcription intermediary factor 1-beta	
7XKA_1	7XKA	T4L	P07550	True	X-RAY DIFFRACTION	3.1	TERMINAL_N	A	469	160	283	0.9758	0.0	0.0308	Endolysin,Beta-2 adrenergic receptor	
7XK9_1	7XK9	T4L	P07550	True	X-RAY DIFFRACTION	3.4	TERMINAL_N	A	469	160	283	0.9758	0.0	0.0308	Endolysin,Beta-2 adrenergic receptor	
7XB5_1	7XB5	T4L	Q12151	False	X-RAY DIFFRACTION	3.44	INTERNAL_INSERTION	A	465	104	250	0.9888	0.35	0.1071	fusion protein of Sterol uptake control protein 2 and Endolysin	E9_fusion_disorder=0.35>0.2
7SJ6_1	7SJ6	T4L		False	X-RAY DIFFRACTION	1.72		A	187	164	0	0.9425	0.0	1.0	Lysozyme	E1_not_chimeric_single_uniprot;E8_target_modelled=0<80;E9_target_disorder=1.00>0.2
7RX9_1	7RX9	T4L	Q8TCU6	False	X-RAY DIFFRACTION	3.22	INTERNAL_INSERTION	A	606	0	432	1.0	1.0	0.0292	Phosphatidylinositol 3,4,5-trisphosphate-dependent Rac exchanger 1 protein, Endolysin chimera	E7_fusion_modelled=0<50;E9_fusion_disorder=1.00>0.2
7P2L_1	7P2L	T4L	P41594	True	X-RAY DIFFRACTION	2.54	INTERNAL_INSERTION	A	464	161	252	0.9976	0.0	0.0562	Metabotropic glutamate receptor 5,Endolysin,Metabotropic glutamate receptor 5	
7MI8_1	7MI8	T4L	P36022	False	ELECTRON MICROSCOPY	3.7	INTERNAL_INSERTION	A	2661	0	868	1.0	1.0	0.6497	Fusion protein of Dynein and Endolysin	E3_resolution=3.70>3.5;E7_fusion_modelled=0<50;E9_fusion_disorder=1.00>0.2;E9_target_disorder=0.65>0.2
7MI6_1	7MI6	T4L	P36022	False	ELECTRON MICROSCOPY	3.9	INTERNAL_INSERTION	A	2661	0	2419	1.0	1.0	0.0238	Fusion protein of Dynein and Endolysin	E3_resolution=3.90>3.5;E7_fusion_modelled=0<50;E9_fusion_disorder=1.00>0.2
7MI3_1	7MI3	T4L	P36022	False	ELECTRON MICROSCOPY	3.5	INTERNAL_INSERTION	A	2661	0	1192	1.0	1.0	0.519	Fusion protein of Dynein and Endolysin	E7_fusion_modelled=0<50;E9_fusion_disorder=1.00>0.2;E9_target_disorder=0.52>0.2
9W3F_1	9W3F	T4L	P07550	False	ELECTRON MICROSCOPY	3.04	INTERNAL_INSERTION	A	517	0	275	1.0	1.0	0.1717	Beta-2 adrenergic receptor,Endolysin	E7_fusion_modelled=0<50;E9_fusion_disorder=1.00>0.2
9RKI_1	9RKI	T4L	P07550	True	X-RAY DIFFRACTION	2.6	INTERNAL_INSERTION	A	442	161	281	1.0	0.0	0.0	Beta-2 adrenergic receptor,Endolysin	
9RKH_1	9RKH	T4L	P07550	True	X-RAY DIFFRACTION	2.5	INTERNAL_INSERTION	A	442	161	281	1.0	0.0	0.0	Beta-2 adrenergic receptor,Endolysin	
9RKG_1	9RKG	T4L	P07550	True	X-RAY DIFFRACTION	2.45	INTERNAL_INSERTION	A	443	161	281	0.9977	0.0	0.0	Beta-2 adrenergic receptor,Endolysin	
9RKF_1	9RKF	T4L	P07550	True	X-RAY DIFFRACTION	2.45	INTERNAL_INSERTION	A	443	161	282	1.0	0.0	0.0	Beta-2 adrenergic receptor,Endolysin	
9Q1F_1	9Q1F	T4L		False	X-RAY DIFFRACTION	2.65		A	379	161	0	0.4328	0.0	1.0	Endolysin,Stimulator of interferon genes	E1_not_chimeric_single_uniprot;E6_align_coverage=0.43<0.8;E8_target_modelled=0<80;E9_target_disorder=1.00>0.2
1MPC_1	1MPC	MBP		False	X-RAY DIFFRACTION	2.1		A	370	370	0	1.0	0.0	1.0	MALTODEXTRIN-BINDING PROTEIN	E1_not_chimeric_single_uniprot;E8_target_modelled=0<80;E9_target_disorder=1.00>0.2
1MPB_1	1MPB	MBP		False	X-RAY DIFFRACTION	2.0		A	370	370	0	1.0	0.0	1.0	MALTODEXTRIN-BINDING PROTEIN	E1_not_chimeric_single_uniprot;E8_target_modelled=0<80;E9_target_disorder=1.00>0.2
1MH4_1	1MH4	MBP	P0CY11	False	X-RAY DIFFRACTION	2.3	TERMINAL_N	A	421	366	52	1.0	0.0	0.0545	maltose binding-a1 homeodomain protein chimera	E8_target_modelled=52<80
1MH3_1	1MH3	MBP	P0CY11	False	X-RAY DIFFRACTION	2.1	TERMINAL_N	A	421	366	55	1.0	0.0	0.0	maltose binding-a1 homeodomain protein chimera	E8_target_modelled=55<80
1MG1_1	1MG1	MBP		False	X-RAY DIFFRACTION	2.5		A	450	362	0	0.8044	0.0	1.0	PROTEIN (HTLV-1 GP21 ECTODOMAIN/MALTOSE-BINDING PROTEIN CHIMERA)	E1_not_chimeric_single_uniprot;E8_target_modelled=0<80;E9_target_disorder=1.00>0.2
1MDQ_1	1MDQ	MBP		False	X-RAY DIFFRACTION	1.9		A	371	370	0	0.9973	0.0	1.0	MALTODEXTRIN BINDING PROTEIN	E1_not_chimeric_single_uniprot;E8_target_modelled=0<80;E9_target_disorder=1.00>0.2
1MDP_1	1MDP	MBP		False	X-RAY DIFFRACTION	2.3		1	363	363	0	1.0	0.0	1.0	MALTODEXTRIN BINDING PROTEIN	E1_not_chimeric_single_uniprot;E8_target_modelled=0<80;E9_target_disorder=1.00>0.2
1LLS_1	1LLS	MBP		False	X-RAY DIFFRACTION	1.8		A	370	370	0	1.0	0.0	1.0	Maltose-binding periplasmic protein	E1_not_chimeric_single_uniprot;E8_target_modelled=0<80;E9_target_disorder=1.00>0.2
1LAX_1	1LAX	MBP		False	X-RAY DIFFRACTION	1.85		A	370	369	0	1.0	0.0027	1.0	MALTOSE-BINDING PROTEIN MUTANT MALE31	E1_not_chimeric_single_uniprot;E8_target_modelled=0<80;E9_target_disorder=1.00>0.2
1JW5_1	1JW5	MBP		False	X-RAY DIFFRACTION	2.0		A	370	370	0	1.0	0.0	1.0	maltodextrin-binding protein	E1_not_chimeric_single_uniprot;E8_target_modelled=0<80;E9_target_disorder=1.00>0.2
1JW4_1	1JW4	MBP		False	X-RAY DIFFRACTION	2.0		A	370	370	0	1.0	0.0	1.0	maltodextrin-binding protein	E1_not_chimeric_single_uniprot;E8_target_modelled=0<80;E9_target_disorder=1.00>0.2
1JVY_1	1JVY	MBP		False	X-RAY DIFFRACTION	1.9		A	372	370	0	0.9973	0.0	1.0	maltodextrin-binding protein	E1_not_chimeric_single_uniprot;E8_target_modelled=0<80;E9_target_disorder=1.00>0.2
1JVX_1	1JVX	MBP		False	X-RAY DIFFRACTION	2.5		A	372	370	0	0.9973	0.0	1.0	maltodextrin-binding protein	E1_not_chimeric_single_uniprot;E8_target_modelled=0<80;E9_target_disorder=1.00>0.2
1IUD_1	1IUD	MBP		False	X-RAY DIFFRACTION	2.7		A	380	363	0	0.9864	0.0189	1.0	MALTODEXTRIN-BINDING PROTEIN MALE-B133	E1_not_chimeric_single_uniprot;E8_target_modelled=0<80;E9_target_disorder=1.00>0.2
1HSJ_1	1HSJ	MBP	Q9F0R1	True	X-RAY DIFFRACTION	2.3	TERMINAL_N	A	487	361	115	0.9774	0.0	0.0	FUSION PROTEIN CONSISTING OF STAPHYLOCOCCUS ACCESSORY REGULATOR PROTEIN R AND MALTOSE BINDING PROTEIN	
1FQD_1	1FQD	MBP		False	X-RAY DIFFRACTION	2.3		A	370	369	0	0.9973	0.0	1.0	MALTODEXTRIN-BINDING PROTEIN	E1_not_chimeric_single_uniprot;E8_target_modelled=0<80;E9_target_disorder=1.00>0.2
1FQC_1	1FQC	MBP		False	X-RAY DIFFRACTION	2.3		A	370	369	0	0.9973	0.0	1.0	MALTODEXTRIN-BINDING PROTEIN	E1_not_chimeric_single_uniprot;E8_target_modelled=0<80;E9_target_disorder=1.00>0.2
1FQB_1	1FQB	MBP		False	X-RAY DIFFRACTION	1.9		A	370	369	0	0.9973	0.0	1.0	MALTODEXTRIN-BINDING PROTEIN	E1_not_chimeric_single_uniprot;E8_target_modelled=0<80;E9_target_disorder=1.00>0.2
1FQA_1	1FQA	MBP		False	X-RAY DIFFRACTION	1.9		A	370	369	0	0.9973	0.0	1.0	MALTODEXTRIN-BINDING PROTEIN	E1_not_chimeric_single_uniprot;E8_target_modelled=0<80;E9_target_disorder=1.00>0.2
1EZP_1	1EZP	MBP		False	SOLUTION NMR			A	370	370	0	1.0	0.0	1.0	MALTODEXTRIN BINDING PERIPLASMIC PROTEIN	E1_not_chimeric_single_uniprot;E2_method=SOLUTION NMR;E3_no_resolution;E8_target_modelled=0<80;E9_target_disorder=1.00>0.2
1EZO_1	1EZO	MBP		False	SOLUTION NMR			A	370	370	0	1.0	0.0	1.0	MALTOSE-BINDING PERIPLASMIC PROTEIN	E1_not_chimeric_single_uniprot;E2_method=SOLUTION NMR;E3_no_resolution;E8_target_modelled=0<80;E9_target_disorder=1.00>0.2
1EZ9_1	1EZ9	MBP		False	X-RAY DIFFRACTION	1.9		A	370	370	0	1.0	0.0	1.0	MALTOSE-BINDING PERIPLASMIC PROTEIN	E1_not_chimeric_single_uniprot;E8_target_modelled=0<80;E9_target_disorder=1.00>0.2
1DMB_1	1DMB	MBP		False	X-RAY DIFFRACTION	1.8		A	370	370	0	1.0	0.0	1.0	D-MALTODEXTRIN BINDING PROTEIN	E1_not_chimeric_single_uniprot;E8_target_modelled=0<80;E9_target_disorder=1.00>0.2
1ANF_1	1ANF	MBP		False	X-RAY DIFFRACTION	1.67		A	370	370	0	1.0	0.0	1.0	MALTODEXTRIN-BINDING PROTEIN	E1_not_chimeric_single_uniprot;E8_target_modelled=0<80;E9_target_disorder=1.00>0.2
1A7L_1	1A7L	MBP		False	X-RAY DIFFRACTION	2.9		A	389	360	0	0.9474	0.0083	1.0	MALE-B363	E1_not_chimeric_single_uniprot;E8_target_modelled=0<80;E9_target_disorder=1.00>0.2
1T0K_3	1T0K	MBP		False	X-RAY DIFFRACTION	3.24		A	381	362	0	0.9918	0.0109	1.0	Maltose-binding periplasmic protein	E1_not_chimeric_single_uniprot;E8_target_modelled=0<80;E9_target_disorder=1.00>0.2
2H25_1	2H25	MBP		False	SOLUTION NMR			A	370	370	0	1.0	0.0	1.0	Maltose-binding periplasmic protein	E1_not_chimeric_single_uniprot;E2_method=SOLUTION NMR;E3_no_resolution;E8_target_modelled=0<80;E9_target_disorder=1.00>0.2
2N44_1	2N44	MBP		False	SOLUTION NMR			A	370	370	0	1.0	0.0	1.0	Maltose-binding periplasmic protein	E1_not_chimeric_single_uniprot;E2_method=SOLUTION NMR;E3_no_resolution;E8_target_modelled=0<80;E9_target_disorder=1.00>0.2
2MV0_1	2MV0	MBP		False	SOLUTION NMR			A	370	370	0	1.0	0.0	1.0	Maltose-binding periplasmic protein	E1_not_chimeric_single_uniprot;E2_method=SOLUTION NMR;E3_no_resolution;E8_target_modelled=0<80;E9_target_disorder=1.00>0.2
2KLF_1	2KLF	MBP		False	SOLUTION NMR			A	370	370	0	1.0	0.0	1.0	Maltose-binding periplasmic protein	E1_not_chimeric_single_uniprot;E2_method=SOLUTION NMR;E3_no_resolution;E8_target_modelled=0<80;E9_target_disorder=1.00>0.2
2D21_1	2D21	MBP		False	SOLUTION NMR			A	370	370	0	1.0	0.0	1.0	Maltose-binding periplasmic protein	E1_not_chimeric_single_uniprot;E2_method=SOLUTION NMR;E3_no_resolution;E8_target_modelled=0<80;E9_target_disorder=1.00>0.2
28XA_1	28XA	MBP	Q96PV6	False	ELECTRON MICROSCOPY	4.86	TERMINAL_N	A	688	0	220	1.0	1.0	0.2903	Maltose/maltodextrin-binding periplasmic protein,Leukocyte receptor cluster member 8	E3_resolution=4.86>3.5;E7_fusion_modelled=0<50;E9_fusion_disorder=1.00>0.2;E9_target_disorder=0.29>0.2
28WZ_1	28WZ	MBP	Q96PV6	False	ELECTRON MICROSCOPY	3.5	TERMINAL_N	A	687	0	223	1.0	1.0	0.2806	Maltose/maltodextrin-binding periplasmic protein,Leukocyte receptor cluster member 8	E7_fusion_modelled=0<50;E9_fusion_disorder=1.00>0.2;E9_target_disorder=0.28>0.2
28WY_1	28WY	MBP	A6NKF1	False	ELECTRON MICROSCOPY	3.6	TERMINAL_N	A	736	0	301	1.0	1.0	0.1592	Maltose/maltodextrin-binding periplasmic protein,SAC3 domain-containing protein 1	E3_resolution=3.60>3.5;E7_fusion_modelled=0<50;E9_fusion_disorder=1.00>0.2
21DH_1	21DH	MBP		False	X-RAY DIFFRACTION	2.57		A	487	362	0	0.7802	0.0	1.0	Maltose/maltodextrin-binding periplasmic protein,Monobody P'	E1_not_chimeric_single_uniprot;E6_align_coverage=0.78<0.8;E8_target_modelled=0<80;E9_target_disorder=1.00>0.2
1ZMG_1	1ZMG	MBP		False	X-RAY DIFFRACTION	2.5		A	370	370	0	1.0	0.0	1.0	Maltose-binding periplasmic protein	E1_not_chimeric_single_uniprot;E8_target_modelled=0<80;E9_target_disorder=1.00>0.2
1ZKB_1	1ZKB	MBP		False	X-RAY DIFFRACTION	2.2		A	370	370	0	1.0	0.0	1.0	Maltose-binding periplasmic protein	E1_not_chimeric_single_uniprot;E8_target_modelled=0<80;E9_target_disorder=1.00>0.2
1ZJL_1	1ZJL	MBP		False	X-RAY DIFFRACTION	2.0		A	370	370	0	1.0	0.0	1.0	Maltose-binding periplasmic protein	E1_not_chimeric_single_uniprot;E8_target_modelled=0<80;E9_target_disorder=1.00>0.2
1ZIU_1	1ZIU	MBP		False	X-RAY DIFFRACTION	2.0		A	370	370	0	1.0	0.0	1.0	Maltose-binding periplasmic protein	E1_not_chimeric_single_uniprot;E8_target_modelled=0<80;E9_target_disorder=1.00>0.2
1YTV_1	1YTV	MBP		False	X-RAY DIFFRACTION	1.8		A	366	366	0	1.0	0.0	1.0	Maltose-binding periplasmic protein	E1_not_chimeric_single_uniprot;E8_target_modelled=0<80;E9_target_disorder=1.00>0.2
1Y4C_1	1Y4C	MBP		False	X-RAY DIFFRACTION	1.9		A	494	363	0	0.7562	0.0082	1.0	Maltose binding protein fused with designed helical protein	E1_not_chimeric_single_uniprot;E6_align_coverage=0.76<0.8;E8_target_modelled=0<80;E9_target_disorder=1.00>0.2
1SVX_2	1SVX	MBP		False	X-RAY DIFFRACTION	2.24		B	395	362	0	0.981	0.0055	1.0	Maltose-binding periplasmic protein	E1_not_chimeric_single_uniprot;E8_target_modelled=0<80;E9_target_disorder=1.00>0.2
1R6Z_1	1R6Z	MBP	Q9VUQ5	True	X-RAY DIFFRACTION	2.8	TERMINAL_N	A	509	365	126	0.9879	0.0027	0.0735	Chimera of Maltose-binding periplasmic protein and Argonaute 2	
1PEB_1	1PEB	MBP		False	X-RAY DIFFRACTION	2.6		A	366	366	0	1.0	0.0	1.0	Maltose-binding periplasmic protein	E1_not_chimeric_single_uniprot;E8_target_modelled=0<80;E9_target_disorder=1.00>0.2
1OMP_1	1OMP	MBP		False	X-RAY DIFFRACTION	1.8		A	370	370	0	1.0	0.0	1.0	D-MALTODEXTRIN BINDING PROTEIN	E1_not_chimeric_single_uniprot;E8_target_modelled=0<80;E9_target_disorder=1.00>0.2
1NMU_1	1NMU	MBP		False	X-RAY DIFFRACTION	2.31		A	382	364	0	0.9891	0.0055	1.0	maltose-binding periplasmic protein	E1_not_chimeric_single_uniprot;E8_target_modelled=0<80;E9_target_disorder=1.00>0.2
1NL5_1	1NL5	MBP		False	X-RAY DIFFRACTION	2.1		A	366	366	0	1.0	0.0	1.0	Maltose-binding periplasmic protein	E1_not_chimeric_single_uniprot;E8_target_modelled=0<80;E9_target_disorder=1.00>0.2
1N3X_1	1N3X	MBP		False	X-RAY DIFFRACTION	2.5		A	366	366	0	1.0	0.0	1.0	Maltose-binding periplasmic protein	E1_not_chimeric_single_uniprot;E8_target_modelled=0<80;E9_target_disorder=1.00>0.2
1N3W_1	1N3W	MBP		False	X-RAY DIFFRACTION	2.6		A	366	366	0	1.0	0.0	1.0	Maltose-binding periplasmic protein	E1_not_chimeric_single_uniprot;E8_target_modelled=0<80;E9_target_disorder=1.00>0.2
1MPD_1	1MPD	MBP		False	X-RAY DIFFRACTION	2.3		A	370	370	0	1.0	0.0	1.0	MALTODEXTRIN-BINDING PROTEIN	E1_not_chimeric_single_uniprot;E8_target_modelled=0<80;E9_target_disorder=1.00>0.2
3H4Z_1	3H4Z	MBP	P49273	True	X-RAY DIFFRACTION	2.35	COMPLEX	A	568	363	205	1.0	0.0	0.0	Maltose-binding periplasmic protein fused with Allergen DERP7	
3H3G_1	3H3G	MBP	Q03431	False	X-RAY DIFFRACTION	1.94	TERMINAL_N	A	539	367	100	0.9915	0.0	0.3711	Fusion protein of Maltose-binding periplasmic domain and human parathyroid hormone receptor extracellular domain	E9_target_disorder=0.37>0.2
3G7W_1	3G7W	MBP	P10997	False	X-RAY DIFFRACTION	1.75	TERMINAL_N	A	393	366	22	0.9873	0.0	0.0	Maltose-binding periplasmic protein, Islet amyloid polypeptide fusion protein	E8_target_modelled=22<80
3G7V_1	3G7V	MBP	P10997	False	X-RAY DIFFRACTION	1.86	TERMINAL_N	A	408	366	29	0.99	0.0	0.2162	Maltose-binding periplasmic protein, Islet amyloid polypeptide fusion protein	E8_target_modelled=29<80;E9_target_disorder=0.22>0.2
3F5F_1	3F5F	MBP	Q76KB1	True	X-RAY DIFFRACTION	2.65	TERMINAL_N	A	658	361	286	0.9863	0.0	0.0069	Maltose-binding periplasmic protein, Heparan sulfate 2-O-sulfotransferase 1	
3EHU_1	3EHU	MBP	P34998	False	X-RAY DIFFRACTION	1.96	TERMINAL_N	A	476	357	78	0.9864	0.0272	0.1875	FUSION PROTEIN OF CRFR1 EXTRACELLULAR DOMAIN AND MBP	E8_target_modelled=78<80
3EHT_1	3EHT	MBP	P34998	True	X-RAY DIFFRACTION	3.4	TERMINAL_N	A	476	366	80	0.9867	0.0027	0.1667	FUSION PROTEIN OF CRFR1 EXTRACELLULAR DOMAIN AND MBP	
3EHS_1	3EHS	MBP	P34998	True	X-RAY DIFFRACTION	2.76	TERMINAL_N	A	476	366	85	0.9869	0.0027	0.1146	fusion protein of CRFR1 extracellular domain and MBP	
3EF7_1	3EF7	MBP	P10761	True	X-RAY DIFFRACTION	3.1	TERMINAL_N	A	481	367	92	0.9829	0.0	0.1238	Maltose-binding periplasmic protein, LINKER, Zona pellucida protein 3	
3DM0_1	3DM0	MBP	O24456	True	X-RAY DIFFRACTION	2.4	TERMINAL_N	A	694	366	307	0.997	0.0	0.0583	Maltose-binding periplasmic protein fused with RACK1	
3D4G_1	3D4G	MBP	P10761	True	X-RAY DIFFRACTION	2.3	TERMINAL_N	A	481	366	105	1.0	0.0027	0.0	Maltose-binding periplasmic protein, LINKER, Zona pellucida protein 3	
3D4C_1	3D4C	MBP	P10761	True	X-RAY DIFFRACTION	2.9	TERMINAL_N	A	481	364	105	0.9979	0.0082	0.0	Maltose-binding periplasmic protein, LINKER, Zona pellucida protein 3	
3CSG_1	3CSG	MBP		False	X-RAY DIFFRACTION	1.798		A	461	365	0	0.7969	0.0027	1.0	Maltose-binding protein Monobody YS1 Fusion	E1_not_chimeric_single_uniprot;E6_align_coverage=0.80<0.8;E8_target_modelled=0<80;E9_target_disorder=1.00>0.2
3CSB_1	3CSB	MBP		False	X-RAY DIFFRACTION	1.999		A	465	366	0	0.7888	0.0	1.0	Maltose-binding protein Monobody YSX1 Fusion	E1_not_chimeric_single_uniprot;E6_align_coverage=0.79<0.8;E8_target_modelled=0<80;E9_target_disorder=1.00>0.2
3C4M_1	3C4M	MBP	Q03431	False	X-RAY DIFFRACTION	1.95	TERMINAL_N	A	539	367	96	0.9872	0.0	0.3962	Fusion protein of Maltose-binding periplasmic protein and Parathyroid hormone/parathyroid hormone-related peptide receptor	E9_target_disorder=0.40>0.2
3A3C_1	3A3C	MBP	P36046	True	X-RAY DIFFRACTION	2.5	TERMINAL_N	A	451	364	87	1.0	0.0	0.0	Maltose-binding periplasmic protein, LINKER, Mitochondrial intermembrane space import and assembly protein 40	
30GB_9	30GB	MBP		False	ELECTRON MICROSCOPY	2.9		R	1258	0	0	0.0	1.0	1.0	Maltose/maltodextrin-binding periplasmic protein,TnsA endonuclease N-terminal domain-containing protein,TnsB transposase	E1_not_chimeric_single_uniprot;E6_align_coverage=0.00<0.8;E7_fusion_modelled=0<50;E8_target_modelled=0<80;E9_fusion_disorder=1.00>0.2;E9_target_disorder=1.00>0.2
30GA_10	30GA	MBP		False	ELECTRON MICROSCOPY	3.2		R	1258	0	0	0.0	1.0	1.0	Maltose/maltodextrin-binding periplasmic protein,TnsA endonuclease N-terminal domain-containing protein,TnsB transposase	E1_not_chimeric_single_uniprot;E6_align_coverage=0.00<0.8;E7_fusion_modelled=0<50;E8_target_modelled=0<80;E9_fusion_disorder=1.00>0.2;E9_target_disorder=1.00>0.2
2ZXT_1	2ZXT	MBP	P36046	True	X-RAY DIFFRACTION	3.0	TERMINAL_N	A	465	364	87	1.0	0.0055	0.1212	Maltose-binding periplasmic protein, LINKER, Mitochondrial intermembrane space import and assembly protein 40	
2VGQ_1	2VGQ	MBP	Q7Z434	True	X-RAY DIFFRACTION	2.1	TERMINAL_N	A	477	361	91	0.9805	0.0028	0.0	Sugar ABC transporter substrate-binding protein,Mitochondrial antiviral-signaling protein	
2V93_1	2V93	MBP		False	SOLUTION NMR			A	370	366	0	1.0	0.0108	1.0	MALTOSE-BINDING PERIPLASMIC PROTEIN	E1_not_chimeric_single_uniprot;E2_method=SOLUTION NMR;E3_no_resolution;E8_target_modelled=0<80;E9_target_disorder=1.00>0.2
2R6G_2	2R6G	MBP		False	X-RAY DIFFRACTION	2.8		E	370	370	0	1.0	0.0	1.0	Maltose-binding periplasmic protein	E1_not_chimeric_single_uniprot;E8_target_modelled=0<80;E9_target_disorder=1.00>0.2
2OBG_1	2OBG	MBP		False	X-RAY DIFFRACTION	2.35		A	461	364	0	0.7965	0.0055	1.0	Maltose Binding periplasmic Protein and Monobody MBP-74 Fusion protein	E1_not_chimeric_single_uniprot;E6_align_coverage=0.80<0.8;E8_target_modelled=0<80;E9_target_disorder=1.00>0.2
2NVU_2	2NVU	MBP		False	X-RAY DIFFRACTION	2.8		B	805	354	0	0.4487	0.038	1.0	Maltose binding protein/NEDD8-activating enzyme E1 catalytic subunit chimera	E1_not_chimeric_single_uniprot;E6_align_coverage=0.45<0.8;E8_target_modelled=0<80;E9_target_disorder=1.00>0.2
2N45_1	2N45	MBP		False	SOLUTION NMR			A	370	370	0	1.0	0.0	1.0	Maltose-binding periplasmic protein	E1_not_chimeric_single_uniprot;E2_method=SOLUTION NMR;E3_no_resolution;E8_target_modelled=0<80;E9_target_disorder=1.00>0.2
3OB4_1	3OB4	MBP	A5Z1Q8	True	X-RAY DIFFRACTION	2.706	TERMINAL_N	A	500	366	104	0.9916	0.0	0.2	Maltose ABC transporter periplasmic protein,Arah 2	
3OAI_1	3OAI	MBP	P25189	True	X-RAY DIFFRACTION	2.1	TERMINAL_N	A	507	366	121	0.998	0.0	0.0	Maltose-binding periplasmic protein, Myelin protein P0	
3O3U_1	3O3U	MBP	Q15109	True	X-RAY DIFFRACTION	1.497	TERMINAL_N	N	581	357	209	0.9759	0.0	0.0	Maltose-binding periplasmic protein, Advanced glycosylation end product-specific receptor	
3N96_1	3N96	MBP	Q13324	True	X-RAY DIFFRACTION	2.75	TERMINAL_N	A	482	366	101	0.9873	0.0054	0.0561	Maltose binding protein-CRFR2 alpha	
3N95_1	3N95	MBP	Q13324	True	X-RAY DIFFRACTION	2.72	TERMINAL_N	A	482	366	98	0.9872	0.0054	0.0841	Maltose binding protein-CRFR2 alpha extracellular domain	
3N94_1	3N94	MBP	P41586	True	X-RAY DIFFRACTION	1.8	TERMINAL_N	A	475	365	94	0.985	0.0054	0.0	Fusion protein of Maltose-binding periplasmic protein and pituitary adenylate cyclase 1 Receptor-short	
3N93_1	3N93	MBP	Q13324	True	X-RAY DIFFRACTION	2.5	TERMINAL_N	A	482	366	99	0.9873	0.0054	0.0748	Maltose binding protein-CRFR2 alpha	
3MQ9_1	3MQ9	MBP	Q10589	False	X-RAY DIFFRACTION	2.8	TERMINAL_N	A	471	366	74	0.9692	0.0081	0.0	Bone marrow stromal antigen 2 fused to Maltose-binding periplasmic protein	E8_target_modelled=74<80
3MP8_1	3MP8	MBP	P25554	True	X-RAY DIFFRACTION	1.92	TERMINAL_N	A	522	366	146	0.9981	0.0	0.0581	Maltose-binding periplasmic protein,LINKER,SAGA-associated factor 29	
3MP6_1	3MP6	MBP	P25554	True	X-RAY DIFFRACTION	1.48	TERMINAL_N	A	522	366	141	0.998	0.0	0.0903	Maltose-binding periplasmic protein,LINKER,SAGA-associated factor 29	
3MP1_1	3MP1	MBP	P25554	True	X-RAY DIFFRACTION	2.6	TERMINAL_N	A	522	366	142	0.998	0.0	0.0839	Maltose-binding periplasmic protein,LINKER,SAGA-associated factor 29	
3MBP_1	3MBP	MBP		False	X-RAY DIFFRACTION	1.7		A	370	370	0	1.0	0.0	1.0	MALTODEXTRIN-BINDING PROTEIN	E1_not_chimeric_single_uniprot;E8_target_modelled=0<80;E9_target_disorder=1.00>0.2
3LC8_1	3LC8	MBP	O75787	False	X-RAY DIFFRACTION	2.0	TERMINAL_N	A	384	362	8	0.9946	0.0	0.5556	Maltose-binding periplasmic protein, Renin receptor	E8_target_modelled=8<80;E9_target_disorder=0.56>0.2
3LBS_1	3LBS	MBP	O75787	False	X-RAY DIFFRACTION	2.15	TERMINAL_N	A	384	361	9	0.9946	0.0028	0.5	Maltose-binding periplasmic protein, Renin receptor	E8_target_modelled=9<80;E9_target_disorder=0.50>0.2
3L2J_1	3L2J	MBP	Q03431	False	X-RAY DIFFRACTION	3.24	TERMINAL_N	A	535	364	112	0.9835	0.0	0.2956	Fusion protein of Maltose-binding periplasmic protein and Parathyroid hormone/parathyroid hormone-related peptide receptor	E9_target_disorder=0.30>0.2
3KJT_1	3KJT	MBP		False	X-RAY DIFFRACTION	1.5		A	372	370	0	1.0	0.0	1.0	Maltose-binding periplasmic protein	E1_not_chimeric_single_uniprot;E8_target_modelled=0<80;E9_target_disorder=1.00>0.2
3J9P_1	3J9P	MBP	O75762	False	ELECTRON MICROSCOPY	4.24	TERMINAL_N	A	1528	0	560	1.0	1.0	0.4991	Maltose-binding periplasmic protein, Transient receptor potential cation channel subfamily A member 1 chimera	E3_resolution=4.24>3.5;E7_fusion_modelled=0<50;E9_fusion_disorder=1.00>0.2;E9_target_disorder=0.50>0.2
3IOW_1	3IOW	MBP	P42858	False	X-RAY DIFFRACTION	3.5	TERMINAL_N	A	449	358	44	0.971	0.0	0.2667	Maltose-binding periplasmic protein,Huntingtin	E8_target_modelled=44<80;E9_target_disorder=0.27>0.2
3IOV_1	3IOV	MBP	P42858	False	X-RAY DIFFRACTION	3.7	TERMINAL_N	A	449	358	35	0.9704	0.0	0.4167	Maltose-binding periplasmic protein,Huntingtin	E3_resolution=3.70>3.5;E8_target_modelled=35<80;E9_target_disorder=0.42>0.2
3IOU_1	3IOU	MBP	P42858	False	X-RAY DIFFRACTION	3.7	TERMINAL_N	A	449	358	32	0.9701	0.0	0.4667	Maltose-binding periplasmic protein,Huntingtin	E3_resolution=3.70>3.5;E8_target_modelled=32<80;E9_target_disorder=0.47>0.2
3IOT_1	3IOT	MBP	P42858	False	X-RAY DIFFRACTION	3.5	TERMINAL_N	A	449	358	18	0.9691	0.0	0.7	Maltose-binding periplasmic protein,Huntingtin	E8_target_modelled=18<80;E9_target_disorder=0.70>0.2
3IOR_1	3IOR	MBP	P42858	False	X-RAY DIFFRACTION	3.6	TERMINAL_N	A	449	358	20	0.9692	0.0	0.6667	Maltose-binding protein, huntingtin fusion protein	E3_resolution=3.60>3.5;E8_target_modelled=20<80;E9_target_disorder=0.67>0.2
3IO6_1	3IO6	MBP	P42858	False	X-RAY DIFFRACTION	3.7	TERMINAL_N	A	449	358	30	0.97	0.0	0.5	Maltose-binding periplasmic protein, HUNTINGTIN FUSION PROTEIN	E3_resolution=3.70>3.5;E8_target_modelled=30<80;E9_target_disorder=0.50>0.2
3HST_1	3HST	MBP		False	X-RAY DIFFRACTION	2.25		A	387	361	0	0.989	0.0137	1.0	Maltose-binding periplasmic protein	E1_not_chimeric_single_uniprot;E8_target_modelled=0<80;E9_target_disorder=1.00>0.2
3HPI_1	3HPI	MBP		False	X-RAY DIFFRACTION	2.0		A	372	369	0	1.0	0.0027	1.0	Maltose-binding periplasmic protein	E1_not_chimeric_single_uniprot;E8_target_modelled=0<80;E9_target_disorder=1.00>0.2
3OSQ_1	3OSQ	MBP		False	X-RAY DIFFRACTION	1.9		A	661	367	0	0.6036	0.0027	1.0	Maltose-binding periplasmic protein,Green fluorescent protein	E1_not_chimeric_single_uniprot;E6_align_coverage=0.60<0.8;E8_target_modelled=0<80;E9_target_disorder=1.00>0.2
3PGF_1	3PGF	MBP		False	X-RAY DIFFRACTION	2.1		A	398	358	0	1.0	0.0245	1.0	Maltose-binding periplasmic protein	E1_not_chimeric_single_uniprot;E8_target_modelled=0<80;E9_target_disorder=1.00>0.2
3PUX_1	3PUX	MBP		False	X-RAY DIFFRACTION	2.3		E	378	370	0	0.9893	0.0	1.0	Maltose-binding periplasmic protein	E1_not_chimeric_single_uniprot;E8_target_modelled=0<80;E9_target_disorder=1.00>0.2
3PUZ_1	3PUZ	MBP		False	X-RAY DIFFRACTION	2.9		E	370	370	0	1.0	0.0	1.0	Maltose transporter subunit; periplasmic-binding component of ABC superfamily	E1_not_chimeric_single_uniprot;E8_target_modelled=0<80;E9_target_disorder=1.00>0.2
3Q25_1	3Q25	MBP	P37840	False	X-RAY DIFFRACTION	1.9	TERMINAL_N	A	390	365	19	0.9897	0.0027	0.0	Maltose-binding periplasmic protein/alpha-synuclein chimeric protein	E8_target_modelled=19<80
3Q27_1	3Q27	MBP	P37840	False	X-RAY DIFFRACTION	1.302	TERMINAL_N	A	397	366	20	0.9897	0.0	0.2308	Maltose-binding periplasmic protein/alpha-synuclein chimeric protein	E8_target_modelled=20<80;E9_target_disorder=0.23>0.2
3Q29_1	3Q29	MBP	P37840	False	X-RAY DIFFRACTION	2.3	TERMINAL_N	A	390	366	11	0.9895	0.0	0.4211	Maltose-binding periplasmic protein/alpha-synuclein chimeric protein	E8_target_modelled=11<80;E9_target_disorder=0.42>0.2
3RUM_1	3RUM	MBP		False	X-RAY DIFFRACTION	1.851		A	378	366	0	0.9683	0.0	1.0	Maltose-binding periplasmic protein	E1_not_chimeric_single_uniprot;E8_target_modelled=0<80;E9_target_disorder=1.00>0.2
3SER_1	3SER	MBP		False	X-RAY DIFFRACTION	2.35		A	372	358	0	0.9676	0.0	1.0	Maltose-binding periplasmic protein	E1_not_chimeric_single_uniprot;E8_target_modelled=0<80;E9_target_disorder=1.00>0.2
3SET_1	3SET	MBP		False	X-RAY DIFFRACTION	1.9		A	372	358	0	0.9676	0.0	1.0	Maltose-binding periplasmic protein	E1_not_chimeric_single_uniprot;E8_target_modelled=0<80;E9_target_disorder=1.00>0.2
3SEV_1	3SEV	MBP		False	X-RAY DIFFRACTION	3.05		A	372	358	0	0.9676	0.0	1.0	Maltose-binding periplasmic protein	E1_not_chimeric_single_uniprot;E8_target_modelled=0<80;E9_target_disorder=1.00>0.2
3SEW_1	3SEW	MBP		False	X-RAY DIFFRACTION	1.55		A	372	358	0	0.9676	0.0	1.0	Maltose-binding periplasmic protein	E1_not_chimeric_single_uniprot;E8_target_modelled=0<80;E9_target_disorder=1.00>0.2
3SEY_1	3SEY	MBP		False	X-RAY DIFFRACTION	1.85		A	372	358	0	0.965	0.0	1.0	Maltose-binding periplasmic protein	E1_not_chimeric_single_uniprot;E8_target_modelled=0<80;E9_target_disorder=1.00>0.2
3SEX_1	3SEX	MBP		False	X-RAY DIFFRACTION	1.95		A	372	358	0	0.9676	0.0	1.0	Maltose-binding periplasmic protein	E1_not_chimeric_single_uniprot;E8_target_modelled=0<80;E9_target_disorder=1.00>0.2
3SEU_1	3SEU	MBP		False	X-RAY DIFFRACTION	1.85		A	372	355	0	0.9699	0.0084	1.0	Maltose-binding periplasmic protein	E1_not_chimeric_single_uniprot;E8_target_modelled=0<80;E9_target_disorder=1.00>0.2
3SES_1	3SES	MBP		False	X-RAY DIFFRACTION	1.9		A	372	358	0	0.9676	0.0	1.0	Maltose-binding periplasmic protein	E1_not_chimeric_single_uniprot;E8_target_modelled=0<80;E9_target_disorder=1.00>0.2
3RLF_1	3RLF	MBP		False	X-RAY DIFFRACTION	2.2		E	380	370	0	0.9893	0.0	1.0	Maltose-binding periplasmic protein	E1_not_chimeric_single_uniprot;E8_target_modelled=0<80;E9_target_disorder=1.00>0.2
3Q28_1	3Q28	MBP	P37840	False	X-RAY DIFFRACTION	1.6	TERMINAL_N	A	393	366	15	0.987	0.0	0.3182	Maltose-binding periplasmic protein/alpha-synuclein chimeric protein	E8_target_modelled=15<80;E9_target_disorder=0.32>0.2
3Q26_1	3Q26	MBP	P37840	False	X-RAY DIFFRACTION	1.54	TERMINAL_N	A	404	366	25	0.9899	0.0	0.2424	Maltose-binding periplasmic protein/alpha-synuclein chimeric protein	E8_target_modelled=25<80;E9_target_disorder=0.24>0.2
3PY7_1	3PY7	MBP	P06931	True	X-RAY DIFFRACTION	2.288	TERMINAL_N	A	523	365	120	0.97	0.0027	0.1241	maltose-binding periplasmic protein,paxillin LD1,protein E6 chimera	
3PV0_1	3PV0	MBP		False	X-RAY DIFFRACTION	3.1		E	370	370	0	1.0	0.0	1.0	Maltose transporter subunit; periplasmic-binding component of ABC superfamily	E1_not_chimeric_single_uniprot;E8_target_modelled=0<80;E9_target_disorder=1.00>0.2
3PUY_1	3PUY	MBP		False	X-RAY DIFFRACTION	3.1		E	378	370	0	0.9893	0.0	1.0	Maltose transporter subunit; periplasmic-binding component of ABC superfamily	E1_not_chimeric_single_uniprot;E8_target_modelled=0<80;E9_target_disorder=1.00>0.2
3PUW_1	3PUW	MBP		False	X-RAY DIFFRACTION	2.3		E	378	370	0	0.9893	0.0	1.0	Maltose-binding periplasmic protein	E1_not_chimeric_single_uniprot;E8_target_modelled=0<80;E9_target_disorder=1.00>0.2
3PUV_1	3PUV	MBP		False	X-RAY DIFFRACTION	2.4		E	378	370	0	0.9893	0.0	1.0	Maltose-binding periplasmic protein	E1_not_chimeric_single_uniprot;E8_target_modelled=0<80;E9_target_disorder=1.00>0.2
3OSR_1	3OSR	MBP		False	X-RAY DIFFRACTION	2.0		A	653	329	0	0.5447	0.0	1.0	Maltose-binding periplasmic protein,Green fluorescent protein	E1_not_chimeric_single_uniprot;E6_align_coverage=0.54<0.8;E8_target_modelled=0<80;E9_target_disorder=1.00>0.2
4JBZ_1	4JBZ	MBP	Q5EAW4	False	X-RAY DIFFRACTION	2.4	TERMINAL_N	A	403	366	28	0.9825	0.0	0.0667	MALTOSE-BINDING PERIPLASMIC PROTEIN FUSED WITH XENOPUS LAEVIS MCM10 COILED-COIL REGION	E8_target_modelled=28<80
4IRL_1	4IRL	MBP	B0V1H4	True	X-RAY DIFFRACTION	1.47	TERMINAL_N	A	476	358	87	0.9632	0.0	0.0645	Maltose-binding periplasmic protein, Novel protein similar to vertebrate guanylate binding protein family	
4IKM_1	4IKM	MBP	Q9Y2G2	True	X-RAY DIFFRACTION	2.4606	TERMINAL_N	A	469	366	87	0.9784	0.0	0.0	Maltose-binding periplasmic protein, Caspase recruitment domain-containing protein 8	
4IFP_1	4IFP	MBP	Q9C000	True	X-RAY DIFFRACTION	1.9948	TERMINAL_N	A	466	366	84	0.9825	0.0	0.0	Maltose-binding periplasmic protein,NACHT, LRR and PYD domains-containing protein 1	
4H1G_1	4H1G	MBP	C4YKK8	True	X-RAY DIFFRACTION	2.15	COMPLEX	A	715	360	300	0.9851	0.0	0.1279	Maltose binding protein-CaKar3 motor domain fusion protein	
4GLI_1	4GLI	MBP	Q16637	False	X-RAY DIFFRACTION	1.903	TERMINAL_N	A	401	369	19	1.0	0.0	0.4062	Maltose-binding periplasmic protein, Survival motor neuron protein chimera	E8_target_modelled=19<80;E9_target_disorder=0.41>0.2
4GIZ_1	4GIZ	MBP	Q05086	False	X-RAY DIFFRACTION	2.55	TERMINAL_N	A	382	366	16	1.0	0.0	0.0	Maltose-binding periplasmic protein, UBIQUITIN LIGASE EA6P: chimeric protein	E8_target_modelled=16<80
4FED_1	4FED	MBP	P42858	False	X-RAY DIFFRACTION	2.807	TERMINAL_N	A	452	358	17	0.9352	0.0	0.7344	Maltose-binding periplasmic protein,Huntingtin	E8_target_modelled=17<80;E9_target_disorder=0.73>0.2
4FEC_1	4FEC	MBP	P42858	False	X-RAY DIFFRACTION	3.0	TERMINAL_N	A	452	358	17	0.9328	0.0	0.7344	Maltose-binding periplasmic protein,Huntingtin	E8_target_modelled=17<80;E9_target_disorder=0.73>0.2
4FE8_1	4FE8	MBP	P42858	False	X-RAY DIFFRACTION	3.0	TERMINAL_N	A	452	358	17	0.9328	0.0	0.7344	Maltose-binding periplasmic protein,Huntingtin	E8_target_modelled=17<80;E9_target_disorder=0.73>0.2
4EXK_1	4EXK	MBP	A0A0F6B1U8	True	X-RAY DIFFRACTION	1.28	TERMINAL_N	A	487	367	104	0.9916	0.0	0.0	Maltose-binding periplasmic protein, uncharacterized protein chimera	
4EGC_1	4EGC	MBP	Q15475	True	X-RAY DIFFRACTION	1.994	TERMINAL_N	A	559	366	169	0.9926	0.0	0.1058	Maltose-binding periplasmic protein, Homeobox protein SIX1 chimera	
4EDQ_1	4EDQ	MBP	O70468	True	X-RAY DIFFRACTION	1.641	TERMINAL_N	A	492	357	114	0.9752	0.0028	0.0579	Maltose-binding periplasmic protein,Myosin-binding protein C, cardiac-type chimeric protein	
4DXC_1	4DXC	MBP	P62593	True	X-RAY DIFFRACTION	2.3	TERMINAL_N	A	637	349	242	0.9471	0.0251	0.0082	Maltose-binding periplasmic protein, Beta-lactamase TEM chimera	
4DXB_1	4DXB	MBP	P62593	True	X-RAY DIFFRACTION	2.29	TERMINAL_N	A	637	358	244	0.9451	0.0	0.0	Maltose-binding periplasmic protein, Beta-lactamase TEM chimera	
4BLD_1	4BLD	MBP	Q9UMX1	True	X-RAY DIFFRACTION	2.802	TERMINAL_N	A	753	367	357	0.9864	0.0	0.0325	MALTOSE-BINDING PERIPLASMIC PROTEIN, SUPPRESSOR OF FUSED HOMOLOG	
4BLB_1	4BLB	MBP	Q9UMX1	True	X-RAY DIFFRACTION	2.8	TERMINAL_N	A	753	367	357	0.9864	0.0	0.0325	MALTOSE-BINDING PERIPLASMIC PROTEIN, SUPPRESSOR OF FUSED HOMOLOG	
4BLA_1	4BLA	MBP	Q9UMX1	True	X-RAY DIFFRACTION	3.5	TERMINAL_N	A	756	364	362	0.9945	0.0082	0.0216	MALTOSE-BINDING PERIPLASMIC PROTEIN, SUPPRESSOR OF FUSED HOMOLOG	
4BL9_1	4BL9	MBP	Q9UMX1	True	X-RAY DIFFRACTION	2.8	TERMINAL_N	A	756	366	353	0.9958	0.0027	0.0459	MALTOSE-BINDING PERIPLASMIC PROTEIN, SUPPRESSOR OF FUSED HOMOLOG	
4BL8_1	4BL8	MBP	Q9UMX1	False	X-RAY DIFFRACTION	3.04	TERMINAL_N	A	831	364	360	0.9959	0.0082	0.2035	MALTOSE-BINDING PERIPLASMIC PROTEIN, SUPPRESSOR OF FUSED HOMOLOG	E9_target_disorder=0.20>0.2
4B3N_1	4B3N	MBP	Q0PF16	True	X-RAY DIFFRACTION	3.3	TERMINAL_N	A	602	365	192	1.0	0.0108	0.1233	MALTOSE-BINDING PERIPLASMIC PROTEIN, TRIPARTITE MOTIF-CONTAINING PROTEIN 5	
3WOA_1	3WOA	MBP	P03034	False	X-RAY DIFFRACTION	2.0	TERMINAL_C	A	417	366	43	0.9903	0.0027	0.0652	Repressor protein CI, Maltose-binding periplasmic protein	E8_target_modelled=43<80
3WAI_1	3WAI	MBP	O29867	True	X-RAY DIFFRACTION	1.897	TERMINAL_N	A	739	357	352	0.9972	0.0246	0.0461	Maltose-binding periplasmic protein, Transmembrane oligosaccharyl transferase	
3W15_3	3W15	MBP	P27796	False	X-RAY DIFFRACTION	1.8	TERMINAL_C	C	389	370	15	0.9897	0.0	0.0	3-ketoacyl-CoA thiolase, peroxisomal, Maltose-binding periplasmic protein	E8_target_modelled=15<80
3VFJ_1	3VFJ	MBP		False	X-RAY DIFFRACTION	2.05		A	378	366	0	0.9708	0.0	1.0	Maltose-binding periplasmic protein, C-terminal fused by Cys-Lys-D-Ala-D-Ala	E1_not_chimeric_single_uniprot;E8_target_modelled=0<80;E9_target_disorder=1.00>0.2
4RWG_1	4RWG	MBP		False	X-RAY DIFFRACTION	2.44		A	593	366	0	0.6571	0.0027	1.0	Maltose-binding periplasmic protein, Receptor activity-modifying protein 1, Calcitonin gene-related peptide type 1 receptor fusion protein	E1_multi_uniprot_n=3;E6_align_coverage=0.66<0.8;E8_target_modelled=0<80;E9_target_disorder=1.00>0.2
4RWF_1	4RWF	MBP		False	X-RAY DIFFRACTION	1.76		A	591	366	0	0.6595	0.0027	1.0	Maltose transporter subunit, Receptor activity-modifying protein 2, Calcitonin gene-related peptide type 1 receptor fusion protein	E1_multi_uniprot_n=3;E6_align_coverage=0.66<0.8;E8_target_modelled=0<80;E9_target_disorder=1.00>0.2
4RG5_1	4RG5	MBP	Q09808	False	X-RAY DIFFRACTION	1.7	TERMINAL_N	A	401	369	32	1.0	0.0	0.0	Maltose-binding periplasmic protein, Survival Motor Neuron protein chimera	E8_target_modelled=32<80
4R0Y_1	4R0Y	MBP	P97836	False	X-RAY DIFFRACTION	2.0	TERMINAL_N	A	501	361	106	0.9957	0.0	0.2206	Maltose-binding periplasmic protein, Disks large-associated protein 1	E9_target_disorder=0.22>0.2
4QVH_1	4QVH	MBP	O33336	True	X-RAY DIFFRACTION	1.75	TERMINAL_N	A	598	365	227	0.9933	0.0027	0.0	Maltose-binding periplasmic protein, 4'-phosphopantetheinyl transferase chimera	
4QSZ_1	4QSZ	MBP	P0C872	True	X-RAY DIFFRACTION	2.86	TERMINAL_N	A	687	361	314	0.984	0.0	0.0032	Maltose-binding periplasmic protein, JmjC domain-containing protein 7 chimera	
4PQK_1	4PQK	MBP	B1B3N6	True	X-RAY DIFFRACTION	3.401	TERMINAL_N	A	487	366	112	1.0	0.0	0.0667	Maltose ABC transporter periplasmic protein, Truncated replication protein RepA	
4PE2_1	4PE2	MBP		False	X-RAY DIFFRACTION	1.724		A	516	365	0	0.7359	0.0027	1.0	Maltose ABC transporter periplasmic protein,Prepilin-type N-terminal cleavage/methylation domain protein	E1_not_chimeric_single_uniprot;E6_align_coverage=0.74<0.8;E8_target_modelled=0<80;E9_target_disorder=1.00>0.2
4OZQ_1	4OZQ	MBP		False	X-RAY DIFFRACTION	2.71		A	720	352	0	0.5154	0.0249	1.0	Chimera of Maltose-binding periplasmic protein and Kinesin family member 14 protein	E1_not_chimeric_single_uniprot;E6_align_coverage=0.52<0.8;E8_target_modelled=0<80;E9_target_disorder=1.00>0.2
4OGM_1	4OGM	MBP		False	X-RAY DIFFRACTION	2.234		A	520	357	0	0.714	0.0111	1.0	Maltose ABC transporter periplasmic protein, pilin protein chimera	E1_not_chimeric_single_uniprot;E6_align_coverage=0.71<0.8;E8_target_modelled=0<80;E9_target_disorder=1.00>0.2
4O4B_1	4O4B	MBP		False	X-RAY DIFFRACTION	1.8		A	396	366	0	0.9786	0.0	1.0	Extracellular solute-binding protein family 1	E1_not_chimeric_single_uniprot;E8_target_modelled=0<80;E9_target_disorder=1.00>0.2
4O2X_1	4O2X	MBP	Q8IEB2	False	X-RAY DIFFRACTION	2.7	TERMINAL_N	A	507	363	92	0.9956	0.0082	0.2459	Maltose-binding periplasmic protein, ATP-dependent Clp protease adaptor protein ClpS containing protein chimeric construct	E9_target_disorder=0.25>0.2
4NUF_1	4NUF	MBP	Q62227	True	X-RAY DIFFRACTION	2.8	TERMINAL_N	A	580	366	179	0.9927	0.0054	0.1311	Maltose ABC transporter periplasmic protein, Nuclear receptor subfamily 0 group B member 2 chimeric construct	
4NDZ_1	4NDZ	MBP	Q76KB1	False	X-RAY DIFFRACTION	3.45	TERMINAL_N	A	658	0	287	1.0	1.0	0.0035	Maltose-binding periplasmic protein, Heparan sulfate 2-O-sulfotransferase 1 fusion	E7_fusion_modelled=0<50;E9_fusion_disorder=1.00>0.2
4N4X_1	4N4X	MBP	Q9NP55	False	X-RAY DIFFRACTION	2.501	TERMINAL_N	A	584	361	165	0.9832	0.0	0.229	Maltose-binding periplasmic/Palate lung and nasal epithelium clone fusion protein	E9_target_disorder=0.23>0.2
4MBP_1	4MBP	MBP		False	X-RAY DIFFRACTION	1.7		A	370	370	0	1.0	0.0	1.0	MALTODEXTRIN BINDING PROTEIN	E1_not_chimeric_single_uniprot;E8_target_modelled=0<80;E9_target_disorder=1.00>0.2
4LOG_1	4LOG	MBP	Q9Y5X4	True	X-RAY DIFFRACTION	2.7	TERMINAL_N	A	574	364	183	0.9892	0.0082	0.0567	Maltose ABC transporter periplasmic protein and NR2E3 protein chimeric construct	
4KYE_1	4KYE	MBP	P21738	False	X-RAY DIFFRACTION	2.6	TERMINAL_N	A	420	366	34	1.0	0.0	0.3585	Maltose-binding periplasmic protein, Phosphoprotein, chimeric construct	E8_target_modelled=34<80;E9_target_disorder=0.36>0.2
4KYD_1	4KYD	MBP	P21738	False	X-RAY DIFFRACTION	2.21	TERMINAL_N	A	420	366	31	0.99	0.0	0.3673	Maltose-binding periplasmic protein, Phosphoprotein, chimeric construct	E8_target_modelled=31<80;E9_target_disorder=0.37>0.2
4KYC_1	4KYC	MBP	Q91MK1	False	X-RAY DIFFRACTION	1.95	TERMINAL_N	A	420	366	50	0.9905	0.0	0.0	Maltose-binding periplasmic protein, Phosphoprotein,  chimeric construct	E8_target_modelled=50<80
4KV3_1	4KV3	MBP		False	X-RAY DIFFRACTION	2.2		A	461	362	0	0.7939	0.0109	1.0	Chimera fusion protein of ESX-1 secretion system protein eccD1 and Maltose-binding periplasmic protein	E1_not_chimeric_single_uniprot;E6_align_coverage=0.79<0.8;E8_target_modelled=0<80;E9_target_disorder=1.00>0.2
4KI0_2	4KI0	MBP		False	X-RAY DIFFRACTION	2.38		E	380	370	0	1.0	0.0	1.0	Maltose-binding periplasmic protein	E1_not_chimeric_single_uniprot;E8_target_modelled=0<80;E9_target_disorder=1.00>0.2
4KHZ_1	4KHZ	MBP		False	X-RAY DIFFRACTION	2.9		E	380	370	0	1.0	0.0	1.0	Maltose-binding periplasmic protein	E1_not_chimeric_single_uniprot;E8_target_modelled=0<80;E9_target_disorder=1.00>0.2
4KEG_1	4KEG	MBP	Q9NP55	False	X-RAY DIFFRACTION	2.5	TERMINAL_N	A	584	361	165	0.9832	0.0	0.229	Maltose-binding periplasmic/Palate lung and nasal epithelium clone fusion protein	E9_target_disorder=0.23>0.2
4JKM_2	4JKM	MBP		False	X-RAY DIFFRACTION	2.263		C	400	249	0	0.9881	0.3197	1.0	Maltose-binding periplasmic protein	E1_not_chimeric_single_uniprot;E8_target_modelled=0<80;E9_fusion_disorder=0.32>0.2;E9_target_disorder=1.00>0.2
4WJV_2	4WJV	MBP		False	X-RAY DIFFRACTION	3.2		E	381	366	0	0.9919	0.0027	1.0	Maltose-binding periplasmic protein	E1_not_chimeric_single_uniprot;E8_target_modelled=0<80;E9_target_disorder=1.00>0.2
4WMS_1	4WMS	MBP	Q07820	True	X-RAY DIFFRACTION	1.9	TERMINAL_N	A	518	363	144	0.9922	0.0082	0.027	MBP-MCL1 chimera protein	
4XR8_1	4XR8	MBP	Q05086	False	X-RAY DIFFRACTION	2.25	TERMINAL_N	A	383	366	12	0.9869	0.0	0.0	Maltose-binding periplasmic protein, ubiquitin ligase E6AP	E8_target_modelled=12<80
5BK1_3	5BK1	MBP		False	X-RAY DIFFRACTION	2.15		A	398	366	0	1.0	0.0027	1.0	Maltose binding protein	E1_not_chimeric_single_uniprot;E8_target_modelled=0<80;E9_target_disorder=1.00>0.2
5BJZ_1	5BJZ	MBP		False	X-RAY DIFFRACTION	1.95		A	398	366	0	0.9973	0.0027	1.0	Maltose-binding periplasmic protein	E1_not_chimeric_single_uniprot;E8_target_modelled=0<80;E9_target_disorder=1.00>0.2
5B3Z_1	5B3Z	MBP	Q13526	False	X-RAY DIFFRACTION	2.3	TERMINAL_C	A	403	366	35	0.9975	0.0027	0.0	Peptidyl-prolyl cis-trans isomerase NIMA-interacting 1,Maltose-binding periplasmic protein	E8_target_modelled=35<80
5B3Y_1	5B3Y	MBP	Q13526	False	X-RAY DIFFRACTION	1.901	TERMINAL_C	A	390	366	13	0.9921	0.0027	0.3158	Peptidyl-prolyl cis-trans isomerase NIMA-interacting 1,Maltose-binding periplasmic protein	E8_target_modelled=13<80;E9_target_disorder=0.32>0.2
5B3X_1	5B3X	MBP	Q13526	False	X-RAY DIFFRACTION	2.4	TERMINAL_C	A	382	365	9	0.992	0.0054	0.1818	Peptidyl-prolyl cis-trans isomerase NIMA-interacting 1,Maltose-binding periplasmic protein	E8_target_modelled=9<80
5B3W_1	5B3W	MBP	Q13526	False	X-RAY DIFFRACTION	2.4	TERMINAL_C	A	382	365	11	0.9895	0.0054	0.0	Peptidyl-prolyl cis-trans isomerase NIMA-interacting 1,Maltose-binding periplasmic protein	E8_target_modelled=11<80
5AZA_1	5AZA	MBP	I6V0B8	True	X-RAY DIFFRACTION	2.08	TERMINAL_N	A	872	368	448	0.9761	0.0	0.0608	Maltose-binding periplasmic protein,Oligosaccharyl transferase stt3 subunit related protein	
5AZ9_1	5AZ9	MBP	Q62760	False	X-RAY DIFFRACTION	1.82	TERMINAL_N	A	430	363	58	0.9906	0.0	0.0645	Maltose-binding periplasmic protein,Mitochondrial import receptor subunit TOM20 homolog	E8_target_modelled=58<80
5AZ8_1	5AZ8	MBP	Q62760	False	X-RAY DIFFRACTION	1.7	TERMINAL_N	A	435	367	62	0.9908	0.0027	0.0	Maltose-binding periplasmic protein,Mitochondrial import receptor subunit TOM20 homolog	E8_target_modelled=62<80
5AZ7_1	5AZ7	MBP	Q62760	False	X-RAY DIFFRACTION	1.96	TERMINAL_N	A	435	368	62	0.9908	0.0	0.0	Maltose-binding periplasmic protein,Mitochondrial import receptor subunit TOM20 homolog	E8_target_modelled=62<80
5AZ6_1	5AZ6	MBP	Q62760	False	X-RAY DIFFRACTION	2.56	TERMINAL_N	A	433	368	62	0.9931	0.0	0.0	Maltose-binding periplasmic protein,Mitochondrial import receptor subunit TOM20 homolog	E8_target_modelled=62<80
5AQ9_2	5AQ9	MBP		False	X-RAY DIFFRACTION	1.86		B	395	360	0	0.9704	0.0	1.0	MALTOSE-BINDING PERIPLASMIC PROTEIN	E1_not_chimeric_single_uniprot;E8_target_modelled=0<80;E9_target_disorder=1.00>0.2
4XZV_1	4XZV	MBP	O43715	False	X-RAY DIFFRACTION	3.58	TERMINAL_N	A	446	366	46	0.9904	0.0	0.3867	Maltose-binding periplasmic protein,TP53-regulated inhibitor of apoptosis 1	E3_resolution=3.58>3.5;E8_target_modelled=46<80;E9_target_disorder=0.39>0.2
4XZS_1	4XZS	MBP	O43715	False	X-RAY DIFFRACTION	2.12	TERMINAL_N	A	446	366	51	0.9905	0.0	0.32	Maltose-binding periplasmic protein,TP53-regulated inhibitor of apoptosis 1	E8_target_modelled=51<80;E9_target_disorder=0.32>0.2
4XA2_1	4XA2	MBP		False	X-RAY DIFFRACTION	1.98		A	498	366	0	0.7469	0.0	1.0	Maltose-binding periplasmic protein,MBP-PilA: c	E1_not_chimeric_single_uniprot;E6_align_coverage=0.75<0.8;E8_target_modelled=0<80;E9_target_disorder=1.00>0.2
4WTH_1	4WTH	MBP	P54252	False	X-RAY DIFFRACTION	2.25	TERMINAL_N	A	441	366	33	0.9901	0.0	0.3654	Maltose-binding periplasmic protein, Ataxin-3 chimera	E8_target_modelled=33<80;E9_target_disorder=0.37>0.2
4WMX_1	4WMX	MBP	Q07820	True	X-RAY DIFFRACTION	2.0	TERMINAL_N	A	518	364	148	0.9922	0.0055	0.0	MBP-MCL1 chimera protein	
4WMW_1	4WMW	MBP	Q07820	True	X-RAY DIFFRACTION	1.9	TERMINAL_N	A	518	362	148	0.9922	0.0109	0.0	MBP-MCL1 chimera protein	
4WMV_1	4WMV	MBP	Q07820	True	X-RAY DIFFRACTION	2.4	TERMINAL_N	A	518	362	148	0.9922	0.0109	0.0	MBL-MCL1 chimera protein	
4WMU_1	4WMU	MBP	Q07820	True	X-RAY DIFFRACTION	1.55	TERMINAL_N	A	518	365	147	0.9922	0.0027	0.0068	MBP-MCL1 chimera protein,Induced myeloid leukemia cell differentiation protein Mcl-1	
4WMT_1	4WMT	MBP	Q07820	True	X-RAY DIFFRACTION	2.35	TERMINAL_N	A	518	363	147	0.9942	0.0082	0.0068	MBP-MCL1 chimera protein	
4TSM_1	4TSM	MBP		False	X-RAY DIFFRACTION	1.899		A	520	366	0	0.7248	0.0	1.0	maltose-binding protein, pilin chimera	E1_not_chimeric_single_uniprot;E6_align_coverage=0.72<0.8;E8_target_modelled=0<80;E9_target_disorder=1.00>0.2
5IIC_1	5IIC	MBP	Q8WR62	True	X-RAY DIFFRACTION	2.9	TERMINAL_N	A	496	367	101	0.9915	0.0	0.114	Maltose-binding periplasmic protein,Vitelline envelope sperm lysin receptor	
5II5_1	5II5	MBP	Q8WR62	True	X-RAY DIFFRACTION	1.8	COMPLEX	A	496	364	109	0.9937	0.0055	0.0522	Maltose-binding periplasmic protein,Vitelline envelope sperm lysin receptor	
5IHJ_1	5IHJ	MBP		False	X-RAY DIFFRACTION	2.2		A	495	365	0	0.7541	0.0027	1.0	Maltose-binding periplasmic protein,Fimbrial protein	E1_not_chimeric_single_uniprot;E6_align_coverage=0.75<0.8;E8_target_modelled=0<80;E9_target_disorder=1.00>0.2
5I69_1	5I69	MBP	Q2W8S0	False	X-RAY DIFFRACTION	2.7	TERMINAL_N	A	412	363	17	1.0	0.0	0.2273	Maltose-binding periplasmic protein,Tightly bound bacterial magnetic particle protein,Maltose-binding periplasmic protein	E8_target_modelled=17<80;E9_target_disorder=0.23>0.2
5I04_1	5I04	MBP	P17813	True	X-RAY DIFFRACTION	2.42	TERMINAL_N	A	692	367	296	0.9925	0.0	0.0513	Maltose-binding periplasmic protein,Endoglin	
5HZW_1	5HZW	MBP	P17813	False	X-RAY DIFFRACTION	4.451	TERMINAL_N	A	691	364	301	0.9955	0.0082	0.0353	Maltose-binding periplasmic protein,Endoglin	E3_resolution=4.45>3.5
5HZV_1	5HZV	MBP	P17813	True	X-RAY DIFFRACTION	2.7	TERMINAL_N	A	626	367	228	0.995	0.0	0.0656	Maltose-binding periplasmic protein,Endoglin	
5HZ7_1	5HZ7	MBP		False	X-RAY DIFFRACTION	1.43		A	490	366	0	0.7469	0.0	1.0	ComP	E1_not_chimeric_single_uniprot;E6_align_coverage=0.75<0.8;E8_target_modelled=0<80;E9_target_disorder=1.00>0.2
5H7Q_1	5H7Q	MBP	P41218	True	X-RAY DIFFRACTION	1.451	TERMINAL_N	A	479	370	94	0.9893	0.0	0.0105	MNDA PYD domain with MBP tag	
5H7N_1	5H7N	MBP	P59046	True	X-RAY DIFFRACTION	1.849	TERMINAL_N	A	478	370	85	0.9956	0.0	0.1327	NLRP12-PYD with MBP tag	
5GXV_1	5GXV	MBP		False	X-RAY DIFFRACTION	2.1		A	468	366	0	0.8044	0.0	1.0	Maltose-binding periplasmic protein,PigG	E1_not_chimeric_single_uniprot;E8_target_modelled=0<80;E9_target_disorder=1.00>0.2
5GS2_1	5GS2	MBP		False	X-RAY DIFFRACTION	3.592		A	367	367	0	1.0	0.0	1.0	Maltose-binding periplasmic protein	E1_not_chimeric_single_uniprot;E3_resolution=3.59>3.5;E8_target_modelled=0<80;E9_target_disorder=1.00>0.2
5GRU_1	5GRU	MBP		False	X-RAY DIFFRACTION	1.955		A	383	360	0	1.0	0.0164	1.0	Maltose-binding periplasmic protein	E1_not_chimeric_single_uniprot;E8_target_modelled=0<80;E9_target_disorder=1.00>0.2
5GPQ_1	5GPQ	MBP	Q9I9N6	True	X-RAY DIFFRACTION	2.1	TERMINAL_N	A	467	358	83	0.9587	0.0	0.0	Maltose-binding periplasmic protein,Apoptosis-associated speck-like protein containing a CARD	
5GPP_1	5GPP	MBP	Q9I9N6	True	X-RAY DIFFRACTION	2.0	TERMINAL_N	A	468	358	86	0.9631	0.0	0.0	Maltose-binding periplasmic protein,Apoptosis-associated speck-like protein containing a CARD	
5FSG_1	5FSG	MBP	P05133	True	X-RAY DIFFRACTION	3.209	TERMINAL_N	A	698	358	287	0.9758	0.0	0.0946	MALTOSE-BINDING PERIPLASMIC PROTEIN, HANTAVIRUS NUCLEOPROTEIN	
5FIO_2	5FIO	MBP		False	X-RAY DIFFRACTION	2.1		B	395	360	0	0.9836	0.011	1.0	MALTOSE-BINDING PERIPLASMIC PROTEIN	E1_not_chimeric_single_uniprot;E8_target_modelled=0<80;E9_target_disorder=1.00>0.2
5EDU_1	5EDU	MBP	Q9UBN7	True	X-RAY DIFFRACTION	2.79	TERMINAL_N	A	745	359	357	0.9944	0.0191	0.0	Maltose-binding periplasmic protein, Histone deacetylase 6 chimera	
5E24_1	5E24	MBP		False	X-RAY DIFFRACTION	2.14		A	370	370	0	1.0	0.0	1.0	Maltose-binding periplasmic protein	E1_not_chimeric_single_uniprot;E8_target_modelled=0<80;E9_target_disorder=1.00>0.2
5DIS_4	5DIS	MBP	P35658	False	X-RAY DIFFRACTION	2.85	TERMINAL_N	D	479	322	64	0.9772	0.0955	0.4286	Maltose-binding periplasmic protein,Nuclear pore complex protein Nup214	E8_target_modelled=64<80;E9_target_disorder=0.43>0.2
5DFM_1	5DFM	MBP		False	X-RAY DIFFRACTION	2.301		A	534	354	0	0.6955	0.0112	1.0	Maltose-binding periplasmic protein,Telomerase-associated protein 19	E1_not_chimeric_single_uniprot;E6_align_coverage=0.70<0.8;E8_target_modelled=0<80;E9_target_disorder=1.00>0.2
5CFV_1	5CFV	MBP		False	X-RAY DIFFRACTION	1.8		A	495	365	0	0.7541	0.0027	1.0	Maltose-binding periplasmic protein,Maltose-binding periplasmic protein,PilA fusion protein	E1_not_chimeric_single_uniprot;E6_align_coverage=0.75<0.8;E8_target_modelled=0<80;E9_target_disorder=1.00>0.2
5CBN_1	5CBN	MBP		False	X-RAY DIFFRACTION	2.3		B	369	362	0	1.0	0.0109	1.0	Maltose-binding periplasmic protein	E1_not_chimeric_single_uniprot;E8_target_modelled=0<80;E9_target_disorder=1.00>0.2
5BMY_1	5BMY	MBP	Q13526	False	X-RAY DIFFRACTION	2.001	TERMINAL_C	A	389	365	17	0.9871	0.0054	0.0	Peptidyl-prolyl cis-trans isomerase NIMA-interacting 1,Maltose-binding periplasmic protein	E8_target_modelled=17<80
5BK2_1	5BK2	MBP		False	X-RAY DIFFRACTION	2.6		A	398	366	0	0.9973	0.0	1.0	Maltose-binding periplasmic protein	E1_not_chimeric_single_uniprot;E8_target_modelled=0<80;E9_target_disorder=1.00>0.2
5W0U_1	5W0U	MBP	Q9GZX7	True	X-RAY DIFFRACTION	2.9	TERMINAL_N	A	549	365	164	0.976	0.0027	0.0296	Maltose-binding periplasmic protein,Single-stranded DNA cytosine deaminase	
5WVN_1	5WVN	MBP		False	X-RAY DIFFRACTION	2.8		A	509	365	0	0.748	0.0027	1.0	Maltose-binding periplasmic protein,Two-component system sensor kinase	E1_not_chimeric_single_uniprot;E6_align_coverage=0.75<0.8;E8_target_modelled=0<80;E9_target_disorder=1.00>0.2
5WVM_1	5WVM	MBP		False	X-RAY DIFFRACTION	2.9		A	509	365	0	0.7419	0.0027	1.0	Maltose-binding periplasmic protein,Two-component system sensor kinase	E1_not_chimeric_single_uniprot;E6_align_coverage=0.74<0.8;E8_target_modelled=0<80;E9_target_disorder=1.00>0.2
5WQ6_1	5WQ6	MBP		False	X-RAY DIFFRACTION	1.648		A	476	366	0	0.7837	0.0	1.0	MBP tagged hMNDA-PYD	E1_not_chimeric_single_uniprot;E6_align_coverage=0.78<0.8;E8_target_modelled=0<80;E9_target_disorder=1.00>0.2
5WPZ_1	5WPZ	MBP	P41218	True	X-RAY DIFFRACTION	2.0	TERMINAL_N	A	477	370	87	0.9935	0.0	0.0842	MBP-hMNDA-PYD	
5W1C_1	5W1C	MBP	Q9GZX7	True	X-RAY DIFFRACTION	3.18	TERMINAL_N	A	549	366	172	0.9908	0.0	0.0282	MBP fused activation-induced cytidine deaminase	
5W0Z_1	5W0Z	MBP	Q9GZX7	False	X-RAY DIFFRACTION	3.61	TERMINAL_N	A	549	365	161	0.9759	0.0027	0.0473	MBP fused activation-induced cytidine deaminase	E3_resolution=3.61>3.5
5W0R_1	5W0R	MBP	Q9GZX7	True	X-RAY DIFFRACTION	2.4	TERMINAL_N	A	549	366	169	0.9763	0.0	0.0	MBP fused activation-induced cytidine deaminase	
5VAW_1	5VAW	MBP	A0A0D5YCX7	True	X-RAY DIFFRACTION	1.69	TERMINAL_N	A	508	354	130	1.0	0.0328	0.0152	Maltose-binding periplasmic protein,Type IV pilin PilA	
5V6Y_1	5V6Y	MBP		False	X-RAY DIFFRACTION	2.8		A	593	367	0	0.6673	0.0	1.0	Maltose-binding periplasmic protein,Receptor activity-modifying protein 1,Calcitonin gene-related peptide type 1 receptor	E1_multi_uniprot_n=3;E6_align_coverage=0.67<0.8;E8_target_modelled=0<80;E9_target_disorder=1.00>0.2
5TTD_1	5TTD	MBP	D2KPJ6	True	X-RAY DIFFRACTION	2.0	TERMINAL_N	A	499	359	122	0.9796	0.0028	0.0	Maltose-binding periplasmic protein,Pilin isopeptide linkage domain protein	
5T0A_1	5T0A	MBP		False	X-RAY DIFFRACTION	1.95		A	692	365	0	0.5448	0.0027	1.0	maltose binding protein - heparan sulfate 6-O-sulfotransferase isoform 3 fusion protein	E1_not_chimeric_single_uniprot;E6_align_coverage=0.54<0.8;E8_target_modelled=0<80;E9_target_disorder=1.00>0.2
5T05_1	5T05	MBP		False	X-RAY DIFFRACTION	1.952		A	692	365	0	0.5448	0.0027	1.0	maltose binding protein - heparan sulfate 6-O-sulfotransferase isoform 3 fusion protein	E1_not_chimeric_single_uniprot;E6_align_coverage=0.54<0.8;E8_target_modelled=0<80;E9_target_disorder=1.00>0.2
5T03_1	5T03	MBP		False	X-RAY DIFFRACTION	2.1		A	692	365	0	0.5448	0.0027	1.0	maltose binding protein - heparan sulfate 6-O-sulfotransferase isoform 3 fusion protein	E1_not_chimeric_single_uniprot;E6_align_coverage=0.54<0.8;E8_target_modelled=0<80;E9_target_disorder=1.00>0.2
5OSQ_1	5OSQ	MBP	P10761	True	X-RAY DIFFRACTION	2.05	TERMINAL_N	A	481	366	102	0.9915	0.0027	0.0	Maltose-binding periplasmic protein,Zona pellucida sperm-binding protein 3	
5MM3_1	5MM3	MBP	Q2W8S0	False	X-RAY DIFFRACTION	2.1	COMPLEX	A	412	354	17	1.0	0.0354	0.1905	Sugar ABC transporter substrate-binding protein,Magnetosome protein MamC,Sugar ABC transporter substrate-binding protein	E8_target_modelled=17<80
5M15_1	5M15	MBP		False	X-RAY DIFFRACTION	1.9		A	373	366	0	1.0	0.0	1.0	Maltose-binding periplasmic protein	E1_not_chimeric_single_uniprot;E8_target_modelled=0<80;E9_target_disorder=1.00>0.2
5M14_1	5M14	MBP		False	X-RAY DIFFRACTION	1.6		A	373	366	0	1.0	0.0	1.0	Maltose-binding periplasmic protein	E1_not_chimeric_single_uniprot;E8_target_modelled=0<80;E9_target_disorder=1.00>0.2
5M13_1	5M13	MBP		False	X-RAY DIFFRACTION	1.372		A	373	366	0	1.0	0.0	1.0	Maltose-binding periplasmic protein	E1_not_chimeric_single_uniprot;E8_target_modelled=0<80;E9_target_disorder=1.00>0.2
5LEM_2	5LEM	MBP		False	X-RAY DIFFRACTION	2.98		B	395	362	0	0.9945	0.0055	1.0	Maltose-binding periplasmic protein	E1_not_chimeric_single_uniprot;E8_target_modelled=0<80;E9_target_disorder=1.00>0.2
5LEL_2	5LEL	MBP		False	X-RAY DIFFRACTION	3.1		B	395	362	0	0.9837	0.0055	1.0	Maltose-binding periplasmic protein	E1_not_chimeric_single_uniprot;E8_target_modelled=0<80;E9_target_disorder=1.00>0.2
5K94_1	5K94	MBP	P10408	True	X-RAY DIFFRACTION	2.1	COMPLEX	A	508	366	140	1.0	0.0	0.0	Maltose-binding periplasmic protein,Protein translocase subunit SecA,Maltose-binding periplasmic protein	
5JST_1	5JST	MBP	A6ZQL5	False	X-RAY DIFFRACTION	2.199	TERMINAL_N	A	443	363	60	0.9883	0.0082	0.1549	Maltose-binding periplasmic protein,Mitochondrial division protein 1	E8_target_modelled=60<80
5JQE_1	5JQE	MBP	Q14790	True	X-RAY DIFFRACTION	3.157	TERMINAL_N	A	565	359	182	0.9945	0.011	0.0215	Sugar ABC transporter substrate-binding protein,Caspase-8 chimera	
5IQZ_1	5IQZ	MBP	Q9NRC8	False	X-RAY DIFFRACTION	2.334	TERMINAL_N	A	443	364	60	0.9953	0.0055	0.1667	SIRT7 protein	E8_target_modelled=60<80
6DBT_1	6DBT	MBP	O13033	False	ELECTRON MICROSCOPY	4.3	TERMINAL_N	A	1159	0	614	1.0	1.0	0.1932	Recombination activating gene 1 - MBP chimera	E3_resolution=4.30>3.5;E7_fusion_modelled=0<50;E9_fusion_disorder=1.00>0.2
6DBR_1	6DBR	MBP	O13033	False	ELECTRON MICROSCOPY	4.0	TERMINAL_N	A	1159	0	550	1.0	1.0	0.2773	Recombination activating gene 1 - MBP chimera	E3_resolution=4.00>3.5;E7_fusion_modelled=0<50;E9_fusion_disorder=1.00>0.2;E9_target_disorder=0.28>0.2
6DBQ_1	6DBQ	MBP	O13033	False	ELECTRON MICROSCOPY	4.22	TERMINAL_N	A	1159	0	621	1.0	1.0	0.184	Recombination activating gene 1 - MBP chimera	E3_resolution=4.22>3.5;E7_fusion_modelled=0<50;E9_fusion_disorder=1.00>0.2
6DBO_1	6DBO	MBP	O13033	False	ELECTRON MICROSCOPY	4.4	TERMINAL_N	A	1159	0	542	1.0	1.0	0.2878	Recombination activating gene 1 - MBP chimera	E3_resolution=4.40>3.5;E7_fusion_modelled=0<50;E9_fusion_disorder=1.00>0.2;E9_target_disorder=0.29>0.2
6DBL_1	6DBL	MBP	O13033	False	ELECTRON MICROSCOPY	5.0	TERMINAL_N	A	1159	0	616	1.0	1.0	0.1905	Recombination activating gene 1 - MBP chimera	E3_resolution=5.00>3.5;E7_fusion_modelled=0<50;E9_fusion_disorder=1.00>0.2
6DBJ_1	6DBJ	MBP	O13033	False	ELECTRON MICROSCOPY	3.0	TERMINAL_N	A	1159	0	552	1.0	1.0	0.2746	Recombination activating gene 1 - MBP chimera	E7_fusion_modelled=0<50;E9_fusion_disorder=1.00>0.2;E9_target_disorder=0.27>0.2
6DBI_1	6DBI	MBP	O13033	False	ELECTRON MICROSCOPY	3.4	TERMINAL_N	A	1159	0	622	1.0	1.0	0.1827	Recombination activating gene 1 - MBP chimera	E7_fusion_modelled=0<50;E9_fusion_disorder=1.00>0.2
6D67_1	6D67	MBP	P28562	True	X-RAY DIFFRACTION	2.55	TERMINAL_N	A	520	365	143	0.9883	0.0	0.0	Maltose-binding periplasmic protein,Dual specificity protein phosphatase 1	
6D66_1	6D66	MBP	P28562	True	X-RAY DIFFRACTION	2.226	TERMINAL_N	A	520	364	143	0.9807	0.0027	0.0	Maltose-binding periplasmic protein,Dual specificity protein phosphatase 1	
6D65_1	6D65	MBP	P28562	True	X-RAY DIFFRACTION	2.348	TERMINAL_N	A	520	365	141	0.9902	0.0	0.014	Maltose-binding periplasmic protein,Dual specificity protein phosphatase 1	
6D1U_1	6D1U	MBP		False	X-RAY DIFFRACTION	2.05		A	593	364	0	0.6582	0.0082	1.0	Maltose-binding periplasmic protein,Receptor activity-modifying protein 1,Calcitonin gene-related peptide type 1 receptor	E1_multi_uniprot_n=3;E6_align_coverage=0.66<0.8;E8_target_modelled=0<80;E9_target_disorder=1.00>0.2
6CXS_2	6CXS	MBP		False	X-RAY DIFFRACTION	2.8		C	398	249	0	0.9881	0.3197	1.0	Maltose/maltodextrin-binding periplasmic protein	E1_not_chimeric_single_uniprot;E8_target_modelled=0<80;E9_fusion_disorder=0.32>0.2;E9_target_disorder=1.00>0.2
6BUZ_7	6BUZ	MBP	Q96H22	False	ELECTRON MICROSCOPY	3.92	TERMINAL_N	N	668	0	134	1.0	1.0	0.5315	Maltose-binding periplasmic protein, Centromere protein N chimera	E3_resolution=3.92>3.5;E7_fusion_modelled=0<50;E9_fusion_disorder=1.00>0.2;E9_target_disorder=0.53>0.2
6APX_1	6APX	MBP	P28562	True	X-RAY DIFFRACTION	2.491	TERMINAL_N	A	520	363	143	0.9922	0.0082	0.0	Maltose-binding periplasmic protein,Dual specificity protein phosphatase 1	
6ANV_1	6ANV	MBP	L7P7M1	False	X-RAY DIFFRACTION	2.265	TERMINAL_C	A	452	370	78	0.9933	0.0	0.0	anti-CRISPR protein AcrF1 fused with C-terminal MBP tag	E8_target_modelled=78<80
5ZR0_1	5ZR0	MBP	P0A850	False	SOLUTION NMR		TERMINAL_N	A	142	29	102	0.9225	0.0	0.0	Maltose-binding periplasmic protein,Trigger factor	E2_method=SOLUTION NMR;E3_no_resolution;E7_fusion_modelled=29<50
5ZNZ_1	5ZNZ	MBP	B1AWN9	False	X-RAY DIFFRACTION	2.55	TERMINAL_N	A	464	365	77	0.9844	0.0027	0.061	Maltose-binding periplasmic protein,Tumor necrosis factor receptor superfamily, member 25	E8_target_modelled=77<80
5ZNY_1	5ZNY	MBP	B1AWN9	False	X-RAY DIFFRACTION	2.74	TERMINAL_N	A	464	365	76	0.9844	0.0027	0.0732	Maltose-binding periplasmic protein,Tumor necrosis factor receptor superfamily, member 25	E8_target_modelled=76<80
5ZCA_1	5ZCA	MBP	P03034	False	X-RAY DIFFRACTION	1.801	TERMINAL_C	A	391	365	14	0.9896	0.0	0.3636	Repressor protein cI,Maltose-binding periplasmic protein	E8_target_modelled=14<80;E9_target_disorder=0.36>0.2
5Z0V_1	5Z0V	MBP	Q32ZE1	False	X-RAY DIFFRACTION	2.913	TERMINAL_N	A	445	369	75	1.0	0.0	0.0	Extracellular solute-binding protein family 1,viral genome protein	E8_target_modelled=75<80
5Z0R_1	5Z0R	MBP	Q32ZE1	False	X-RAY DIFFRACTION	2.05	TERMINAL_N	A	445	367	75	1.0	0.0054	0.0	Extracellular solute-binding protein family 1,viral genome protein	E8_target_modelled=75<80
5YGS_1	5YGS	MBP	Q93038	True	X-RAY DIFFRACTION	2.691	TERMINAL_N	A	463	366	88	0.9956	0.0	0.0	Human TNRSF25 death domain	
5YGP_1	5YGP	MBP	Q93038	True	X-RAY DIFFRACTION	2.09	TERMINAL_N	A	463	364	88	0.9978	0.0055	0.0	TNFRSF25 death domain	
5YEV_1	5YEV	MBP	Q93038	True	X-RAY DIFFRACTION	2.5	COMPLEX	A	464	368	85	1.0	0.0	0.023	TNFRSF25 death domain	
5Y2G_1	5Y2G	MBP	P09879	True	X-RAY DIFFRACTION	3.0	TERMINAL_N	A	595	364	210	0.988	0.0055	0.0	Maltose-binding periplasmic protein,Protein B	
6LF3_1	6LF3	MBP	Q14289	False	X-RAY DIFFRACTION	3.2	TERMINAL_N	A	419	365	2	0.9946	0.0027	0.96	Maltose/maltodextrin-binding periplasmic protein,Protein-tyrosine kinase 2-beta	E8_target_modelled=2<80;E9_target_disorder=0.96>0.2
6LES_1	6LES	MBP	Q05397	False	X-RAY DIFFRACTION	2.004	TERMINAL_N	A	397	362	2	0.9945	0.0109	0.9286	Maltose/maltodextrin-binding periplasmic protein,Focal adhesion kinase 1	E8_target_modelled=2<80;E9_target_disorder=0.93>0.2
6KXG_1	6KXG	MBP		False	X-RAY DIFFRACTION	2.805		A	462	363	0	0.8501	0.0082	1.0	caspase-11-CARD	E1_not_chimeric_single_uniprot;E8_target_modelled=0<80;E9_target_disorder=1.00>0.2
6KI0_1	6KI0	MBP	Q9ULZ3	True	X-RAY DIFFRACTION	2.0	TERMINAL_N	A	466	358	84	0.963	0.0	0.0	Maltose/maltodextrin-binding periplasmic protein,Apoptosis-associated speck-like protein containing a CARD	
6KEA_1	6KEA	MBP		False	X-RAY DIFFRACTION	2.35		A	631	364	0	0.6265	0.0055	1.0	Maltose-binding periplasmic protein,LINKER,hREV7,LINKER,Invasin IpaB,hREV3	E1_multi_uniprot_n=4;E6_align_coverage=0.63<0.8;E8_target_modelled=0<80;E9_target_disorder=1.00>0.2
6K7F_1	6K7F	MBP	P53220	True	X-RAY DIFFRACTION	1.8	TERMINAL_N	A	499	368	113	0.9639	0.0	0.0	Maltose/maltodextrin-binding periplasmic protein,Mitochondrial import inner membrane translocase subunit TIM21	
6K7E_1	6K7E	MBP	P53220	True	X-RAY DIFFRACTION	1.534	TERMINAL_N	A	507	367	113	0.9639	0.0027	0.0	Maltose/maltodextrin-binding periplasmic protein,Mitochondrial import inner membrane translocase subunit TIM21	
6K7D_1	6K7D	MBP	P53220	True	X-RAY DIFFRACTION	2.0	TERMINAL_N	A	506	368	113	0.9639	0.0	0.0	Maltose/maltodextrin-binding periplasmic protein,Mitochondrial import inner membrane translocase subunit TIM21	
6I4Y_1	6I4Y	MBP	O43715	False	X-RAY DIFFRACTION	2.91	TERMINAL_N	A	446	367	57	0.9883	0.0	0.2192	Maltose transport system, substrate-binding protein,TP53-regulated inhibitor of apoptosis 1	E8_target_modelled=57<80;E9_target_disorder=0.22>0.2
6HDC_1	6HDC	MBP		False	X-RAY DIFFRACTION	3.4		A	486	342	0	0.7419	0.0526	1.0	Nanobody,Maltose/maltodextrin-binding periplasmic protein,Maltose/maltodextrin-binding periplasmic protein	E1_not_chimeric_single_uniprot;E6_align_coverage=0.74<0.8;E8_target_modelled=0<80;E9_target_disorder=1.00>0.2
6HDB_1	6HDB	MBP		False	X-RAY DIFFRACTION	2.9		A	486	342	0	0.7419	0.0526	1.0	Nanobody,Maltose/maltodextrin-binding periplasmic protein	E1_not_chimeric_single_uniprot;E6_align_coverage=0.74<0.8;E8_target_modelled=0<80;E9_target_disorder=1.00>0.2
6HDA_1	6HDA	MBP		False	X-RAY DIFFRACTION	3.8		A	486	342	0	0.7419	0.0526	1.0	Nanobody,Maltose/maltodextrin-binding periplasmic protein	E1_not_chimeric_single_uniprot;E3_resolution=3.80>3.5;E6_align_coverage=0.74<0.8;E8_target_modelled=0<80;E9_target_disorder=1.00>0.2
6HD9_1	6HD9	MBP		False	X-RAY DIFFRACTION	3.5		A	486	342	0	0.7419	0.0526	1.0	Nanobody,Maltose/maltodextrin-binding periplasmic protein	E1_not_chimeric_single_uniprot;E6_align_coverage=0.74<0.8;E8_target_modelled=0<80;E9_target_disorder=1.00>0.2
6HD8_1	6HD8	MBP		False	X-RAY DIFFRACTION	2.4		A	486	342	0	0.7419	0.0526	1.0	Nanobody,Maltose/maltodextrin-binding periplasmic protein	E1_not_chimeric_single_uniprot;E6_align_coverage=0.74<0.8;E8_target_modelled=0<80;E9_target_disorder=1.00>0.2
6EQZ_1	6EQZ	MBP	Q2W8S0	False	X-RAY DIFFRACTION	2.293	COMPLEX	A	401	353	21	0.992	0.0056	0.0	Maltose-binding periplasmic protein,Tightly bound bacterial magnetic particle protein,Maltose-binding periplasmic protein	E8_target_modelled=21<80
6EG3_1	6EG3	MBP	P51531	True	X-RAY DIFFRACTION	2.84	TERMINAL_N	A	621	359	251	0.9935	0.0191	0.0	Maltose/maltodextrin-binding periplasmic protein,Probable global transcription activator SNF2L2	
6EG2_1	6EG2	MBP	P51531	True	X-RAY DIFFRACTION	2.98	TERMINAL_N	A	621	364	251	0.9935	0.0055	0.0	Maltose/maltodextrin-binding periplasmic protein,Probable global transcription activator SNF2L2	
6DM8_1	6DM8	MBP	P97287	True	X-RAY DIFFRACTION	2.7	TERMINAL_N	A	518	366	144	0.9942	0.0	0.0336	Induced myeloid leukemia cell differentiation protein Mcl-1 homolog - MBP chimera	
6DKS_4	6DKS	MBP		False	X-RAY DIFFRACTION	2.78		D	407	365	0	0.8968	0.0	1.0	Maltose/maltodextrin-binding periplasmic protein	E1_not_chimeric_single_uniprot;E8_target_modelled=0<80;E9_target_disorder=1.00>0.2
6DD5_1	6DD5	MBP	F2K1V9	True	X-RAY DIFFRACTION	2.85	TERMINAL_N	A	678	358	279	0.977	0.0	0.0822	MMB-1 Cas6 Fused to Maltose Binding Protein,CRISPR-associated endonuclease Cas1	
6DBX_1	6DBX	MBP	O13033	False	ELECTRON MICROSCOPY	4.2	TERMINAL_N	A	1159	0	615	1.0	1.0	0.1919	Recombination activating gene 1 - MBP chimera	E3_resolution=4.20>3.5;E7_fusion_modelled=0<50;E9_fusion_disorder=1.00>0.2
6DBW_1	6DBW	MBP	O13033	False	ELECTRON MICROSCOPY	4.7	TERMINAL_N	A	1159	0	614	1.0	1.0	0.1932	Recombination activating gene 1 - MBP chimera	E3_resolution=4.70>3.5;E7_fusion_modelled=0<50;E9_fusion_disorder=1.00>0.2
6DBV_3	6DBV	MBP	O13033	False	ELECTRON MICROSCOPY	4.29	TERMINAL_N	C	1159	0	621	1.0	1.0	0.184	Recombination activating gene 1 - MBP chimera	E3_resolution=4.29>3.5;E7_fusion_modelled=0<50;E9_fusion_disorder=1.00>0.2
6DBV_1	6DBV	MBP	O13033	False	ELECTRON MICROSCOPY	4.29	TERMINAL_N	A	1159	0	616	1.0	1.0	0.1905	Recombination activating gene 1 - MBP chimera	E3_resolution=4.29>3.5;E7_fusion_modelled=0<50;E9_fusion_disorder=1.00>0.2
6DBU_1	6DBU	MBP	O13033	False	ELECTRON MICROSCOPY	3.9	TERMINAL_N	A	1159	0	543	1.0	1.0	0.2865	Recombination activating gene 1 - MBP chimera	E3_resolution=3.90>3.5;E7_fusion_modelled=0<50;E9_fusion_disorder=1.00>0.2;E9_target_disorder=0.29>0.2
6VLS_1	6VLS	MBP	W8GI72	True	X-RAY DIFFRACTION	3.2	TERMINAL_N	A	966	366	578	0.9906	0.0	0.0203	Maltose/maltodextrin-binding periplasmic protein,Vip3Aa	
6V2E_1	6V2E	MBP		False	X-RAY DIFFRACTION	1.83		A	591	366	0	0.6595	0.0027	1.0	Maltose/maltodextrin-binding periplasmic protein,Receptor activity-modifying protein 2,Calcitonin gene-related peptide type 1 receptor	E1_multi_uniprot_n=3;E6_align_coverage=0.66<0.8;E8_target_modelled=0<80;E9_target_disorder=1.00>0.2
6USM_1	6USM	MBP		False	X-RAY DIFFRACTION	3.37		A	371	364	0	0.9891	0.0055	1.0	Maltodextrin-binding protein	E1_not_chimeric_single_uniprot;E8_target_modelled=0<80;E9_target_disorder=1.00>0.2
6TZC_1	6TZC	MBP		False	X-RAY DIFFRACTION	2.41		A	371	365	0	0.9946	0.0027	1.0	Maltose/maltodextrin-binding periplasmic protein	E1_not_chimeric_single_uniprot;E8_target_modelled=0<80;E9_target_disorder=1.00>0.2
6SWR_1	6SWR	MBP		False	X-RAY DIFFRACTION	3.2		A	486	342	0	0.7435	0.0604	1.0	Nanobody, Maltose/maltodextrin-binding periplasmic protein,Maltodextrin-binding protein,Maltose/maltodextrin-binding periplasmic protein	E1_not_chimeric_single_uniprot;E6_align_coverage=0.74<0.8;E8_target_modelled=0<80;E9_target_disorder=1.00>0.2
6SQC_1	6SQC	MBP	Q92793	False	X-RAY DIFFRACTION	2.28	COMPLEX	A	424	368	54	0.9953	0.0	0.0	Maltose/maltodextrin-binding periplasmic protein,CREB-binding protein	E8_target_modelled=54<80
6SMV_1	6SMV	MBP		False	X-RAY DIFFRACTION	2.14		A	538	367	0	0.699	0.0	1.0	Maltose/maltodextrin-binding periplasmic protein,Protein E6,Mastermind-like protein 1	E1_multi_uniprot_n=3;E6_align_coverage=0.70<0.8;E8_target_modelled=0<80;E9_target_disorder=1.00>0.2
6SLM_1	6SLM	MBP		False	X-RAY DIFFRACTION	2.8		A	551	370	0	0.6865	0.0027	1.0	Maltose/maltodextrin-binding periplasmic protein,Protein E6,Ubiquitin-protein ligase E3A	E1_multi_uniprot_n=3;E6_align_coverage=0.69<0.8;E8_target_modelled=0<80;E9_target_disorder=1.00>0.2
6SJA_1	6SJA	MBP	Q14653	False	X-RAY DIFFRACTION	1.5	TERMINAL_N	A	383	361	12	0.9739	0.0	0.0	Maltose/maltodextrin-binding periplasmic protein,Interferon regulatory factor 3	E8_target_modelled=12<80
6SIV_1	6SIV	MBP	Q14653	False	X-RAY DIFFRACTION	1.752	TERMINAL_N	A	383	362	12	0.9765	0.0	0.0	Maltose/maltodextrin-binding periplasmic protein,Interferon regulatory factor 3	E8_target_modelled=12<80
6QZ7_1	6QZ7	MBP	Q07820	True	X-RAY DIFFRACTION	2.2	TERMINAL_N	A	518	362	149	0.9961	0.0109	0.0	Maltose/maltodextrin-binding periplasmic protein,Induced myeloid leukemia cell differentiation protein Mcl-1	
6QYO_1	6QYO	MBP	Q07820	True	X-RAY DIFFRACTION	2.1	TERMINAL_N	A	518	363	147	0.9942	0.0082	0.0134	Maltose/maltodextrin-binding periplasmic protein,Induced myeloid leukemia cell differentiation protein Mcl-1	
6QYN_1	6QYN	MBP	Q07820	True	X-RAY DIFFRACTION	2.5	TERMINAL_N	A	518	363	149	0.9942	0.0082	0.0	Maltose/maltodextrin-binding periplasmic protein,Induced myeloid leukemia cell differentiation protein Mcl-1	
6QYL_1	6QYL	MBP	Q07820	True	X-RAY DIFFRACTION	2.2	TERMINAL_N	A	518	362	149	0.9961	0.0109	0.0	Maltose/maltodextrin-binding periplasmic protein,Induced myeloid leukemia cell differentiation protein Mcl-1	
6QYK_1	6QYK	MBP	Q07820	True	X-RAY DIFFRACTION	2.3	TERMINAL_N	A	518	363	148	0.9942	0.0082	0.0067	Maltose/maltodextrin-binding periplasmic protein,Induced myeloid leukemia cell differentiation protein Mcl-1	
6QXJ_1	6QXJ	MBP	Q07820	True	X-RAY DIFFRACTION	1.7	TERMINAL_N	A	518	362	148	0.9942	0.0109	0.0067	Maltose-binding periplasmic protein,Induced myeloid leukemia cell differentiation protein Mcl-1	
6QUG_1	6QUG	MBP	I7MHJ5	False	X-RAY DIFFRACTION	2.7	TERMINAL_N	A	402	366	0	0.9812	0.0	1.0	Maltodextrin-binding protein,Nucleoporin, putative	E8_target_modelled=0<80;E9_target_disorder=1.00>0.2
6QGD_1	6QGD	MBP	Q07820	True	X-RAY DIFFRACTION	1.8	TERMINAL_N	A	518	362	147	0.9941	0.0109	0.0134	Maltose-binding periplasmic protein,Induced myeloid leukemia cell differentiation protein Mcl-1	
6P6W_1	6P6W	MBP	A8EVM5	False	ELECTRON MICROSCOPY	4.0	TERMINAL_N	A	661	0	229	1.0	1.0	0.1423	Fusion of Maltose-binding protein and voltage-gated sodium channel NavAb	E3_resolution=4.00>3.5;E7_fusion_modelled=0<50;E9_fusion_disorder=1.00>0.2
6OB5_1	6OB5	MBP		False	X-RAY DIFFRACTION	2.208		A	372	360	0	1.0	0.0323	1.0	Maltodextrin-binding protein	E1_not_chimeric_single_uniprot;E8_target_modelled=0<80;E9_target_disorder=1.00>0.2
6NDJ_1	6NDJ	MBP	P59044	False	X-RAY DIFFRACTION	2.27	TERMINAL_N	A	473	359	73	0.9841	0.0	0.2151	Maltose/maltodextrin-binding periplasmic protein, NACHT, LRR and PYD domains-containing protein 6 chimera	E8_target_modelled=73<80;E9_target_disorder=0.22>0.2
6N85_2	6N85	MBP	P19087	False	X-RAY DIFFRACTION	2.5	TERMINAL_N	M	415	365	24	0.9898	0.0027	0.0	Maltose/maltodextrin-binding periplasmic protein,Guanine nucleotide-binding protein G(t) subunit alpha-2	E8_target_modelled=24<80
6N84_1	6N84	MBP	P19087	False	X-RAY DIFFRACTION	1.75	TERMINAL_N	A	415	366	22	0.9898	0.0	0.0833	Maltose/maltodextrin-binding periplasmic protein,Guanine nucleotide-binding protein G(t) subunit alpha-2	E8_target_modelled=22<80
6M4W_1	6M4W	MBP	P62942	False	X-RAY DIFFRACTION	3.11	TERMINAL_N	A	405	366	32	0.9876	0.0	0.0	chimera of Maltose/maltodextrin-binding periplasmic protein and Peptidyl-prolyl cis-trans isomerase FKBP1A	E8_target_modelled=32<80
6M4V_1	6M4V	MBP	P62942	False	X-RAY DIFFRACTION	2.92	TERMINAL_N	A	405	360	32	0.9899	0.0164	0.0	chimera of Maltose/maltodextrin-binding periplasmic protein and Peptidyl-prolyl cis-trans isomerase FKBP1A	E8_target_modelled=32<80
6ZHO_1	6ZHO	MBP		False	X-RAY DIFFRACTION	1.6		A	594	367	0	0.636	0.0	1.0	Maltose/maltodextrin-binding periplasmic protein,Receptor activity-modifying protein 1,Calcitonin gene-related peptide type 1 receptor	E1_multi_uniprot_n=3;E6_align_coverage=0.64<0.8;E8_target_modelled=0<80;E9_target_disorder=1.00>0.2
7FBC_1	7FBC	MBP		False	X-RAY DIFFRACTION	1.85		A	461	370	0	0.8026	0.0	1.0	Maltodextrin-binding protein,De novo design protein D22	E1_not_chimeric_single_uniprot;E8_target_modelled=0<80;E9_target_disorder=1.00>0.2
7FBB_1	7FBB	MBP		False	X-RAY DIFFRACTION	2.307		A	442	363	0	0.8213	0.0	1.0	Maltodextrin-binding protein,de novo designed protein D12	E1_not_chimeric_single_uniprot;E8_target_modelled=0<80;E9_target_disorder=1.00>0.2
7E29_1	7E29	MBP	Q04213	False	X-RAY DIFFRACTION	2.303	TERMINAL_N	A	551	366	124	0.9879	0.0	0.3034	Maltose/maltodextrin-binding periplasmic protein,ISWI one complex protein 4	E9_target_disorder=0.30>0.2
7DDE_1	7DDE	MBP		False	ELECTRON MICROSCOPY	2.26		A	929	0	0	0.0	1.0	1.0	Aspartyl aminopeptidase 1,ZZ-type zinc finger-containing protein P35G2.11c,Maltose/maltodextrin-binding periplasmic protein	E1_multi_uniprot_n=3;E6_align_coverage=0.00<0.8;E7_fusion_modelled=0<50;E8_target_modelled=0<80;E9_fusion_disorder=1.00>0.2;E9_target_disorder=1.00>0.2
7DD9_1	7DD9	MBP		False	ELECTRON MICROSCOPY	2.4		A	1584	0	0	0.0	1.0	1.0	Alpha-mannosidase,ZZ-type zinc finger-containing protein P35G2.11c,Maltose/maltodextrin-binding periplasmic protein	E1_multi_uniprot_n=3;E6_align_coverage=0.00<0.8;E7_fusion_modelled=0<50;E8_target_modelled=0<80;E9_fusion_disorder=1.00>0.2;E9_target_disorder=1.00>0.2
7CY8_1	7CY8	MBP	A0A2K3D5Z7	True	X-RAY DIFFRACTION	2.4	TERMINAL_N	A	917	352	499	0.9918	0.0383	0.062	Maltodextrin-binding protein,5-methylcytosine-modifying enzyme 1	
7CY7_1	7CY7	MBP	A0A2K3D5Z7	True	X-RAY DIFFRACTION	2.15	TERMINAL_N	A	917	365	500	0.992	0.0027	0.0602	Maltodextrin-binding protein,5-methylcytosine-modifying enzyme 1	
7CY6_1	7CY6	MBP	A0A2K3D5Z7	True	X-RAY DIFFRACTION	2.1	TERMINAL_N	A	917	365	500	0.992	0.0027	0.0602	Maltodextrin-binding protein,5-methylcytosine-modifying enzyme 1	
7CY5_1	7CY5	MBP	A0A2K3D5Z7	True	X-RAY DIFFRACTION	2.2	TERMINAL_N	A	917	363	492	0.9919	0.0082	0.0752	Maltodextrin-binding protein,5-methylcytosine-modifying enzyme 1	
7CY4_1	7CY4	MBP	A0A2K3D5Z7	True	X-RAY DIFFRACTION	2.2	TERMINAL_N	A	917	357	494	0.9918	0.0246	0.0714	Maltodextrin-binding protein,5-methylcytosine-modifying enzyme 1	
7BY0_7	7BY0	MBP	O57393	False	ELECTRON MICROSCOPY	4.5	TERMINAL_N	K	664	0	51	1.0	1.0	0.8271	Maltose Binding Protein tag, linker,CENP-C	E3_resolution=4.50>3.5;E7_fusion_modelled=0<50;E8_target_modelled=51<80;E9_fusion_disorder=1.00>0.2;E9_target_disorder=0.83>0.2
7BXT_8	7BXT	MBP		False	ELECTRON MICROSCOPY	4.2		M	630	0	0	0.0	1.0	1.0	Maltodextrin-binding protein,Centromere protein N	E1_not_chimeric_single_uniprot;E3_resolution=4.20>3.5;E6_align_coverage=0.00<0.8;E7_fusion_modelled=0<50;E8_target_modelled=0<80;E9_fusion_disorder=1.00>0.2;E9_target_disorder=1.00>0.2
7BG0_1	7BG0	MBP	P10997	False	X-RAY DIFFRACTION	2.89	TERMINAL_N	A	408	361	33	0.9777	0.0	0.1081	Maltose/maltodextrin-binding periplasmic protein,Islet amyloid polypeptide	E8_target_modelled=33<80
7B01_1	7B01	MBP	Q76LX8	True	X-RAY DIFFRACTION	2.8	TERMINAL_N	A	608	366	222	1.0	0.0	0.0826	Maltodextrin-binding protein,Maltodextrin-binding protein,Maltodextrin-binding protein,ADAMTS13 CUB12,A disintegrin and metalloproteinase with thrombospondin motifs 13,A disintegrin and metalloproteinase with thrombospondin motifs 13,A disintegrin and metalloproteinase with thrombospondin motifs 13	
6YSN_1	6YSN	MBP	Q9UL62	False	ELECTRON MICROSCOPY	3.0	TERMINAL_N	A	1146	0	606	1.0	1.0	0.2078	Maltose/maltodextrin-binding periplasmic protein,Short transient receptor potential channel 5	E7_fusion_modelled=0<50;E9_fusion_disorder=1.00>0.2;E9_target_disorder=0.21>0.2
6YBL_1	6YBL	MBP	Q07820	True	X-RAY DIFFRACTION	2.1	TERMINAL_N	A	518	362	149	0.9961	0.0109	0.0	Maltose/maltodextrin-binding periplasmic protein,Induced myeloid leukemia cell differentiation protein Mcl-1	
6YBK_1	6YBK	MBP	Q07820	True	X-RAY DIFFRACTION	2.0	TERMINAL_N	A	518	364	149	0.9961	0.0055	0.0	Maltose/maltodextrin-binding periplasmic protein,Induced myeloid leukemia cell differentiation protein Mcl-1	
6YBJ_1	6YBJ	MBP	Q07820	True	X-RAY DIFFRACTION	2.5	TERMINAL_N	A	518	363	149	0.9961	0.0082	0.0	Maltose/maltodextrin-binding periplasmic protein,Induced myeloid leukemia cell differentiation protein Mcl-1	
6XRX_1	6XRX	MBP	Q8T5C5	True	X-RAY DIFFRACTION	1.95	TERMINAL_N	A	554	367	181	0.9946	0.0	0.0163	Maltose/maltodextrin-binding periplasmic protein, Mosquito protein AZ1	
6XDS_1	6XDS	MBP	Q9NZC2	True	X-RAY DIFFRACTION	1.466	TERMINAL_N	A	492	363	115	0.9856	0.0082	0.0336	Sugar ABC transporter substrate-binding protein,Triggering receptor expressed on myeloid cells 2	
6X91_1	6X91	MBP	P41238	False	X-RAY DIFFRACTION	3.51	TERMINAL_N	A	593	366	222	0.9932	0.0	0.0	Maltodextrin-binding protein, C->U-editing enzyme APOBEC-1 chimera	E3_resolution=3.51>3.5
6WGZ_1	6WGZ	MBP		False	X-RAY DIFFRACTION	2.2		A	371	362	0	0.9918	0.0109	1.0	Maltodextrin-binding protein	E1_not_chimeric_single_uniprot;E8_target_modelled=0<80;E9_target_disorder=1.00>0.2
6WBJ_1	6WBJ	MBP	Q9Z0J1	False	X-RAY DIFFRACTION	1.651	TERMINAL_N	A	447	364	63	0.9884	0.0	0.0308	Maltodextrin-binding protein,Reversion-inducing cysteine-rich protein with Kazal motifs fusion	E8_target_modelled=63<80
6WBH_1	6WBH	MBP	Q9Z0J1	False	X-RAY DIFFRACTION	2.455	TERMINAL_N	A	447	364	62	0.9884	0.0	0.0462	Maltodextrin-binding protein,Reversion-inducing cysteine-rich protein with Kazal motifs fusion	E8_target_modelled=62<80
7RJ5_1	7RJ5	MBP		False	ELECTRON MICROSCOPY	7.0		G	723	0	0	0.0	1.0	1.0	Maltodextrin-binding protein,Autotransporter outer membrane beta-barrel domain-containing protein chimera	E1_not_chimeric_single_uniprot;E3_resolution=7.00>3.5;E6_align_coverage=0.00<0.8;E7_fusion_modelled=0<50;E8_target_modelled=0<80;E9_fusion_disorder=1.00>0.2;E9_target_disorder=1.00>0.2
7P1H_1	7P1H	MBP	A0A023NA98	False	ELECTRON MICROSCOPY	3.9	TERMINAL_N	A	827	0	395	1.0	1.0	0.0814	Maltose/maltodextrin-binding periplasmic protein,RTX-toxin	E3_resolution=3.90>3.5;E7_fusion_modelled=0<50;E9_fusion_disorder=1.00>0.2
7P1G_1	7P1G	MBP	Q9I1S4	False	ELECTRON MICROSCOPY	3.2	TERMINAL_N	K	773	0	347	1.0	1.0	0.0796	Maltose/maltodextrin-binding periplasmic protein,Adenylate cyclase ExoY	E7_fusion_modelled=0<50;E9_fusion_disorder=1.00>0.2
7P0I_1	7P0I	MBP		False	X-RAY DIFFRACTION	2.3		A	594	367	0	0.6427	0.0	1.0	Maltose/maltodextrin-binding periplasmic protein,Receptor activity-modifying protein 1,Calcitonin gene-related peptide type 1 receptor	E1_multi_uniprot_n=3;E6_align_coverage=0.64<0.8;E8_target_modelled=0<80;E9_target_disorder=1.00>0.2
7P0F_1	7P0F	MBP		False	X-RAY DIFFRACTION	1.85		A	594	367	0	0.6637	0.0	1.0	Maltose/maltodextrin-binding periplasmic protein,Receptor activity-modifying protein 1,Calcitonin gene-related peptide type 1 receptor	E1_multi_uniprot_n=3;E6_align_coverage=0.66<0.8;E8_target_modelled=0<80;E9_target_disorder=1.00>0.2
7OMT_1	7OMT	MBP		False	X-RAY DIFFRACTION	2.0		A	520	360	0	0.7453	0.0	1.0	ProMacrobody 21	E1_not_chimeric_single_uniprot;E6_align_coverage=0.75<0.8;E8_target_modelled=0<80;E9_target_disorder=1.00>0.2
7OMM_4	7OMM	MBP		False	ELECTRON MICROSCOPY	3.4		D	526	360	0	0.7362	0.0	1.0	ProMacrobody 51,Maltodextrin-binding protein	E1_not_chimeric_single_uniprot;E6_align_coverage=0.74<0.8;E8_target_modelled=0<80;E9_target_disorder=1.00>0.2
7OMM_3	7OMM	MBP		False	ELECTRON MICROSCOPY	3.4		C	520	360	0	0.7516	0.0	1.0	ProMacrobody 21,Maltodextrin-binding protein	E1_not_chimeric_single_uniprot;E6_align_coverage=0.75<0.8;E8_target_modelled=0<80;E9_target_disorder=1.00>0.2
7O2W_2	7O2W	MBP	Q8TEV9	False	ELECTRON MICROSCOPY	3.8	TERMINAL_C	B	1206	0	422	1.0	1.0	0.4425	Guanine nucleotide exchange protein SMCR8,Guanine nucleotide exchange protein SMCR8,Maltose/maltodextrin-binding periplasmic protein	E3_resolution=3.80>3.5;E7_fusion_modelled=0<50;E9_fusion_disorder=1.00>0.2;E9_target_disorder=0.44>0.2
7NZM_5	7NZM	MBP	O75807	False	ELECTRON MICROSCOPY	3.96	TERMINAL_C	C	444	0	59	1.0	1.0	0.1806	Protein phosphatase 1 regulatory subunit 15A,Maltose/maltodextrin-binding periplasmic protein	E3_resolution=3.96>3.5;E7_fusion_modelled=0<50;E8_target_modelled=59<80;E9_fusion_disorder=1.00>0.2
7MQ7_1	7MQ7	MBP		False	X-RAY DIFFRACTION	1.95		A	373	370	0	0.992	0.0	1.0	Maltodextrin-binding protein	E1_not_chimeric_single_uniprot;E8_target_modelled=0<80;E9_target_disorder=1.00>0.2
7MQ6_1	7MQ6	MBP		False	X-RAY DIFFRACTION	2.372		A	373	370	0	0.992	0.0	1.0	Maltodextrin-binding protein	E1_not_chimeric_single_uniprot;E8_target_modelled=0<80;E9_target_disorder=1.00>0.2
7MN8_3	7MN8	MBP	P04626	False	ELECTRON MICROSCOPY	3.45	TERMINAL_C	B	1455	0	579	1.0	1.0	0.4373	Receptor tyrosine-protein kinase erbB-2,Maltose/maltodextrin-binding periplasmic protein	E7_fusion_modelled=0<50;E9_fusion_disorder=1.00>0.2;E9_target_disorder=0.44>0.2
7MN6_2	7MN6	MBP	P04626	False	ELECTRON MICROSCOPY	3.09	TERMINAL_C	B	1455	0	579	1.0	1.0	0.4373	Receptor tyrosine-protein kinase erbB-2,Maltose/maltodextrin-binding periplasmic protein	E7_fusion_modelled=0<50;E9_fusion_disorder=1.00>0.2;E9_target_disorder=0.44>0.2
7MN5_3	7MN5	MBP	P04626	False	ELECTRON MICROSCOPY	2.93	TERMINAL_C	B	1455	0	579	1.0	1.0	0.4373	Receptor tyrosine-protein kinase erbB-2,Maltose/maltodextrin-binding periplasmic protein	E7_fusion_modelled=0<50;E9_fusion_disorder=1.00>0.2;E9_target_disorder=0.44>0.2
7MK7_1	7MK7	MBP	Q6UXT8	False	X-RAY DIFFRACTION	2.42815184462	TERMINAL_C	A	421	322	47	1.0	0.0826	0.3286	ALK and LTK ligand 1,Maltodextrin-binding protein	E8_target_modelled=47<80;E9_target_disorder=0.33>0.2
7MHW_1	7MHW	MBP	Q2YLR6	True	X-RAY DIFFRACTION	2.55	TERMINAL_N	A	481	363	98	0.9788	0.0082	0.0297	Maltose/maltodextrin-binding periplasmic protein,Outer membrane lipoprotein omp19	
7M74_4	7M74	MBP		False	ELECTRON MICROSCOPY	3.93		M	373	362	0	0.9864	0.0136	1.0	Maltose/maltodextrin ABC transporter substrate-binding protein MalE	E1_not_chimeric_single_uniprot;E3_resolution=3.93>3.5;E8_target_modelled=0<80;E9_target_disorder=1.00>0.2
7KD4_1	7KD4	MBP	Q91MK1	False	X-RAY DIFFRACTION	1.312	TERMINAL_N	A	431	366	64	0.9977	0.0	0.0	Maltodextrin-binding protein and Phosphoprotein fusion protein	E8_target_modelled=64<80
7K48_1	7K48	MBP		False	ELECTRON MICROSCOPY	3.6		A	611	0	0	0.0	1.0	1.0	Maltose/maltodextrin-binding periplasmic protein,Ion transport protein,Sodium channel protein type 9 subunit alpha chimera	E1_multi_uniprot_n=3;E3_resolution=3.60>3.5;E6_align_coverage=0.00<0.8;E7_fusion_modelled=0<50;E8_target_modelled=0<80;E9_fusion_disorder=1.00>0.2;E9_target_disorder=1.00>0.2
7JTR_1	7JTR	MBP		False	X-RAY DIFFRACTION	2.5		A	369	369	0	1.0	0.0	1.0	Maltose/maltodextrin-binding periplasmic protein	E1_not_chimeric_single_uniprot;E8_target_modelled=0<80;E9_target_disorder=1.00>0.2
7JIJ_1	7JIJ	MBP		False	X-RAY DIFFRACTION	5.5		M	373	362	0	0.9864	0.0136	1.0	Maltose/maltodextrin ABC transporter substrate-binding protein MalE	E1_not_chimeric_single_uniprot;E3_resolution=5.50>3.5;E8_target_modelled=0<80;E9_target_disorder=1.00>0.2
7JHH_4	7JHH	MBP		False	ELECTRON MICROSCOPY	3.92		M	373	362	0	0.9864	0.0136	1.0	Maltodextrin-binding protein	E1_not_chimeric_single_uniprot;E3_resolution=3.92>3.5;E8_target_modelled=0<80;E9_target_disorder=1.00>0.2
7JHG_4	7JHG	MBP		False	ELECTRON MICROSCOPY	3.47		M	373	362	0	0.9864	0.0136	1.0	Maltodextrin-binding protein	E1_not_chimeric_single_uniprot;E8_target_modelled=0<80;E9_target_disorder=1.00>0.2
7FBD_1	7FBD	MBP		False	X-RAY DIFFRACTION	2.85		A	450	370	0	0.8222	0.0	1.0	Maltodextrin-binding protein,De novo design protein D53	E1_not_chimeric_single_uniprot;E8_target_modelled=0<80;E9_target_disorder=1.00>0.2
7RW6_1	7RW6	MBP	P03190	False	ELECTRON MICROSCOPY	2.55	TERMINAL_N	A	1197	0	642	1.0	1.0	0.2228	Maltose/maltodextrin-binding periplasmic protein,Ribonucleoside-diphosphate reductase large subunit	E7_fusion_modelled=0<50;E9_fusion_disorder=1.00>0.2;E9_target_disorder=0.22>0.2
7TSZ_6	7TSZ	MBP	O32591	False	ELECTRON MICROSCOPY	4.5	TERMINAL_N	P	764	0	8	0.8	1.0	0.9772	Maltose/maltodextrin-binding periplasmic protein,Serine protease EspP chimera	E3_resolution=4.50>3.5;E7_fusion_modelled=0<50;E8_target_modelled=8<80;E9_fusion_disorder=1.00>0.2;E9_target_disorder=0.98>0.2
7TT0_5	7TT0	MBP	O32591	False	ELECTRON MICROSCOPY	4.3	TERMINAL_N	P	764	0	22	0.9167	1.0	0.9373	Maltose/maltodextrin-binding periplasmic protein,Serine protease EspP chimera	E3_resolution=4.30>3.5;E7_fusion_modelled=0<50;E8_target_modelled=22<80;E9_fusion_disorder=1.00>0.2;E9_target_disorder=0.94>0.2
7TT1_1	7TT1	MBP	O32591	False	ELECTRON MICROSCOPY	4.3	TERMINAL_N	P	764	0	16	0.8889	1.0	0.9544	Maltose/maltodextrin-binding periplasmic protein,Serine protease EspP chimera	E3_resolution=4.30>3.5;E7_fusion_modelled=0<50;E8_target_modelled=16<80;E9_fusion_disorder=1.00>0.2;E9_target_disorder=0.95>0.2
7TT2_6	7TT2	MBP	O32591	False	ELECTRON MICROSCOPY	4.2	TERMINAL_N	P	764	0	16	0.8889	1.0	0.9544	Maltose/maltodextrin-binding periplasmic protein,Serine protease EspP chimera	E3_resolution=4.20>3.5;E7_fusion_modelled=0<50;E8_target_modelled=16<80;E9_fusion_disorder=1.00>0.2;E9_target_disorder=0.95>0.2
7TT3_6	7TT3	MBP	O32591	False	ELECTRON MICROSCOPY	4.3	TERMINAL_N	P	764	0	22	0.9167	1.0	0.9373	Maltose/maltodextrin-binding periplasmic protein,Serine protease EspP chimera	E3_resolution=4.30>3.5;E7_fusion_modelled=0<50;E8_target_modelled=22<80;E9_fusion_disorder=1.00>0.2;E9_target_disorder=0.94>0.2
7TT5_1	7TT5	MBP	O32591	False	ELECTRON MICROSCOPY	4.3	TERMINAL_N	P	764	0	147	0.9866	1.0	0.5812	Maltose/maltodextrin-binding periplasmic protein,Serine protease EspP chimera	E3_resolution=4.30>3.5;E7_fusion_modelled=0<50;E9_fusion_disorder=1.00>0.2;E9_target_disorder=0.58>0.2
7TT6_1	7TT6	MBP	O32591	False	ELECTRON MICROSCOPY	4.3	TERMINAL_N	P	764	0	147	0.9866	1.0	0.5812	Maltose/maltodextrin-binding periplasmic protein,Serine protease EspP chimera	E3_resolution=4.30>3.5;E7_fusion_modelled=0<50;E9_fusion_disorder=1.00>0.2;E9_target_disorder=0.58>0.2
7W3Z_1	7W3Z	MBP	P30550	False	ELECTRON MICROSCOPY	3.0	TERMINAL_N	A	897	0	301	1.0	1.0	0.0535	Maltodextrin-binding protein,Gastrin-releasing peptide receptor	E7_fusion_modelled=0<50;E9_fusion_disorder=1.00>0.2
7VQO_1	7VQO	MBP		False	ELECTRON MICROSCOPY	2.19		A	1616	0	0	0.0	1.0	1.0	Ams1, Nbr1 and malE fusion protein	E1_multi_uniprot_n=3;E6_align_coverage=0.00<0.8;E7_fusion_modelled=0<50;E8_target_modelled=0<80;E9_fusion_disorder=1.00>0.2;E9_target_disorder=1.00>0.2
7VN8_1	7VN8	MBP	Q8S307	False	X-RAY DIFFRACTION	2.04	COMPLEX	A	439	362	74	1.0	0.0	0.0263	Maltodextrin-binding protein,Protein BRASSINAZOLE-RESISTANT 1	E8_target_modelled=74<80
7VN7_1	7VN7	MBP	Q8S307	False	X-RAY DIFFRACTION	2.11	COMPLEX	A	439	362	74	0.9977	0.0	0.0263	Maltodextrin-binding protein,Protein BRASSINAZOLE-RESISTANT 1	E8_target_modelled=74<80
7VN6_1	7VN6	MBP	Q8S307	False	X-RAY DIFFRACTION	2.79	COMPLEX	A	439	362	74	0.9977	0.0	0.0263	Maltodextrin-binding protein,Protein BRASSINAZOLE-RESISTANT 1	E8_target_modelled=74<80
7VN5_1	7VN5	MBP	Q8S307	False	X-RAY DIFFRACTION	1.95	COMPLEX	A	439	362	74	1.0	0.0	0.0263	Maltodextrin-binding protein,Protein BRASSINAZOLE-RESISTANT 1	E8_target_modelled=74<80
7VN4_1	7VN4	MBP	Q8S307	False	X-RAY DIFFRACTION	2.1	COMPLEX	A	439	362	74	1.0	0.0	0.0263	Maltodextrin-binding protein,Protein BRASSINAZOLE-RESISTANT 1	E8_target_modelled=74<80
7VN3_1	7VN3	MBP	Q8S307	False	X-RAY DIFFRACTION	1.94	COMPLEX	A	439	362	74	0.9977	0.0	0.0263	Maltodextrin-binding protein,Protein BRASSINAZOLE-RESISTANT 1	E8_target_modelled=74<80
7VN2_1	7VN2	MBP	Q8S307	False	X-RAY DIFFRACTION	2.42	COMPLEX	A	439	362	74	1.0	0.0	0.0263	Maltodextrin-binding protein,Protein BRASSINAZOLE-RESISTANT 1	E8_target_modelled=74<80
7VH1_2	7VH1	MBP	Q6IUF9	False	ELECTRON MICROSCOPY	4.2	TERMINAL_N	B	496	0	49	1.0	1.0	0.4731	Maltose/maltodextrin-binding periplasmic protein,RING finger protein Z	E3_resolution=4.20>3.5;E7_fusion_modelled=0<50;E8_target_modelled=49<80;E9_fusion_disorder=1.00>0.2;E9_target_disorder=0.47>0.2
7VGQ_2	7VGQ	MBP	Q6IUF9	False	ELECTRON MICROSCOPY	4.0	TERMINAL_N	B	496	0	49	1.0	1.0	0.4731	Maltose/maltodextrin-binding periplasmic protein,RING finger protein Z	E3_resolution=4.00>3.5;E7_fusion_modelled=0<50;E8_target_modelled=49<80;E9_fusion_disorder=1.00>0.2;E9_target_disorder=0.47>0.2
7UAJ_1	7UAJ	MBP	P03126	True	X-RAY DIFFRACTION	3.25	TERMINAL_N	A	537	366	138	0.9863	0.0	0.0861	Maltose/maltodextrin-binding periplasmic protein,Protein E6	
7U0I_7	7U0I	MBP	Q01860	False	ELECTRON MICROSCOPY	2.6	TERMINAL_N	L	550	0	75	1.0	1.0	0.5161	Maltodextrin-binding protein,POU domain, class 5, transcription factor 1	E7_fusion_modelled=0<50;E8_target_modelled=75<80;E9_fusion_disorder=1.00>0.2;E9_target_disorder=0.52>0.2
7U0G_7	7U0G	MBP	Q01860	False	ELECTRON MICROSCOPY	2.6	TERMINAL_N	K	550	0	134	1.0	1.0	0.1242	Maltodextrin-binding protein,POU domain, class 5, transcription factor 1	E7_fusion_modelled=0<50;E9_fusion_disorder=1.00>0.2
7TT7_5	7TT7	MBP	O32591	False	ELECTRON MICROSCOPY	4.8	TERMINAL_N	P	764	0	150	0.9868	1.0	0.5726	Maltose/maltodextrin-binding periplasmic protein,Serine protease EspP chimera	E3_resolution=4.80>3.5;E7_fusion_modelled=0<50;E9_fusion_disorder=1.00>0.2;E9_target_disorder=0.57>0.2
7TT4_2	7TT4	MBP	O32591	False	ELECTRON MICROSCOPY	4.2	TERMINAL_N	P	764	0	23	0.92	1.0	0.9345	Maltose/maltodextrin-binding periplasmic protein,Serine protease EspP chimera	E3_resolution=4.20>3.5;E7_fusion_modelled=0<50;E8_target_modelled=23<80;E9_fusion_disorder=1.00>0.2;E9_target_disorder=0.93>0.2
7T31_1	7T31	MBP	Q185H8	True	X-RAY DIFFRACTION	2.3	TERMINAL_N	A	512	367	120	0.9939	0.0	0.0977	Maltose/maltodextrin-binding periplasmic protein,Putative pilin protein chimera	
8DEI_1	8DEI	MBP	Q12495	True	X-RAY DIFFRACTION	2.81	TERMINAL_N	A	490	364	87	0.9495	0.0055	0.0333	Maltodextrin-binding protein,Chromatin assembly factor 1 subunit p90 fusion	
8EL0_1	8EL0	MBP	Q07820	True	X-RAY DIFFRACTION	1.917	TERMINAL_N	A	532	366	148	0.9961	0.0	0.0067	Maltose/maltodextrin-binding periplasmic protein,Induced myeloid leukemia cell differentiation protein Mcl-1	
8F23_1	8F23	MBP		False	X-RAY DIFFRACTION	1.93		A	366	366	0	1.0	0.0	1.0	Zinc Sensor protein	E1_not_chimeric_single_uniprot;E8_target_modelled=0<80;E9_target_disorder=1.00>0.2
8ETB_1	8ETB	MBP		False	X-RAY DIFFRACTION	1.63		A	366	366	0	1.0	0.0	1.0	Zinc Sensor protein	E1_not_chimeric_single_uniprot;E8_target_modelled=0<80;E9_target_disorder=1.00>0.2
8EL1_1	8EL1	MBP	Q07820	True	X-RAY DIFFRACTION	2.406	TERMINAL_N	A	532	362	148	0.9961	0.0109	0.0067	Maltose/maltodextrin-binding periplasmic protein,Induced myeloid leukemia cell differentiation protein Mcl-1	
8EKX_1	8EKX	MBP	Q07820	True	X-RAY DIFFRACTION	1.55	TERMINAL_N	A	532	366	148	0.9961	0.0	0.0067	Maltose/maltodextrin-binding periplasmic protein,Induced myeloid leukemia cell differentiation protein Mcl-1	
8DX4_1	8DX4	MBP	A0A0H3N4W9	True	X-RAY DIFFRACTION	2.487	TERMINAL_N	A	512	366	130	0.998	0.0	0.0441	Maltodextrin-binding protein,Putative pilin protein	
8CRB_3	8CRB	MBP	G3XD49	False	ELECTRON MICROSCOPY	4.6	TERMINAL_N	C	692	0	139	1.0	1.0	0.524	Maltose/maltodextrin-binding periplasmic protein,Type III secretion protein PcrV	E3_resolution=4.60>3.5;E7_fusion_modelled=0<50;E9_fusion_disorder=1.00>0.2;E9_target_disorder=0.52>0.2
8CR9_3	8CR9	MBP	G3XD49	False	ELECTRON MICROSCOPY	4.2	TERMINAL_N	C	692	0	132	1.0	1.0	0.5479	Maltose/maltodextrin-binding periplasmic protein,Type III secretion protein PcrV	E3_resolution=4.20>3.5;E7_fusion_modelled=0<50;E9_fusion_disorder=1.00>0.2;E9_target_disorder=0.55>0.2
8CE0_1	8CE0	MBP	P02649	False	X-RAY DIFFRACTION	1.75	TERMINAL_N	A	675	0	143	1.0	1.0	0.5217	Maltodextrin-binding protein,Apolipoprotein E	E7_fusion_modelled=0<50;E9_fusion_disorder=1.00>0.2;E9_target_disorder=0.52>0.2
8CDY_1	8CDY	MBP	P02649	False	X-RAY DIFFRACTION	1.9	TERMINAL_N	A	675	0	143	1.0	1.0	0.5217	Maltodextrin-binding protein,Apolipoprotein E	E7_fusion_modelled=0<50;E9_fusion_disorder=1.00>0.2;E9_target_disorder=0.52>0.2
8C8F_1	8C8F	MBP		False	X-RAY DIFFRACTION	1.15		A	396	370	0	1.0	0.0657	1.0	Maltose/maltodextrin-binding periplasmic protein	E1_not_chimeric_single_uniprot;E8_target_modelled=0<80;E9_target_disorder=1.00>0.2
8C5L_1	8C5L	MBP	P10588	True	X-RAY DIFFRACTION	2.6	COMPLEX	A	568	363	187	0.9892	0.0	0.0556	Maltose/maltodextrin-binding periplasmic protein,Nuclear receptor subfamily 2 group F member 6	
8AX9_1	8AX9	MBP	P02649	False	X-RAY DIFFRACTION	1.549	TERMINAL_N	A	675	0	143	1.0	1.0	0.5217	Maltose/maltodextrin-binding periplasmic protein,Apolipoprotein E	E7_fusion_modelled=0<50;E9_fusion_disorder=1.00>0.2;E9_target_disorder=0.52>0.2
8AX8_1	8AX8	MBP	P02649	False	X-RAY DIFFRACTION	1.551	TERMINAL_N	A	675	0	135	1.0	1.0	0.5485	Maltose/maltodextrin-binding periplasmic protein,Apolipoprotein E	E7_fusion_modelled=0<50;E9_fusion_disorder=1.00>0.2;E9_target_disorder=0.55>0.2
8AX7_1	8AX7	MBP		False	X-RAY DIFFRACTION	1.65		A	593	367	0	0.645	0.0	1.0	Maltose/maltodextrin-binding periplasmic protein,Receptor activity-modifying protein 1,Calcitonin gene-related peptide type 1 receptor	E1_multi_uniprot_n=3;E6_align_coverage=0.64<0.8;E8_target_modelled=0<80;E9_target_disorder=1.00>0.2
8AX6_1	8AX6	MBP		False	X-RAY DIFFRACTION	1.9		A	593	367	0	0.6461	0.0	1.0	Maltose/maltodextrin-binding periplasmic protein,Receptor activity-modifying protein 1,Calcitonin gene-related peptide type 1 receptor	E1_multi_uniprot_n=3;E6_align_coverage=0.65<0.8;E8_target_modelled=0<80;E9_target_disorder=1.00>0.2
8AX5_1	8AX5	MBP		False	X-RAY DIFFRACTION	2.75		A	593	367	0	0.6685	0.0	1.0	Maltose/maltodextrin-binding periplasmic protein,Receptor activity-modifying protein 1,Calcitonin gene-related peptide type 1 receptor	E1_multi_uniprot_n=3;E6_align_coverage=0.67<0.8;E8_target_modelled=0<80;E9_target_disorder=1.00>0.2
8AG0_2	8AG0	MBP	O43715	False	X-RAY DIFFRACTION	2.7	TERMINAL_N	B	446	361	55	0.9765	0.0	0.2667	Maltose/maltodextrin-binding periplasmic protein,TP53-regulated inhibitor of apoptosis 1	E8_target_modelled=55<80;E9_target_disorder=0.27>0.2
7Z7H_2	7Z7H	MBP	Q8GF97	False	ELECTRON MICROSCOPY	3.8	TERMINAL_N	F	578	0	181	1.0	1.0	0.0055	Maltose/maltodextrin-binding periplasmic protein,TccC3	E3_resolution=3.80>3.5;E7_fusion_modelled=0<50;E9_fusion_disorder=1.00>0.2
7Y5Q_1	7Y5Q	MBP	Q13219	False	ELECTRON MICROSCOPY	3.8	TERMINAL_N	A	1944	0	380	1.0	1.0	0.7544	Maltose/maltodextrin-binding periplasmic protein,Pappalysin-1	E3_resolution=3.80>3.5;E7_fusion_modelled=0<50;E9_fusion_disorder=1.00>0.2;E9_target_disorder=0.75>0.2
7XQC_1	7XQC	MBP	P9WFM7	False	X-RAY DIFFRACTION	2.8	TERMINAL_N	A	450	366	44	0.9903	0.0	0.45	Fusion protein of Maltose-binding periplasmic protein and RNA-binding protein KhpA	E8_target_modelled=44<80;E9_target_disorder=0.45>0.2
7XMN_1	7XMN	MBP		False	X-RAY DIFFRACTION	2.3		A	370	363	0	0.9891	0.0082	1.0	Maltodextrin-binding protein	E1_not_chimeric_single_uniprot;E8_target_modelled=0<80;E9_target_disorder=1.00>0.2
7WR3_1	7WR3	MBP	A0A0H2US87	True	X-RAY DIFFRACTION	1.87	TERMINAL_N	A	806	358	424	0.9849	0.0	0.0208	MBP-fused OspC3	
7W40_1	7W40	MBP	P30550	False	ELECTRON MICROSCOPY	3.0	TERMINAL_N	A	897	0	301	1.0	1.0	0.0535	Maltodextrin-binding protein,Gastrin-releasing peptide receptor	E7_fusion_modelled=0<50;E9_fusion_disorder=1.00>0.2
8T2I_2	8T2I	MBP		False	ELECTRON MICROSCOPY	10.4		M	404	366	0	0.9812	0.0	1.0	Maltose/maltodextrin-binding periplasmic protein	E1_not_chimeric_single_uniprot;E3_resolution=10.40>3.5;E8_target_modelled=0<80;E9_target_disorder=1.00>0.2
8SVY_1	8SVY	MBP	Q07820	True	X-RAY DIFFRACTION	1.47	TERMINAL_N	A	518	365	149	0.9942	0.0027	0.0	Maltose/maltodextrin-binding periplasmic protein, Induced myeloid leukemia cell differentiation protein Mcl-1 chimera	
8SQB_6	8SQB	MBP	Q7BSW5	False	ELECTRON MICROSCOPY	3.8	TERMINAL_N	F	581	0	67	1.0	1.0	0.6825	Maltodextrin-binding protein,EspP(b7-12)	E3_resolution=3.80>3.5;E7_fusion_modelled=0<50;E8_target_modelled=67<80;E9_fusion_disorder=1.00>0.2;E9_target_disorder=0.68>0.2
8SQA_6	8SQA	MBP	O32591	False	ELECTRON MICROSCOPY	4.2	TERMINAL_N	F	551	0	68	1.0	1.0	0.3585	Maltose/maltodextrin-binding periplasmic protein,Autotransporter protein EspP translocator	E3_resolution=4.20>3.5;E7_fusion_modelled=0<50;E8_target_modelled=68<80;E9_fusion_disorder=1.00>0.2;E9_target_disorder=0.36>0.2
8SOK_1	8SOK	MBP	Q2NKJ3	False	ELECTRON MICROSCOPY	4.1	TERMINAL_N	A	1613	0	1158	1.0	1.0	0.0485	CST complex subunit CTC1	E3_resolution=4.10>3.5;E7_fusion_modelled=0<50;E9_fusion_disorder=1.00>0.2
8SOJ_1	8SOJ	MBP	Q2NKJ3	False	ELECTRON MICROSCOPY	3.8	TERMINAL_N	A	1613	0	1158	1.0	1.0	0.0485	CST complex subunit CTC1	E3_resolution=3.80>3.5;E7_fusion_modelled=0<50;E9_fusion_disorder=1.00>0.2
8SBU_1	8SBU	MBP	Q59028	True	X-RAY DIFFRACTION	2.2	TERMINAL_N	A	618	367	218	1.0	0.0027	0.0954	Maltose/maltodextrin-binding periplasmic protein,6-hydroxymethyl-7,8-dihydropterin pyrophosphokinase	
8QSO_1	8QSO	MBP	Q07820	True	X-RAY DIFFRACTION	2.106	TERMINAL_N	A	518	366	149	0.9942	0.0	0.0	Maltose/maltodextrin-binding periplasmic protein,Induced myeloid leukemia cell differentiation protein Mcl-1	
8JYX_1	8JYX	MBP	Q7SBA0	False	X-RAY DIFFRACTION	2.35	TERMINAL_N	A	635	366	191	0.9858	0.0	0.2568	Maltodextrin-binding protein,Gasdermin-like protein rcd-1-1	E9_target_disorder=0.26>0.2
8JXS_3	8JXS	MBP		False	ELECTRON MICROSCOPY	3.0		C	559	264	0	0.7742	0.2807	1.0	Maltose/maltodextrin-binding periplasmic protein,Immunoglobulin G-binding protein A,Immunoglobulin G-binding protein G	E1_multi_uniprot_n=3;E6_align_coverage=0.77<0.8;E8_target_modelled=0<80;E9_fusion_disorder=0.28>0.2;E9_target_disorder=1.00>0.2
8JXR_3	8JXR	MBP		False	ELECTRON MICROSCOPY	3.57		C	559	264	0	0.7742	0.2807	1.0	Maltose/maltodextrin-binding periplasmic protein,Immunoglobulin G-binding protein A,Immunoglobulin G-binding protein G	E1_multi_uniprot_n=3;E3_resolution=3.57>3.5;E6_align_coverage=0.77<0.8;E8_target_modelled=0<80;E9_fusion_disorder=0.28>0.2;E9_target_disorder=1.00>0.2
8JI0_2	8JI0	MBP	M9ZTT7	False	ELECTRON MICROSCOPY	3.0	TERMINAL_N	A	786	0	157	1.0	1.0	0.5901	Maltose/maltodextrin-binding periplasmic protein,Hemorrhagic toxin	E7_fusion_modelled=0<50;E9_fusion_disorder=1.00>0.2;E9_target_disorder=0.59>0.2
8J2P_1	8J2P	MBP	P29590	False	X-RAY DIFFRACTION	2.09	TERMINAL_N	A	428	365	42	0.9855	0.0027	0.2222	Maltose/maltodextrin-binding periplasmic protein,Protein PML	E8_target_modelled=42<80;E9_target_disorder=0.22>0.2
8J25_1	8J25	MBP	P29590	False	X-RAY DIFFRACTION	2.6	TERMINAL_N	A	428	365	42	0.9855	0.0027	0.2222	Maltose/maltodextrin-binding periplasmic protein,Protein PML	E8_target_modelled=42<80;E9_target_disorder=0.22>0.2
8IIZ_1	8IIZ	MBP	O95619	True	X-RAY DIFFRACTION	2.1	TERMINAL_N	A	514	366	136	0.9921	0.0	0.0355	Maltodextrin-binding protein,YEATS domain-containing protein 4	
8IIY_1	8IIY	MBP	O95619	True	X-RAY DIFFRACTION	2.15	TERMINAL_N	A	514	364	138	0.9921	0.0055	0.0213	Maltodextrin-binding protein,YEATS domain-containing protein 4	
8HLB_1	8HLB	MBP	P20333	False	ELECTRON MICROSCOPY	3.63	TERMINAL_C	A	550	0	112	1.0	1.0	0.3708	Tumor necrosis factor receptor superfamily member 1B,Maltose/maltodextrin-binding periplasmic protein	E3_resolution=3.63>3.5;E7_fusion_modelled=0<50;E9_fusion_disorder=1.00>0.2;E9_target_disorder=0.37>0.2
8HGH_1	8HGH	MBP	Q13219	False	ELECTRON MICROSCOPY	4.16	TERMINAL_N	A	1944	0	1462	1.0	1.0	0.0549	Maltose/maltodextrin-binding periplasmic protein,Pappalysin-1	E3_resolution=4.16>3.5;E7_fusion_modelled=0<50;E9_fusion_disorder=1.00>0.2
8H68_1	8H68	MBP	Q8MNT9	True	X-RAY DIFFRACTION	2.2	TERMINAL_N	A	634	366	254	0.9936	0.0	0.0231	Maltose/maltodextrin-binding periplasmic protein,DNA N6-methyl adenine demethylase	
8GKH_2	8GKH	MBP	A0A0L0H5U9	False	ELECTRON MICROSCOPY	2.7	TERMINAL_N	P	1032	0	600	1.0	1.0	0.0581	Maltodextrin-binding protein (Fragment),OrfB_Zn_ribbon domain-containing protein	E7_fusion_modelled=0<50;E9_fusion_disorder=1.00>0.2
8GCR_1	8GCR	MBP	P03126	False	ELECTRON MICROSCOPY	3.38	TERMINAL_N	A	541	0	140	1.0	1.0	0.1139	Maltose/maltodextrin-binding periplasmic protein,Protein E6	E7_fusion_modelled=0<50;E9_fusion_disorder=1.00>0.2
8G8W_3	8G8W	MBP		False	ELECTRON MICROSCOPY	3.8		C	494	88	0	0.4093	0.7556	1.0	Pro-Macrobody 65, Maltose/maltodextrin-binding periplasmic protein chimera	E1_not_chimeric_single_uniprot;E3_resolution=3.80>3.5;E6_align_coverage=0.41<0.8;E8_target_modelled=0<80;E9_fusion_disorder=0.76>0.2;E9_target_disorder=1.00>0.2
8G8W_2	8G8W	MBP		False	ELECTRON MICROSCOPY	3.8		B	490	274	0	0.6884	0.2389	1.0	Pro-macrobody 71, Maltose/maltodextrin-binding periplasmic protein chimera	E1_not_chimeric_single_uniprot;E3_resolution=3.80>3.5;E6_align_coverage=0.69<0.8;E8_target_modelled=0<80;E9_fusion_disorder=0.24>0.2;E9_target_disorder=1.00>0.2
8FV5_1	8FV5	MBP	F8SJT5	False	ELECTRON MICROSCOPY	4.21	TERMINAL_N	A	996	0	525	1.0	1.0	0.1279	Maltose/maltodextrin-binding periplasmic protein, phiPA3 PhuN	E3_resolution=4.21>3.5;E7_fusion_modelled=0<50;E9_fusion_disorder=1.00>0.2
8FNE_1	8FNE	MBP	F8SJT5	False	ELECTRON MICROSCOPY	3.9	TERMINAL_N	A	996	0	525	1.0	1.0	0.1279	Maltose/maltodextrin-binding periplasmic protein, PhuN	E3_resolution=3.90>3.5;E7_fusion_modelled=0<50;E9_fusion_disorder=1.00>0.2
8ZMS_1	8ZMS	MBP	Q16572	False	ELECTRON MICROSCOPY	3.7	TERMINAL_N	A	1047	0	372	0.9637	1.0	0.2424	Maltose/maltodextrin-binding periplasmic protein,Vesicular acetylcholine transporter,DARPinoff7	E3_resolution=3.70>3.5;E7_fusion_modelled=0<50;E9_fusion_disorder=1.00>0.2;E9_target_disorder=0.24>0.2
8ZMR_1	8ZMR	MBP	Q16572	False	ELECTRON MICROSCOPY	3.5	TERMINAL_N	A	1047	0	370	0.9635	1.0	0.2464	Maltose/maltodextrin-binding periplasmic protein,Vesicular acetylcholine transporter,DARPinoff7	E7_fusion_modelled=0<50;E9_fusion_disorder=1.00>0.2;E9_target_disorder=0.25>0.2
8ZHS_1	8ZHS	MBP		False	X-RAY DIFFRACTION	2.4		A	504	366	0	0.7262	0.0	1.0	Maltose/maltodextrin-binding periplasmic protein,N-terminal Bte1	E1_not_chimeric_single_uniprot;E6_align_coverage=0.73<0.8;E8_target_modelled=0<80;E9_target_disorder=1.00>0.2
8YBE_1	8YBE	MBP		False	ELECTRON MICROSCOPY	2.3		A	371	370	0	1.0	0.0	1.0	Maltose/maltodextrin-binding periplasmic protein	E1_not_chimeric_single_uniprot;E8_target_modelled=0<80;E9_target_disorder=1.00>0.2
8XB4_1	8XB4	MBP	P23975	False	ELECTRON MICROSCOPY	2.92	TERMINAL_N	A	1244	0	536	1.0	1.0	0.0496	GFP-MBP-solute carrier family 6 member 2	E7_fusion_modelled=0<50;E9_fusion_disorder=1.00>0.2
8XB3_1	8XB3	MBP	P23975	False	ELECTRON MICROSCOPY	2.8	TERMINAL_N	A	1244	0	535	1.0	1.0	0.0514	GFP-MBP-solute carrier family 6 member 2	E7_fusion_modelled=0<50;E9_fusion_disorder=1.00>0.2
8XB2_1	8XB2	MBP	P23975	False	ELECTRON MICROSCOPY	3.04	TERMINAL_N	A	1244	0	536	1.0	1.0	0.0496	GFP-MBP-solute carrier family 6 member 2,Maltose/maltodextrin-binding periplasmic protein,Sodium-dependent noradrenaline transporter,Maltose/maltodextrin-binding periplasmic protein,Sodium-dependent noradrenaline transporter	E7_fusion_modelled=0<50;E9_fusion_disorder=1.00>0.2
8X7W_1	8X7W	MBP	P59047	False	ELECTRON MICROSCOPY	3.36	TERMINAL_N	A	1530	0	976	1.0	1.0	0.1461	Maltose/maltodextrin-binding periplasmic protein,NACHT, LRR and PYD domains-containing protein 5	E7_fusion_modelled=0<50;E9_fusion_disorder=1.00>0.2
8X7V_1	8X7V	MBP	P59047	False	ELECTRON MICROSCOPY	3.01	TERMINAL_N	A	1530	0	976	1.0	1.0	0.1461	Maltose/maltodextrin-binding periplasmic protein,NACHT, LRR and PYD domains-containing protein 5	E7_fusion_modelled=0<50;E9_fusion_disorder=1.00>0.2
8X2Y_6	8X2Y	MBP	P47128	False	ELECTRON MICROSCOPY	4.1	TERMINAL_N	L	537	0	55	1.0	1.0	0.5133	Maltose/maltodextrin-binding periplasmic protein,Chromatin modification-related protein EAF6	E3_resolution=4.10>3.5;E7_fusion_modelled=0<50;E8_target_modelled=55<80;E9_fusion_disorder=1.00>0.2;E9_target_disorder=0.51>0.2
8X2X_1	8X2X	MBP	P47128	False	ELECTRON MICROSCOPY	3.8	TERMINAL_N	L	537	0	23	1.0	1.0	0.7965	Maltose/maltodextrin-binding periplasmic protein,Chromatin modification-related protein EAF6	E3_resolution=3.80>3.5;E7_fusion_modelled=0<50;E8_target_modelled=23<80;E9_fusion_disorder=1.00>0.2;E9_target_disorder=0.80>0.2
8VXN_1	8VXN	MBP		False	X-RAY DIFFRACTION	2.09		A	547	366	0	0.7276	0.0	1.0	Maltose/maltodextrin-binding periplasmic protein fused to apoptosis regulator Bcl-2/Bcl-xL chimera	E1_multi_uniprot_n=3;E6_align_coverage=0.73<0.8;E8_target_modelled=0<80;E9_target_disorder=1.00>0.2
8VXM_1	8VXM	MBP		False	X-RAY DIFFRACTION	2.1		A	547	366	0	0.7107	0.0	1.0	Maltose/maltodextrin-binding periplasmic protein fused to apoptosis regulator Bcl-2/Bcl-xL chimera	E1_multi_uniprot_n=3;E6_align_coverage=0.71<0.8;E8_target_modelled=0<80;E9_target_disorder=1.00>0.2
8VWZ_1	8VWZ	MBP		False	X-RAY DIFFRACTION	2.33		A	547	365	0	0.7199	0.0027	1.0	Maltose/maltodextrin-binding periplasmic protein fused to apoptosis regulator Bcl-2/Bcl-xL chimera	E1_multi_uniprot_n=3;E6_align_coverage=0.72<0.8;E8_target_modelled=0<80;E9_target_disorder=1.00>0.2
8VWX_1	8VWX	MBP		False	X-RAY DIFFRACTION	1.77		A	547	366	0	0.7291	0.0	1.0	Maltose/maltodextrin-binding periplasmic protein fused to apoptosis regulator Bcl-2/Bcl-xL chimera	E1_multi_uniprot_n=3;E6_align_coverage=0.73<0.8;E8_target_modelled=0<80;E9_target_disorder=1.00>0.2
8VRS_1	8VRS	MBP	Q8WXI7	False	X-RAY DIFFRACTION	2.47	TERMINAL_N	A	397	366	19	0.9872	0.0	0.2692	Maltose/maltodextrin-binding periplasmic protein,Mucin-16	E8_target_modelled=19<80;E9_target_disorder=0.27>0.2
8VG1_8	8VG1	MBP	P43694	False	ELECTRON MICROSCOPY	2.48	TERMINAL_N	T	835	0	53	1.0	1.0	0.8801	Maltose/maltodextrin-binding periplasmic protein,Transcription factor GATA-4	E7_fusion_modelled=0<50;E8_target_modelled=53<80;E9_fusion_disorder=1.00>0.2;E9_target_disorder=0.88>0.2
8VG0_7	8VG0	MBP	P43694	False	ELECTRON MICROSCOPY	3.07	TERMINAL_N	T	835	0	53	1.0	1.0	0.8801	Maltose/maltodextrin-binding periplasmic protein,Transcription factor GATA-4	E7_fusion_modelled=0<50;E8_target_modelled=53<80;E9_fusion_disorder=1.00>0.2;E9_target_disorder=0.88>0.2
8TNR_3	8TNR	MBP	Q13422	False	ELECTRON MICROSCOPY	2.5	TERMINAL_N	C	455	0	35	1.0	1.0	0.0278	Maltose/maltodextrin-binding periplasmic protein,SD40	E7_fusion_modelled=0<50;E8_target_modelled=35<80;E9_fusion_disorder=1.00>0.2
8TNQ_3	8TNQ	MBP	Q13422	False	ELECTRON MICROSCOPY	2.41	TERMINAL_N	C	455	0	35	1.0	1.0	0.0278	Maltose/maltodextrin-binding periplasmic protein,SD40	E7_fusion_modelled=0<50;E8_target_modelled=35<80;E9_fusion_disorder=1.00>0.2
8TNP_3	8TNP	MBP	Q13422	False	ELECTRON MICROSCOPY	3.3	TERMINAL_N	C	455	0	33	1.0	1.0	0.0833	Maltose/maltodextrin-binding periplasmic protein,SD40	E7_fusion_modelled=0<50;E8_target_modelled=33<80;E9_fusion_disorder=1.00>0.2
8TLX_1	8TLX	MBP	P42568	False	X-RAY DIFFRACTION	2.097	TERMINAL_N	A	442	366	69	0.9909	0.0	0.0	MBP and AF9 AHD fusion protein 3AQA	E8_target_modelled=69<80
8TLW_1	8TLW	MBP	P42568	False	X-RAY DIFFRACTION	2.106	TERMINAL_N	A	442	366	69	0.9932	0.0	0.0	MBP and AF9 AHD fusion protein 3AQA	E8_target_modelled=69<80
8TLV_1	8TLV	MBP	P42568	False	X-RAY DIFFRACTION	2.659	TERMINAL_N	A	443	366	63	0.9908	0.0	0.087	MBP and AF9 AHD fusion protein 4AQK	E8_target_modelled=63<80
8T6F_1	8T6F	MBP	Q07820	True	X-RAY DIFFRACTION	1.56	TERMINAL_N	A	518	366	148	0.9923	0.0	0.0	Maltose/maltodextrin-binding periplasmic protein/Induced myeloid leukemia cell differentiation protein Mcl-1 Chimera	
9BDT_4	9BDT	MBP		False	ELECTRON MICROSCOPY	5.4		B	545	357	0	0.6946	0.0028	1.0	Maltodextrin-binding protein,Immunoglobulin G-binding protein A,Immunoglobulin G-binding protein G	E1_multi_uniprot_n=3;E3_resolution=5.40>3.5;E6_align_coverage=0.69<0.8;E8_target_modelled=0<80;E9_target_disorder=1.00>0.2
9BOI_1	9BOI	MBP		False	ELECTRON MICROSCOPY	3.22		A	1275	0	0	0.0	1.0	1.0	mVenus,Maltose/maltodextrin-binding periplasmic protein,Protein spinster homolog 1,Designed ankyrin repeat protein (DARPin)	E1_multi_uniprot_n=3;E6_align_coverage=0.00<0.8;E7_fusion_modelled=0<50;E8_target_modelled=0<80;E9_fusion_disorder=1.00>0.2;E9_target_disorder=1.00>0.2
9FYQ_3	9FYQ	MBP		False	ELECTRON MICROSCOPY	3.25		D	490	0	0	0.0	1.0	1.0	Pro-Macrobody 5,Maltose/maltodextrin-binding periplasmic protein	E1_not_chimeric_single_uniprot;E6_align_coverage=0.00<0.8;E7_fusion_modelled=0<50;E8_target_modelled=0<80;E9_fusion_disorder=1.00>0.2;E9_target_disorder=1.00>0.2
9FKQ_1	9FKQ	MBP		False	ELECTRON MICROSCOPY	2.45		A	392	362	0	1.0	0.0109	1.0	Maltose/maltodextrin-binding periplasmic protein	E1_not_chimeric_single_uniprot;E8_target_modelled=0<80;E9_target_disorder=1.00>0.2
9FGV_1	9FGV	MBP		False	ELECTRON MICROSCOPY	3.39		A	392	366	0	1.0	0.0	1.0	Maltose/maltodextrin-binding periplasmic protein	E1_not_chimeric_single_uniprot;E8_target_modelled=0<80;E9_target_disorder=1.00>0.2
9DH3_1	9DH3	MBP	Q96P20	False	ELECTRON MICROSCOPY	3.76	TERMINAL_N	A	1267	366	815	1.0	0.0	0.0954	Maltose/maltodextrin-binding periplasmic protein,NACHT, LRR and PYD domains-containing protein 3 chimera	E3_resolution=3.76>3.5
9COO_2	9COO	MBP		False	ELECTRON MICROSCOPY	3.73		B	545	26	0	0.2031	0.9274	1.0	Maltodextrin-binding protein,Immunoglobulin G-binding protein A,Immunoglobulin G-binding protein G	E1_multi_uniprot_n=3;E3_resolution=3.73>3.5;E6_align_coverage=0.20<0.8;E7_fusion_modelled=26<50;E8_target_modelled=0<80;E9_fusion_disorder=0.93>0.2;E9_target_disorder=1.00>0.2
9CLD_1	9CLD	MBP		False	X-RAY DIFFRACTION	1.58		A	373	370	0	0.9973	0.0	1.0	Maltose/maltodextrin-binding periplasmic protein	E1_not_chimeric_single_uniprot;E8_target_modelled=0<80;E9_target_disorder=1.00>0.2
9CLC_1	9CLC	MBP		False	X-RAY DIFFRACTION	1.48		A	373	370	0	1.0	0.0	1.0	Maltose/maltodextrin-binding periplasmic protein	E1_not_chimeric_single_uniprot;E8_target_modelled=0<80;E9_target_disorder=1.00>0.2
9CF3_4	9CF3	MBP	A0A0B7NJM7	False	ELECTRON MICROSCOPY	3.2	TERMINAL_N	P	1259	0	726	1.0	1.0	0.1439	Maltose/maltodextrin-binding periplasmic protein,Parasitella parasitica Fanzor 1	E7_fusion_modelled=0<50;E9_fusion_disorder=1.00>0.2
9CF2_3	9CF2	MBP	A0A0B7NJM7	False	ELECTRON MICROSCOPY	3.15	TERMINAL_N	P	1259	0	726	1.0	1.0	0.1439	Maltose/maltodextrin-binding periplasmic protein,Parasitella parasitica Fanzor 1	E7_fusion_modelled=0<50;E9_fusion_disorder=1.00>0.2
9CF1_3	9CF1	MBP	A0A0B7NJM7	False	ELECTRON MICROSCOPY	3.52	TERMINAL_N	P	1259	0	726	1.0	1.0	0.1439	Maltose/maltodextrin-binding periplasmic protein,Parasitella parasitica Fanzor 1	E3_resolution=3.52>3.5;E7_fusion_modelled=0<50;E9_fusion_disorder=1.00>0.2
9CF0_3	9CF0	MBP	A0A0B7NJM7	False	ELECTRON MICROSCOPY	3.47	TERMINAL_N	P	1259	0	722	1.0	1.0	0.1486	Maltose/maltodextrin-binding periplasmic protein,Parasitella parasitica Fanzor 1	E7_fusion_modelled=0<50;E9_fusion_disorder=1.00>0.2
9CEZ_2	9CEZ	MBP	A0A0L0H5U9	False	ELECTRON MICROSCOPY	3.41	TERMINAL_N	P	1032	0	590	1.0	1.0	0.0738	Maltose/maltodextrin-binding periplasmic protein,Spizellomyces punctatus Fanzor 1	E7_fusion_modelled=0<50;E9_fusion_disorder=1.00>0.2
9CEY_2	9CEY	MBP	A0A0L0H5U9	False	ELECTRON MICROSCOPY	3.22	TERMINAL_N	P	1032	0	607	1.0	1.0	0.0471	Maltose/maltodextrin-binding periplasmic protein,Spizellomyces punctatus Fanzor 1	E7_fusion_modelled=0<50;E9_fusion_disorder=1.00>0.2
9CEX_4	9CEX	MBP	A0A0L0H5U9	False	ELECTRON MICROSCOPY	3.27	TERMINAL_N	P	1032	0	600	1.0	1.0	0.0581	Maltose/maltodextrin-binding periplasmic protein,Spizellomyces punctatus Fanzor 1	E7_fusion_modelled=0<50;E9_fusion_disorder=1.00>0.2
9CEW_2	9CEW	MBP	A0A0L0H5U9	False	ELECTRON MICROSCOPY	2.88	TERMINAL_N	P	1032	0	600	1.0	1.0	0.0581	Maltose/maltodextrin-binding periplasmic protein,Spizellomyces punctatus Fanzor 1	E7_fusion_modelled=0<50;E9_fusion_disorder=1.00>0.2
9CEV_2	9CEV	MBP	A0A0L0H5U9	False	ELECTRON MICROSCOPY	3.26	TERMINAL_N	P	1032	0	600	1.0	1.0	0.0581	Maltose/maltodextrin-binding periplasmic protein,Spizellomyces punctatus Fanzor 1	E7_fusion_modelled=0<50;E9_fusion_disorder=1.00>0.2
9CEU_2	9CEU	MBP	A0A0L0H5U9	False	ELECTRON MICROSCOPY	3.29	TERMINAL_N	P	1032	0	607	1.0	1.0	0.0471	Maltose/maltodextrin-binding periplasmic protein,Spizellomyces punctatus Fanzor 1	E7_fusion_modelled=0<50;E9_fusion_disorder=1.00>0.2
9CET_2	9CET	MBP	L1JXG4	False	ELECTRON MICROSCOPY	3.0	TERMINAL_N	P	1100	0	609	1.0	1.0	0.1161	Maltose/maltodextrin-binding periplasmic protein,Guillardia theta Fanzor1	E7_fusion_modelled=0<50;E9_fusion_disorder=1.00>0.2
9CES_2	9CES	MBP	L1JXG4	False	ELECTRON MICROSCOPY	3.28	TERMINAL_N	P	1100	0	609	1.0	1.0	0.1161	Maltose/maltodextrin-binding periplasmic protein,Guillardia theta Fanzor1	E7_fusion_modelled=0<50;E9_fusion_disorder=1.00>0.2
9CER_1	9CER	MBP	L1JXG4	False	ELECTRON MICROSCOPY	4.7	TERMINAL_N	P	1100	0	609	1.0	1.0	0.1161	Maltose/maltodextrin-binding periplasmic protein,Guillardia theta Fanzor1	E3_resolution=4.70>3.5;E7_fusion_modelled=0<50;E9_fusion_disorder=1.00>0.2
9BDE_4	9BDE	MBP		False	ELECTRON MICROSCOPY	4.18		B	545	310	0	0.6652	0.1341	1.0	Maltose/maltodextrin-binding periplasmic protein,Immunoglobulin G-binding protein A,Immunoglobulin G-binding protein G	E1_multi_uniprot_n=3;E3_resolution=4.18>3.5;E6_align_coverage=0.67<0.8;E8_target_modelled=0<80;E9_target_disorder=1.00>0.2
9BCG_1	9BCG	MBP	Q07820	True	X-RAY DIFFRACTION	1.898	TERMINAL_N	A	516	366	148	0.9961	0.0	0.0	Maltose/maltodextrin-binding periplasmic protein,Induced myeloid leukemia cell differentiation protein Mcl-1	
8ZQE_5	8ZQE	MBP		False	ELECTRON MICROSCOPY	2.9		R	881	0	0	0.0	1.0	1.0	GPR15	E1_multi_uniprot_n=3;E6_align_coverage=0.00<0.8;E7_fusion_modelled=0<50;E8_target_modelled=0<80;E9_fusion_disorder=1.00>0.2;E9_target_disorder=1.00>0.2
9VUL_2	9VUL	MBP	P35975	False	ELECTRON MICROSCOPY	3.13	TERMINAL_N	L	2630	0	1262	1.0	1.0	0.4219	Maltose/maltodextrin-binding periplasmic protein,RNA-directed RNA polymerase L,Strep II and FLAG tag	E7_fusion_modelled=0<50;E9_fusion_disorder=1.00>0.2;E9_target_disorder=0.42>0.2
9VUL_1	9VUL	MBP	P35974	False	ELECTRON MICROSCOPY	3.13	TERMINAL_N	A	602	0	133	1.0	1.0	0.348	Maltose/maltodextrin-binding periplasmic protein,Phosphoprotein	E7_fusion_modelled=0<50;E9_fusion_disorder=1.00>0.2;E9_target_disorder=0.35>0.2
9VBV_1	9VBV	MBP	Q8GZ99	False	ELECTRON MICROSCOPY	3.61	TERMINAL_C	A	893	0	521	1.0	1.0	0.0038	Leucine-rich repeat receptor protein kinase HPCA1,Maltose/maltodextrin-binding periplasmic protein	E3_resolution=3.61>3.5;E7_fusion_modelled=0<50;E9_fusion_disorder=1.00>0.2
9VBD_1	9VBD	MBP	Q8GZ99	False	ELECTRON MICROSCOPY	3.26	TERMINAL_C	A	893	0	521	1.0	1.0	0.0038	Leucine-rich repeat receptor protein kinase HPCA1,Maltose/maltodextrin-binding periplasmic protein	E7_fusion_modelled=0<50;E9_fusion_disorder=1.00>0.2
9UU0_1	9UU0	MBP		False	X-RAY DIFFRACTION	2.72		A	590	366	0	0.6203	0.0	1.0	Maltose/maltodextrin-binding periplasmic protein,Bacteroides fragilis T6SS effector	E1_not_chimeric_single_uniprot;E6_align_coverage=0.62<0.8;E8_target_modelled=0<80;E9_target_disorder=1.00>0.2
9UJY_1	9UJY	MBP	Q9W1K4	False	X-RAY DIFFRACTION	2.26	TERMINAL_N	A	426	359	64	0.993	0.0	0.0	Maltose/maltodextrin-binding periplasmic protein,Egalitarian, isoform B	E8_target_modelled=64<80
9TNZ_1	9TNZ	MBP	P23497	False	ELECTRON MICROSCOPY	3.52	TERMINAL_N	A	525	0	99	1.0	1.0	0.1538	Maltose/maltodextrin-binding periplasmic protein,Nuclear autoantigen Sp-100	E3_resolution=3.52>3.5;E7_fusion_modelled=0<50;E9_fusion_disorder=1.00>0.2
9T3X_3	9T3X	MBP	Q86VM9	False	ELECTRON MICROSCOPY	2.1	TERMINAL_N	C	464	0	7	0.3889	1.0	0.8	Maltose/maltodextrin-binding periplasmic protein,Zinc finger CCCH domain-containing protein 18	E6_align_coverage=0.39<0.8;E7_fusion_modelled=0<50;E8_target_modelled=7<80;E9_fusion_disorder=1.00>0.2;E9_target_disorder=0.80>0.2
9SKZ_1	9SKZ	MBP	O85042	False	ELECTRON MICROSCOPY	2.22	TERMINAL_N	A	919	0	467	1.0	1.0	0.0897	Maltose/maltodextrin-binding periplasmic protein,Carboxysome shell carbonic anhydrase	E7_fusion_modelled=0<50;E9_fusion_disorder=1.00>0.2
9SKY_1	9SKY	MBP	O85042	False	ELECTRON MICROSCOPY	2.18	TERMINAL_N	A	919	0	475	1.0	1.0	0.0741	Maltose/maltodextrin-binding periplasmic protein,Carboxysome shell carbonic anhydrase	E7_fusion_modelled=0<50;E9_fusion_disorder=1.00>0.2
9SKX_1	9SKX	MBP	O85042	False	ELECTRON MICROSCOPY	2.08	TERMINAL_N	A	919	0	475	1.0	1.0	0.0741	Maltose/maltodextrin-binding periplasmic protein,Carboxysome shell carbonic anhydrase	E7_fusion_modelled=0<50;E9_fusion_disorder=1.00>0.2
9SKW_1	9SKW	MBP	O85042	False	ELECTRON MICROSCOPY	2.27	TERMINAL_N	A	919	0	467	1.0	1.0	0.0897	Maltose/maltodextrin-binding periplasmic protein,Carboxysome shell carbonic anhydrase	E7_fusion_modelled=0<50;E9_fusion_disorder=1.00>0.2
9SKV_1	9SKV	MBP	O85042	False	ELECTRON MICROSCOPY	2.12	TERMINAL_N	A	919	0	475	1.0	1.0	0.0741	Maltose/maltodextrin-binding periplasmic protein,Carboxysome shell carbonic anhydrase	E7_fusion_modelled=0<50;E9_fusion_disorder=1.00>0.2
9SKU_1	9SKU	MBP	O85042	False	ELECTRON MICROSCOPY	2.06	TERMINAL_N	A	919	0	467	1.0	1.0	0.0897	Maltose/maltodextrin-binding periplasmic protein,Carboxysome shell carbonic anhydrase	E7_fusion_modelled=0<50;E9_fusion_disorder=1.00>0.2
9SKT_1	9SKT	MBP	O85042	False	ELECTRON MICROSCOPY	2.45	TERMINAL_N	A	919	0	475	1.0	1.0	0.0741	Maltose/maltodextrin-binding periplasmic protein,Carboxysome shell carbonic anhydrase	E7_fusion_modelled=0<50;E9_fusion_disorder=1.00>0.2
9SKS_1	9SKS	MBP	O85042	False	ELECTRON MICROSCOPY	2.15	TERMINAL_N	A	919	0	475	1.0	1.0	0.0741	Maltose/maltodextrin-binding periplasmic protein,Carboxysome shell carbonic anhydrase	E7_fusion_modelled=0<50;E9_fusion_disorder=1.00>0.2
9SKR_1	9SKR	MBP	O85042	False	ELECTRON MICROSCOPY	2.13	TERMINAL_N	A	919	0	467	1.0	1.0	0.0897	Maltose/maltodextrin-binding periplasmic protein,Carboxysome shell carbonic anhydrase	E7_fusion_modelled=0<50;E9_fusion_disorder=1.00>0.2
9PX5_1	9PX5	MBP	Q9NZC2	False	X-RAY DIFFRACTION	3.7	TERMINAL_N	A	492	360	103	0.9978	0.0164	0.1271	Maltose/maltodextrin-binding periplasmic protein,Triggering receptor expressed on myeloid cells 2	E3_resolution=3.70>3.5
9PGN_1	9PGN	MBP		False	SOLUTION NMR			A	369	369	0	1.0	0.0	1.0	Maltose/maltodextrin ABC transporter substrate-binding protein MalE	E1_not_chimeric_single_uniprot;E2_method=SOLUTION NMR;E3_no_resolution;E8_target_modelled=0<80;E9_target_disorder=1.00>0.2
9P0X_4	9P0X	MBP	P13726	False	ELECTRON MICROSCOPY	3.7	TERMINAL_C	T	611	0	201	1.0	1.0	0.159	Tissue factor,Maltose/maltodextrin-binding periplasmic protein	E3_resolution=3.70>3.5;E7_fusion_modelled=0<50;E9_fusion_disorder=1.00>0.2
9LN6_2	9LN6	MBP	Q96T88	False	ELECTRON MICROSCOPY	3.49	TERMINAL_N	B	495	0	75	1.0	1.0	0.0385	Maltose/maltodextrin-binding periplasmic protein,E3 ubiquitin-protein ligase UHRF1	E7_fusion_modelled=0<50;E8_target_modelled=75<80;E9_fusion_disorder=1.00>0.2
9LN6_1	9LN6	MBP	Q86W24	False	ELECTRON MICROSCOPY	3.49	TERMINAL_N	A	1506	0	937	1.0	1.0	0.1427	Maltose/maltodextrin-binding periplasmic protein,NACHT, LRR and PYD domains-containing protein 14	E7_fusion_modelled=0<50;E9_fusion_disorder=1.00>0.2
9HXN_1	9HXN	MBP		False	ELECTRON MICROSCOPY	3.23		A	1052	0	0	0.0	1.0	1.0	Maltose/maltodextrin-binding periplasmic protein,Bacterial antiviral defense protein Ec1ApeA from Escherichia coli strain NCTC8008	E1_not_chimeric_single_uniprot;E6_align_coverage=0.00<0.8;E7_fusion_modelled=0<50;E8_target_modelled=0<80;E9_fusion_disorder=1.00>0.2;E9_target_disorder=1.00>0.2
9HXJ_1	9HXJ	MBP		False	ELECTRON MICROSCOPY	3.0		A	1029	0	0	0.0	1.0	1.0	Maltose/maltodextrin-binding periplasmic protein,Bacterial antiviral defense protein Ec3ApeA from Escherichia coli strain KK-NP016	E1_not_chimeric_single_uniprot;E6_align_coverage=0.00<0.8;E7_fusion_modelled=0<50;E8_target_modelled=0<80;E9_fusion_disorder=1.00>0.2;E9_target_disorder=1.00>0.2
9FYR_3	9FYR	MBP		False	ELECTRON MICROSCOPY	3.6		D	490	0	0	0.0	1.0	1.0	Pro-Macrobody 5,Maltose/maltodextrin-binding periplasmic protein,Maltose/maltodextrin-binding periplasmic protein	E1_not_chimeric_single_uniprot;E3_resolution=3.60>3.5;E6_align_coverage=0.00<0.8;E7_fusion_modelled=0<50;E8_target_modelled=0<80;E9_fusion_disorder=1.00>0.2;E9_target_disorder=1.00>0.2
9XQC_5	9XQC	MBP	O95800	False	ELECTRON MICROSCOPY	3.0	TERMINAL_C	R	440	0	266	1.0	1.0	0.257	Probable G-protein coupled receptor 75,Maltose/maltodextrin-binding periplasmic protein	E7_fusion_modelled=0<50;E9_fusion_disorder=1.00>0.2;E9_target_disorder=0.26>0.2
9XKO_1	9XKO	MBP		False	ELECTRON MICROSCOPY	2.35		A	397	365	0	0.9918	0.0027	1.0	Maltose/maltodextrin-binding periplasmic protein	E1_not_chimeric_single_uniprot;E8_target_modelled=0<80;E9_target_disorder=1.00>0.2
9WY8_1	9WY8	MBP		False	ELECTRON MICROSCOPY	2.69		A	962	0	0	0.0	1.0	1.0	Maltose/maltodextrin-binding periplasmic protein,Reverse transcriptase domain-containing protein	E1_not_chimeric_single_uniprot;E6_align_coverage=0.00<0.8;E7_fusion_modelled=0<50;E8_target_modelled=0<80;E9_fusion_disorder=1.00>0.2;E9_target_disorder=1.00>0.2
9WBG_1	9WBG	MBP	Q504T8	False	ELECTRON MICROSCOPY	4.23	TERMINAL_N	f	856	0	196	1.0	1.0	0.5812	Maltose/maltodextrin-binding periplasmic protein,Midnolin	E3_resolution=4.23>3.5;E7_fusion_modelled=0<50;E9_fusion_disorder=1.00>0.2;E9_target_disorder=0.58>0.2
9W98_1	9W98	MBP	P48065	False	ELECTRON MICROSCOPY	2.71	TERMINAL_N	A	1291	0	536	1.0	1.0	0.127	GFP,Maltose/maltodextrin-binding periplasmic protein,Sodium- and chloride-dependent betaine transporter	E7_fusion_modelled=0<50;E9_fusion_disorder=1.00>0.2
9W97_1	9W97	MBP	P48065	False	ELECTRON MICROSCOPY	2.84	TERMINAL_N	A	1291	0	540	1.0	1.0	0.1205	GFP,Maltose/maltodextrin-binding periplasmic protein,Sodium- and chloride-dependent betaine transporter	E7_fusion_modelled=0<50;E9_fusion_disorder=1.00>0.2
9W3K_1	9W3K	MBP		False	ELECTRON MICROSCOPY	3.08		C	559	338	0	0.8145	0.079	1.0	Maltose/maltodextrin-binding periplasmic protein,Immunoglobulin G-binding protein A,Immunoglobulin G-binding protein G	E1_multi_uniprot_n=3;E8_target_modelled=0<80;E9_target_disorder=1.00>0.2
9W39_1	9W39	MBP	Q504T8	False	ELECTRON MICROSCOPY	3.65	TERMINAL_N	f	856	0	84	1.0	1.0	0.8205	Maltose/maltodextrin-binding periplasmic protein,Midnolin	E3_resolution=3.65>3.5;E7_fusion_modelled=0<50;E9_fusion_disorder=1.00>0.2;E9_target_disorder=0.82>0.2
9VV6_1	9VV6	MBP		False	ELECTRON MICROSCOPY	2.62		A	1398	0	0	0.0	1.0	1.0	Soluble cytochrome b562,2-oxoglutarate receptor 1,Soluble cytochrome b562,2-oxoglutarate receptor 1,Soluble cytochrome b562,2-oxoglutarate receptor 1,Fusion protein,Maltose/maltodextrin-binding periplasmic protein,Maltose/maltodextrin-binding periplasmic protein,Maltose/maltodextrin-binding periplasmic protein	E1_multi_uniprot_n=3;E6_align_coverage=0.00<0.8;E7_fusion_modelled=0<50;E8_target_modelled=0<80;E9_fusion_disorder=1.00>0.2;E9_target_disorder=1.00>0.2
9VUS_5	9VUS	MBP		False	ELECTRON MICROSCOPY	2.37		A	1398	0	0	0.0	1.0	1.0	Soluble cytochrome b562,2-oxoglutarate receptor 1,Soluble cytochrome b562,2-oxoglutarate receptor 1,Soluble cytochrome b562,2-oxoglutarate receptor 1,Fusion protein,Maltose/maltodextrin-binding periplasmic protein,Maltose/maltodextrin-binding periplasmic protein,Maltose/maltodextrin-binding periplasmic protein	E1_multi_uniprot_n=3;E6_align_coverage=0.00<0.8;E7_fusion_modelled=0<50;E8_target_modelled=0<80;E9_fusion_disorder=1.00>0.2;E9_target_disorder=1.00>0.2
9VUM_2	9VUM	MBP	Q9IK91	False	ELECTRON MICROSCOPY	2.84	TERMINAL_N	A	638	0	143	1.0	1.0	0.4042	Maltose/maltodextrin-binding periplasmic protein,Phosphoprotein	E7_fusion_modelled=0<50;E9_fusion_disorder=1.00>0.2;E9_target_disorder=0.40>0.2
9VUM_1	9VUM	MBP	Q997F0	False	ELECTRON MICROSCOPY	2.84	TERMINAL_N	L	1904	0	1281	1.0	1.0	0.1256	Maltose/maltodextrin-binding periplasmic protein,RNA-directed RNA polymerase L	E7_fusion_modelled=0<50;E9_fusion_disorder=1.00>0.2
