pdb_id	chain	fusion_partner	target_accession	topology	resolution	detector	condition	rank	score	extra_score	centroid_x	centroid_y	centroid_z	n_residues	n_classifiable	f_target	f_fusion	f_linker	dist_to_deletion_boundary	ref_site_overlap_n	ref_site_overlap_frac	recovers_reference_site	class_at_0.50	class_at_0.70	class_at_0.90	pocket_class	fusion_associated	residues
3N94	A	MBP	P41586	TERMINAL_N	1.8	fpocket	ORIGINAL	1	0.084	0.001	-11.042523809523809	18.36242857142857	2.505952380952381	10	10	1.0	0.0	0.0		0		False	TARGET_DOMINATED	TARGET_DOMINATED	TARGET_DOMINATED	TARGET_DOMINATED	False	104;96;103;106;94;72;107;111;108;105
3N94	A	MBP	P41586	TERMINAL_N	1.8	fpocket	ORIGINAL	2	0.036	0.008	5.108290322580644	17.65912903225807	11.971258064516128	13	13	1.0	0.0	0.0		0		False	TARGET_DOMINATED	TARGET_DOMINATED	TARGET_DOMINATED	TARGET_DOMINATED	False	65;37;38;75;73;63;30;79;78;74;62;76;77
3N94	A	MBP	P41586	TERMINAL_N	1.8	fpocket	ORIGINAL	3	0.005	0.0	-6.95635294117647	16.66570588235294	-28.428352941176467	6	6	0.0	1.0	0.0		0		False	FUSION_DOMINATED	FUSION_DOMINATED	FUSION_DOMINATED	FUSION_DOMINATED	True	-154;-151;-215;-150;-147;-145
3N94	A	MBP	P41586	TERMINAL_N	1.8	fpocket	ORIGINAL	4	-0.007	0.001	17.345275862068966	-22.1291724137931	-16.365448275862068	8	8	0.0	1.0	0.0		0		False	FUSION_DOMINATED	FUSION_DOMINATED	FUSION_DOMINATED	FUSION_DOMINATED	True	-63;-260;-62;-61;-60;-42;-44;-43
3N94	A	MBP	P41586	TERMINAL_N	1.8	fpocket	ORIGINAL	5	-0.009	0.0	27.40193333333333	14.115466666666668	-15.151666666666666	6	6	0.0	1.0	0.0		0		False	FUSION_DOMINATED	FUSION_DOMINATED	FUSION_DOMINATED	FUSION_DOMINATED	True	-172;-173;-170;-175;-176;-171
3N94	A	MBP	P41586	TERMINAL_N	1.8	fpocket	ORIGINAL	6	-0.011	0.004	8.272785714285712	-24.80466666666667	-8.138166666666667	10	10	0.0	1.0	0.0		0		False	FUSION_DOMINATED	FUSION_DOMINATED	FUSION_DOMINATED	FUSION_DOMINATED	True	-56;-326;-325;-66;-65;-318;-60;-322;-62;-59
3N94	A	MBP	P41586	TERMINAL_N	1.8	fpocket	ORIGINAL	7	-0.021	0.001	12.475559999999998	23.71688000000001	-3.7686800000000007	9	9	0.5556	0.1111	0.3333		0		False	TARGET_DOMINATED	MIXED	MIXED	MIXED	False	26;82;79;83;80;19;18;23;22
3N94	A	MBP	P41586	TERMINAL_N	1.8	fpocket	ORIGINAL	8	-0.023	0.003	6.290330188679243	5.287584905660378	9.132915094339628	21	21	0.619	0.381	0.0		0		False	TARGET_DOMINATED	INTERFACE	INTERFACE	INTERFACE	True	35;-295;-296;36;39;-302;-306;-307;-303;58;38;60;-299;42;59;95;57;43;56;-298;102
3N94	A	MBP	P41586	TERMINAL_N	1.8	fpocket	ORIGINAL	9	-0.029	0.0	6.524526315789474	-23.609263157894738	-19.480736842105262	8	8	0.0	1.0	0.0		0		False	FUSION_DOMINATED	FUSION_DOMINATED	FUSION_DOMINATED	FUSION_DOMINATED	True	-38;-41;-61;-57;-60;-37;-54;-53
3N94	A	MBP	P41586	TERMINAL_N	1.8	fpocket	ORIGINAL	10	-0.029	0.001	1.7425294117647059	28.286294117647056	-10.856529411764704	10	10	0.5	0.5	0.0		0		False	FUSION_DOMINATED	INTERFACE	INTERFACE	INTERFACE	True	8;11;7;110;114;115;15;83;84;6
3N94	A	MBP	P41586	TERMINAL_N	1.8	fpocket	ORIGINAL	11	-0.032	0.001	22.135272727272724	-13.800727272727274	0.5459090909090909	9	9	0.0	1.0	0.0		0		False	FUSION_DOMINATED	FUSION_DOMINATED	FUSION_DOMINATED	FUSION_DOMINATED	True	-270;-75;-268;-271;-74;-71;-82;-269;-242
3N94	A	MBP	P41586	TERMINAL_N	1.8	fpocket	ORIGINAL	12	-0.032	0.0	25.38176190476191	-1.0482380952380954	-1.598857142857143	8	8	0.0	1.0	0.0		0		False	FUSION_DOMINATED	FUSION_DOMINATED	FUSION_DOMINATED	FUSION_DOMINATED	True	-270;-246;-276;-277;-249;-244;-272;-248
3N94	A	MBP	P41586	TERMINAL_N	1.8	fpocket	ORIGINAL	13	-0.034	0.0	-5.0261499999999995	-5.4300500000000005	-11.2766	8	8	0.0	1.0	0.0		0		False	FUSION_DOMINATED	FUSION_DOMINATED	FUSION_DOMINATED	FUSION_DOMINATED	True	-138;-134;-114;-334;-51;-118;-335;-117
3N94	A	MBP	P41586	TERMINAL_N	1.8	fpocket	ORIGINAL	14	-0.058	0.001	1.9920624999999998	4.3694375	19.1595	7	7	1.0	0.0	0.0		0		False	TARGET_DOMINATED	TARGET_DOMINATED	TARGET_DOMINATED	TARGET_DOMINATED	False	42;55;52;56;45;46;50
3N94	A	MBP	P41586	TERMINAL_N	1.8	fpocket	ORIGINAL	15	-0.058	0.0	-7.382294117647058	15.264117647058825	-11.358705882352943	8	8	0.0	1.0	0.0		0		False	FUSION_DOMINATED	FUSION_DOMINATED	FUSION_DOMINATED	FUSION_DOMINATED	True	-141;-142;4;-196;6;0;3;-197
3N94	A	MBP	P41586	TERMINAL_N	1.8	fpocket	ORIGINAL	16	-0.068	0.002	5.200716723549487	7.061737201365184	-6.232750853242321	50	50	0.2	0.76	0.04		0		False	FUSION_DOMINATED	FUSION_DOMINATED	INTERFACE	FUSION_DOMINATED	True	-279;-11;-278;-300;24;-282;-306;-303;60;-275;-14;-283;-15;-286;-285;-237;-193;-7;-299;28;-4;59;-304;-8;-333;-336;-86;-118;-287;31;27;-195;-194;-18;61;108;0;-196;23;-3;-192;6;1;-334;-138;-198;81;-307;110;109
3N94	A	MBP	P41586	TERMINAL_N	1.8	fpocket	ORIGINAL	17	-0.074	0.0	15.2199375	6.3606875	5.508624999999999	8	8	0.5	0.5	0.0		0		False	FUSION_DOMINATED	INTERFACE	INTERFACE	INTERFACE	True	-273;-300;-275;-296;31;35;28;32
3N94	A	MBP	P41586	TERMINAL_N	1.8	fpocket	ORIGINAL	18	-0.078	0.0	23.975	7.359148148148146	-8.776	13	13	0.0	0.9231	0.0769		0		False	FUSION_DOMINATED	FUSION_DOMINATED	FUSION_DOMINATED	FUSION_DOMINATED	True	-248;-249;-16;-15;-172;-170;-14;24;-13;-276;-250;-173;-174
3N94	A	MBP	P41586	TERMINAL_N	1.8	fpocket	ORIGINAL	19	-0.098	0.0	25.7123	-11.84015	-17.157649999999997	9	9	0.0	1.0	0.0		0		False	FUSION_DOMINATED	FUSION_DOMINATED	FUSION_DOMINATED	FUSION_DOMINATED	True	-261;-43;-257;-253;-250;-259;-262;-265;-254
3N94	A	MBP	P41586	TERMINAL_N	1.8	fpocket	ORIGINAL	20	-0.103	0.0	-2.7221904761904763	-9.792095238095238	-30.490285714285715	8	8	0.0	1.0	0.0		0		False	FUSION_DOMINATED	FUSION_DOMINATED	FUSION_DOMINATED	FUSION_DOMINATED	True	-104;-103;-231;-229;-32;-33;-106;-105
3N94	A	MBP	P41586	TERMINAL_N	1.8	fpocket	ORIGINAL	21	-0.127	0.0	18.4681	5.4291399999999985	-19.048490000000005	22	22	0.0	1.0	0.0		0		False	FUSION_DOMINATED	FUSION_DOMINATED	FUSION_DOMINATED	FUSION_DOMINATED	True	-177;-172;-174;-19;-20;-253;-16;-179;-17;-180;-250;-90;-256;-252;-18;-178;-181;-182;-190;-92;-284;-186
3N94	A	MBP	P41586	TERMINAL_N	1.8	fpocket	ORIGINAL	22	-0.13	0.001	-0.37776666666666653	0.1064999999999999	-35.73963333333333	10	10	0.0	1.0	0.0		0		False	FUSION_DOMINATED	FUSION_DOMINATED	FUSION_DOMINATED	FUSION_DOMINATED	True	-221;-223;-224;-225;-231;-103;-102;-101;-222;-99
3N94	A	MBP	P41586	TERMINAL_N	1.8	fpocket	ORIGINAL	23	-0.144	0.001	-15.709333333333337	11.323466666666665	-20.574166666666667	16	16	0.0	1.0	0.0		0		False	FUSION_DOMINATED	FUSION_DOMINATED	FUSION_DOMINATED	FUSION_DOMINATED	True	-146;-143;-142;-149;-203;-208;-200;4;3;-144;-205;-127;-132;-136;-145;-204
3N94	A	MBP	P41586	TERMINAL_N	1.8	fpocket	ORIGINAL	24	-0.221	0.639	14.756010526315784	-6.614389473684214	-24.616978947368416	18	18	0.0	1.0	0.0		0		False	FUSION_DOMINATED	FUSION_DOMINATED	FUSION_DOMINATED	FUSION_DOMINATED	True	-27;-23;-47;-238;-24;-28;-40;-257;-256;-89;-26;-30;-258;-46;-19;-20;-255;-21
3N94	A	MBP	P41586	TERMINAL_N	1.8	fpocket	REMOVED	1	0.47	0.685	5.108290322580646	17.65912903225807	11.971258064516128	13	13	1.0	0.0	0.0	14.3	0		False	TARGET_DOMINATED	TARGET_DOMINATED	TARGET_DOMINATED	TARGET_DOMINATED	False	62;76;75;37;63;65;79;78;30;77;73;74;38
3N94	A	MBP	P41586	TERMINAL_N	1.8	fpocket	REMOVED	2	0.374	0.006	-11.04252380952381	18.362428571428573	2.505952380952381	10	10	1.0	0.0	0.0	25.42	0		False	TARGET_DOMINATED	TARGET_DOMINATED	TARGET_DOMINATED	TARGET_DOMINATED	False	106;108;96;72;103;104;94;105;107;111
3N94	A	MBP	P41586	TERMINAL_N	1.8	fpocket	REMOVED	3	0.16	0.002	1.9920625	4.3694375	19.1595	7	7	1.0	0.0	0.0	25.77	0		False	TARGET_DOMINATED	TARGET_DOMINATED	TARGET_DOMINATED	TARGET_DOMINATED	False	52;42;55;56;45;50;46
3N94	A	MBP	P41586	TERMINAL_N	1.8	fpocket	REMOVED	4	0.135	0.001	12.328866666666666	24.685066666666668	-3.3204666666666673	5	5	1.0	0.0	0.0	8.29	0		False	TARGET_DOMINATED	TARGET_DOMINATED	TARGET_DOMINATED	TARGET_DOMINATED	False	79;82;26;83;80
3OAI	A	MBP	P25189	TERMINAL_N	2.1	fpocket	ORIGINAL	1	0.146	0.005	-18.336948717948722	-2.1813846153846153	59.394307692307684	13	13	0.0	1.0	0.0		0		False	FUSION_DOMINATED	FUSION_DOMINATED	FUSION_DOMINATED	FUSION_DOMINATED	True	45;48;49;66;70;44;69;65;337;334;333;75;73
3OAI	A	MBP	P25189	TERMINAL_N	2.1	fpocket	ORIGINAL	2	0.092	0.001	-7.801066666666668	1.3653000000000002	67.24896666666669	14	14	0.0	0.9286	0.0714		0		False	FUSION_DOMINATED	FUSION_DOMINATED	FUSION_DOMINATED	FUSION_DOMINATED	True	364;183;342;343;367;169;335;338;178;365;366;181;179;339
3OAI	A	MBP	P25189	TERMINAL_N	2.1	fpocket	ORIGINAL	3	0.064	0.003	-4.070892857142858	28.160107142857147	65.0039642857143	10	10	1.0	0.0	0.0		0		False	TARGET_DOMINATED	TARGET_DOMINATED	TARGET_DOMINATED	TARGET_DOMINATED	False	1023;1109;1002;1024;1105;1025;1026;1102;1027;1100
3OAI	A	MBP	P25189	TERMINAL_N	2.1	fpocket	ORIGINAL	4	0.048	0.002	-31.351375	-26.699583333333333	50.84412499999999	7	7	0.0	1.0	0.0		0		False	FUSION_DOMINATED	FUSION_DOMINATED	FUSION_DOMINATED	FUSION_DOMINATED	True	274;278;275;277;282;281;31
3OAI	A	MBP	P25189	TERMINAL_N	2.1	fpocket	ORIGINAL	5	0.043	0.001	-16.784062499999997	-17.5180625	45.150812499999994	8	8	0.0	1.0	0.0		0		False	FUSION_DOMINATED	FUSION_DOMINATED	FUSION_DOMINATED	FUSION_DOMINATED	True	293;20;284;61;108;11;262;299
3OAI	A	MBP	P25189	TERMINAL_N	2.1	fpocket	ORIGINAL	6	0.029	0.0	-4.599772727272727	-22.449499999999997	39.59063636363636	11	11	0.0	1.0	0.0		0		False	FUSION_DOMINATED	FUSION_DOMINATED	FUSION_DOMINATED	FUSION_DOMINATED	True	314;311;316;298;236;233;295;310;294;232;317
3OAI	A	MBP	P25189	TERMINAL_N	2.1	fpocket	ORIGINAL	7	0.005	0.021	-22.15341860465116	-27.789279069767442	40.647697674418616	11	11	0.0	1.0	0.0		0		False	FUSION_DOMINATED	FUSION_DOMINATED	FUSION_DOMINATED	FUSION_DOMINATED	True	30;283;282;26;289;288;23;278;22;292;286
3OAI	A	MBP	P25189	TERMINAL_N	2.1	fpocket	ORIGINAL	8	-0.006	0.004	-7.345318181818181	-8.49968181818182	77.74904545454544	7	7	0.0	1.0	0.0		0		False	FUSION_DOMINATED	FUSION_DOMINATED	FUSION_DOMINATED	FUSION_DOMINATED	True	177;175;172;173;176;178;179
3OAI	A	MBP	P25189	TERMINAL_N	2.1	fpocket	ORIGINAL	9	-0.011	0.0	-1.3407666666666667	17.38023333333333	65.07326666666667	12	12	0.6667	0.3333	0.0		0		False	TARGET_DOMINATED	INTERFACE	INTERFACE	INTERFACE	True	1077;1079;1078;359;363;1027;1023;362;355;1025;1028;1026
3OAI	A	MBP	P25189	TERMINAL_N	2.1	fpocket	ORIGINAL	10	-0.031	0.0	-29.028699999999997	-21.7341	57.614050000000006	9	9	0.0	1.0	0.0		0		False	FUSION_DOMINATED	FUSION_DOMINATED	FUSION_DOMINATED	FUSION_DOMINATED	True	273;274;80;78;77;277;266;79;106
3OAI	A	MBP	P25189	TERMINAL_N	2.1	fpocket	ORIGINAL	11	-0.042	0.0	6.899562500000001	4.813062499999999	40.16143750000001	8	8	0.0	1.0	0.0		0		False	FUSION_DOMINATED	FUSION_DOMINATED	FUSION_DOMINATED	FUSION_DOMINATED	True	208;205;148;140;203;202;145;204
3OAI	A	MBP	P25189	TERMINAL_N	2.1	fpocket	ORIGINAL	12	-0.046	0.002	-5.153722222222223	-24.90116666666667	54.099111111111114	7	7	0.0	1.0	0.0		0		False	FUSION_DOMINATED	FUSION_DOMINATED	FUSION_DOMINATED	FUSION_DOMINATED	True	90;92;321;301;110;308;302
3OAI	A	MBP	P25189	TERMINAL_N	2.1	fpocket	ORIGINAL	13	-0.048	0.0	-18.269	-31.98373333333333	47.9986	9	9	0.0	1.0	0.0		0		False	FUSION_DOMINATED	FUSION_DOMINATED	FUSION_DOMINATED	FUSION_DOMINATED	True	281;88;282;286;285;304;287;288;306
3OAI	A	MBP	P25189	TERMINAL_N	2.1	fpocket	ORIGINAL	14	-0.052	0.0	15.7300625	7.463937499999999	40.66625	6	6	0.0	1.0	0.0		0		False	FUSION_DOMINATED	FUSION_DOMINATED	FUSION_DOMINATED	FUSION_DOMINATED	True	201;203;137;140;202;136
3OAI	A	MBP	P25189	TERMINAL_N	2.1	fpocket	ORIGINAL	15	-0.053	0.0	-24.220588235294116	-12.521470588235292	67.24805882352942	8	8	0.0	1.0	0.0		0		False	FUSION_DOMINATED	FUSION_DOMINATED	FUSION_DOMINATED	FUSION_DOMINATED	True	71;100;99;104;78;76;102;72
3OAI	A	MBP	P25189	TERMINAL_N	2.1	fpocket	ORIGINAL	16	-0.056	0.003	-2.0528799999999996	-19.872520000000005	57.913000000000004	8	8	0.0	1.0	0.0		0		False	FUSION_DOMINATED	FUSION_DOMINATED	FUSION_DOMINATED	FUSION_DOMINATED	True	325;321;329;92;328;110;324;259
3OAI	A	MBP	P25189	TERMINAL_N	2.1	fpocket	ORIGINAL	17	-0.059	0.0	-14.0942	-28.473899999999997	62.2957	8	8	0.0	1.0	0.0		0		False	FUSION_DOMINATED	FUSION_DOMINATED	FUSION_DOMINATED	FUSION_DOMINATED	True	86;87;91;89;305;98;95;94
3OAI	A	MBP	P25189	TERMINAL_N	2.1	fpocket	ORIGINAL	18	-0.077	0.001	-9.153425000000002	-16.730674999999998	63.95865	12	12	0.0	1.0	0.0		0		False	FUSION_DOMINATED	FUSION_DOMINATED	FUSION_DOMINATED	FUSION_DOMINATED	True	95;92;329;96;171;176;330;331;332;64;98;174
3OAI	A	MBP	P25189	TERMINAL_N	2.1	fpocket	ORIGINAL	19	-0.117	0.0	-3.4231599999999993	30.333479999999998	81.01531999999999	7	7	1.0	0.0	0.0		0		False	TARGET_DOMINATED	TARGET_DOMINATED	TARGET_DOMINATED	TARGET_DOMINATED	False	1004;1005;1007;1111;1112;1001;1003
3OAI	A	MBP	P25189	TERMINAL_N	2.1	fpocket	ORIGINAL	20	-0.17	0.016	14.94203703703704	43.61722222222223	77.3182222222222	10	10	1.0	0.0	0.0		0		False	TARGET_DOMINATED	TARGET_DOMINATED	TARGET_DOMINATED	TARGET_DOMINATED	False	1048;1063;1065;1066;1039;1050;1041;1091;1064;1049
3OAI	A	MBP	P25189	TERMINAL_N	2.1	fpocket	ORIGINAL	21	-0.205	0.02	-1.4698800000000012	-11.284799999999997	65.28705333333333	17	17	0.0	1.0	0.0		0		False	FUSION_DOMINATED	FUSION_DOMINATED	FUSION_DOMINATED	FUSION_DOMINATED	True	171;176;329;328;256;258;166;162;158;327;326;325;331;167;168;170;169
3OAI	A	MBP	P25189	TERMINAL_N	2.1	fpocket	ORIGINAL	22	-0.222	0.016	-10.826432432432433	-4.4281405405405385	49.16046486486486	35	35	0.0	1.0	0.0		0		False	FUSION_DOMINATED	FUSION_DOMINATED	FUSION_DOMINATED	FUSION_DOMINATED	True	297;14;13;234;63;62;15;12;41;42;40;341;344;66;340;45;210;44;43;61;11;262;155;330;65;153;156;211;214;230;150;39;111;154;231
3OAI	A	MBP	P25189	TERMINAL_N	2.1	fpocket	REMOVED	1	0.478	0.028	-4.070892857142857	28.160107142857136	65.0039642857143	10	10	1.0	0.0	0.0	9.61	0		False	TARGET_DOMINATED	TARGET_DOMINATED	TARGET_DOMINATED	TARGET_DOMINATED	False	1025;1027;1026;1105;1002;1024;1023;1109;1102;1100
3OAI	A	MBP	P25189	TERMINAL_N	2.1	fpocket	REMOVED	2	0.251	0.0	-3.4231599999999998	30.333480000000005	81.01532	7	7	1.0	0.0	0.0	8.63	0		False	TARGET_DOMINATED	TARGET_DOMINATED	TARGET_DOMINATED	TARGET_DOMINATED	False	1007;1111;1005;1112;1001;1004;1003
3OAI	A	MBP	P25189	TERMINAL_N	2.1	fpocket	REMOVED	3	0.242	0.682	14.936607142857142	43.54689285714286	77.2884642857143	10	10	1.0	0.0	0.0	27.28	0		False	TARGET_DOMINATED	TARGET_DOMINATED	TARGET_DOMINATED	TARGET_DOMINATED	False	1041;1039;1065;1091;1050;1066;1048;1064;1063;1049
3ODU	A	T4L	P61073	INTERNAL_INSERTION	2.5	fpocket	ORIGINAL	1	0.216	0.663	11.009632478632469	-5.757940170940171	64.18458119658123	21	21	1.0	0.0	0.0		4	0.3333	True	TARGET_DOMINATED	TARGET_DOMINATED	TARGET_DOMINATED	TARGET_DOMINATED	False	200;196;190;188;204;260;203;199;116;288;256;255;208;120;207;259;263;187;252;248;124
3ODU	A	T4L	P61073	INTERNAL_INSERTION	2.5	fpocket	ORIGINAL	2	0.123	0.003	20.615769230769235	-13.4178076923077	75.0264230769231	17	17	1.0	0.0	0.0		6	0.5	True	TARGET_DOMINATED	TARGET_DOMINATED	TARGET_DOMINATED	TARGET_DOMINATED	False	37;41;33;32;285;281;185;186;97;94;45;98;31;278;282;183;38
3ODU	A	T4L	P61073	INTERNAL_INSERTION	2.5	fpocket	ORIGINAL	3	0.109	0.304	22.25015094339622	-6.29433962264151	67.77441509433962	9	9	1.0	0.0	0.0		8	0.6667	True	TARGET_DOMINATED	TARGET_DOMINATED	TARGET_DOMINATED	TARGET_DOMINATED	False	113;94;186;188;116;288;112;102;97
3ODU	A	T4L	P61073	INTERNAL_INSERTION	2.5	fpocket	ORIGINAL	4	0.093	0.001	14.541568181818185	-13.526681818181817	33.85545454545454	13	13	1.0	0.0	0.0		0	0.0	False	TARGET_DOMINATED	TARGET_DOMINATED	TARGET_DOMINATED	TARGET_DOMINATED	False	71;233;237;134;234;73;72;236;77;240;74;137;148
3ODU	A	T4L	P61073	INTERNAL_INSERTION	2.5	fpocket	ORIGINAL	5	0.079	0.103	4.070399999999999	4.267359999999999	65.10519999999998	7	7	1.0	0.0	0.0		0	0.0	False	TARGET_DOMINATED	TARGET_DOMINATED	TARGET_DOMINATED	TARGET_DOMINATED	False	198;201;197;194;205;202;206
3ODU	A	T4L	P61073	INTERNAL_INSERTION	2.5	fpocket	ORIGINAL	6	0.078	0.023	24.556079999999998	-2.08892	42.73082	9	9	1.0	0.0	0.0		0	0.0	False	TARGET_DOMINATED	TARGET_DOMINATED	TARGET_DOMINATED	TARGET_DOMINATED	False	78;79;70;75;152;157;161;82;153
3ODU	A	T4L	P61073	INTERNAL_INSERTION	2.5	fpocket	ORIGINAL	7	0.065	0.001	-6.884421052631579	-22.88047368421053	13.123578947368422	9	9	0.0	1.0	0.0		0	0.0	False	FUSION_DOMINATED	FUSION_DOMINATED	FUSION_DOMINATED	FUSION_DOMINATED	True	1154;1127;1131;1130;1151;1147;1139;1150;1134
3ODU	A	T4L	P61073	INTERNAL_INSERTION	2.5	fpocket	ORIGINAL	8	0.059	0.0	-15.837181818181817	-17.42795454545454	4.525954545454546	7	7	0.0	1.0	0.0		0	0.0	False	FUSION_DOMINATED	FUSION_DOMINATED	FUSION_DOMINATED	FUSION_DOMINATED	True	1132;1135;1116;1114;1136;1115;1117
3ODU	A	T4L	P61073	INTERNAL_INSERTION	2.5	fpocket	ORIGINAL	9	0.057	0.001	2.0777619047619047	1.8766666666666665	3.7185238095238096	10	10	0.0	1.0	0.0		0	0.0	False	FUSION_DOMINATED	FUSION_DOMINATED	FUSION_DOMINATED	FUSION_DOMINATED	True	1024;1032;1020;1018;1014;1026;1011;1030;1028;1012
3ODU	A	T4L	P61073	INTERNAL_INSERTION	2.5	fpocket	ORIGINAL	10	0.057	0.0	-7.7472666666666665	-20.146	-1.3156666666666665	6	6	0.0	1.0	0.0		0	0.0	False	FUSION_DOMINATED	FUSION_DOMINATED	FUSION_DOMINATED	FUSION_DOMINATED	True	1140;1137;1135;1136;1134;1139
3ODU	A	T4L	P61073	INTERNAL_INSERTION	2.5	fpocket	ORIGINAL	11	0.048	0.0	22.0576	-38.30815	40.6666	5	5	1.0	0.0	0.0		0	0.0	False	TARGET_DOMINATED	TARGET_DOMINATED	TARGET_DOMINATED	TARGET_DOMINATED	False	310;309;312;311;308
3ODU	A	T4L	P61073	INTERNAL_INSERTION	2.5	fpocket	ORIGINAL	12	0.034	0.0	-4.592142857142858	3.5752857142857137	9.496380952380951	8	8	0.0	1.0	0.0		0	0.0	False	FUSION_DOMINATED	FUSION_DOMINATED	FUSION_DOMINATED	FUSION_DOMINATED	True	1030;1104;1029;1070;1032;1031;1067;1011
3ODU	A	T4L	P61073	INTERNAL_INSERTION	2.5	fpocket	ORIGINAL	13	0.022	0.014	1.919055555555555	-1.4969444444444442	42.3601111111111	7	7	1.0	0.0	0.0		0	0.0	False	TARGET_DOMINATED	TARGET_DOMINATED	TARGET_DOMINATED	TARGET_DOMINATED	False	135;221;218;132;213;214;217
3ODU	A	T4L	P61073	INTERNAL_INSERTION	2.5	fpocket	ORIGINAL	14	0.007	0.001	14.766370370370371	-20.55474074074074	38.81829629629629	9	9	1.0	0.0	0.0		0	0.0	False	TARGET_DOMINATED	TARGET_DOMINATED	TARGET_DOMINATED	TARGET_DOMINATED	False	240;239;236;301;77;305;302;243;74
3ODU	A	T4L	P61073	INTERNAL_INSERTION	2.5	fpocket	ORIGINAL	15	0.006	0.001	17.306473684210527	-2.9834210526315785	30.689947368421056	6	6	1.0	0.0	0.0		0	0.0	False	TARGET_DOMINATED	TARGET_DOMINATED	TARGET_DOMINATED	TARGET_DOMINATED	False	72;145;148;75;149;153
3ODU	A	T4L	P61073	INTERNAL_INSERTION	2.5	fpocket	ORIGINAL	16	-0.0	0.007	27.806823529411766	3.404058823529412	62.05711764705881	6	6	1.0	0.0	0.0		0	0.0	False	TARGET_DOMINATED	TARGET_DOMINATED	TARGET_DOMINATED	TARGET_DOMINATED	False	111;107;172;114;110;115
3ODU	A	T4L	P61073	INTERNAL_INSERTION	2.5	fpocket	ORIGINAL	17	-0.005	0.0	0.3513703703703704	-4.882259259259259	27.685629629629627	11	11	0.7273	0.0909	0.1818		0	0.0	False	TARGET_DOMINATED	TARGET_DOMINATED	MIXED	TARGET_DOMINATED	False	142;139;1002;901;140;141;900;138;225;229;228
3ODU	A	T4L	P61073	INTERNAL_INSERTION	2.5	fpocket	ORIGINAL	18	-0.01	0.007	6.1896875	-18.405875	72.6333125	6	6	1.0	0.0	0.0		0	0.0	False	TARGET_DOMINATED	TARGET_DOMINATED	TARGET_DOMINATED	TARGET_DOMINATED	False	283;261;280;276;279;258
3ODU	A	T4L	P61073	INTERNAL_INSERTION	2.5	fpocket	ORIGINAL	19	-0.014	0.006	12.15376	2.41188	52.41084	8	8	1.0	0.0	0.0		0	0.0	False	TARGET_DOMINATED	TARGET_DOMINATED	TARGET_DOMINATED	TARGET_DOMINATED	False	167;163;206;125;160;164;159;121
3ODU	A	T4L	P61073	INTERNAL_INSERTION	2.5	fpocket	ORIGINAL	20	-0.022	0.984	3.206876923076924	-11.647292307692311	49.67103076923079	12	12	1.0	0.0	0.0		0	0.0	False	TARGET_DOMINATED	TARGET_DOMINATED	TARGET_DOMINATED	TARGET_DOMINATED	False	219;242;213;216;212;209;223;249;246;215;245;208
3ODU	A	T4L	P61073	INTERNAL_INSERTION	2.5	fpocket	ORIGINAL	21	-0.024	0.0	10.756499999999999	-15.477350000000001	86.0967	7	7	1.0	0.0	0.0		0	0.0	False	TARGET_DOMINATED	TARGET_DOMINATED	TARGET_DOMINATED	TARGET_DOMINATED	False	274;29;31;27;278;275;28
3ODU	A	T4L	P61073	INTERNAL_INSERTION	2.5	fpocket	ORIGINAL	22	-0.028	0.055	26.414500000000007	-22.147766666666666	51.906966666666676	8	8	1.0	0.0	0.0		0	0.0	False	TARGET_DOMINATED	TARGET_DOMINATED	TARGET_DOMINATED	TARGET_DOMINATED	False	51;50;54;55;299;300;296;293
3ODU	A	T4L	P61073	INTERNAL_INSERTION	2.5	fpocket	ORIGINAL	23	-0.029	0.0	-23.107666666666667	-10.617666666666667	9.718761904761907	8	8	0.0	1.0	0.0		0	0.0	False	FUSION_DOMINATED	FUSION_DOMINATED	FUSION_DOMINATED	FUSION_DOMINATED	True	1087;1083;1122;1086;1119;1115;1112;1118
3ODU	A	T4L	P61073	INTERNAL_INSERTION	2.5	fpocket	ORIGINAL	24	-0.033	0.668	4.373000000000001	-3.3810327868852452	69.76632786885247	10	10	1.0	0.0	0.0		0	0.0	False	TARGET_DOMINATED	TARGET_DOMINATED	TARGET_DOMINATED	TARGET_DOMINATED	False	267;197;263;201;200;196;266;262;204;259
3ODU	A	T4L	P61073	INTERNAL_INSERTION	2.5	fpocket	ORIGINAL	25	-0.041	0.0	27.240944444444445	-4.765999999999999	86.82300000000001	5	5	1.0	0.0	0.0		1	0.0833	False	TARGET_DOMINATED	TARGET_DOMINATED	TARGET_DOMINATED	TARGET_DOMINATED	False	183;182;179;181;180
3ODU	A	T4L	P61073	INTERNAL_INSERTION	2.5	fpocket	ORIGINAL	26	-0.053	0.0	1.626117647058824	-11.406058823529413	5.014117647058822	8	8	0.0	1.0	0.0		0	0.0	False	FUSION_DOMINATED	FUSION_DOMINATED	FUSION_DOMINATED	FUSION_DOMINATED	True	1142;1144;1145;1105;1010;1143;1141;1148
3ODU	A	T4L	P61073	INTERNAL_INSERTION	2.5	fpocket	ORIGINAL	27	-0.055	0.0	-6.623666666666665	-9.532599999999999	1.2788666666666666	6	6	0.0	1.0	0.0		0	0.0	False	FUSION_DOMINATED	FUSION_DOMINATED	FUSION_DOMINATED	FUSION_DOMINATED	True	1138;1141;1106;1105;1142;1137
3ODU	A	T4L	P61073	INTERNAL_INSERTION	2.5	fpocket	ORIGINAL	28	-0.073	0.012	33.464079999999996	-2.2460400000000003	77.02427999999998	7	7	1.0	0.0	0.0		1	0.0833	False	TARGET_DOMINATED	TARGET_DOMINATED	TARGET_DOMINATED	TARGET_DOMINATED	False	184;177;103;101;105;102;106
3ODU	A	T4L	P61073	INTERNAL_INSERTION	2.5	fpocket	ORIGINAL	29	-0.11	0.144	26.512849999999993	-17.804100000000005	41.874125	9	9	1.0	0.0	0.0		0	0.0	False	TARGET_DOMINATED	TARGET_DOMINATED	TARGET_DOMINATED	TARGET_DOMINATED	False	299;58;303;55;302;63;62;59;305
3ODU	A	T4L	P61073	INTERNAL_INSERTION	2.5	fpocket	ORIGINAL	30	-0.112	0.062	3.9884868421052637	-12.898184210526315	27.73093421052631	21	21	0.5238	0.2857	0.1905		0	0.0	False	TARGET_DOMINATED	INTERFACE	INTERFACE	INTERFACE	True	138;234;226;238;900;235;229;231;1159;227;137;141;144;1005;1200;1161;1009;901;1157;1201;1158
3ODU	A	T4L	P61073	INTERNAL_INSERTION	2.5	fpocket	ORIGINAL	31	-0.117	0.002	8.015437499999999	8.9959375	71.83875	4	4	1.0	0.0	0.0		0	0.0	False	UNASSIGNED	UNASSIGNED	UNASSIGNED	UNASSIGNED	False	192;195;194;198
3ODU	A	T4L	P61073	INTERNAL_INSERTION	2.5	fpocket	ORIGINAL	32	-0.166	0.008	5.013777777777778	-0.8024999999999999	75.92827777777778	6	6	1.0	0.0	0.0		0	0.0	False	TARGET_DOMINATED	TARGET_DOMINATED	TARGET_DOMINATED	TARGET_DOMINATED	False	194;197;193;267;266;196
3ODU	A	T4L	P61073	INTERNAL_INSERTION	2.5	fpocket	ORIGINAL	33	-0.172	0.0	20.73715789473684	-10.61744736842105	83.52076315789472	9	9	1.0	0.0	0.0		3	0.25	True	TARGET_DOMINATED	TARGET_DOMINATED	TARGET_DOMINATED	TARGET_DOMINATED	False	31;181;180;32;38;185;29;183;30
3ODU	A	T4L	P61073	INTERNAL_INSERTION	2.5	fpocket	ORIGINAL	34	-0.201	0.0	10.67556140350877	1.9197543859649127	25.062929824561405	13	13	0.5385	0.4615	0.0		0	0.0	False	TARGET_DOMINATED	INTERFACE	INTERFACE	INTERFACE	True	145;1060;143;142;146;149;144;1004;1005;1064;1008;141;1061
3ODU	A	T4L	P61073	INTERNAL_INSERTION	2.5	fpocket	REMOVED	1	0.216	0.663	11.009632478632474	-5.75794017094017	64.18458119658122	21	21	1.0	0.0	0.0	37.81	4	0.3333	True	TARGET_DOMINATED	TARGET_DOMINATED	TARGET_DOMINATED	TARGET_DOMINATED	False	204;203;256;208;260;188;190;187;196;259;263;116;255;252;248;207;200;199;288;120;124
3ODU	A	T4L	P61073	INTERNAL_INSERTION	2.5	fpocket	REMOVED	2	0.123	0.003	20.61576923076924	-13.417807692307699	75.02642307692308	17	17	1.0	0.0	0.0	51.26	6	0.5	True	TARGET_DOMINATED	TARGET_DOMINATED	TARGET_DOMINATED	TARGET_DOMINATED	False	186;185;97;183;33;281;278;31;282;45;94;41;285;37;32;98;38
3ODU	A	T4L	P61073	INTERNAL_INSERTION	2.5	fpocket	REMOVED	3	0.109	0.304	22.250150943396232	-6.294339622641509	67.77441509433962	9	9	1.0	0.0	0.0	45.65	8	0.6667	True	TARGET_DOMINATED	TARGET_DOMINATED	TARGET_DOMINATED	TARGET_DOMINATED	False	116;288;94;188;113;97;102;112;186
3ODU	A	T4L	P61073	INTERNAL_INSERTION	2.5	fpocket	REMOVED	4	0.079	0.103	4.070400000000001	4.26736	65.10520000000001	7	7	1.0	0.0	0.0	39.66	0	0.0	False	TARGET_DOMINATED	TARGET_DOMINATED	TARGET_DOMINATED	TARGET_DOMINATED	False	205;201;202;194;198;197;206
3ODU	A	T4L	P61073	INTERNAL_INSERTION	2.5	fpocket	REMOVED	5	0.078	0.023	24.556079999999998	-2.08892	42.730819999999994	9	9	1.0	0.0	0.0	26.93	0	0.0	False	TARGET_DOMINATED	TARGET_DOMINATED	TARGET_DOMINATED	TARGET_DOMINATED	False	79;157;82;78;70;153;75;161;152
3ODU	A	T4L	P61073	INTERNAL_INSERTION	2.5	fpocket	REMOVED	6	0.073	0.001	14.71604761904762	-13.669666666666666	33.959523809523795	13	13	1.0	0.0	0.0	10.73	0	0.0	False	TARGET_DOMINATED	TARGET_DOMINATED	TARGET_DOMINATED	TARGET_DOMINATED	False	237;240;73;71;233;234;74;77;134;236;137;72;148
3ODU	A	T4L	P61073	INTERNAL_INSERTION	2.5	fpocket	REMOVED	7	0.048	0.0	22.0576	-38.30815	40.666599999999995	5	5	1.0	0.0	0.0	30.52	0	0.0	False	TARGET_DOMINATED	TARGET_DOMINATED	TARGET_DOMINATED	TARGET_DOMINATED	False	309;311;308;310;312
3ODU	A	T4L	P61073	INTERNAL_INSERTION	2.5	fpocket	REMOVED	8	0.022	0.014	1.9190555555555555	-1.4969444444444444	42.36011111111111	7	7	1.0	0.0	0.0	16.61	0	0.0	False	TARGET_DOMINATED	TARGET_DOMINATED	TARGET_DOMINATED	TARGET_DOMINATED	False	214;217;213;218;221;132;135
3ODU	A	T4L	P61073	INTERNAL_INSERTION	2.5	fpocket	REMOVED	9	0.007	0.001	14.76637037037037	-20.554740740740748	38.81829629629629	9	9	1.0	0.0	0.0	15.91	0	0.0	False	TARGET_DOMINATED	TARGET_DOMINATED	TARGET_DOMINATED	TARGET_DOMINATED	False	239;236;240;243;302;77;305;301;74
3ODU	A	T4L	P61073	INTERNAL_INSERTION	2.5	fpocket	REMOVED	10	0.006	0.001	17.306473684210527	-2.9834210526315785	30.689947368421056	6	6	1.0	0.0	0.0	15.77	0	0.0	False	TARGET_DOMINATED	TARGET_DOMINATED	TARGET_DOMINATED	TARGET_DOMINATED	False	149;75;153;145;72;148
3ODU	A	T4L	P61073	INTERNAL_INSERTION	2.5	fpocket	REMOVED	11	-0.0	0.007	27.806823529411766	3.404058823529412	62.057117647058824	6	6	1.0	0.0	0.0	45.64	0	0.0	False	TARGET_DOMINATED	TARGET_DOMINATED	TARGET_DOMINATED	TARGET_DOMINATED	False	114;111;115;107;172;110
3ODU	A	T4L	P61073	INTERNAL_INSERTION	2.5	fpocket	REMOVED	12	-0.01	0.007	6.1896875	-18.405874999999998	72.6333125	6	6	1.0	0.0	0.0	45.38	0	0.0	False	TARGET_DOMINATED	TARGET_DOMINATED	TARGET_DOMINATED	TARGET_DOMINATED	False	280;279;283;261;276;258
3ODU	A	T4L	P61073	INTERNAL_INSERTION	2.5	fpocket	REMOVED	13	-0.014	0.006	12.153760000000002	2.4118800000000005	52.41084	8	8	1.0	0.0	0.0	29.96	0	0.0	False	TARGET_DOMINATED	TARGET_DOMINATED	TARGET_DOMINATED	TARGET_DOMINATED	False	121;164;163;167;159;125;160;206
3ODU	A	T4L	P61073	INTERNAL_INSERTION	2.5	fpocket	REMOVED	14	-0.022	0.984	3.2068769230769227	-11.647292307692306	49.671030769230775	12	12	1.0	0.0	0.0	21.55	0	0.0	False	TARGET_DOMINATED	TARGET_DOMINATED	TARGET_DOMINATED	TARGET_DOMINATED	False	249;216;246;245;215;208;209;219;242;223;213;212
3ODU	A	T4L	P61073	INTERNAL_INSERTION	2.5	fpocket	REMOVED	15	-0.024	0.0	10.756499999999999	-15.477350000000001	86.0967	7	7	1.0	0.0	0.0	58.94	0	0.0	False	TARGET_DOMINATED	TARGET_DOMINATED	TARGET_DOMINATED	TARGET_DOMINATED	False	31;29;27;274;28;278;275
3ODU	A	T4L	P61073	INTERNAL_INSERTION	2.5	fpocket	REMOVED	16	-0.026	0.027	4.370172413793102	-13.165379310344829	30.230517241379303	9	9	1.0	0.0	0.0	6.09	0	0.0	False	TARGET_DOMINATED	TARGET_DOMINATED	TARGET_DOMINATED	TARGET_DOMINATED	False	226;229;138;238;234;235;231;141;137
3ODU	A	T4L	P61073	INTERNAL_INSERTION	2.5	fpocket	REMOVED	17	-0.028	0.055	26.414499999999997	-22.14776666666667	51.90696666666667	8	8	1.0	0.0	0.0	32.67	0	0.0	False	TARGET_DOMINATED	TARGET_DOMINATED	TARGET_DOMINATED	TARGET_DOMINATED	False	51;293;300;54;296;55;50;299
3ODU	A	T4L	P61073	INTERNAL_INSERTION	2.5	fpocket	REMOVED	18	-0.033	0.668	4.373000000000001	-3.3810327868852466	69.76632786885247	10	10	1.0	0.0	0.0	42.13	0	0.0	False	TARGET_DOMINATED	TARGET_DOMINATED	TARGET_DOMINATED	TARGET_DOMINATED	False	196;266;200;262;259;201;267;197;204;263
3ODU	A	T4L	P61073	INTERNAL_INSERTION	2.5	fpocket	REMOVED	19	-0.041	0.0	27.240944444444448	-4.766	86.823	5	5	1.0	0.0	0.0	64.89	1	0.0833	False	TARGET_DOMINATED	TARGET_DOMINATED	TARGET_DOMINATED	TARGET_DOMINATED	False	179;182;181;183;180
3ODU	A	T4L	P61073	INTERNAL_INSERTION	2.5	fpocket	REMOVED	20	-0.073	0.012	33.46407999999999	-2.2460400000000003	77.02427999999998	7	7	1.0	0.0	0.0	59.02	1	0.0833	False	TARGET_DOMINATED	TARGET_DOMINATED	TARGET_DOMINATED	TARGET_DOMINATED	False	177;184;105;101;103;102;106
3ODU	A	T4L	P61073	INTERNAL_INSERTION	2.5	fpocket	REMOVED	21	-0.085	0.162	26.511249999999997	-17.906204545454546	42.17409090909089	9	9	1.0	0.0	0.0	24.38	0	0.0	False	TARGET_DOMINATED	TARGET_DOMINATED	TARGET_DOMINATED	TARGET_DOMINATED	False	302;63;62;58;55;59;299;305;303
3ODU	A	T4L	P61073	INTERNAL_INSERTION	2.5	fpocket	REMOVED	22	-0.117	0.002	8.015437499999999	8.995937500000002	71.83875	4	4	1.0	0.0	0.0	48.22	0	0.0	False	UNASSIGNED	UNASSIGNED	UNASSIGNED	UNASSIGNED	False	195;198;194;192
3ODU	A	T4L	P61073	INTERNAL_INSERTION	2.5	fpocket	REMOVED	23	-0.166	0.008	5.0137777777777774	-0.8025	75.92827777777777	6	6	1.0	0.0	0.0	48.69	0	0.0	False	TARGET_DOMINATED	TARGET_DOMINATED	TARGET_DOMINATED	TARGET_DOMINATED	False	196;266;193;197;194;267
3ODU	A	T4L	P61073	INTERNAL_INSERTION	2.5	fpocket	REMOVED	24	-0.172	0.0	20.737157894736846	-10.617447368421052	83.52076315789475	9	9	1.0	0.0	0.0	59.04	3	0.25	True	TARGET_DOMINATED	TARGET_DOMINATED	TARGET_DOMINATED	TARGET_DOMINATED	False	180;32;181;185;183;30;31;29;38
4DJH	A	T4L	P41145	INTERNAL_INSERTION	2.9	fpocket	ORIGINAL	1	0.124	0.044	3.2072911392405064	-25.041063291139242	60.78737974683545	34	34	1.0	0.0	0.0		20	1.0	True	TARGET_DOMINATED	TARGET_DOMINATED	TARGET_DOMINATED	TARGET_DOMINATED	False	227;230;139;138;316;320;287;111;309;202;209;312;294;210;118;208;142;108;141;290;207;115;114;291;119;313;124;134;135;122;231;319;315;123
4DJH	A	T4L	P41145	INTERNAL_INSERTION	2.9	fpocket	ORIGINAL	2	0.086	0.01	5.092604651162791	-29.3156511627907	25.639325581395354	13	13	1.0	0.0	0.0		0	0.0	False	TARGET_DOMINATED	TARGET_DOMINATED	TARGET_DOMINATED	TARGET_DOMINATED	False	340;87;343;89;339;336;90;92;268;272;95;334;94
4DJH	A	T4L	P41145	INTERNAL_INSERTION	2.9	fpocket	ORIGINAL	3	0.07	0.038	6.510432432432433	-9.452702702702702	54.01624324324325	10	10	1.0	0.0	0.0		1	0.05	False	TARGET_DOMINATED	TARGET_DOMINATED	TARGET_DOMINATED	TARGET_DOMINATED	False	185;233;143;188;147;229;230;226;189;225
4DJH	A	T4L	P41145	INTERNAL_INSERTION	2.9	fpocket	ORIGINAL	4	0.053	0.012	1.83668	-37.56023999999999	39.8078	10	10	1.0	0.0	0.0		0	0.0	False	TARGET_DOMINATED	TARGET_DOMINATED	TARGET_DOMINATED	TARGET_DOMINATED	False	76;327;79;341;75;72;71;331;328;332
4DJH	A	T4L	P41145	INTERNAL_INSERTION	2.9	fpocket	ORIGINAL	5	0.05	0.001	-31.9455	-16.279055555555555	11.106833333333334	9	9	0.0	1.0	0.0		0	0.0	False	FUSION_DOMINATED	FUSION_DOMINATED	FUSION_DOMINATED	FUSION_DOMINATED	True	1102;1133;1114;1118;1111;1099;1153;1121;1117
4DJH	A	T4L	P41145	INTERNAL_INSERTION	2.9	fpocket	ORIGINAL	6	0.022	0.001	-5.228066666666666	-6.759666666666667	37.11046666666667	5	5	1.0	0.0	0.0		0	0.0	False	TARGET_DOMINATED	TARGET_DOMINATED	TARGET_DOMINATED	TARGET_DOMINATED	False	157;244;248;245;241
4DJH	A	T4L	P41145	INTERNAL_INSERTION	2.9	fpocket	ORIGINAL	7	0.014	0.002	-32.51309090909091	-19.799	0.33468181818181814	9	9	0.0	1.0	0.0		0	0.0	False	FUSION_DOMINATED	FUSION_DOMINATED	FUSION_DOMINATED	FUSION_DOMINATED	True	1142;1138;1105;1141;1106;1137;1113;1110;1114
4DJH	A	T4L	P41145	INTERNAL_INSERTION	2.9	fpocket	ORIGINAL	8	-0.006	0.001	-16.812192307692307	4.524307692307692	-3.763153846153846	6	6	0.0	1.0	0.0		0	0.0	False	FUSION_DOMINATED	FUSION_DOMINATED	FUSION_DOMINATED	FUSION_DOMINATED	True	1050;1062;1065;1066;1069;1049
4DJH	A	T4L	P41145	INTERNAL_INSERTION	2.9	fpocket	ORIGINAL	9	-0.009	0.0	-21.159176470588235	-5.625352941176471	13.738	10	10	0.2	0.8	0.0		0	0.0	False	FUSION_DOMINATED	FUSION_DOMINATED	INTERFACE	FUSION_DOMINATED	True	1093;1097;1100;1003;1158;261;258;1002;1088;1096
4DJH	A	T4L	P41145	INTERNAL_INSERTION	2.9	fpocket	ORIGINAL	10	-0.01	0.067	1.7168333333333334	-14.727013888888889	26.284874999999992	17	17	1.0	0.0	0.0		0	0.0	False	TARGET_DOMINATED	TARGET_DOMINATED	TARGET_DOMINATED	TARGET_DOMINATED	False	266;163;165;162;158;166;159;171;167;269;155;93;156;272;92;94;268
4DJH	A	T4L	P41145	INTERNAL_INSERTION	2.9	fpocket	ORIGINAL	11	-0.014	0.003	-5.172214285714285	-23.50314285714285	68.2924642857143	7	7	1.0	0.0	0.0		1	0.05	False	TARGET_DOMINATED	TARGET_DOMINATED	TARGET_DOMINATED	TARGET_DOMINATED	False	308;309;297;307;312;293;296
4DJH	A	T4L	P41145	INTERNAL_INSERTION	2.9	fpocket	ORIGINAL	12	-0.014	0.0	9.768	-19.8899	71.93530000000001	8	8	1.0	0.0	0.0		0	0.0	False	TARGET_DOMINATED	TARGET_DOMINATED	TARGET_DOMINATED	TARGET_DOMINATED	False	213;214;219;209;211;200;212;198
4DJH	A	T4L	P41145	INTERNAL_INSERTION	2.9	fpocket	ORIGINAL	13	-0.022	0.0	-3.4722758620689653	-27.839413793103446	26.854965517241382	10	10	1.0	0.0	0.0		0	0.0	False	TARGET_DOMINATED	TARGET_DOMINATED	TARGET_DOMINATED	TARGET_DOMINATED	False	274;335;332;271;268;334;339;336;333;272
4DJH	A	T4L	P41145	INTERNAL_INSERTION	2.9	fpocket	ORIGINAL	14	-0.042	0.04	13.771547619047618	-21.623619047619048	36.35819047619047	11	11	1.0	0.0	0.0		0	0.0	False	TARGET_DOMINATED	TARGET_DOMINATED	TARGET_DOMINATED	TARGET_DOMINATED	False	85;99;179;183;180;100;91;176;103;84;96
4DJH	A	T4L	P41145	INTERNAL_INSERTION	2.9	fpocket	ORIGINAL	15	-0.047	0.033	2.92865625	-9.898218749999998	45.398687499999994	9	9	1.0	0.0	0.0		0	0.0	False	TARGET_DOMINATED	TARGET_DOMINATED	TARGET_DOMINATED	TARGET_DOMINATED	False	233;237;147;185;238;150;241;151;182
4DJH	A	T4L	P41145	INTERNAL_INSERTION	2.9	fpocket	ORIGINAL	16	-0.047	0.0	-21.043687500000004	-21.65825	-0.70775	8	8	0.0	1.0	0.0		0	0.0	False	FUSION_DOMINATED	FUSION_DOMINATED	FUSION_DOMINATED	FUSION_DOMINATED	True	1145;1142;1010;1105;1144;1148;1143;1141
4DJH	A	T4L	P41145	INTERNAL_INSERTION	2.9	fpocket	ORIGINAL	17	-0.047	0.0	-26.34744444444445	-6.248944444444445	-0.31233333333333335	5	5	0.0	1.0	0.0		0	0.0	False	FUSION_DOMINATED	FUSION_DOMINATED	FUSION_DOMINATED	FUSION_DOMINATED	True	1104;1070;1030;1103;1074
4DJH	A	T4L	P41145	INTERNAL_INSERTION	2.9	fpocket	ORIGINAL	18	-0.058	0.006	-10.487111111111112	-16.344166666666666	42.78844444444445	9	9	1.0	0.0	0.0		0	0.0	False	TARGET_DOMINATED	TARGET_DOMINATED	TARGET_DOMINATED	TARGET_DOMINATED	False	246;243;247;277;239;284;281;280;242
4DJH	A	T4L	P41145	INTERNAL_INSERTION	2.9	fpocket	ORIGINAL	19	-0.067	0.0	5.573666666666667	-19.1972	65.09793333333333	9	9	1.0	0.0	0.0		5	0.25	True	TARGET_DOMINATED	TARGET_DOMINATED	TARGET_DOMINATED	TARGET_DOMINATED	False	211;227;223;139;212;135;138;210;219
4DJH	A	T4L	P41145	INTERNAL_INSERTION	2.9	fpocket	ORIGINAL	20	-0.074	0.0	-40.43673684210526	-13.180315789473681	14.192421052631579	6	6	0.0	1.0	0.0		0	0.0	False	FUSION_DOMINATED	FUSION_DOMINATED	FUSION_DOMINATED	FUSION_DOMINATED	True	1119;1115;1083;1118;1122;1087
4DJH	A	T4L	P41145	INTERNAL_INSERTION	2.9	fpocket	ORIGINAL	21	-0.127	0.003	12.184750000000001	-8.7574375	66.09393750000001	5	5	1.0	0.0	0.0		0	0.0	False	TARGET_DOMINATED	TARGET_DOMINATED	TARGET_DOMINATED	TARGET_DOMINATED	False	222;215;196;214;226
4DJH	A	T4L	P41145	INTERNAL_INSERTION	2.9	fpocket	ORIGINAL	22	-0.138	0.013	-0.06521875000000017	-40.43028125	62.27928125	8	8	1.0	0.0	0.0		0	0.0	False	TARGET_DOMINATED	TARGET_DOMINATED	TARGET_DOMINATED	TARGET_DOMINATED	False	119;59;120;62;58;66;63;116
4DJH	A	T4L	P41145	INTERNAL_INSERTION	2.9	fpocket	ORIGINAL	23	-0.14	0.0	-7.888105263157894	-8.814052631578948	20.509421052631577	8	8	1.0	0.0	0.0		0	0.0	False	TARGET_DOMINATED	TARGET_DOMINATED	TARGET_DOMINATED	TARGET_DOMINATED	False	163;256;263;161;260;259;255;160
4DJH	A	T4L	P41145	INTERNAL_INSERTION	2.9	fpocket	ORIGINAL	24	-0.145	0.0	-21.6062	-12.682533333333334	23.962266666666668	7	7	0.4286	0.5714	0.0		0	0.0	False	FUSION_DOMINATED	INTERFACE	INTERFACE	INTERFACE	True	1092;258;1095;254;257;1155;1156
4DJH	A	T4L	P41145	INTERNAL_INSERTION	2.9	fpocket	ORIGINAL	25	-0.161	0.0	-26.558684210526316	-12.971736842105264	-5.082315789473684	12	12	0.0	1.0	0.0		0	0.0	False	FUSION_DOMINATED	FUSION_DOMINATED	FUSION_DOMINATED	FUSION_DOMINATED	True	1145;1105;1021;1142;1011;1020;1030;1104;1032;1035;1106;1024
4DJH	A	T4L	P41145	INTERNAL_INSERTION	2.9	fpocket	ORIGINAL	26	-0.202	0.816	-2.762356321839081	-35.01109195402299	59.539827586206876	16	16	1.0	0.0	0.0		3	0.15	False	TARGET_DOMINATED	TARGET_DOMINATED	TARGET_DOMINATED	TARGET_DOMINATED	False	313;115;316;66;112;320;62;69;119;314;310;317;116;321;65;61
4DJH	A	T4L	P41145	INTERNAL_INSERTION	2.9	fpocket	ORIGINAL	27	-0.205	0.138	-10.979405405405407	-16.20562162162162	24.59062162162163	22	22	0.8636	0.1364	0.0		0	0.0	False	TARGET_DOMINATED	TARGET_DOMINATED	MIXED	TARGET_DOMINATED	False	265;263;260;1159;256;266;264;257;1157;163;1158;253;270;269;273;274;250;277;246;249;160;254
4DJH	A	T4L	P41145	INTERNAL_INSERTION	2.9	fpocket	REMOVED	1	0.124	0.044	3.2072911392405055	-25.041063291139245	60.78737974683543	34	34	1.0	0.0	0.0	51.11	20	1.0	True	TARGET_DOMINATED	TARGET_DOMINATED	TARGET_DOMINATED	TARGET_DOMINATED	False	122;118;114;115;134;111;124;210;231;227;291;108;287;320;138;294;290;309;209;202;207;208;142;141;313;119;123;139;135;316;312;230;319;315
4DJH	A	T4L	P41145	INTERNAL_INSERTION	2.9	fpocket	REMOVED	2	0.086	0.01	5.092604651162791	-29.3156511627907	25.639325581395344	13	13	1.0	0.0	0.0	24.62	0	0.0	False	TARGET_DOMINATED	TARGET_DOMINATED	TARGET_DOMINATED	TARGET_DOMINATED	False	336;90;89;272;92;268;95;339;343;340;87;334;94
4DJH	A	T4L	P41145	INTERNAL_INSERTION	2.9	fpocket	REMOVED	3	0.07	0.038	6.510432432432434	-9.452702702702704	54.01624324324323	10	10	1.0	0.0	0.0	44.71	1	0.05	False	TARGET_DOMINATED	TARGET_DOMINATED	TARGET_DOMINATED	TARGET_DOMINATED	False	188;233;143;229;226;225;189;147;185;230
4DJH	A	T4L	P41145	INTERNAL_INSERTION	2.9	fpocket	REMOVED	4	0.053	0.012	1.83668	-37.56024000000001	39.8078	10	10	1.0	0.0	0.0	36.92	0	0.0	False	TARGET_DOMINATED	TARGET_DOMINATED	TARGET_DOMINATED	TARGET_DOMINATED	False	328;332;72;75;71;76;331;327;341;79
4DJH	A	T4L	P41145	INTERNAL_INSERTION	2.9	fpocket	REMOVED	5	0.022	0.001	-5.228066666666666	-6.759666666666669	37.11046666666666	5	5	1.0	0.0	0.0	24.74	0	0.0	False	TARGET_DOMINATED	TARGET_DOMINATED	TARGET_DOMINATED	TARGET_DOMINATED	False	157;248;244;245;241
4DJH	A	T4L	P41145	INTERNAL_INSERTION	2.9	fpocket	REMOVED	6	-0.01	0.067	1.7168333333333332	-14.727013888888889	26.284875000000003	17	17	1.0	0.0	0.0	18.98	0	0.0	False	TARGET_DOMINATED	TARGET_DOMINATED	TARGET_DOMINATED	TARGET_DOMINATED	False	167;166;268;92;272;158;165;171;155;156;269;266;159;162;94;163;93
4DJH	A	T4L	P41145	INTERNAL_INSERTION	2.9	fpocket	REMOVED	7	-0.014	0.003	-5.172214285714285	-23.503142857142855	68.2924642857143	7	7	1.0	0.0	0.0	56.53	1	0.05	False	TARGET_DOMINATED	TARGET_DOMINATED	TARGET_DOMINATED	TARGET_DOMINATED	False	297;296;309;307;312;293;308
4DJH	A	T4L	P41145	INTERNAL_INSERTION	2.9	fpocket	REMOVED	8	-0.014	0.0	9.768	-19.8899	71.93530000000001	8	8	1.0	0.0	0.0	63.11	0	0.0	False	TARGET_DOMINATED	TARGET_DOMINATED	TARGET_DOMINATED	TARGET_DOMINATED	False	211;209;200;213;214;198;219;212
4DJH	A	T4L	P41145	INTERNAL_INSERTION	2.9	fpocket	REMOVED	9	-0.022	0.0	-3.4722758620689658	-27.839413793103446	26.854965517241382	10	10	1.0	0.0	0.0	19.91	0	0.0	False	TARGET_DOMINATED	TARGET_DOMINATED	TARGET_DOMINATED	TARGET_DOMINATED	False	268;339;336;335;272;271;333;274;332;334
4DJH	A	T4L	P41145	INTERNAL_INSERTION	2.9	fpocket	REMOVED	10	-0.042	0.04	13.77154761904762	-21.623619047619048	36.35819047619047	11	11	1.0	0.0	0.0	34.95	0	0.0	False	TARGET_DOMINATED	TARGET_DOMINATED	TARGET_DOMINATED	TARGET_DOMINATED	False	96;99;176;91;179;180;183;100;103;85;84
4DJH	A	T4L	P41145	INTERNAL_INSERTION	2.9	fpocket	REMOVED	11	-0.047	0.033	2.92865625	-9.89821875	45.398687500000015	9	9	1.0	0.0	0.0	35.41	0	0.0	False	TARGET_DOMINATED	TARGET_DOMINATED	TARGET_DOMINATED	TARGET_DOMINATED	False	241;150;238;147;233;151;237;182;185
4DJH	A	T4L	P41145	INTERNAL_INSERTION	2.9	fpocket	REMOVED	12	-0.058	0.006	-10.487111111111112	-16.344166666666666	42.788444444444444	9	9	1.0	0.0	0.0	29.65	0	0.0	False	TARGET_DOMINATED	TARGET_DOMINATED	TARGET_DOMINATED	TARGET_DOMINATED	False	284;242;243;239;281;280;277;246;247
4DJH	A	T4L	P41145	INTERNAL_INSERTION	2.9	fpocket	REMOVED	13	-0.067	0.0	5.573666666666667	-19.1972	65.09793333333333	9	9	1.0	0.0	0.0	55.26	5	0.25	True	TARGET_DOMINATED	TARGET_DOMINATED	TARGET_DOMINATED	TARGET_DOMINATED	False	223;139;211;227;212;135;210;138;219
4DJH	A	T4L	P41145	INTERNAL_INSERTION	2.9	fpocket	REMOVED	14	-0.127	0.003	12.184750000000001	-8.757437500000002	66.09393750000001	5	5	1.0	0.0	0.0	58.07	0	0.0	False	TARGET_DOMINATED	TARGET_DOMINATED	TARGET_DOMINATED	TARGET_DOMINATED	False	222;215;196;226;214
4DJH	A	T4L	P41145	INTERNAL_INSERTION	2.9	fpocket	REMOVED	15	-0.138	0.013	-0.0652187500000001	-40.43028124999999	62.279281250000004	8	8	1.0	0.0	0.0	56.37	0	0.0	False	TARGET_DOMINATED	TARGET_DOMINATED	TARGET_DOMINATED	TARGET_DOMINATED	False	62;119;120;59;116;63;66;58
4DJH	A	T4L	P41145	INTERNAL_INSERTION	2.9	fpocket	REMOVED	16	-0.14	0.0	-7.888105263157894	-8.814052631578946	20.509421052631584	8	8	1.0	0.0	0.0	8.62	0	0.0	False	TARGET_DOMINATED	TARGET_DOMINATED	TARGET_DOMINATED	TARGET_DOMINATED	False	256;259;255;260;160;163;161;263
4DJH	A	T4L	P41145	INTERNAL_INSERTION	2.9	fpocket	REMOVED	17	-0.202	0.816	-2.762356321839081	-35.01109195402299	59.53982758620687	16	16	1.0	0.0	0.0	51.26	3	0.15	False	TARGET_DOMINATED	TARGET_DOMINATED	TARGET_DOMINATED	TARGET_DOMINATED	False	321;69;317;65;62;66;119;116;314;313;310;115;316;61;112;320
4DJH	A	T4L	P41145	INTERNAL_INSERTION	2.9	fpocket	REMOVED	18	-0.28	0.087	-10.81367647058824	-16.29560294117647	25.00552941176471	19	19	1.0	0.0	0.0	12.48	0	0.0	False	TARGET_DOMINATED	TARGET_DOMINATED	TARGET_DOMINATED	TARGET_DOMINATED	False	273;274;277;270;269;246;250;266;256;265;257;160;163;253;254;249;263;264;260
4JKV	A	BRIL	Q99835	TERMINAL_N	2.45	fpocket	ORIGINAL	1	0.626	0.998	-25.44712	22.39840000000001	19.780599999999993	46	46	1.0	0.0	0.0		21	1.0	True	TARGET_DOMINATED	TARGET_DOMINATED	TARGET_DOMINATED	TARGET_DOMINATED	False	482;481;478;486;485;398;324;325;273;277;525;395;397;477;221;480;274;526;278;484;219;207;208;321;281;513;400;394;303;473;396;215;470;521;222;384;515;518;230;387;522;391;389;386;301;383
4JKV	A	BRIL	Q99835	TERMINAL_N	2.45	fpocket	ORIGINAL	2	0.063	0.0	-75.05643749999999	30.840874999999997	-0.5609375	6	6	1.0	0.0	0.0		0	0.0	False	TARGET_DOMINATED	TARGET_DOMINATED	TARGET_DOMINATED	TARGET_DOMINATED	False	441;440;434;435;436;433
4JKV	A	BRIL	Q99835	TERMINAL_N	2.45	fpocket	ORIGINAL	3	0.051	0.003	-46.63412499999999	22.1853125	13.135250000000001	10	10	1.0	0.0	0.0		0	0.0	False	TARGET_DOMINATED	TARGET_DOMINATED	TARGET_DOMINATED	TARGET_DOMINATED	False	328;274;329;459;335;332;270;528;532;463
4JKV	A	BRIL	Q99835	TERMINAL_N	2.45	fpocket	ORIGINAL	4	0.029	0.001	-13.038263157894738	14.278157894736843	20.58478947368421	11	11	1.0	0.0	0.0		2	0.0952	False	TARGET_DOMINATED	TARGET_DOMINATED	TARGET_DOMINATED	TARGET_DOMINATED	False	395;207;206;208;303;205;215;300;204;296;301
4JKV	A	BRIL	Q99835	TERMINAL_N	2.45	fpocket	ORIGINAL	5	0.014	0.0	-17.861166666666666	20.265777777777778	9.838055555555556	6	6	1.0	0.0	0.0		1	0.0476	False	TARGET_DOMINATED	TARGET_DOMINATED	TARGET_DOMINATED	TARGET_DOMINATED	False	398;396;481;399;397;380
4JKV	A	BRIL	Q99835	TERMINAL_N	2.45	fpocket	ORIGINAL	6	0.008	0.0	-30.449400000000004	13.733266666666664	36.144933333333334	7	7	1.0	0.0	0.0		0	0.0	False	TARGET_DOMINATED	TARGET_DOMINATED	TARGET_DOMINATED	TARGET_DOMINATED	False	290;291;288;284;286;287;285
4JKV	A	BRIL	Q99835	TERMINAL_N	2.45	fpocket	ORIGINAL	7	0.0	0.139	-58.97037837837839	21.247027027027023	27.98910810810811	9	9	1.0	0.0	0.0		0	0.0	False	TARGET_DOMINATED	TARGET_DOMINATED	TARGET_DOMINATED	TARGET_DOMINATED	False	541;247;542;537;539;538;536;244;243
4JKV	A	BRIL	Q99835	TERMINAL_N	2.45	fpocket	ORIGINAL	8	-0.006	0.0	-67.82780952380952	9.91285714285714	22.215380952380947	6	6	1.0	0.0	0.0		0	0.0	False	TARGET_DOMINATED	TARGET_DOMINATED	TARGET_DOMINATED	TARGET_DOMINATED	False	544;548;254;547;255;543
4JKV	A	BRIL	Q99835	TERMINAL_N	2.45	fpocket	ORIGINAL	9	-0.018	0.0	-16.498187499999997	13.54225	16.101187499999998	8	8	1.0	0.0	0.0		1	0.0476	False	TARGET_DOMINATED	TARGET_DOMINATED	TARGET_DOMINATED	TARGET_DOMINATED	False	395;380;396;304;303;382;204;296
4JKV	A	BRIL	Q99835	TERMINAL_N	2.45	fpocket	ORIGINAL	10	-0.039	0.001	-62.19506250000001	16.3124375	3.0845625000000005	7	7	1.0	0.0	0.0		0	0.0	False	TARGET_DOMINATED	TARGET_DOMINATED	TARGET_DOMINATED	TARGET_DOMINATED	False	261;356;352;262;355;263;342
4JKV	A	BRIL	Q99835	TERMINAL_N	2.45	fpocket	ORIGINAL	11	-0.055	0.005	-44.01142307692309	10.654115384615384	15.373538461538459	7	7	1.0	0.0	0.0		0	0.0	False	TARGET_DOMINATED	TARGET_DOMINATED	TARGET_DOMINATED	TARGET_DOMINATED	False	324;273;276;365;272;323;327
4JKV	A	BRIL	Q99835	TERMINAL_N	2.45	fpocket	ORIGINAL	12	-0.057	0.0	-1.4379333333333333	15.717933333333336	44.839733333333335	6	6	0.1667	0.6667	0.1667		0	0.0	False	FUSION_DOMINATED	MIXED	MIXED	MIXED	False	4;46;3;2;106;190
4JKV	A	BRIL	Q99835	TERMINAL_N	2.45	fpocket	ORIGINAL	13	-0.069	0.0	-62.202947368421064	16.91236842105263	17.086000000000002	12	12	1.0	0.0	0.0		0	0.0	False	TARGET_DOMINATED	TARGET_DOMINATED	TARGET_DOMINATED	TARGET_DOMINATED	False	264;259;252;535;536;538;258;544;251;540;448;541
4JKV	A	BRIL	Q99835	TERMINAL_N	2.45	fpocket	ORIGINAL	14	-0.081	0.254	-59.55463265306123	32.539183673469395	8.22542857142857	14	14	1.0	0.0	0.0		0	0.0	False	TARGET_DOMINATED	TARGET_DOMINATED	TARGET_DOMINATED	TARGET_DOMINATED	False	430;446;450;423;427;426;437;343;339;454;449;457;453;458
4JKV	A	BRIL	Q99835	TERMINAL_N	2.45	fpocket	ORIGINAL	15	-0.082	0.001	-13.516812500000004	2.8434375000000003	29.171749999999996	16	16	0.625	0.375	0.0		0	0.0	False	TARGET_DOMINATED	INTERFACE	INTERFACE	INTERFACE	True	96;92;298;201;95;297;93;202;308;309;204;200;99;199;89;310
4JKV	A	BRIL	Q99835	TERMINAL_N	2.45	fpocket	ORIGINAL	16	-0.084	0.002	-22.39266071428571	16.182321428571424	33.83110714285714	17	17	0.7647	0.2353	0.0		0	0.0	False	TARGET_DOMINATED	TARGET_DOMINATED	INTERFACE	TARGET_DOMINATED	False	218;104;216;217;295;101;60;291;100;299;385;224;228;290;231;227;294
4JKV	A	BRIL	Q99835	TERMINAL_N	2.45	fpocket	ORIGINAL	17	-0.092	0.082	-38.86438709677418	18.385387096774185	3.4477419354838705	12	12	1.0	0.0	0.0		0	0.0	False	TARGET_DOMINATED	TARGET_DOMINATED	TARGET_DOMINATED	TARGET_DOMINATED	False	410;414;363;333;330;411;367;407;329;326;371;370
4JKV	A	BRIL	Q99835	TERMINAL_N	2.45	fpocket	ORIGINAL	18	-0.094	0.001	-47.339176470588235	33.03164705882353	5.4799411764705885	5	5	1.0	0.0	0.0		0	0.0	False	TARGET_DOMINATED	TARGET_DOMINATED	TARGET_DOMINATED	TARGET_DOMINATED	False	420;460;419;416;457
4JKV	A	BRIL	Q99835	TERMINAL_N	2.45	fpocket	ORIGINAL	19	-0.096	0.027	-64.73315000000001	20.612249999999992	4.149899999999999	10	10	1.0	0.0	0.0		0	0.0	False	TARGET_DOMINATED	TARGET_DOMINATED	TARGET_DOMINATED	TARGET_DOMINATED	False	445;263;448;346;352;449;444;262;342;345
4JKV	A	BRIL	Q99835	TERMINAL_N	2.45	fpocket	ORIGINAL	20	-0.108	0.0	-57.568214285714284	8.179214285714286	5.5907857142857145	9	9	1.0	0.0	0.0		0	0.0	False	TARGET_DOMINATED	TARGET_DOMINATED	TARGET_DOMINATED	TARGET_DOMINATED	False	261;356;357;358;359;260;269;361;262
4JKV	A	BRIL	Q99835	TERMINAL_N	2.45	fpocket	ORIGINAL	21	-0.112	0.0	-56.313562499999996	31.8198125	-6.085875	5	5	1.0	0.0	0.0		0	0.0	False	TARGET_DOMINATED	TARGET_DOMINATED	TARGET_DOMINATED	TARGET_DOMINATED	False	344;424;428;421;425
4JKV	A	BRIL	Q99835	TERMINAL_N	2.45	fpocket	ORIGINAL	22	-0.117	0.001	-43.13958823529412	9.96664705882353	-1.3204117647058824	5	5	1.0	0.0	0.0		0	0.0	False	TARGET_DOMINATED	TARGET_DOMINATED	TARGET_DOMINATED	TARGET_DOMINATED	False	362;366;363;360;359
4JKV	A	BRIL	Q99835	TERMINAL_N	2.45	fpocket	ORIGINAL	23	-0.144	0.003	-44.35516	25.99872	30.40236	4	4	1.0	0.0	0.0		0	0.0	False	UNASSIGNED	UNASSIGNED	UNASSIGNED	UNASSIGNED	False	237;240;236;530
4JKV	A	BRIL	Q99835	TERMINAL_N	2.45	fpocket	ORIGINAL	24	-0.167	0.0	-21.353263157894737	5.123210526315789	31.4845	16	16	0.625	0.375	0.0		0	0.0	False	TARGET_DOMINATED	INTERFACE	INTERFACE	INTERFACE	True	101;71;67;93;97;96;288;291;292;297;296;295;302;311;310;309
4JKV	A	BRIL	Q99835	TERMINAL_N	2.45	fpocket	ORIGINAL	25	-0.177	0.004	-19.787375	12.273375	39.377791666666674	7	7	0.2857	0.7143	0.0		0	0.0	False	FUSION_DOMINATED	FUSION_DOMINATED	INTERFACE	FUSION_DOMINATED	True	291;67;63;288;101;60;64
4JKV	A	BRIL	Q99835	TERMINAL_N	2.45	fpocket	ORIGINAL	26	-0.18	0.0	-18.43176	20.43096	38.40856000000001	8	8	0.375	0.625	0.0		0	0.0	False	FUSION_DOMINATED	INTERFACE	INTERFACE	INTERFACE	True	224;218;60;216;104;56;57;105
4JKV	A	BRIL	Q99835	TERMINAL_N	2.45	fpocket	ORIGINAL	27	-0.19	0.036	-51.10122222222222	16.91358333333333	-0.38152777777777774	11	11	1.0	0.0	0.0		0	0.0	False	TARGET_DOMINATED	TARGET_DOMINATED	TARGET_DOMINATED	TARGET_DOMINATED	False	333;337;363;334;414;418;358;351;355;352;360
4JKV	A	BRIL	Q99835	TERMINAL_N	2.45	fpocket	REMOVED	1	0.628	0.998	-25.557309803921555	22.419999999999998	19.891192156862743	47	47	1.0	0.0	0.0	31.81	21	1.0	True	TARGET_DOMINATED	TARGET_DOMINATED	TARGET_DOMINATED	TARGET_DOMINATED	False	518;513;384;515;222;480;473;477;386;219;481;485;395;394;387;482;398;478;397;301;525;522;281;521;325;400;484;221;486;391;230;396;303;274;324;321;234;470;389;383;526;278;207;208;277;215;273
4JKV	A	BRIL	Q99835	TERMINAL_N	2.45	fpocket	REMOVED	2	0.067	0.001	-5.56875	13.389562500000002	34.7335625	7	7	1.0	0.0	0.0	6.79	0	0.0	False	TARGET_DOMINATED	TARGET_DOMINATED	TARGET_DOMINATED	TARGET_DOMINATED	False	192;199;191;193;195;197;198
4JKV	A	BRIL	Q99835	TERMINAL_N	2.45	fpocket	REMOVED	3	0.063	0.0	-75.05643749999999	30.840874999999997	-0.5609375000000001	6	6	1.0	0.0	0.0	85.23	0	0.0	False	TARGET_DOMINATED	TARGET_DOMINATED	TARGET_DOMINATED	TARGET_DOMINATED	False	434;435;440;441;436;433
4JKV	A	BRIL	Q99835	TERMINAL_N	2.45	fpocket	REMOVED	4	0.051	0.003	-46.634125	22.185312500000002	13.13525	10	10	1.0	0.0	0.0	52.79	0	0.0	False	TARGET_DOMINATED	TARGET_DOMINATED	TARGET_DOMINATED	TARGET_DOMINATED	False	274;528;328;270;329;463;459;532;335;332
4JKV	A	BRIL	Q99835	TERMINAL_N	2.45	fpocket	REMOVED	5	0.028	0.001	-13.038263157894738	14.278157894736843	20.584789473684214	11	11	1.0	0.0	0.0	22.2	2	0.0952	False	TARGET_DOMINATED	TARGET_DOMINATED	TARGET_DOMINATED	TARGET_DOMINATED	False	296;300;205;301;215;303;207;206;395;204;208
4JKV	A	BRIL	Q99835	TERMINAL_N	2.45	fpocket	REMOVED	6	0.018	0.0	-14.520687500000001	2.4188750000000003	25.389125	7	7	1.0	0.0	0.0	23.5	0	0.0	False	TARGET_DOMINATED	TARGET_DOMINATED	TARGET_DOMINATED	TARGET_DOMINATED	False	298;297;202;310;309;308;204
4JKV	A	BRIL	Q99835	TERMINAL_N	2.45	fpocket	REMOVED	7	0.013	0.0	-17.861166666666666	20.26577777777778	9.838055555555558	6	6	1.0	0.0	0.0	34.13	1	0.0476	False	TARGET_DOMINATED	TARGET_DOMINATED	TARGET_DOMINATED	TARGET_DOMINATED	False	396;398;397;481;399;380
4JKV	A	BRIL	Q99835	TERMINAL_N	2.45	fpocket	REMOVED	8	0.007	0.0	-30.449400000000004	13.733266666666667	36.144933333333334	7	7	1.0	0.0	0.0	29.47	0	0.0	False	TARGET_DOMINATED	TARGET_DOMINATED	TARGET_DOMINATED	TARGET_DOMINATED	False	288;290;284;291;285;286;287
4JKV	A	BRIL	Q99835	TERMINAL_N	2.45	fpocket	REMOVED	9	-0.001	0.13	-58.97037837837839	21.24702702702703	27.989108108108113	9	9	1.0	0.0	0.0	59.09	0	0.0	False	TARGET_DOMINATED	TARGET_DOMINATED	TARGET_DOMINATED	TARGET_DOMINATED	False	538;537;244;247;243;541;542;536;539
4JKV	A	BRIL	Q99835	TERMINAL_N	2.45	fpocket	REMOVED	10	-0.007	0.0	-67.82780952380953	9.91285714285714	22.215380952380954	6	6	1.0	0.0	0.0	69.02	0	0.0	False	TARGET_DOMINATED	TARGET_DOMINATED	TARGET_DOMINATED	TARGET_DOMINATED	False	547;254;548;544;255;543
4JKV	A	BRIL	Q99835	TERMINAL_N	2.45	fpocket	REMOVED	11	-0.016	0.0	-21.946529411764708	3.5805882352941185	27.872470588235302	9	9	1.0	0.0	0.0	26.68	0	0.0	False	TARGET_DOMINATED	TARGET_DOMINATED	TARGET_DOMINATED	TARGET_DOMINATED	False	297;292;296;311;310;302;309;295;291
4JKV	A	BRIL	Q99835	TERMINAL_N	2.45	fpocket	REMOVED	12	-0.018	0.0	-16.498187499999997	13.54225	16.1011875	8	8	1.0	0.0	0.0	27.89	1	0.0476	False	TARGET_DOMINATED	TARGET_DOMINATED	TARGET_DOMINATED	TARGET_DOMINATED	False	395;380;396;303;204;296;304;382
4JKV	A	BRIL	Q99835	TERMINAL_N	2.45	fpocket	REMOVED	13	-0.027	0.001	-24.78043243243243	16.592972972972973	33.70618918918918	11	11	1.0	0.0	0.0	24.22	0	0.0	False	TARGET_DOMINATED	TARGET_DOMINATED	TARGET_DOMINATED	TARGET_DOMINATED	False	224;228;290;231;218;227;385;294;295;291;217
4JKV	A	BRIL	Q99835	TERMINAL_N	2.45	fpocket	REMOVED	14	-0.038	0.234	-59.07644230769233	32.65865384615384	8.568923076923074	14	14	1.0	0.0	0.0	67.63	0	0.0	False	TARGET_DOMINATED	TARGET_DOMINATED	TARGET_DOMINATED	TARGET_DOMINATED	False	450;426;446;339;449;343;437;454;458;457;453;430;423;427
4JKV	A	BRIL	Q99835	TERMINAL_N	2.45	fpocket	REMOVED	15	-0.04	0.001	-62.195062500000006	16.312437499999998	3.0845624999999997	7	7	1.0	0.0	0.0	70.92	0	0.0	False	TARGET_DOMINATED	TARGET_DOMINATED	TARGET_DOMINATED	TARGET_DOMINATED	False	261;352;356;262;342;355;263
4JKV	A	BRIL	Q99835	TERMINAL_N	2.45	fpocket	REMOVED	16	-0.056	0.004	-44.01142307692308	10.65411538461538	15.37353846153846	7	7	1.0	0.0	0.0	49.31	0	0.0	False	TARGET_DOMINATED	TARGET_DOMINATED	TARGET_DOMINATED	TARGET_DOMINATED	False	323;276;365;327;273;272;324
4JKV	A	BRIL	Q99835	TERMINAL_N	2.45	fpocket	REMOVED	17	-0.07	0.0	-62.20294736842105	16.912368421052633	17.086	12	12	1.0	0.0	0.0	64.91	0	0.0	False	TARGET_DOMINATED	TARGET_DOMINATED	TARGET_DOMINATED	TARGET_DOMINATED	False	541;544;540;538;264;258;448;259;252;535;536;251
4JKV	A	BRIL	Q99835	TERMINAL_N	2.45	fpocket	REMOVED	18	-0.093	0.075	-38.86438709677419	18.38538709677419	3.447741935483871	12	12	1.0	0.0	0.0	52.05	0	0.0	False	TARGET_DOMINATED	TARGET_DOMINATED	TARGET_DOMINATED	TARGET_DOMINATED	False	367;371;410;407;330;411;333;363;414;370;329;326
4JKV	A	BRIL	Q99835	TERMINAL_N	2.45	fpocket	REMOVED	19	-0.095	0.001	-47.339176470588235	33.03164705882353	5.479941176470589	5	5	1.0	0.0	0.0	59.71	0	0.0	False	TARGET_DOMINATED	TARGET_DOMINATED	TARGET_DOMINATED	TARGET_DOMINATED	False	460;420;419;457;416
4JKV	A	BRIL	Q99835	TERMINAL_N	2.45	fpocket	REMOVED	20	-0.098	0.024	-64.73315	20.612249999999996	4.1499	10	10	1.0	0.0	0.0	72.75	0	0.0	False	TARGET_DOMINATED	TARGET_DOMINATED	TARGET_DOMINATED	TARGET_DOMINATED	False	448;445;444;449;342;263;352;346;262;345
4JKV	A	BRIL	Q99835	TERMINAL_N	2.45	fpocket	REMOVED	21	-0.109	0.0	-57.568214285714284	8.179214285714284	5.590785714285714	9	9	1.0	0.0	0.0	66.12	0	0.0	False	TARGET_DOMINATED	TARGET_DOMINATED	TARGET_DOMINATED	TARGET_DOMINATED	False	261;356;357;359;358;262;260;361;269
4JKV	A	BRIL	Q99835	TERMINAL_N	2.45	fpocket	REMOVED	22	-0.112	0.0	-56.3135625	31.8198125	-6.085875	5	5	1.0	0.0	0.0	73.14	0	0.0	False	TARGET_DOMINATED	TARGET_DOMINATED	TARGET_DOMINATED	TARGET_DOMINATED	False	428;344;424;421;425
4JKV	A	BRIL	Q99835	TERMINAL_N	2.45	fpocket	REMOVED	23	-0.117	0.001	-43.13958823529413	9.96664705882353	-1.3204117647058826	5	5	1.0	0.0	0.0	58.68	0	0.0	False	TARGET_DOMINATED	TARGET_DOMINATED	TARGET_DOMINATED	TARGET_DOMINATED	False	362;366;359;363;360
4JKV	A	BRIL	Q99835	TERMINAL_N	2.45	fpocket	REMOVED	24	-0.145	0.003	-44.355160000000005	25.99872	30.40236	4	4	1.0	0.0	0.0	45.19	0	0.0	False	UNASSIGNED	UNASSIGNED	UNASSIGNED	UNASSIGNED	False	237;236;240;530
4JKV	A	BRIL	Q99835	TERMINAL_N	2.45	fpocket	REMOVED	25	-0.191	0.033	-51.10122222222222	16.913583333333335	-0.38152777777777785	11	11	1.0	0.0	0.0	63.75	0	0.0	False	TARGET_DOMINATED	TARGET_DOMINATED	TARGET_DOMINATED	TARGET_DOMINATED	False	414;333;418;363;358;351;337;355;352;360;334
4N6H	A	BRIL	P41143	TERMINAL_N	1.8	fpocket	ORIGINAL	1	0.398	0.928	-6.108008064516129	-69.83822580645162	71.18327419354837	27	27	1.0	0.0	0.0		13	1.0	True	TARGET_DOMINATED	TARGET_DOMINATED	TARGET_DOMINATED	TARGET_DOMINATED	False	105;108;124;125;128;114;198;132;129;109;214;217;281;285;284;300;304;307;274;308;278;277;213;210;202;282;218
4N6H	A	BRIL	P41143	TERMINAL_N	1.8	fpocket	ORIGINAL	2	0.14	0.949	-19.45668852459017	-71.86732786885246	92.3932950819672	16	16	1.0	0.0	0.0		0	0.0	False	TARGET_DOMINATED	TARGET_DOMINATED	TARGET_DOMINATED	TARGET_DOMINATED	False	89;166;75;177;174;170;173;169;90;93;86;81;74;162;163;97
4N6H	A	BRIL	P41143	TERMINAL_N	1.8	fpocket	ORIGINAL	3	0.079	0.001	-6.744312500000001	-89.3553125	40.631687500000005	6	6	0.0	1.0	0.0		0	0.0	False	FUSION_DOMINATED	FUSION_DOMINATED	FUSION_DOMINATED	FUSION_DOMINATED	True	1025;1019;1021;1016;1015;1020
4N6H	A	BRIL	P41143	TERMINAL_N	1.8	fpocket	ORIGINAL	4	0.061	0.001	0.707625	-76.0399375	38.667	7	7	0.0	1.0	0.0		0	0.0	False	FUSION_DOMINATED	FUSION_DOMINATED	FUSION_DOMINATED	FUSION_DOMINATED	True	1006;1035;1039;1036;1009;1032;1013
4N6H	A	BRIL	P41143	TERMINAL_N	1.8	fpocket	ORIGINAL	5	0.058	0.0	2.783227272727272	-94.0244090909091	37.58945454545455	6	6	0.0	1.0	0.0		0	0.0	False	FUSION_DOMINATED	FUSION_DOMINATED	FUSION_DOMINATED	FUSION_DOMINATED	True	1091;1092;1095;1018;1088;1014
4N6H	A	BRIL	P41143	TERMINAL_N	1.8	fpocket	ORIGINAL	6	0.052	0.003	-14.099352941176468	-89.62576470588233	105.76676470588235	6	6	1.0	0.0	0.0		0	0.0	False	TARGET_DOMINATED	TARGET_DOMINATED	TARGET_DOMINATED	TARGET_DOMINATED	False	76;77;338;335;334;331
4N6H	A	BRIL	P41143	TERMINAL_N	1.8	fpocket	ORIGINAL	7	0.029	0.003	-8.351807692307695	-78.8768076923077	61.11769230769232	9	9	1.0	0.0	0.0		0	0.0	False	TARGET_DOMINATED	TARGET_DOMINATED	TARGET_DOMINATED	TARGET_DOMINATED	False	196;197;113;112;108;114;198;45;109
4N6H	A	BRIL	P41143	TERMINAL_N	1.8	fpocket	ORIGINAL	8	0.026	0.0	3.2569333333333335	-89.2032	46.086	9	9	0.2222	0.7778	0.0		0	0.0	False	FUSION_DOMINATED	FUSION_DOMINATED	INTERFACE	FUSION_DOMINATED	True	38;39;1012;1015;1098;1011;1014;1095;1018
4N6H	A	BRIL	P41143	TERMINAL_N	1.8	fpocket	ORIGINAL	9	0.025	0.012	5.194473684210526	-61.84173684210526	88.61763157894738	8	8	1.0	0.0	0.0		0	0.0	False	TARGET_DOMINATED	TARGET_DOMINATED	TARGET_DOMINATED	TARGET_DOMINATED	False	271;233;267;268;229;234;230;226
4N6H	A	BRIL	P41143	TERMINAL_N	1.8	fpocket	ORIGINAL	10	0.018	0.002	11.996709677419354	-77.08196774193547	49.604032258064514	8	8	0.0	1.0	0.0		0	0.0	False	FUSION_DOMINATED	FUSION_DOMINATED	FUSION_DOMINATED	FUSION_DOMINATED	True	1046;1004;1106;1007;1003;1105;1047;1044
4N6H	A	BRIL	P41143	TERMINAL_N	1.8	fpocket	ORIGINAL	11	0.016	0.001	-9.71642105263158	-67.65647368421052	104.50484210526317	9	9	1.0	0.0	0.0		0	0.0	False	TARGET_DOMINATED	TARGET_DOMINATED	TARGET_DOMINATED	TARGET_DOMINATED	False	146;256;160;259;82;161;162;84;83
4N6H	A	BRIL	P41143	TERMINAL_N	1.8	fpocket	ORIGINAL	12	0.014	0.004	6.1042666666666685	-72.20966666666666	87.15920000000001	8	8	1.0	0.0	0.0		0	0.0	False	TARGET_DOMINATED	TARGET_DOMINATED	TARGET_DOMINATED	TARGET_DOMINATED	False	268;272;269;273;265;313;264;233
4N6H	A	BRIL	P41143	TERMINAL_N	1.8	fpocket	ORIGINAL	13	0.014	0.02	-21.580238095238098	-74.57152380952378	74.90004761904761	7	7	1.0	0.0	0.0		0	0.0	False	TARGET_DOMINATED	TARGET_DOMINATED	TARGET_DOMINATED	TARGET_DOMINATED	False	130;184;127;122;119;123;126
4N6H	A	BRIL	P41143	TERMINAL_N	1.8	fpocket	ORIGINAL	14	-0.003	0.001	5.520314285714285	-81.71094285714285	49.95462857142857	13	13	0.4615	0.5385	0.0		0	0.0	False	FUSION_DOMINATED	INTERFACE	INTERFACE	INTERFACE	True	1012;42;1008;292;1004;41;39;1005;1007;1011;40;37;1106
4N6H	A	BRIL	P41143	TERMINAL_N	1.8	fpocket	ORIGINAL	15	-0.004	0.0	-0.9332222222222223	-74.98600000000002	104.19755555555557	7	7	1.0	0.0	0.0		0	0.0	False	TARGET_DOMINATED	TARGET_DOMINATED	TARGET_DOMINATED	TARGET_DOMINATED	False	259;255;324;323;258;321;322
4N6H	A	BRIL	P41143	TERMINAL_N	1.8	fpocket	ORIGINAL	16	-0.007	0.065	2.1081296296296297	-79.73066666666664	60.7650185185185	13	13	1.0	0.0	0.0		0	0.0	False	TARGET_DOMINATED	TARGET_DOMINATED	TARGET_DOMINATED	TARGET_DOMINATED	False	48;45;301;297;294;44;292;41;298;52;109;49;291
4N6H	A	BRIL	P41143	TERMINAL_N	1.8	fpocket	ORIGINAL	17	-0.008	0.003	1.32985	-82.2312	83.09020000000001	9	9	1.0	0.0	0.0		0	0.0	False	TARGET_DOMINATED	TARGET_DOMINATED	TARGET_DOMINATED	TARGET_DOMINATED	False	62;312;309;313;306;273;58;59;316
4N6H	A	BRIL	P41143	TERMINAL_N	1.8	fpocket	ORIGINAL	18	-0.009	0.01	-17.802052631578942	-81.68315789473685	91.05105263157895	5	5	1.0	0.0	0.0		0	0.0	False	TARGET_DOMINATED	TARGET_DOMINATED	TARGET_DOMINATED	TARGET_DOMINATED	False	75;89;71;72;68
4N6H	A	BRIL	P41143	TERMINAL_N	1.8	fpocket	ORIGINAL	19	-0.019	0.0	-11.179062499999999	-66.04175	61.8399375	9	9	1.0	0.0	0.0		2	0.1538	False	TARGET_DOMINATED	TARGET_DOMINATED	TARGET_DOMINATED	TARGET_DOMINATED	False	200;210;199;206;201;202;214;129;207
4N6H	A	BRIL	P41143	TERMINAL_N	1.8	fpocket	ORIGINAL	20	-0.021	0.01	-4.059200000000001	-85.18910000000001	91.9256	8	8	1.0	0.0	0.0		0	0.0	False	TARGET_DOMINATED	TARGET_DOMINATED	TARGET_DOMINATED	TARGET_DOMINATED	False	320;316;62;315;319;329;69;66
4N6H	A	BRIL	P41143	TERMINAL_N	1.8	fpocket	ORIGINAL	21	-0.026	0.008	6.664888888888888	-66.51455555555555	69.75633333333333	5	5	1.0	0.0	0.0		0	0.0	False	TARGET_DOMINATED	TARGET_DOMINATED	TARGET_DOMINATED	TARGET_DOMINATED	False	280;283;276;303;279
4N6H	A	BRIL	P41143	TERMINAL_N	1.8	fpocket	ORIGINAL	22	-0.028	0.004	2.934380952380952	-80.12757142857143	76.65471428571429	6	6	1.0	0.0	0.0		0	0.0	False	TARGET_DOMINATED	TARGET_DOMINATED	TARGET_DOMINATED	TARGET_DOMINATED	False	306;302;55;305;309;59
4N6H	A	BRIL	P41143	TERMINAL_N	1.8	fpocket	ORIGINAL	23	-0.032	0.0	-2.1555882352941174	-86.22229411764705	58.78470588235294	6	6	1.0	0.0	0.0		0	0.0	False	TARGET_DOMINATED	TARGET_DOMINATED	TARGET_DOMINATED	TARGET_DOMINATED	False	112;46;45;42;109;110
4N6H	A	BRIL	P41143	TERMINAL_N	1.8	fpocket	ORIGINAL	24	-0.045	0.791	-11.967490196078431	-58.737862745098056	85.10111764705883	13	13	1.0	0.0	0.0		0	0.0	False	TARGET_DOMINATED	TARGET_DOMINATED	TARGET_DOMINATED	TARGET_DOMINATED	False	225;224;220;228;175;137;172;141;168;171;133;179;140
4N6H	A	BRIL	P41143	TERMINAL_N	1.8	fpocket	ORIGINAL	25	-0.066	0.109	-15.991322580645162	-88.33764516129031	95.38977419354839	7	7	1.0	0.0	0.0		0	0.0	False	TARGET_DOMINATED	TARGET_DOMINATED	TARGET_DOMINATED	TARGET_DOMINATED	False	72;336;333;69;332;76;75
4N6H	A	BRIL	P41143	TERMINAL_N	1.8	fpocket	ORIGINAL	26	-0.091	0.147	-14.041323529411764	-60.15670588235293	72.64864705882353	12	12	1.0	0.0	0.0		1	0.0769	False	TARGET_DOMINATED	TARGET_DOMINATED	TARGET_DOMINATED	TARGET_DOMINATED	False	178;182;179;220;216;133;217;213;209;212;186;183
4N6H	A	BRIL	P41143	TERMINAL_N	1.8	fpocket	ORIGINAL	27	-0.092	0.0	7.501	-73.56472222222222	53.52572222222222	6	6	0.6667	0.3333	0.0		0	0.0	False	TARGET_DOMINATED	INTERFACE	INTERFACE	INTERFACE	True	292;294;1004;293;290;1002
4N6H	A	BRIL	P41143	TERMINAL_N	1.8	fpocket	ORIGINAL	28	-0.098	0.001	3.6149999999999998	-53.870176470588234	102.27000000000001	7	7	1.0	0.0	0.0		0	0.0	False	TARGET_DOMINATED	TARGET_DOMINATED	TARGET_DOMINATED	TARGET_DOMINATED	False	151;147;152;242;238;239;235
4N6H	A	BRIL	P41143	TERMINAL_N	1.8	fpocket	ORIGINAL	29	-0.099	0.003	6.929999999999999	-70.89785714285715	104.74319047619048	6	6	1.0	0.0	0.0		0	0.0	False	TARGET_DOMINATED	TARGET_DOMINATED	TARGET_DOMINATED	TARGET_DOMINATED	False	261;257;258;254;253;250
4N6H	A	BRIL	P41143	TERMINAL_N	1.8	fpocket	ORIGINAL	30	-0.143	0.003	-11.347545454545456	-59.47018181818182	97.16586363636362	8	8	1.0	0.0	0.0		0	0.0	False	TARGET_DOMINATED	TARGET_DOMINATED	TARGET_DOMINATED	TARGET_DOMINATED	False	145;148;159;144;141;87;168;160
4N6H	A	BRIL	P41143	TERMINAL_N	1.8	fpocket	REMOVED	1	0.398	0.928	-6.108008064516125	-69.83822580645162	71.18327419354834	27	27	1.0	0.0	0.0	32.18	13	1.0	True	TARGET_DOMINATED	TARGET_DOMINATED	TARGET_DOMINATED	TARGET_DOMINATED	False	198;108;114;125;105;128;124;304;109;308;307;129;277;274;281;217;300;214;278;132;284;218;285;282;213;202;210
4N6H	A	BRIL	P41143	TERMINAL_N	1.8	fpocket	REMOVED	2	0.14	0.949	-19.45668852459016	-71.86732786885243	92.39329508196721	16	16	1.0	0.0	0.0	54.93	0	0.0	False	TARGET_DOMINATED	TARGET_DOMINATED	TARGET_DOMINATED	TARGET_DOMINATED	False	89;169;166;173;93;97;90;74;75;81;86;162;177;174;170;163
4N6H	A	BRIL	P41143	TERMINAL_N	1.8	fpocket	REMOVED	3	0.052	0.003	-14.099352941176472	-89.62576470588236	105.76676470588234	6	6	1.0	0.0	0.0	62.18	0	0.0	False	TARGET_DOMINATED	TARGET_DOMINATED	TARGET_DOMINATED	TARGET_DOMINATED	False	331;335;334;77;338;76
4N6H	A	BRIL	P41143	TERMINAL_N	1.8	fpocket	REMOVED	4	0.029	0.003	-8.351807692307693	-78.8768076923077	61.117692307692316	9	9	1.0	0.0	0.0	24.94	0	0.0	False	TARGET_DOMINATED	TARGET_DOMINATED	TARGET_DOMINATED	TARGET_DOMINATED	False	198;197;108;196;112;113;45;114;109
4N6H	A	BRIL	P41143	TERMINAL_N	1.8	fpocket	REMOVED	5	0.025	0.012	5.194473684210527	-61.84173684210527	88.61763157894735	8	8	1.0	0.0	0.0	45.38	0	0.0	False	TARGET_DOMINATED	TARGET_DOMINATED	TARGET_DOMINATED	TARGET_DOMINATED	False	234;230;233;271;268;267;229;226
4N6H	A	BRIL	P41143	TERMINAL_N	1.8	fpocket	REMOVED	6	0.016	0.001	-9.716421052631578	-67.65647368421052	104.50484210526317	9	9	1.0	0.0	0.0	61.38	0	0.0	False	TARGET_DOMINATED	TARGET_DOMINATED	TARGET_DOMINATED	TARGET_DOMINATED	False	82;256;259;160;162;83;161;84;146
4N6H	A	BRIL	P41143	TERMINAL_N	1.8	fpocket	REMOVED	7	0.014	0.004	6.104266666666667	-72.20966666666666	87.1592	8	8	1.0	0.0	0.0	39.65	0	0.0	False	TARGET_DOMINATED	TARGET_DOMINATED	TARGET_DOMINATED	TARGET_DOMINATED	False	269;273;272;313;268;265;264;233
4N6H	A	BRIL	P41143	TERMINAL_N	1.8	fpocket	REMOVED	8	0.014	0.02	-21.580238095238098	-74.5715238095238	74.90004761904763	7	7	1.0	0.0	0.0	43.92	0	0.0	False	TARGET_DOMINATED	TARGET_DOMINATED	TARGET_DOMINATED	TARGET_DOMINATED	False	119;123;122;184;127;130;126
4N6H	A	BRIL	P41143	TERMINAL_N	1.8	fpocket	REMOVED	9	-0.004	0.0	-0.9332222222222223	-74.986	104.19755555555554	7	7	1.0	0.0	0.0	56.67	0	0.0	False	TARGET_DOMINATED	TARGET_DOMINATED	TARGET_DOMINATED	TARGET_DOMINATED	False	323;322;258;321;324;255;259
4N6H	A	BRIL	P41143	TERMINAL_N	1.8	fpocket	REMOVED	10	-0.007	0.065	2.10812962962963	-79.73066666666666	60.765018518518495	13	13	1.0	0.0	0.0	16.16	0	0.0	False	TARGET_DOMINATED	TARGET_DOMINATED	TARGET_DOMINATED	TARGET_DOMINATED	False	41;294;292;297;45;52;49;44;298;48;109;291;301
4N6H	A	BRIL	P41143	TERMINAL_N	1.8	fpocket	REMOVED	11	-0.008	0.003	1.32985	-82.23120000000002	83.09020000000001	9	9	1.0	0.0	0.0	35.1	0	0.0	False	TARGET_DOMINATED	TARGET_DOMINATED	TARGET_DOMINATED	TARGET_DOMINATED	False	309;273;312;62;313;306;58;316;59
4N6H	A	BRIL	P41143	TERMINAL_N	1.8	fpocket	REMOVED	12	-0.009	0.01	-17.802052631578945	-81.68315789473684	91.05105263157895	5	5	1.0	0.0	0.0	51.45	0	0.0	False	TARGET_DOMINATED	TARGET_DOMINATED	TARGET_DOMINATED	TARGET_DOMINATED	False	71;72;68;89;75
4N6H	A	BRIL	P41143	TERMINAL_N	1.8	fpocket	REMOVED	13	-0.019	0.0	-11.179062499999999	-66.04175000000001	61.8399375	9	9	1.0	0.0	0.0	32.86	2	0.1538	False	TARGET_DOMINATED	TARGET_DOMINATED	TARGET_DOMINATED	TARGET_DOMINATED	False	210;202;206;207;200;199;201;214;129
4N6H	A	BRIL	P41143	TERMINAL_N	1.8	fpocket	REMOVED	14	-0.021	0.01	-4.0592	-85.1891	91.92560000000003	8	8	1.0	0.0	0.0	45.21	0	0.0	False	TARGET_DOMINATED	TARGET_DOMINATED	TARGET_DOMINATED	TARGET_DOMINATED	False	316;320;62;315;66;329;69;319
4N6H	A	BRIL	P41143	TERMINAL_N	1.8	fpocket	REMOVED	15	-0.026	0.008	6.664888888888889	-66.51455555555557	69.75633333333334	5	5	1.0	0.0	0.0	27.45	0	0.0	False	TARGET_DOMINATED	TARGET_DOMINATED	TARGET_DOMINATED	TARGET_DOMINATED	False	283;280;279;276;303
4N6H	A	BRIL	P41143	TERMINAL_N	1.8	fpocket	REMOVED	16	-0.028	0.004	2.934380952380952	-80.12757142857143	76.65471428571429	6	6	1.0	0.0	0.0	28.78	0	0.0	False	TARGET_DOMINATED	TARGET_DOMINATED	TARGET_DOMINATED	TARGET_DOMINATED	False	309;55;305;59;302;306
4N6H	A	BRIL	P41143	TERMINAL_N	1.8	fpocket	REMOVED	17	-0.032	0.0	-2.1555882352941174	-86.22229411764707	58.78470588235293	6	6	1.0	0.0	0.0	17.78	0	0.0	False	TARGET_DOMINATED	TARGET_DOMINATED	TARGET_DOMINATED	TARGET_DOMINATED	False	42;46;112;110;45;109
4N6H	A	BRIL	P41143	TERMINAL_N	1.8	fpocket	REMOVED	18	-0.045	0.791	-11.967490196078431	-58.737862745098035	85.10111764705886	13	13	1.0	0.0	0.0	50.26	0	0.0	False	TARGET_DOMINATED	TARGET_DOMINATED	TARGET_DOMINATED	TARGET_DOMINATED	False	141;171;168;137;175;172;140;220;224;228;225;133;179
4N6H	A	BRIL	P41143	TERMINAL_N	1.8	fpocket	REMOVED	19	-0.066	0.109	-15.991322580645162	-88.33764516129033	95.3897741935484	7	7	1.0	0.0	0.0	54.01	0	0.0	False	TARGET_DOMINATED	TARGET_DOMINATED	TARGET_DOMINATED	TARGET_DOMINATED	False	336;72;333;69;76;75;332
4N6H	A	BRIL	P41143	TERMINAL_N	1.8	fpocket	REMOVED	20	-0.091	0.147	-14.041323529411764	-60.15670588235293	72.64864705882353	12	12	1.0	0.0	0.0	43.01	1	0.0769	False	TARGET_DOMINATED	TARGET_DOMINATED	TARGET_DOMINATED	TARGET_DOMINATED	False	213;209;212;179;182;186;183;216;220;133;217;178
4N6H	A	BRIL	P41143	TERMINAL_N	1.8	fpocket	REMOVED	21	-0.098	0.001	3.6150000000000007	-53.870176470588234	102.27	7	7	1.0	0.0	0.0	61.23	0	0.0	False	TARGET_DOMINATED	TARGET_DOMINATED	TARGET_DOMINATED	TARGET_DOMINATED	False	151;147;235;152;239;242;238
4N6H	A	BRIL	P41143	TERMINAL_N	1.8	fpocket	REMOVED	22	-0.099	0.003	6.93	-70.89785714285715	104.74319047619048	6	6	1.0	0.0	0.0	56.6	0	0.0	False	TARGET_DOMINATED	TARGET_DOMINATED	TARGET_DOMINATED	TARGET_DOMINATED	False	261;254;258;253;250;257
4N6H	A	BRIL	P41143	TERMINAL_N	1.8	fpocket	REMOVED	23	-0.143	0.003	-11.347545454545456	-59.47018181818182	97.16586363636362	8	8	1.0	0.0	0.0	58.7	0	0.0	False	TARGET_DOMINATED	TARGET_DOMINATED	TARGET_DOMINATED	TARGET_DOMINATED	False	148;144;159;168;141;87;145;160
4Z35	A	BRIL	Q92633	INTERNAL_INSERTION	2.9	fpocket	ORIGINAL	1	0.173	0.978	1.0664960629921263	-6.746157480314964	10.066551181102367	26	26	0.4231	0.5769	0.0		0	0.0	False	FUSION_DOMINATED	INTERFACE	INTERFACE	INTERFACE	True	254;253;150;1003;232;250;1061;1065;1068;153;257;1105;1098;1101;1007;1010;146;1064;154;249;231;1060;1006;1040;1036;1037
4Z35	A	BRIL	Q92633	INTERNAL_INSERTION	2.9	fpocket	ORIGINAL	2	0.118	0.003	8.939105263157895	-4.999157894736842	20.605	6	6	0.6667	0.1667	0.1667		0	0.0	False	TARGET_DOMINATED	MIXED	MIXED	MIXED	False	1043;1042;227;151;231;147
4Z35	A	BRIL	Q92633	INTERNAL_INSERTION	2.9	fpocket	ORIGINAL	3	0.085	0.003	-2.8944999999999994	-34.59045454545455	62.15445454545454	7	7	1.0	0.0	0.0		2	0.08	False	TARGET_DOMINATED	TARGET_DOMINATED	TARGET_DOMINATED	TARGET_DOMINATED	False	113;41;34;30;31;114;110
4Z35	A	BRIL	Q92633	INTERNAL_INSERTION	2.9	fpocket	ORIGINAL	4	0.085	0.96	-5.468565656565653	-28.18141919191919	52.89037878787877	39	39	1.0	0.0	0.0		20	0.8	True	TARGET_DOMINATED	TARGET_DOMINATED	TARGET_DOMINATED	TARGET_DOMINATED	False	39;40;34;294;113;124;109;108;297;296;52;49;46;48;110;106;198;278;275;271;274;300;102;293;125;121;199;277;41;42;105;128;129;207;202;210;132;44;270
4Z35	A	BRIL	Q92633	INTERNAL_INSERTION	2.9	fpocket	ORIGINAL	5	0.048	0.005	-3.4555000000000002	-6.273535714285714	7.7226785714285695	8	8	0.125	0.75	0.125		0	0.0	False	FUSION_DOMINATED	FUSION_DOMINATED	MIXED	FUSION_DOMINATED	True	1105;1061;1101;1007;250;1106;1102;1004
4Z35	A	BRIL	Q92633	INTERNAL_INSERTION	2.9	fpocket	ORIGINAL	6	0.038	0.0	-10.037944444444443	1.1789999999999998	1.4451666666666667	6	6	0.0	1.0	0.0		0	0.0	False	FUSION_DOMINATED	FUSION_DOMINATED	FUSION_DOMINATED	FUSION_DOMINATED	True	1015;1018;1095;1098;1014;1011
4Z35	A	BRIL	Q92633	INTERNAL_INSERTION	2.9	fpocket	ORIGINAL	7	0.016	0.001	7.848225806451613	-39.531677419354835	62.50016129032259	11	11	1.0	0.0	0.0		0	0.0	False	TARGET_DOMINATED	TARGET_DOMINATED	TARGET_DOMINATED	TARGET_DOMINATED	False	118;119;27;28;26;117;29;25;116;115;114
4Z35	A	BRIL	Q92633	INTERNAL_INSERTION	2.9	fpocket	ORIGINAL	8	0.013	0.0	2.9407391304347827	2.196434782608696	17.598347826086957	7	7	0.1429	0.8571	0.0		0	0.0	False	FUSION_DOMINATED	FUSION_DOMINATED	MIXED	FUSION_DOMINATED	True	1002;1039;1006;1005;231;1042;1003
4Z35	A	BRIL	Q92633	INTERNAL_INSERTION	2.9	fpocket	ORIGINAL	9	0.008	0.012	12.43552380952381	-22.058809523809526	30.707523809523813	9	9	1.0	0.0	0.0		0	0.0	False	TARGET_DOMINATED	TARGET_DOMINATED	TARGET_DOMINATED	TARGET_DOMINATED	False	137;140;170;141;171;167;166;144;174
4Z35	A	BRIL	Q92633	INTERNAL_INSERTION	2.9	fpocket	ORIGINAL	10	-0.0	0.002	-0.2748275862068964	-21.413758620689652	14.260551724137933	10	10	1.0	0.0	0.0		0	0.0	False	TARGET_DOMINATED	TARGET_DOMINATED	TARGET_DOMINATED	TARGET_DOMINATED	False	252;85;155;253;154;146;82;79;84;256
4Z35	A	BRIL	Q92633	INTERNAL_INSERTION	2.9	fpocket	ORIGINAL	11	-0.01	0.006	10.13437837837838	-34.63227027027026	47.89491891891892	12	12	1.0	0.0	0.0		5	0.2	False	TARGET_DOMINATED	TARGET_DOMINATED	TARGET_DOMINATED	TARGET_DOMINATED	False	179;176;180;126;127;123;130;119;183;184;122;97
4Z35	A	BRIL	Q92633	INTERNAL_INSERTION	2.9	fpocket	ORIGINAL	12	-0.014	0.0	0.8009374999999999	-33.715624999999996	70.7200625	7	7	1.0	0.0	0.0		0	0.0	False	TARGET_DOMINATED	TARGET_DOMINATED	TARGET_DOMINATED	TARGET_DOMINATED	False	35;114;31;36;32;29;28
4Z35	A	BRIL	Q92633	INTERNAL_INSERTION	2.9	fpocket	ORIGINAL	13	-0.023	0.001	-19.038400000000003	-36.780866666666675	45.998533333333334	5	5	1.0	0.0	0.0		0	0.0	False	TARGET_DOMINATED	TARGET_DOMINATED	TARGET_DOMINATED	TARGET_DOMINATED	False	51;54;55;50;58
4Z35	A	BRIL	Q92633	INTERNAL_INSERTION	2.9	fpocket	ORIGINAL	14	-0.027	0.0	-9.047866666666668	-0.7558	15.501666666666667	4	4	0.0	1.0	0.0		0	0.0	False	UNASSIGNED	UNASSIGNED	UNASSIGNED	UNASSIGNED	False	1008;1004;1001;1005
4Z35	A	BRIL	Q92633	INTERNAL_INSERTION	2.9	fpocket	ORIGINAL	15	-0.044	0.012	8.548862068965514	-7.156310344827587	10.145999999999999	13	13	0.3077	0.6154	0.0769		0	0.0	False	FUSION_DOMINATED	INTERFACE	INTERFACE	INTERFACE	True	153;151;1061;152;1058;1105;1062;1041;1043;1065;231;1060;1040
4Z35	A	BRIL	Q92633	INTERNAL_INSERTION	2.9	fpocket	ORIGINAL	16	-0.047	0.0	-7.412499999999999	-36.22837500000001	13.568249999999999	6	6	1.0	0.0	0.0		0	0.0	False	TARGET_DOMINATED	TARGET_DOMINATED	TARGET_DOMINATED	TARGET_DOMINATED	False	77;76;321;324;320;317
4Z35	A	BRIL	Q92633	INTERNAL_INSERTION	2.9	fpocket	ORIGINAL	17	-0.061	0.0	3.527176470588235	-22.09658823529412	67.71794117647059	6	6	1.0	0.0	0.0		0	0.0	False	TARGET_DOMINATED	TARGET_DOMINATED	TARGET_DOMINATED	TARGET_DOMINATED	False	36;193;192;195;197;37
4Z35	A	BRIL	Q92633	INTERNAL_INSERTION	2.9	fpocket	ORIGINAL	18	-0.064	0.001	-6.344608695652175	-9.444086956521739	19.577173913043477	7	7	0.7143	0.2857	0.0		0	0.0	False	TARGET_DOMINATED	TARGET_DOMINATED	INTERFACE	TARGET_DOMINATED	False	258;254;1004;1001;229;232;257
4Z35	A	BRIL	Q92633	INTERNAL_INSERTION	2.9	fpocket	ORIGINAL	19	-0.067	0.001	4.4399999999999995	-35.47946666666667	20.64286666666667	6	6	1.0	0.0	0.0		0	0.0	False	TARGET_DOMINATED	TARGET_DOMINATED	TARGET_DOMINATED	TARGET_DOMINATED	False	75;74;71;86;89;81
4Z35	A	BRIL	Q92633	INTERNAL_INSERTION	2.9	fpocket	ORIGINAL	20	-0.068	0.026	-1.6042499999999997	-9.899	38.20320833333333	7	7	1.0	0.0	0.0		0	0.0	False	TARGET_DOMINATED	TARGET_DOMINATED	TARGET_DOMINATED	TARGET_DOMINATED	False	219;222;218;268;223;215;272
4Z35	A	BRIL	Q92633	INTERNAL_INSERTION	2.9	fpocket	ORIGINAL	21	-0.093	0.175	-12.692282608695654	-33.87119565217392	27.273891304347814	10	10	1.0	0.0	0.0		0	0.0	False	TARGET_DOMINATED	TARGET_DOMINATED	TARGET_DOMINATED	TARGET_DOMINATED	False	66;62;69;309;312;308;65;326;322;313
4Z35	A	BRIL	Q92633	INTERNAL_INSERTION	2.9	fpocket	ORIGINAL	22	-0.099	0.003	-6.957627906976746	-22.057953488372085	60.606209302325595	15	15	1.0	0.0	0.0		4	0.16	False	TARGET_DOMINATED	TARGET_DOMINATED	TARGET_DOMINATED	TARGET_DOMINATED	False	291;294;40;290;289;197;198;281;39;284;288;286;293;38;285
4Z35	A	BRIL	Q92633	INTERNAL_INSERTION	2.9	fpocket	ORIGINAL	23	-0.104	0.0	-11.64994117647059	-15.688705882352943	21.35229411764706	4	4	1.0	0.0	0.0		0	0.0	False	UNASSIGNED	UNASSIGNED	UNASSIGNED	UNASSIGNED	False	255;314;258;262
4Z35	A	BRIL	Q92633	INTERNAL_INSERTION	2.9	fpocket	ORIGINAL	24	-0.107	0.001	-7.702807692307693	-21.410346153846156	14.929153846153845	7	7	1.0	0.0	0.0		0	0.0	False	TARGET_DOMINATED	TARGET_DOMINATED	TARGET_DOMINATED	TARGET_DOMINATED	False	316;255;252;315;251;256;85
4Z35	A	BRIL	Q92633	INTERNAL_INSERTION	2.9	fpocket	ORIGINAL	25	-0.108	0.003	-4.1044374999999995	-10.926187500000001	30.5764375	8	8	1.0	0.0	0.0		0	0.0	False	TARGET_DOMINATED	TARGET_DOMINATED	TARGET_DOMINATED	TARGET_DOMINATED	False	265;222;268;264;226;225;229;261
4Z35	A	BRIL	Q92633	INTERNAL_INSERTION	2.9	fpocket	ORIGINAL	26	-0.112	0.0	12.242187499999998	-21.034625000000002	20.773000000000003	8	8	1.0	0.0	0.0		0	0.0	False	TARGET_DOMINATED	TARGET_DOMINATED	TARGET_DOMINATED	TARGET_DOMINATED	False	164;145;160;163;83;156;167;148
4Z35	A	BRIL	Q92633	INTERNAL_INSERTION	2.9	fpocket	ORIGINAL	27	-0.148	0.002	10.461	-20.60022727272727	25.014318181818183	7	7	1.0	0.0	0.0		0	0.0	False	TARGET_DOMINATED	TARGET_DOMINATED	TARGET_DOMINATED	TARGET_DOMINATED	False	144;167;141;145;164;87;148
4Z35	A	BRIL	Q92633	INTERNAL_INSERTION	2.9	fpocket	REMOVED	1	0.085	0.003	-2.8945000000000003	-34.59045454545455	62.15445454545455	7	7	1.0	0.0	0.0	52.92	2	0.08	False	TARGET_DOMINATED	TARGET_DOMINATED	TARGET_DOMINATED	TARGET_DOMINATED	False	113;114;34;41;30;31;110
4Z35	A	BRIL	Q92633	INTERNAL_INSERTION	2.9	fpocket	REMOVED	2	0.085	0.96	-5.468565656565657	-28.18141919191918	52.89037878787879	39	39	1.0	0.0	0.0	41.82	20	0.8	True	TARGET_DOMINATED	TARGET_DOMINATED	TARGET_DOMINATED	TARGET_DOMINATED	False	125;105;128;207;129;202;210;278;270;300;274;296;109;271;132;102;198;277;52;294;297;199;106;121;39;293;124;46;48;49;40;41;42;44;275;108;113;34;110
4Z35	A	BRIL	Q92633	INTERNAL_INSERTION	2.9	fpocket	REMOVED	3	0.016	0.001	7.848225806451614	-39.53167741935483	62.50016129032259	11	11	1.0	0.0	0.0	56.84	0	0.0	False	TARGET_DOMINATED	TARGET_DOMINATED	TARGET_DOMINATED	TARGET_DOMINATED	False	27;118;117;28;119;29;25;26;116;115;114
4Z35	A	BRIL	Q92633	INTERNAL_INSERTION	2.9	fpocket	REMOVED	4	0.008	0.012	12.43552380952381	-22.058809523809522	30.707523809523813	9	9	1.0	0.0	0.0	25.18	0	0.0	False	TARGET_DOMINATED	TARGET_DOMINATED	TARGET_DOMINATED	TARGET_DOMINATED	False	167;170;171;141;144;140;166;137;174
4Z35	A	BRIL	Q92633	INTERNAL_INSERTION	2.9	fpocket	REMOVED	5	-0.0	0.002	-0.2748275862068966	-21.41375862068966	14.260551724137933	10	10	1.0	0.0	0.0	11.43	0	0.0	False	TARGET_DOMINATED	TARGET_DOMINATED	TARGET_DOMINATED	TARGET_DOMINATED	False	252;253;85;79;82;154;155;256;146;84
4Z35	A	BRIL	Q92633	INTERNAL_INSERTION	2.9	fpocket	REMOVED	6	-0.01	0.006	10.134378378378377	-34.63227027027026	47.89491891891891	12	12	1.0	0.0	0.0	43.38	5	0.2	False	TARGET_DOMINATED	TARGET_DOMINATED	TARGET_DOMINATED	TARGET_DOMINATED	False	130;176;179;184;180;183;119;122;126;127;123;97
4Z35	A	BRIL	Q92633	INTERNAL_INSERTION	2.9	fpocket	REMOVED	7	-0.014	0.0	0.8009374999999999	-33.715624999999996	70.7200625	7	7	1.0	0.0	0.0	59.89	0	0.0	False	TARGET_DOMINATED	TARGET_DOMINATED	TARGET_DOMINATED	TARGET_DOMINATED	False	29;32;28;36;35;31;114
4Z35	A	BRIL	Q92633	INTERNAL_INSERTION	2.9	fpocket	REMOVED	8	-0.023	0.001	-19.0384	-36.78086666666666	45.998533333333334	5	5	1.0	0.0	0.0	45.42	0	0.0	False	TARGET_DOMINATED	TARGET_DOMINATED	TARGET_DOMINATED	TARGET_DOMINATED	False	51;55;54;50;58
4Z35	A	BRIL	Q92633	INTERNAL_INSERTION	2.9	fpocket	REMOVED	9	-0.047	0.0	-7.412499999999999	-36.228375	13.56825	6	6	1.0	0.0	0.0	22.87	0	0.0	False	TARGET_DOMINATED	TARGET_DOMINATED	TARGET_DOMINATED	TARGET_DOMINATED	False	320;77;321;324;76;317
4Z35	A	BRIL	Q92633	INTERNAL_INSERTION	2.9	fpocket	REMOVED	10	-0.061	0.0	3.5271764705882354	-22.096588235294117	67.7179411764706	6	6	1.0	0.0	0.0	52.74	0	0.0	False	TARGET_DOMINATED	TARGET_DOMINATED	TARGET_DOMINATED	TARGET_DOMINATED	False	193;192;197;36;195;37
4Z35	A	BRIL	Q92633	INTERNAL_INSERTION	2.9	fpocket	REMOVED	11	-0.067	0.001	4.44	-35.47946666666667	20.642866666666666	6	6	1.0	0.0	0.0	26.98	0	0.0	False	TARGET_DOMINATED	TARGET_DOMINATED	TARGET_DOMINATED	TARGET_DOMINATED	False	75;86;81;71;74;89
4Z35	A	BRIL	Q92633	INTERNAL_INSERTION	2.9	fpocket	REMOVED	12	-0.068	0.026	-1.6042500000000002	-9.899	38.20320833333333	7	7	1.0	0.0	0.0	20.76	0	0.0	False	TARGET_DOMINATED	TARGET_DOMINATED	TARGET_DOMINATED	TARGET_DOMINATED	False	219;222;223;268;215;272;218
4Z35	A	BRIL	Q92633	INTERNAL_INSERTION	2.9	fpocket	REMOVED	13	-0.075	0.002	-6.108	-10.403117647058824	19.65635294117647	5	5	1.0	0.0	0.0	6.77	0	0.0	False	TARGET_DOMINATED	TARGET_DOMINATED	TARGET_DOMINATED	TARGET_DOMINATED	False	229;254;258;232;257
4Z35	A	BRIL	Q92633	INTERNAL_INSERTION	2.9	fpocket	REMOVED	14	-0.093	0.175	-12.69228260869565	-33.87119565217391	27.27389130434783	10	10	1.0	0.0	0.0	29.37	0	0.0	False	TARGET_DOMINATED	TARGET_DOMINATED	TARGET_DOMINATED	TARGET_DOMINATED	False	309;312;313;308;322;69;66;62;65;326
4Z35	A	BRIL	Q92633	INTERNAL_INSERTION	2.9	fpocket	REMOVED	15	-0.099	0.003	-6.957627906976744	-22.05795348837209	60.60620930232558	15	15	1.0	0.0	0.0	46.07	4	0.16	False	TARGET_DOMINATED	TARGET_DOMINATED	TARGET_DOMINATED	TARGET_DOMINATED	False	294;40;291;38;39;290;289;197;281;286;284;285;288;198;293
4Z35	A	BRIL	Q92633	INTERNAL_INSERTION	2.9	fpocket	REMOVED	16	-0.104	0.0	-11.64994117647059	-15.688705882352943	21.35229411764706	4	4	1.0	0.0	0.0	14.6	0	0.0	False	UNASSIGNED	UNASSIGNED	UNASSIGNED	UNASSIGNED	False	258;314;255;262
4Z35	A	BRIL	Q92633	INTERNAL_INSERTION	2.9	fpocket	REMOVED	17	-0.107	0.001	-7.702807692307692	-21.41034615384615	14.929153846153845	7	7	1.0	0.0	0.0	11.18	0	0.0	False	TARGET_DOMINATED	TARGET_DOMINATED	TARGET_DOMINATED	TARGET_DOMINATED	False	252;255;251;316;256;85;315
4Z35	A	BRIL	Q92633	INTERNAL_INSERTION	2.9	fpocket	REMOVED	18	-0.108	0.003	-4.1044375	-10.926187499999997	30.5764375	8	8	1.0	0.0	0.0	13.97	0	0.0	False	TARGET_DOMINATED	TARGET_DOMINATED	TARGET_DOMINATED	TARGET_DOMINATED	False	225;229;261;222;226;264;265;268
4Z35	A	BRIL	Q92633	INTERNAL_INSERTION	2.9	fpocket	REMOVED	19	-0.11	0.048	0.36428378378378357	-10.358148648648648	13.274121621621621	12	12	1.0	0.0	0.0	6.93	0	0.0	False	TARGET_DOMINATED	TARGET_DOMINATED	TARGET_DOMINATED	TARGET_DOMINATED	False	249;248;250;153;232;231;154;150;253;254;257;146
4Z35	A	BRIL	Q92633	INTERNAL_INSERTION	2.9	fpocket	REMOVED	20	-0.112	0.0	12.242187500000002	-21.034625000000002	20.773000000000003	8	8	1.0	0.0	0.0	20.97	0	0.0	False	TARGET_DOMINATED	TARGET_DOMINATED	TARGET_DOMINATED	TARGET_DOMINATED	False	145;167;164;163;160;148;83;156
4Z35	A	BRIL	Q92633	INTERNAL_INSERTION	2.9	fpocket	REMOVED	21	-0.148	0.002	10.460999999999997	-20.60022727272727	25.014318181818183	7	7	1.0	0.0	0.0	20.56	0	0.0	False	TARGET_DOMINATED	TARGET_DOMINATED	TARGET_DOMINATED	TARGET_DOMINATED	False	167;144;145;148;141;87;164
5AZA	A	MBP	I6V0B8	TERMINAL_N	2.08	fpocket	ORIGINAL	1	0.159	0.005	20.24675	25.014444444444447	52.027722222222216	14	14	0.0	1.0	0.0		0		False	FUSION_DOMINATED	FUSION_DOMINATED	FUSION_DOMINATED	FUSION_DOMINATED	True	183;185;182;179;166;188;165;158;339;162;368;161;168;167
5AZA	A	MBP	I6V0B8	TERMINAL_N	2.08	fpocket	ORIGINAL	2	0.085	0.016	-3.001068965517241	18.330413793103443	17.083793103448276	10	10	0.0	1.0	0.0		0		False	FUSION_DOMINATED	FUSION_DOMINATED	FUSION_DOMINATED	FUSION_DOMINATED	True	283;289;288;26;22;292;23;282;30;278
5AZA	A	MBP	I6V0B8	TERMINAL_N	2.08	fpocket	ORIGINAL	3	0.061	0.003	2.9666111111111118	17.807722222222225	27.579444444444437	9	9	0.0	1.0	0.0		0		False	FUSION_DOMINATED	FUSION_DOMINATED	FUSION_DOMINATED	FUSION_DOMINATED	True	293;290;299;108;61;262;11;20;284
5AZA	A	MBP	I6V0B8	TERMINAL_N	2.08	fpocket	ORIGINAL	4	0.037	0.0	26.295795454545452	10.164795454545454	1.9658636363636364	18	18	1.0	0.0	0.0		0		False	TARGET_DOMINATED	TARGET_DOMINATED	TARGET_DOMINATED	TARGET_DOMINATED	False	844;735;722;736;459;720;405;845;458;719;847;436;764;721;457;846;842;751
5AZA	A	MBP	I6V0B8	TERMINAL_N	2.08	fpocket	ORIGINAL	5	0.015	0.001	26.02033333333333	19.770000000000003	44.32893333333333	6	6	0.0	0.6667	0.3333		0		False	FUSION_DOMINATED	MIXED	MIXED	MIXED	False	339;368;178;371;335;372
5AZA	A	MBP	I6V0B8	TERMINAL_N	2.08	fpocket	ORIGINAL	6	-0.004	0.001	-6.410181818181818	25.764181818181815	32.934999999999995	10	10	0.0	1.0	0.0		0		False	FUSION_DOMINATED	FUSION_DOMINATED	FUSION_DOMINATED	FUSION_DOMINATED	True	314;317;232;316;294;298;311;307;310;291
5AZA	A	MBP	I6V0B8	TERMINAL_N	2.08	fpocket	ORIGINAL	7	-0.01	0.0	5.3041874999999985	1.493375	30.675249999999995	4	4	0.0	1.0	0.0		0		False	UNASSIGNED	UNASSIGNED	UNASSIGNED	UNASSIGNED	False	38;40;37;39
5AZA	A	MBP	I6V0B8	TERMINAL_N	2.08	fpocket	ORIGINAL	8	-0.021	0.002	35.13366666666666	14.9026	13.8784	7	7	1.0	0.0	0.0		0		False	TARGET_DOMINATED	TARGET_DOMINATED	TARGET_DOMINATED	TARGET_DOMINATED	False	406;464;408;407;389;393;396
5AZA	A	MBP	I6V0B8	TERMINAL_N	2.08	fpocket	ORIGINAL	9	-0.027	0.009	4.8006	32.64596	32.45852	8	8	0.0	1.0	0.0		0		False	FUSION_DOMINATED	FUSION_DOMINATED	FUSION_DOMINATED	FUSION_DOMINATED	True	93;90;110;321;301;302;308;312
5AZA	A	MBP	I6V0B8	TERMINAL_N	2.08	fpocket	ORIGINAL	10	-0.028	0.011	29.423793103448276	-0.12627586206896557	-6.051448275862069	8	8	1.0	0.0	0.0		0		False	TARGET_DOMINATED	TARGET_DOMINATED	TARGET_DOMINATED	TARGET_DOMINATED	False	793;848;716;762;717;660;718;764
5AZA	A	MBP	I6V0B8	TERMINAL_N	2.08	fpocket	ORIGINAL	11	-0.029	0.001	50.14600000000001	9.7665625	37.7925625	5	5	1.0	0.0	0.0		0		False	TARGET_DOMINATED	TARGET_DOMINATED	TARGET_DOMINATED	TARGET_DOMINATED	False	514;507;512;513;505
5AZA	A	MBP	I6V0B8	TERMINAL_N	2.08	fpocket	ORIGINAL	12	-0.041	0.0	31.509439999999994	-4.825479999999999	7.285	10	10	1.0	0.0	0.0		0		False	TARGET_DOMINATED	TARGET_DOMINATED	TARGET_DOMINATED	TARGET_DOMINATED	False	789;691;454;452;453;659;442;450;439;791
5AZA	A	MBP	I6V0B8	TERMINAL_N	2.08	fpocket	ORIGINAL	13	-0.041	0.001	12.341424242424244	18.44863636363636	-6.885727272727272	6	6	1.0	0.0	0.0		0		False	TARGET_DOMINATED	TARGET_DOMINATED	TARGET_DOMINATED	TARGET_DOMINATED	False	748;747;811;746;730;727
5AZA	A	MBP	I6V0B8	TERMINAL_N	2.08	fpocket	ORIGINAL	14	-0.049	0.001	17.610235294117643	-7.206882352941177	-1.4642941176470587	6	6	1.0	0.0	0.0		0		False	TARGET_DOMINATED	TARGET_DOMINATED	TARGET_DOMINATED	TARGET_DOMINATED	False	794;792;793;820;824;823
5AZA	A	MBP	I6V0B8	TERMINAL_N	2.08	fpocket	ORIGINAL	15	-0.051	0.001	36.95976470588236	20.35752941176471	6.622823529411765	9	9	1.0	0.0	0.0		0		False	TARGET_DOMINATED	TARGET_DOMINATED	TARGET_DOMINATED	TARGET_DOMINATED	False	393;396;397;404;400;402;401;462;406
5AZA	A	MBP	I6V0B8	TERMINAL_N	2.08	fpocket	ORIGINAL	16	-0.06	0.004	31.722599999999996	4.950680000000001	20.300520000000002	7	7	1.0	0.0	0.0		0		False	TARGET_DOMINATED	TARGET_DOMINATED	TARGET_DOMINATED	TARGET_DOMINATED	False	437;409;440;476;479;441;444
5AZA	A	MBP	I6V0B8	TERMINAL_N	2.08	fpocket	ORIGINAL	17	-0.062	0.0	71.920875	-4.4798125	-2.4364999999999997	5	5	1.0	0.0	0.0		0		False	TARGET_DOMINATED	TARGET_DOMINATED	TARGET_DOMINATED	TARGET_DOMINATED	False	635;639;634;637;638
5AZA	A	MBP	I6V0B8	TERMINAL_N	2.08	fpocket	ORIGINAL	18	-0.063	0.0	14.496000000000002	34.35181818181818	52.22877272727272	7	7	0.0	1.0	0.0		0		False	FUSION_DOMINATED	FUSION_DOMINATED	FUSION_DOMINATED	FUSION_DOMINATED	True	165;163;253;254;256;167;166
5AZA	A	MBP	I6V0B8	TERMINAL_N	2.08	fpocket	ORIGINAL	19	-0.064	0.001	13.2321875	1.6705000000000003	25.8439375	7	7	0.0	1.0	0.0		0		False	FUSION_DOMINATED	FUSION_DOMINATED	FUSION_DOMINATED	FUSION_DOMINATED	True	1;10;56;50;55;8;38
5AZA	A	MBP	I6V0B8	TERMINAL_N	2.08	fpocket	ORIGINAL	20	-0.065	0.0	51.0791875	-8.698375	1.0761874999999999	6	6	1.0	0.0	0.0		0		False	TARGET_DOMINATED	TARGET_DOMINATED	TARGET_DOMINATED	TARGET_DOMINATED	False	696;654;695;655;628;694
5AZA	A	MBP	I6V0B8	TERMINAL_N	2.08	fpocket	ORIGINAL	21	-0.067	0.001	54.44178378378379	-11.413108108108105	38.86627027027028	12	12	1.0	0.0	0.0		0		False	TARGET_DOMINATED	TARGET_DOMINATED	TARGET_DOMINATED	TARGET_DOMINATED	False	557;555;556;537;553;536;535;529;527;538;550;541
5AZA	A	MBP	I6V0B8	TERMINAL_N	2.08	fpocket	ORIGINAL	22	-0.067	0.0	57.30145454545454	2.6712727272727275	2.7381818181818183	9	9	1.0	0.0	0.0		0		False	TARGET_DOMINATED	TARGET_DOMINATED	TARGET_DOMINATED	TARGET_DOMINATED	False	642;640;628;856;627;858;641;630;629
5AZA	A	MBP	I6V0B8	TERMINAL_N	2.08	fpocket	ORIGINAL	23	-0.069	0.0	41.486333333333334	-3.8520000000000008	-14.5795	5	5	1.0	0.0	0.0		0		False	TARGET_DOMINATED	TARGET_DOMINATED	TARGET_DOMINATED	TARGET_DOMINATED	False	664;666;687;685;665
5AZA	A	MBP	I6V0B8	TERMINAL_N	2.08	fpocket	ORIGINAL	24	-0.074	0.001	51.19093333333333	4.208666666666668	43.7668	7	7	1.0	0.0	0.0		0		False	TARGET_DOMINATED	TARGET_DOMINATED	TARGET_DOMINATED	TARGET_DOMINATED	False	514;519;513;518;512;517;532
5AZA	A	MBP	I6V0B8	TERMINAL_N	2.08	fpocket	ORIGINAL	25	-0.075	0.0	10.731090909090907	7.371181818181818	54.995863636363644	8	8	0.0	1.0	0.0		0		False	FUSION_DOMINATED	FUSION_DOMINATED	FUSION_DOMINATED	FUSION_DOMINATED	True	352;206;207;348;152;209;351;151
5AZA	A	MBP	I6V0B8	TERMINAL_N	2.08	fpocket	ORIGINAL	26	-0.076	0.001	37.648562500000004	-11.8350625	2.185625	5	5	1.0	0.0	0.0		0		False	TARGET_DOMINATED	TARGET_DOMINATED	TARGET_DOMINATED	TARGET_DOMINATED	False	692;693;690;691;661
5AZA	A	MBP	I6V0B8	TERMINAL_N	2.08	fpocket	ORIGINAL	27	-0.078	0.0	16.4466	18.27465	16.059149999999995	9	9	0.0	1.0	0.0		0		False	FUSION_DOMINATED	FUSION_DOMINATED	FUSION_DOMINATED	FUSION_DOMINATED	True	274;80;273;78;266;77;277;106;79
5AZA	A	MBP	I6V0B8	TERMINAL_N	2.08	fpocket	ORIGINAL	28	-0.084	0.003	43.25242857142857	-1.4379047619047622	37.17904761904762	8	8	1.0	0.0	0.0		0		False	TARGET_DOMINATED	TARGET_DOMINATED	TARGET_DOMINATED	TARGET_DOMINATED	False	564;575;499;516;502;531;562;518
5AZA	A	MBP	I6V0B8	TERMINAL_N	2.08	fpocket	ORIGINAL	29	-0.084	0.0	-0.44356521739130444	10.839913043478262	39.964130434782604	8	8	0.0	1.0	0.0		0		False	FUSION_DOMINATED	FUSION_DOMINATED	FUSION_DOMINATED	FUSION_DOMINATED	True	234;14;13;297;214;210;230;211
5AZA	A	MBP	I6V0B8	TERMINAL_N	2.08	fpocket	ORIGINAL	30	-0.085	0.001	63.71135000000002	-6.484049999999999	30.2682	7	7	1.0	0.0	0.0		0		False	TARGET_DOMINATED	TARGET_DOMINATED	TARGET_DOMINATED	TARGET_DOMINATED	False	525;548;543;522;526;550;527
5AZA	A	MBP	I6V0B8	TERMINAL_N	2.08	fpocket	ORIGINAL	31	-0.085	0.0	40.693	-8.004263157894737	20.447210526315793	9	9	1.0	0.0	0.0		0		False	TARGET_DOMINATED	TARGET_DOMINATED	TARGET_DOMINATED	TARGET_DOMINATED	False	447;596;446;450;582;445;579;580;583
5AZA	A	MBP	I6V0B8	TERMINAL_N	2.08	fpocket	ORIGINAL	32	-0.087	0.0	-4.880368421052633	27.62157894736842	62.879526315789484	7	7	0.0	1.0	0.0		0		False	FUSION_DOMINATED	FUSION_DOMINATED	FUSION_DOMINATED	FUSION_DOMINATED	True	134;138;135;124;126;131;122
5AZA	A	MBP	I6V0B8	TERMINAL_N	2.08	fpocket	ORIGINAL	33	-0.088	0.0	61.6128947368421	18.303526315789473	-11.392947368421053	5	5	1.0	0.0	0.0		0		False	TARGET_DOMINATED	TARGET_DOMINATED	TARGET_DOMINATED	TARGET_DOMINATED	False	673;705;678;706;707
5AZA	A	MBP	I6V0B8	TERMINAL_N	2.08	fpocket	ORIGINAL	34	-0.09	0.001	21.938760000000002	12.121379999999998	36.91658000000001	16	16	0.0	1.0	0.0		0		False	FUSION_DOMINATED	FUSION_DOMINATED	FUSION_DOMINATED	FUSION_DOMINATED	True	48;45;66;49;44;341;344;337;70;69;334;73;72;333;65;336
5AZA	A	MBP	I6V0B8	TERMINAL_N	2.08	fpocket	ORIGINAL	35	-0.09	0.001	29.356600000000004	13.398000000000001	45.174066666666675	6	6	0.0	0.5	0.5		0		False	LINKER	LINKER	LINKER	LINKER	True	370;374;371;367;338;341
5AZA	A	MBP	I6V0B8	TERMINAL_N	2.08	fpocket	ORIGINAL	36	-0.091	0.0	13.25046666666667	34.43393333333333	22.620733333333337	9	9	0.0	1.0	0.0		0		False	FUSION_DOMINATED	FUSION_DOMINATED	FUSION_DOMINATED	FUSION_DOMINATED	True	91;87;89;305;86;83;94;98;95
5AZA	A	MBP	I6V0B8	TERMINAL_N	2.08	fpocket	ORIGINAL	37	-0.092	0.0	52.47309523809523	-6.922666666666665	13.805285714285715	8	8	1.0	0.0	0.0		0		False	TARGET_DOMINATED	TARGET_DOMINATED	TARGET_DOMINATED	TARGET_DOMINATED	False	601;599;597;602;595;600;598;593
5AZA	A	MBP	I6V0B8	TERMINAL_N	2.08	fpocket	ORIGINAL	38	-0.098	0.005	18.25608823529412	32.859794117647056	43.86858823529411	9	9	0.0	1.0	0.0		0		False	FUSION_DOMINATED	FUSION_DOMINATED	FUSION_DOMINATED	FUSION_DOMINATED	True	176;329;328;167;327;169;170;179;171
5AZA	A	MBP	I6V0B8	TERMINAL_N	2.08	fpocket	ORIGINAL	39	-0.099	0.001	5.779765957446807	9.456468085106385	62.79895744680849	15	15	0.0	1.0	0.0		0		False	FUSION_DOMINATED	FUSION_DOMINATED	FUSION_DOMINATED	FUSION_DOMINATED	True	202;205;200;352;199;351;206;204;207;353;350;140;148;203;145
5AZA	A	MBP	I6V0B8	TERMINAL_N	2.08	fpocket	ORIGINAL	40	-0.1	0.0	46.223333333333336	25.1388	13.892999999999999	5	5	1.0	0.0	0.0		0		False	TARGET_DOMINATED	TARGET_DOMINATED	TARGET_DOMINATED	TARGET_DOMINATED	False	395;394;398;391;612
5AZA	A	MBP	I6V0B8	TERMINAL_N	2.08	fpocket	ORIGINAL	41	-0.1	0.0	51.241375000000005	7.227291666666667	3.7736250000000005	9	9	1.0	0.0	0.0		0		False	TARGET_DOMINATED	TARGET_DOMINATED	TARGET_DOMINATED	TARGET_DOMINATED	False	857;609;856;606;855;627;854;621;605
5AZA	A	MBP	I6V0B8	TERMINAL_N	2.08	fpocket	ORIGINAL	42	-0.102	0.0	41.030296296296285	9.837592592592594	0.5126296296296295	14	14	1.0	0.0	0.0		0		False	TARGET_DOMINATED	TARGET_DOMINATED	TARGET_DOMINATED	TARGET_DOMINATED	False	854;853;623;622;852;461;621;462;404;401;456;851;460;624
5AZA	A	MBP	I6V0B8	TERMINAL_N	2.08	fpocket	ORIGINAL	43	-0.104	0.001	-1.0052	32.3888	52.90107999999999	7	7	0.0	1.0	0.0		0		False	FUSION_DOMINATED	FUSION_DOMINATED	FUSION_DOMINATED	FUSION_DOMINATED	True	127;246;125;245;247;126;249
5AZA	A	MBP	I6V0B8	TERMINAL_N	2.08	fpocket	ORIGINAL	44	-0.104	0.007	55.1738888888889	-4.842185185185186	19.409148148148148	9	9	1.0	0.0	0.0		0		False	TARGET_DOMINATED	TARGET_DOMINATED	TARGET_DOMINATED	TARGET_DOMINATED	False	593;545;544;547;594;549;542;543;591
5AZA	A	MBP	I6V0B8	TERMINAL_N	2.08	fpocket	ORIGINAL	45	-0.129	0.0	17.97680769230769	15.0845	66.52069230769231	10	10	0.0	1.0	0.0		0		False	FUSION_DOMINATED	FUSION_DOMINATED	FUSION_DOMINATED	FUSION_DOMINATED	True	355;353;356;357;200;358;197;196;193;350
5AZA	A	MBP	I6V0B8	TERMINAL_N	2.08	fpocket	ORIGINAL	46	-0.13	0.002	46.18378571428571	12.33942857142857	-4.544428571428571	8	8	1.0	0.0	0.0		0		False	TARGET_DOMINATED	TARGET_DOMINATED	TARGET_DOMINATED	TARGET_DOMINATED	False	710;854;857;401;852;670;677;712
5AZA	A	MBP	I6V0B8	TERMINAL_N	2.08	fpocket	ORIGINAL	47	-0.146	0.0	53.42633333333333	2.3293999999999997	6.804066666666668	6	6	1.0	0.0	0.0		0		False	TARGET_DOMINATED	TARGET_DOMINATED	TARGET_DOMINATED	TARGET_DOMINATED	False	602;606;628;605;627;856
5AZA	A	MBP	I6V0B8	TERMINAL_N	2.08	fpocket	ORIGINAL	48	-0.152	0.0	64.4432	-2.778866666666666	-14.153866666666666	4	4	1.0	0.0	0.0		0		False	UNASSIGNED	UNASSIGNED	UNASSIGNED	UNASSIGNED	False	700;649;650;648
5AZA	A	MBP	I6V0B8	TERMINAL_N	2.08	fpocket	ORIGINAL	49	-0.159	0.543	10.033069767441859	14.12948837209303	40.23090697674417	25	25	0.0	1.0	0.0		0		False	FUSION_DOMINATED	FUSION_DOMINATED	FUSION_DOMINATED	FUSION_DOMINATED	True	12;14;13;39;41;340;62;66;65;155;210;156;230;150;153;63;111;40;42;44;15;262;330;61;344
5AZA	A	MBP	I6V0B8	TERMINAL_N	2.08	fpocket	ORIGINAL	50	-0.162	0.0	-1.5600588235294115	14.967294117647057	68.54258823529412	6	6	0.0	1.0	0.0		0		False	FUSION_DOMINATED	FUSION_DOMINATED	FUSION_DOMINATED	FUSION_DOMINATED	True	202;201;140;137;203;136
5AZA	A	MBP	I6V0B8	TERMINAL_N	2.08	fpocket	ORIGINAL	51	-0.166	0.0	33.78106666666666	14.633733333333334	30.78433333333333	8	8	0.375	0.25	0.375		0		False	INTERFACE	INTERFACE	INTERFACE	INTERFACE	True	381;382;72;378;466;468;73;472
5AZA	A	MBP	I6V0B8	TERMINAL_N	2.08	fpocket	ORIGINAL	52	-0.173	0.001	35.96733333333333	13.015119047619047	-2.4885952380952374	15	15	1.0	0.0	0.0		0		False	TARGET_DOMINATED	TARGET_DOMINATED	TARGET_DOMINATED	TARGET_DOMINATED	False	755;754;461;459;851;757;852;401;404;719;403;718;720;752;753
5AZA	A	MBP	I6V0B8	TERMINAL_N	2.08	fpocket	ORIGINAL	53	-0.217	0.0	44.21574999999999	17.614041666666665	26.888125000000002	8	8	0.5	0.0	0.5		0		False	LINKER	LINKER	LINKER	LINKER	True	616;615;381;468;384;466;388;385
5AZA	A	MBP	I6V0B8	TERMINAL_N	2.08	fpocket	ORIGINAL	54	-0.263	0.001	29.31709638554216	22.729650602409638	32.190421686746994	22	22	0.0	0.7273	0.2727		0		False	FUSION_DOMINATED	FUSION_DOMINATED	MIXED	FUSION_DOMINATED	True	100;102;99;177;376;375;172;379;104;78;382;76;71;372;334;72;175;335;332;98;378;333
5AZA	A	MBP	I6V0B8	TERMINAL_N	2.08	fpocket	ORIGINAL	55	-0.308	0.062	15.658153846153843	29.96084615384617	34.90061538461538	21	21	0.0	1.0	0.0		0		False	FUSION_DOMINATED	FUSION_DOMINATED	FUSION_DOMINATED	FUSION_DOMINATED	True	110;329;259;95;176;321;332;330;96;325;324;92;93;327;64;261;98;175;174;331;171
5AZA	A	MBP	I6V0B8	TERMINAL_N	2.08	fpocket	ORIGINAL	56	-0.381	0.0	22.459104761904772	-1.6790952380952389	29.41626666666666	23	23	0.6957	0.3043	0.0		0		False	TARGET_DOMINATED	INTERFACE	INTERFACE	INTERFACE	True	779;485;55;1;839;837;785;778;49;488;53;490;781;48;489;770;478;479;50;492;52;438;491
5AZA	A	MBP	I6V0B8	TERMINAL_N	2.08	fpocket	ORIGINAL	57	-0.461	0.0	16.825676384839657	6.327279883381925	13.861626822157442	64	64	0.5312	0.4688	0.0		0		False	TARGET_DOMINATED	INTERFACE	INTERFACE	INTERFACE	True	271;435;839;838;837;836;1;778;55;2;3;472;475;54;842;269;732;734;733;274;740;273;4;272;275;52;53;437;741;821;841;270;268;737;843;736;75;73;32;840;5;33;739;278;277;74;48;825;51;479;488;489;436;735;725;282;281;471;474;497;31;731;438;267
5AZA	A	MBP	I6V0B8	TERMINAL_N	2.08	fpocket	REMOVED	1	0.46	0.0	26.295795454545463	10.164795454545454	1.9658636363636361	18	18	1.0	0.0	0.0	24.15	0		False	TARGET_DOMINATED	TARGET_DOMINATED	TARGET_DOMINATED	TARGET_DOMINATED	False	735;736;844;405;458;436;459;722;842;721;845;457;847;719;764;846;720;751
5AZA	A	MBP	I6V0B8	TERMINAL_N	2.08	fpocket	REMOVED	2	0.288	0.003	54.44178378378378	-11.413108108108108	38.86627027027027	12	12	1.0	0.0	0.0	39.6	0		False	TARGET_DOMINATED	TARGET_DOMINATED	TARGET_DOMINATED	TARGET_DOMINATED	False	557;556;555;535;541;527;550;537;536;553;538;529
5AZA	A	MBP	I6V0B8	TERMINAL_N	2.08	fpocket	REMOVED	3	0.274	0.003	36.95976470588236	20.35752941176471	6.6228235294117646	9	9	1.0	0.0	0.0	13.2	0		False	TARGET_DOMINATED	TARGET_DOMINATED	TARGET_DOMINATED	TARGET_DOMINATED	False	397;402;401;396;393;406;404;400;462
5AZA	A	MBP	I6V0B8	TERMINAL_N	2.08	fpocket	REMOVED	4	0.274	0.013	12.341424242424246	18.448636363636368	-6.885727272727273	6	6	1.0	0.0	0.0	38.09	0		False	TARGET_DOMINATED	TARGET_DOMINATED	TARGET_DOMINATED	TARGET_DOMINATED	False	811;746;747;748;730;727
5AZA	A	MBP	I6V0B8	TERMINAL_N	2.08	fpocket	REMOVED	5	0.248	0.384	29.423793103448272	-0.12627586206896532	-6.05144827586207	8	8	1.0	0.0	0.0	34.06	0		False	TARGET_DOMINATED	TARGET_DOMINATED	TARGET_DOMINATED	TARGET_DOMINATED	False	793;762;660;716;848;718;764;717
5AZA	A	MBP	I6V0B8	TERMINAL_N	2.08	fpocket	REMOVED	6	0.231	0.002	35.96733333333333	13.01511904761905	-2.488595238095238	15	15	1.0	0.0	0.0	23.36	0		False	TARGET_DOMINATED	TARGET_DOMINATED	TARGET_DOMINATED	TARGET_DOMINATED	False	754;757;720;719;753;461;404;755;459;401;852;752;403;851;718
5AZA	A	MBP	I6V0B8	TERMINAL_N	2.08	fpocket	REMOVED	7	0.195	0.0	31.509439999999994	-4.825480000000001	7.285000000000001	10	10	1.0	0.0	0.0	28.76	0		False	TARGET_DOMINATED	TARGET_DOMINATED	TARGET_DOMINATED	TARGET_DOMINATED	False	453;452;789;450;442;439;791;454;691;659
5AZA	A	MBP	I6V0B8	TERMINAL_N	2.08	fpocket	REMOVED	8	0.176	0.103	31.722599999999996	4.950680000000001	20.300520000000002	7	7	1.0	0.0	0.0	16.96	0		False	TARGET_DOMINATED	TARGET_DOMINATED	TARGET_DOMINATED	TARGET_DOMINATED	False	440;409;437;476;444;441;479
5AZA	A	MBP	I6V0B8	TERMINAL_N	2.08	fpocket	REMOVED	9	0.154	0.0	41.030296296296285	9.837592592592593	0.5126296296296297	14	14	1.0	0.0	0.0	21.53	0		False	TARGET_DOMINATED	TARGET_DOMINATED	TARGET_DOMINATED	TARGET_DOMINATED	False	462;461;404;621;401;853;851;852;622;456;460;854;624;623
5AZA	A	MBP	I6V0B8	TERMINAL_N	2.08	fpocket	REMOVED	10	0.152	0.148	55.1738888888889	-4.842185185185185	19.409148148148144	9	9	1.0	0.0	0.0	29.12	0		False	TARGET_DOMINATED	TARGET_DOMINATED	TARGET_DOMINATED	TARGET_DOMINATED	False	593;591;544;594;542;549;547;545;543
5AZA	A	MBP	I6V0B8	TERMINAL_N	2.08	fpocket	REMOVED	11	0.14	0.002	57.30145454545456	2.6712727272727275	2.7381818181818187	9	9	1.0	0.0	0.0	29.75	0		False	TARGET_DOMINATED	TARGET_DOMINATED	TARGET_DOMINATED	TARGET_DOMINATED	False	856;628;642;627;640;858;629;630;641
5AZA	A	MBP	I6V0B8	TERMINAL_N	2.08	fpocket	REMOVED	12	0.136	0.052	46.18378571428572	12.339428571428568	-4.54442857142857	8	8	1.0	0.0	0.0	26.02	0		False	TARGET_DOMINATED	TARGET_DOMINATED	TARGET_DOMINATED	TARGET_DOMINATED	False	670;852;712;677;710;854;857;401
5AZA	A	MBP	I6V0B8	TERMINAL_N	2.08	fpocket	REMOVED	13	0.126	0.001	51.241375000000005	7.227291666666667	3.773625000000001	9	9	1.0	0.0	0.0	23.23	0		False	TARGET_DOMINATED	TARGET_DOMINATED	TARGET_DOMINATED	TARGET_DOMINATED	False	605;856;609;606;621;855;857;627;854
5AZA	A	MBP	I6V0B8	TERMINAL_N	2.08	fpocket	REMOVED	14	0.126	0.009	22.640900000000002	-3.857450000000001	23.868049999999997	10	10	1.0	0.0	0.0	29.57	0		False	TARGET_DOMINATED	TARGET_DOMINATED	TARGET_DOMINATED	TARGET_DOMINATED	False	839;770;837;478;785;438;479;485;778;779
5AZA	A	MBP	I6V0B8	TERMINAL_N	2.08	fpocket	REMOVED	15	0.118	0.001	50.145999999999994	9.7665625	37.7925625	5	5	1.0	0.0	0.0	23.32	0		False	TARGET_DOMINATED	TARGET_DOMINATED	TARGET_DOMINATED	TARGET_DOMINATED	False	514;507;512;505;513
5AZA	A	MBP	I6V0B8	TERMINAL_N	2.08	fpocket	REMOVED	16	0.117	0.02	35.13366666666666	14.9026	13.878399999999997	7	7	1.0	0.0	0.0	8.82	0		False	TARGET_DOMINATED	TARGET_DOMINATED	TARGET_DOMINATED	TARGET_DOMINATED	False	406;464;408;407;396;393;389
5AZA	A	MBP	I6V0B8	TERMINAL_N	2.08	fpocket	REMOVED	17	0.113	0.078	43.252428571428574	-1.4379047619047618	37.17904761904762	8	8	1.0	0.0	0.0	27.89	0		False	TARGET_DOMINATED	TARGET_DOMINATED	TARGET_DOMINATED	TARGET_DOMINATED	False	502;516;499;518;531;564;575;562
5AZA	A	MBP	I6V0B8	TERMINAL_N	2.08	fpocket	REMOVED	18	0.109	0.007	17.610235294117643	-7.206882352941176	-1.464294117647059	6	6	1.0	0.0	0.0	40.78	0		False	TARGET_DOMINATED	TARGET_DOMINATED	TARGET_DOMINATED	TARGET_DOMINATED	False	824;823;794;792;820;793
5AZA	A	MBP	I6V0B8	TERMINAL_N	2.08	fpocket	REMOVED	19	0.105	0.0	52.47309523809525	-6.922666666666667	13.805285714285715	8	8	1.0	0.0	0.0	30.2	0		False	TARGET_DOMINATED	TARGET_DOMINATED	TARGET_DOMINATED	TARGET_DOMINATED	False	598;593;597;595;601;602;599;600
5AZA	A	MBP	I6V0B8	TERMINAL_N	2.08	fpocket	REMOVED	20	0.105	0.004	12.543263157894737	2.117894736842105	5.575947368421053	7	7	1.0	0.0	0.0	35.35	0		False	TARGET_DOMINATED	TARGET_DOMINATED	TARGET_DOMINATED	TARGET_DOMINATED	False	739;737;740;841;843;821;741
5AZA	A	MBP	I6V0B8	TERMINAL_N	2.08	fpocket	REMOVED	21	0.102	0.005	63.71135	-6.484049999999999	30.268199999999997	7	7	1.0	0.0	0.0	37.2	0		False	TARGET_DOMINATED	TARGET_DOMINATED	TARGET_DOMINATED	TARGET_DOMINATED	False	548;525;543;526;527;522;550
5AZA	A	MBP	I6V0B8	TERMINAL_N	2.08	fpocket	REMOVED	22	0.098	0.0	41.48633333333334	-3.8520000000000008	-14.579500000000003	5	5	1.0	0.0	0.0	41.57	0		False	TARGET_DOMINATED	TARGET_DOMINATED	TARGET_DOMINATED	TARGET_DOMINATED	False	664;666;687;685;665
5AZA	A	MBP	I6V0B8	TERMINAL_N	2.08	fpocket	REMOVED	23	0.092	0.0	40.69299999999999	-8.004263157894737	20.447210526315786	9	9	1.0	0.0	0.0	27.9	0		False	TARGET_DOMINATED	TARGET_DOMINATED	TARGET_DOMINATED	TARGET_DOMINATED	False	446;450;447;579;580;582;583;596;445
5AZA	A	MBP	I6V0B8	TERMINAL_N	2.08	fpocket	REMOVED	24	0.09	0.001	61.612894736842094	18.303526315789473	-11.392947368421055	5	5	1.0	0.0	0.0	37.89	0		False	TARGET_DOMINATED	TARGET_DOMINATED	TARGET_DOMINATED	TARGET_DOMINATED	False	707;706;705;673;678
5AZA	A	MBP	I6V0B8	TERMINAL_N	2.08	fpocket	REMOVED	25	0.086	0.0	71.920875	-4.4798124999999995	-2.4364999999999997	5	5	1.0	0.0	0.0	45.93	0		False	TARGET_DOMINATED	TARGET_DOMINATED	TARGET_DOMINATED	TARGET_DOMINATED	False	637;635;634;639;638
5AZA	A	MBP	I6V0B8	TERMINAL_N	2.08	fpocket	REMOVED	26	0.082	0.0	51.079187499999996	-8.698375000000002	1.0761875000000003	6	6	1.0	0.0	0.0	35.83	0		False	TARGET_DOMINATED	TARGET_DOMINATED	TARGET_DOMINATED	TARGET_DOMINATED	False	694;695;628;655;696;654
5AZA	A	MBP	I6V0B8	TERMINAL_N	2.08	fpocket	REMOVED	27	0.074	0.001	31.492437499999998	4.3494375000000005	30.742187499999996	7	7	1.0	0.0	0.0	20.85	0		False	TARGET_DOMINATED	TARGET_DOMINATED	TARGET_DOMINATED	TARGET_DOMINATED	False	489;488;475;472;474;497;471
5AZA	A	MBP	I6V0B8	TERMINAL_N	2.08	fpocket	REMOVED	28	0.072	0.005	37.6485625	-11.8350625	2.185625	5	5	1.0	0.0	0.0	36.19	0		False	TARGET_DOMINATED	TARGET_DOMINATED	TARGET_DOMINATED	TARGET_DOMINATED	False	691;692;693;690;661
5AZA	A	MBP	I6V0B8	TERMINAL_N	2.08	fpocket	REMOVED	29	0.064	0.008	51.190933333333334	4.208666666666667	43.766799999999996	7	7	1.0	0.0	0.0	31.05	0		False	TARGET_DOMINATED	TARGET_DOMINATED	TARGET_DOMINATED	TARGET_DOMINATED	False	514;513;519;517;512;532;518
5AZA	A	MBP	I6V0B8	TERMINAL_N	2.08	fpocket	REMOVED	30	0.05	0.0	24.059842105263154	-1.917421052631579	33.42463157894738	6	6	1.0	0.0	0.0	30.23	0		False	TARGET_DOMINATED	TARGET_DOMINATED	TARGET_DOMINATED	TARGET_DOMINATED	False	781;489;490;491;488;485
5AZA	A	MBP	I6V0B8	TERMINAL_N	2.08	fpocket	REMOVED	31	0.038	0.002	46.223333333333336	25.138799999999996	13.893	5	5	1.0	0.0	0.0	10.07	0		False	TARGET_DOMINATED	TARGET_DOMINATED	TARGET_DOMINATED	TARGET_DOMINATED	False	394;395;398;391;612
5AZA	A	MBP	I6V0B8	TERMINAL_N	2.08	fpocket	REMOVED	32	-0.008	0.0	53.42633333333333	2.3294	6.804066666666667	6	6	1.0	0.0	0.0	25.61	0		False	TARGET_DOMINATED	TARGET_DOMINATED	TARGET_DOMINATED	TARGET_DOMINATED	False	628;605;602;606;627;856
5AZA	A	MBP	I6V0B8	TERMINAL_N	2.08	fpocket	REMOVED	33	-0.014	0.0	64.4432	-2.778866666666667	-14.153866666666667	4	4	1.0	0.0	0.0	47.5	0		False	UNASSIGNED	UNASSIGNED	UNASSIGNED	UNASSIGNED	False	648;649;700;650
5GPP	A	MBP	Q9I9N6	TERMINAL_N	2.0	fpocket	ORIGINAL	1	0.347	0.026	-17.930256410256412	-29.197769230769225	47.237102564102564	14	14	0.0	1.0	0.0		0		False	FUSION_DOMINATED	FUSION_DOMINATED	FUSION_DOMINATED	FUSION_DOMINATED	True	219;228;236;226;215;218;232;117;211;151;227;150;214;157
5GPP	A	MBP	Q9I9N6	TERMINAL_N	2.0	fpocket	ORIGINAL	2	0.277	0.295	-15.358081632653064	-11.723551020408166	45.578061224489794	15	15	0.0	1.0	0.0		0		False	FUSION_DOMINATED	FUSION_DOMINATED	FUSION_DOMINATED	FUSION_DOMINATED	True	285;62;294;21;300;291;231;299;16;112;298;263;17;109;12
5GPP	A	MBP	Q9I9N6	TERMINAL_N	2.0	fpocket	ORIGINAL	3	0.261	0.037	4.838475609756098	-25.431182926829273	29.923304878048782	20	20	0.2	0.5	0.3		0		False	FUSION_DOMINATED	INTERFACE	INTERFACE	INTERFACE	True	370;339;372;336;179;73;335;338;371;375;342;374;343;368;425;346;378;369;170;428
5GPP	A	MBP	Q9I9N6	TERMINAL_N	2.0	fpocket	ORIGINAL	4	0.223	0.205	-7.711271186440677	-21.601025423728817	39.23144915254237	26	26	0.0	1.0	0.0		0		False	FUSION_DOMINATED	FUSION_DOMINATED	FUSION_DOMINATED	FUSION_DOMINATED	True	46;43;154;45;156;341;66;67;63;155;345;342;16;13;331;15;157;211;112;261;231;62;263;12;64;151
5GPP	A	MBP	Q9I9N6	TERMINAL_N	2.0	fpocket	ORIGINAL	5	0.196	0.047	-5.490923076923077	-34.05569230769231	48.54761538461538	10	10	0.0	1.0	0.0		0		False	FUSION_DOMINATED	FUSION_DOMINATED	FUSION_DOMINATED	FUSION_DOMINATED	True	150;161;158;130;196;157;227;160;248;256
5GPP	A	MBP	Q9I9N6	TERMINAL_N	2.0	fpocket	ORIGINAL	6	0.125	0.006	-9.829666666666666	-36.21605555555556	54.22155555555556	8	8	0.0	1.0	0.0		0		False	FUSION_DOMINATED	FUSION_DOMINATED	FUSION_DOMINATED	FUSION_DOMINATED	True	133;249;130;148;225;116;127;227
5GPP	A	MBP	Q9I9N6	TERMINAL_N	2.0	fpocket	ORIGINAL	7	0.108	0.006	3.253647058823529	-33.74947058823529	40.01323529411764	9	9	0.0	0.7778	0.2222		0		False	FUSION_DOMINATED	FUSION_DOMINATED	MIXED	FUSION_DOMINATED	True	162;159;344;362;193;348;347;184;365
5GPP	A	MBP	Q9I9N6	TERMINAL_N	2.0	fpocket	ORIGINAL	8	0.1	0.003	-2.151375	-36.663937499999996	43.84406250000001	7	7	0.0	1.0	0.0		0		False	FUSION_DOMINATED	FUSION_DOMINATED	FUSION_DOMINATED	FUSION_DOMINATED	True	196;193;162;348;158;161;192
5GPP	A	MBP	Q9I9N6	TERMINAL_N	2.0	fpocket	ORIGINAL	9	0.094	0.01	3.496052631578947	-45.00594736842105	49.7881052631579	8	8	0.0	1.0	0.0		0		False	FUSION_DOMINATED	FUSION_DOMINATED	FUSION_DOMINATED	FUSION_DOMINATED	True	251;131;252;195;191;194;190;198
5GPP	A	MBP	Q9I9N6	TERMINAL_N	2.0	fpocket	ORIGINAL	10	0.088	0.0	-27.997000000000003	-36.2002	56.60733333333334	10	10	0.0	1.0	0.0		0		False	FUSION_DOMINATED	FUSION_DOMINATED	FUSION_DOMINATED	FUSION_DOMINATED	True	241;219;220;240;122;221;119;145;121;242
5GPP	A	MBP	Q9I9N6	TERMINAL_N	2.0	fpocket	ORIGINAL	11	0.088	0.001	-12.2801875	-42.672687499999995	50.43025	7	7	0.0	1.0	0.0		0		False	FUSION_DOMINATED	FUSION_DOMINATED	FUSION_DOMINATED	FUSION_DOMINATED	True	147;133;137;199;205;148;204
5GPP	A	MBP	Q9I9N6	TERMINAL_N	2.0	fpocket	ORIGINAL	12	0.085	0.012	7.600260273972605	-23.855945205479454	48.26704109589039	15	15	0.0	1.0	0.0		0		False	FUSION_DOMINATED	FUSION_DOMINATED	FUSION_DOMINATED	FUSION_DOMINATED	True	329;177;330;171;168;170;169;159;259;172;167;332;257;163;258
5GPP	A	MBP	Q9I9N6	TERMINAL_N	2.0	fpocket	ORIGINAL	13	0.062	0.0	3.308857142857143	-35.96971428571429	32.26390476190476	10	10	0.1	0.5	0.4		0		False	FUSION_DOMINATED	MIXED	MIXED	MIXED	False	361;347;343;346;429;356;350;364;365;368
5GPP	A	MBP	Q9I9N6	TERMINAL_N	2.0	fpocket	ORIGINAL	14	0.061	0.0	-10.902529411764705	8.841294117647058	31.493000000000006	8	8	0.0	1.0	0.0		0		False	FUSION_DOMINATED	FUSION_DOMINATED	FUSION_DOMINATED	FUSION_DOMINATED	True	273;276;272;5;275;6;274;271
5GPP	A	MBP	Q9I9N6	TERMINAL_N	2.0	fpocket	ORIGINAL	15	0.042	0.001	-15.519738095238097	-44.91302380952381	43.06133333333333	13	13	0.0	1.0	0.0		0		False	FUSION_DOMINATED	FUSION_DOMINATED	FUSION_DOMINATED	FUSION_DOMINATED	True	205;203;206;200;201;146;204;141;207;149;148;209;150
5GPP	A	MBP	Q9I9N6	TERMINAL_N	2.0	fpocket	ORIGINAL	16	0.041	0.003	-10.498965517241377	1.6555517241379312	56.776758620689655	8	8	0.0	1.0	0.0		0		False	FUSION_DOMINATED	FUSION_DOMINATED	FUSION_DOMINATED	FUSION_DOMINATED	True	287;288;305;307;89;306;286;88
5GPP	A	MBP	Q9I9N6	TERMINAL_N	2.0	fpocket	ORIGINAL	17	0.04	0.002	-2.420485714285714	-28.98214285714286	10.719857142857142	9	9	1.0	0.0	0.0		0		False	TARGET_DOMINATED	TARGET_DOMINATED	TARGET_DOMINATED	TARGET_DOMINATED	False	452;451;455;384;380;383;387;456;459
5GPP	A	MBP	Q9I9N6	TERMINAL_N	2.0	fpocket	ORIGINAL	18	0.032	0.001	-11.335142857142857	-42.830178571428576	62.26253571428572	9	9	0.0	1.0	0.0		0		False	FUSION_DOMINATED	FUSION_DOMINATED	FUSION_DOMINATED	FUSION_DOMINATED	True	136;125;132;127;139;135;126;128;123
5GPP	A	MBP	Q9I9N6	TERMINAL_N	2.0	fpocket	ORIGINAL	19	0.024	0.001	-26.350599999999996	-7.875000000000002	49.09425	8	8	0.0	1.0	0.0		0		False	FUSION_DOMINATED	FUSION_DOMINATED	FUSION_DOMINATED	FUSION_DOMINATED	True	23;296;293;292;20;19;297;289
5GPP	A	MBP	Q9I9N6	TERMINAL_N	2.0	fpocket	ORIGINAL	20	0.016	0.001	-9.978207547169811	-38.317905660377356	34.85841509433961	18	18	0.2222	0.7778	0.0		0		False	FUSION_DOMINATED	FUSION_DOMINATED	INTERFACE	FUSION_DOMINATED	True	207;153;152;210;349;418;353;208;352;422;196;200;425;345;421;355;348;206
5GPP	A	MBP	Q9I9N6	TERMINAL_N	2.0	fpocket	ORIGINAL	21	0.0	0.0	2.2411578947368422	-1.4776842105263157	53.76921052631579	8	8	0.0	1.0	0.0		0		False	FUSION_DOMINATED	FUSION_DOMINATED	FUSION_DOMINATED	FUSION_DOMINATED	True	87;88;92;306;99;96;95;90
5GPP	A	MBP	Q9I9N6	TERMINAL_N	2.0	fpocket	ORIGINAL	22	-0.014	0.006	-5.61345	-11.46125	56.990550000000006	8	8	0.0	1.0	0.0		0		False	FUSION_DOMINATED	FUSION_DOMINATED	FUSION_DOMINATED	FUSION_DOMINATED	True	303;91;309;302;93;322;111;94
5GPP	A	MBP	Q9I9N6	TERMINAL_N	2.0	fpocket	ORIGINAL	23	-0.017	0.0	-16.36113333333333	-1.9314666666666664	26.307666666666663	7	7	0.0	1.0	0.0		0		False	FUSION_DOMINATED	FUSION_DOMINATED	FUSION_DOMINATED	FUSION_DOMINATED	True	2;4;7;9;59;3;57
5GPP	A	MBP	Q9I9N6	TERMINAL_N	2.0	fpocket	ORIGINAL	24	-0.023	0.001	0.8068148148148147	-16.828111111111113	33.44614814814815	9	9	0.0	1.0	0.0		0		False	FUSION_DOMINATED	FUSION_DOMINATED	FUSION_DOMINATED	FUSION_DOMINATED	True	335;338;67;70;66;71;334;49;45
5GPP	A	MBP	Q9I9N6	TERMINAL_N	2.0	fpocket	ORIGINAL	25	-0.024	0.001	4.091733333333334	-13.206299999999999	48.356166666666674	11	11	0.0	1.0	0.0		0		False	FUSION_DOMINATED	FUSION_DOMINATED	FUSION_DOMINATED	FUSION_DOMINATED	True	333;96;99;332;331;97;330;177;262;93;65
5GPP	A	MBP	Q9I9N6	TERMINAL_N	2.0	fpocket	ORIGINAL	26	-0.037	0.0	5.093958333333333	-3.2426250000000003	35.22825	9	9	0.0	1.0	0.0		0		False	FUSION_DOMINATED	FUSION_DOMINATED	FUSION_DOMINATED	FUSION_DOMINATED	True	101;103;72;77;105;79;100;78;104
5GPP	A	MBP	Q9I9N6	TERMINAL_N	2.0	fpocket	ORIGINAL	27	-0.041	0.005	-21.74070588235295	1.036941176470588	48.5680294117647	9	9	0.0	1.0	0.0		0		False	FUSION_DOMINATED	FUSION_DOMINATED	FUSION_DOMINATED	FUSION_DOMINATED	True	289;27;290;24;284;283;287;23;293
5GPP	A	MBP	Q9I9N6	TERMINAL_N	2.0	fpocket	ORIGINAL	28	-0.059	0.0	-20.508318181818183	-22.584772727272732	42.88050000000001	8	8	0.0	1.0	0.0		0		False	FUSION_DOMINATED	FUSION_DOMINATED	FUSION_DOMINATED	FUSION_DOMINATED	True	15;14;211;215;298;235;231;232
5GPP	A	MBP	Q9I9N6	TERMINAL_N	2.0	fpocket	ORIGINAL	29	-0.06	0.004	9.204263157894735	-26.12936842105263	23.608473684210526	7	7	0.4286	0.0	0.5714		0		False	LINKER	LINKER	LINKER	LINKER	True	434;377;433;373;371;372;374
5GPP	A	MBP	Q9I9N6	TERMINAL_N	2.0	fpocket	ORIGINAL	30	-0.061	0.0	-7.203588235294117	-27.657999999999998	26.36388235294118	9	9	0.5556	0.4444	0.0		0		False	TARGET_DOMINATED	INTERFACE	INTERFACE	INTERFACE	True	379;375;46;43;378;421;345;342;382
5GPP	A	MBP	Q9I9N6	TERMINAL_N	2.0	fpocket	ORIGINAL	31	-0.079	0.004	-6.830588235294117	-49.837352941176476	18.683117647058822	9	9	1.0	0.0	0.0		0		False	TARGET_DOMINATED	TARGET_DOMINATED	TARGET_DOMINATED	TARGET_DOMINATED	False	414;411;397;394;398;402;415;401;417
5GPP	A	MBP	Q9I9N6	TERMINAL_N	2.0	fpocket	ORIGINAL	32	-0.096	0.0	-17.185117647058824	-15.124411764705883	56.15129411764707	8	8	0.0	1.0	0.0		0		False	FUSION_DOMINATED	FUSION_DOMINATED	FUSION_DOMINATED	FUSION_DOMINATED	True	315;312;295;317;318;233;301;299
5GPP	A	MBP	Q9I9N6	TERMINAL_N	2.0	fpocket	ORIGINAL	33	-0.107	0.003	2.7415882352941168	-47.010970588235296	29.920000000000005	12	12	0.5833	0.3333	0.0833		0		False	TARGET_DOMINATED	INTERFACE	INTERFACE	INTERFACE	True	410;408;355;354;356;357;409;430;360;407;413;426
5GPP	A	MBP	Q9I9N6	TERMINAL_N	2.0	fpocket	ORIGINAL	34	-0.129	0.0	-17.361062499999996	-24.989874999999998	63.21743750000001	7	7	0.0	1.0	0.0		0		False	FUSION_DOMINATED	FUSION_DOMINATED	FUSION_DOMINATED	FUSION_DOMINATED	True	244;120;118;317;243;316;245
5GPP	A	MBP	Q9I9N6	TERMINAL_N	2.0	fpocket	ORIGINAL	35	-0.131	0.007	-1.2599523809523812	-16.079142857142852	57.151571428571415	7	7	0.0	1.0	0.0		0		False	FUSION_DOMINATED	FUSION_DOMINATED	FUSION_DOMINATED	FUSION_DOMINATED	True	330;93;326;325;322;111;260
5GPP	A	MBP	Q9I9N6	TERMINAL_N	2.0	fpocket	REMOVED	1	0.269	0.191	-6.830588235294116	-49.837352941176476	18.68311764705882	9	9	1.0	0.0	0.0	25.68	0		False	TARGET_DOMINATED	TARGET_DOMINATED	TARGET_DOMINATED	TARGET_DOMINATED	False	394;397;398;401;411;402;414;415;417
5H7Q	A	MBP	P41218	TERMINAL_N	1.451	fpocket	ORIGINAL	1	0.266	0.017	-2.3395943396226415	16.635150943396223	188.16043396226416	21	21	0.0	1.0	0.0		0		False	FUSION_DOMINATED	FUSION_DOMINATED	FUSION_DOMINATED	FUSION_DOMINATED	True	166;257;171;168;163;159;167;329;172;177;99;333;96;170;330;97;93;259;169;332;331
5H7Q	A	MBP	P41218	TERMINAL_N	1.451	fpocket	ORIGINAL	2	0.116	0.006	-4.1414193548387095	37.45274193548387	215.48535483870967	9	9	0.0	1.0	0.0		0		False	FUSION_DOMINATED	FUSION_DOMINATED	FUSION_DOMINATED	FUSION_DOMINATED	True	284;283;289;27;290;24;31;293;23
5H7Q	A	MBP	P41218	TERMINAL_N	1.451	fpocket	ORIGINAL	3	0.068	0.002	17.85337037037037	37.85311111111111	173.66359259259258	7	7	0.0	1.0	0.0		0		False	FUSION_DOMINATED	FUSION_DOMINATED	FUSION_DOMINATED	FUSION_DOMINATED	True	135;139;132;136;127;125;123
5H7Q	A	MBP	P41218	TERMINAL_N	1.451	fpocket	ORIGINAL	4	0.055	0.0	-15.578176470588236	24.162	199.15235294117647	8	8	0.0	1.0	0.0		0		False	FUSION_DOMINATED	FUSION_DOMINATED	FUSION_DOMINATED	FUSION_DOMINATED	True	88;306;92;90;87;95;99;96
5H7Q	A	MBP	P41218	TERMINAL_N	1.451	fpocket	ORIGINAL	5	0.035	0.005	1.3112666666666664	30.55346666666666	207.58313333333336	8	8	0.0	1.0	0.0		0		False	FUSION_DOMINATED	FUSION_DOMINATED	FUSION_DOMINATED	FUSION_DOMINATED	True	285;294;109;21;12;300;62;263
5H7Q	A	MBP	P41218	TERMINAL_N	1.451	fpocket	ORIGINAL	6	0.035	0.01	17.81623529411765	-11.220352941176472	192.73588235294116	7	7	1.0	0.0	0.0		0		False	TARGET_DOMINATED	TARGET_DOMINATED	TARGET_DOMINATED	TARGET_DOMINATED	False	460;459;463;464;439;436;456
5H7Q	A	MBP	P41218	TERMINAL_N	1.451	fpocket	ORIGINAL	7	0.027	0.005	-7.1720588235294125	31.926529411764704	194.23964705882355	7	7	0.0	1.0	0.0		0		False	FUSION_DOMINATED	FUSION_DOMINATED	FUSION_DOMINATED	FUSION_DOMINATED	True	91;93;322;302;303;309;313
5H7Q	A	MBP	P41218	TERMINAL_N	1.451	fpocket	ORIGINAL	8	0.025	0.428	9.585076923076919	21.275912087912083	198.72963736263742	21	21	0.0	1.0	0.0		0		False	FUSION_DOMINATED	FUSION_DOMINATED	FUSION_DOMINATED	FUSION_DOMINATED	True	156;63;341;154;67;16;15;13;45;42;43;64;112;62;263;155;345;157;231;66;331
5H7Q	A	MBP	P41218	TERMINAL_N	1.451	fpocket	ORIGINAL	9	0.017	0.002	21.337500000000002	46.177375	190.508125	9	9	0.0	1.0	0.0		0		False	FUSION_DOMINATED	FUSION_DOMINATED	FUSION_DOMINATED	FUSION_DOMINATED	True	121;119;220;240;219;241;122;221;145
5H7Q	A	MBP	P41218	TERMINAL_N	1.451	fpocket	ORIGINAL	10	0.012	0.001	7.822285714285714	19.134714285714285	221.21576190476193	10	10	0.0	1.0	0.0		0		False	FUSION_DOMINATED	FUSION_DOMINATED	FUSION_DOMINATED	FUSION_DOMINATED	True	2;9;3;4;57;7;59;56;11;39
5H7Q	A	MBP	P41218	TERMINAL_N	1.451	fpocket	ORIGINAL	11	0.007	0.0	-6.673312500000001	42.3243125	206.4194375	6	6	0.0	1.0	0.0		0		False	FUSION_DOMINATED	FUSION_DOMINATED	FUSION_DOMINATED	FUSION_DOMINATED	True	292;308;288;289;311;307
5H7Q	A	MBP	P41218	TERMINAL_N	1.451	fpocket	ORIGINAL	12	0.005	0.003	-9.941565217391304	18.596739130434784	215.38256521739137	9	9	0.0	1.0	0.0		0		False	FUSION_DOMINATED	FUSION_DOMINATED	FUSION_DOMINATED	FUSION_DOMINATED	True	275;274;278;78;79;81;80;107;267
5H7Q	A	MBP	P41218	TERMINAL_N	1.451	fpocket	ORIGINAL	13	-0.005	0.001	15.0256	25.396449999999998	203.70855	10	10	0.0	1.0	0.0		0		False	FUSION_DOMINATED	FUSION_DOMINATED	FUSION_DOMINATED	FUSION_DOMINATED	True	14;42;41;40;13;15;211;151;157;154
5H7Q	A	MBP	P41218	TERMINAL_N	1.451	fpocket	ORIGINAL	14	-0.011	0.036	7.482319999999999	-3.2313199999999993	208.06596	8	8	0.875	0.0	0.125		0		False	TARGET_DOMINATED	TARGET_DOMINATED	MIXED	TARGET_DOMINATED	False	380;384;383;379;422;419;376;423
5H7Q	A	MBP	P41218	TERMINAL_N	1.451	fpocket	ORIGINAL	15	-0.011	0.042	8.376685185185186	-3.6132037037037033	186.7331481481481	11	11	0.4545	0.4545	0.0909		0		False	INTERFACE	INTERFACE	INTERFACE	INTERFACE	True	463;466;371;470;373;180;378;370;367;366;467
5H7Q	A	MBP	P41218	TERMINAL_N	1.451	fpocket	ORIGINAL	16	-0.012	0.006	22.7555	13.459423076923077	177.23884615384617	9	9	0.0	1.0	0.0		0		False	FUSION_DOMINATED	FUSION_DOMINATED	FUSION_DOMINATED	FUSION_DOMINATED	True	357;359;194;358;198;197;201;356;351
5H7Q	A	MBP	P41218	TERMINAL_N	1.451	fpocket	ORIGINAL	17	-0.013	0.001	-7.523066666666666	8.715133333333334	206.4370666666667	8	8	0.0	1.0	0.0		0		False	FUSION_DOMINATED	FUSION_DOMINATED	FUSION_DOMINATED	FUSION_DOMINATED	True	77;105;79;103;101;72;73;100
5H7Q	A	MBP	P41218	TERMINAL_N	1.451	fpocket	ORIGINAL	18	-0.014	0.034	-4.608416666666667	26.552124999999993	190.233875	7	7	0.0	1.0	0.0		0		False	FUSION_DOMINATED	FUSION_DOMINATED	FUSION_DOMINATED	FUSION_DOMINATED	True	326;93;322;325;260;330;111
5H7Q	A	MBP	P41218	TERMINAL_N	1.451	fpocket	ORIGINAL	19	-0.031	0.001	6.687875	-11.107562499999998	203.45525	6	6	1.0	0.0	0.0		0		False	TARGET_DOMINATED	TARGET_DOMINATED	TARGET_DOMINATED	TARGET_DOMINATED	False	380;385;384;381;458;377
5H7Q	A	MBP	P41218	TERMINAL_N	1.451	fpocket	ORIGINAL	20	-0.035	0.016	3.1492857142857145	-6.502809523809522	194.23604761904758	7	7	0.7143	0.0	0.2857		0		False	TARGET_DOMINATED	TARGET_DOMINATED	MIXED	TARGET_DOMINATED	False	377;465;462;466;373;374;469
5H7Q	A	MBP	P41218	TERMINAL_N	1.451	fpocket	ORIGINAL	21	-0.037	0.0	10.936533333333331	47.10126666666666	193.26406666666668	6	6	0.0	1.0	0.0		0		False	FUSION_DOMINATED	FUSION_DOMINATED	FUSION_DOMINATED	FUSION_DOMINATED	True	243;242;120;241;237;239
5H7Q	A	MBP	P41218	TERMINAL_N	1.451	fpocket	ORIGINAL	22	-0.038	0.0	-11.827562499999999	36.307625	208.6750625	7	7	0.0	1.0	0.0		0		False	FUSION_DOMINATED	FUSION_DOMINATED	FUSION_DOMINATED	FUSION_DOMINATED	True	286;305;89;287;307;288;289
5H7Q	A	MBP	P41218	TERMINAL_N	1.451	fpocket	ORIGINAL	23	-0.044	0.001	15.890875	-19.162875	207.59475	6	6	1.0	0.0	0.0		0		False	TARGET_DOMINATED	TARGET_DOMINATED	TARGET_DOMINATED	TARGET_DOMINATED	False	389;447;451;448;450;454
5H7Q	A	MBP	P41218	TERMINAL_N	1.451	fpocket	ORIGINAL	24	-0.051	0.078	10.350499999999995	10.227787499999998	203.37246250000004	19	19	0.2632	0.7368	0.0		0		False	FUSION_DOMINATED	FUSION_DOMINATED	INTERFACE	FUSION_DOMINATED	True	70;71;338;46;345;342;49;67;427;74;335;45;66;334;430;50;424;423;420
5H7Q	A	MBP	P41218	TERMINAL_N	1.451	fpocket	ORIGINAL	25	-0.053	0.0	23.11364705882353	42.9900588235294	176.7180588235294	6	6	0.0	1.0	0.0		0		False	FUSION_DOMINATED	FUSION_DOMINATED	FUSION_DOMINATED	FUSION_DOMINATED	True	122;140;136;139;123;143
5H7Q	A	MBP	P41218	TERMINAL_N	1.451	fpocket	ORIGINAL	26	-0.077	0.0	14.596047619047615	31.94614285714286	202.34219047619047	7	7	0.0	1.0	0.0		0		False	FUSION_DOMINATED	FUSION_DOMINATED	FUSION_DOMINATED	FUSION_DOMINATED	True	15;215;235;211;298;231;14
5H7Q	A	MBP	P41218	TERMINAL_N	1.451	fpocket	ORIGINAL	27	-0.086	0.0	26.574160000000003	30.595039999999997	185.85591999999997	8	8	0.0	1.0	0.0		0		False	FUSION_DOMINATED	FUSION_DOMINATED	FUSION_DOMINATED	FUSION_DOMINATED	True	204;206;141;146;149;209;205;203
5H7Q	A	MBP	P41218	TERMINAL_N	1.451	fpocket	ORIGINAL	28	-0.089	0.0	25.844941176470588	18.821176470588238	191.12994117647057	6	6	0.0	1.0	0.0		0		False	FUSION_DOMINATED	FUSION_DOMINATED	FUSION_DOMINATED	FUSION_DOMINATED	True	349;207;208;153;355;353
5H7Q	A	MBP	P41218	TERMINAL_N	1.451	fpocket	ORIGINAL	29	-0.091	0.015	11.567150000000002	3.0703500000000004	195.38330000000005	22	22	0.4091	0.4091	0.1818		0		False	INTERFACE	INTERFACE	INTERFACE	INTERFACE	True	335;336;372;339;368;432;431;430;426;373;376;338;375;371;378;433;427;367;342;428;343;429
5H7Q	A	MBP	P41218	TERMINAL_N	1.451	fpocket	ORIGINAL	30	-0.133	0.0	7.222933333333333	40.7812	210.20373333333336	6	6	0.0	1.0	0.0		0		False	FUSION_DOMINATED	FUSION_DOMINATED	FUSION_DOMINATED	FUSION_DOMINATED	True	297;296;23;19;20;293
5H7Q	A	MBP	P41218	TERMINAL_N	1.451	fpocket	ORIGINAL	31	-0.143	0.0	19.34510000000001	7.841199999999999	204.92555000000002	8	8	0.625	0.375	0.0		0		False	TARGET_DOMINATED	INTERFACE	INTERFACE	INTERFACE	True	406;428;424;46;43;342;427;405
5H7Q	A	MBP	P41218	TERMINAL_N	1.451	fpocket	ORIGINAL	32	-0.204	0.0	16.92664705882353	16.163235294117644	200.82241176470586	5	5	0.0	1.0	0.0		0		False	FUSION_DOMINATED	FUSION_DOMINATED	FUSION_DOMINATED	FUSION_DOMINATED	True	46;43;345;154;45
5H7Q	A	MBP	P41218	TERMINAL_N	1.451	fpocket	REMOVED	1	0.413	0.623	8.1005	-1.6120789473684203	209.38836842105263	10	10	1.0	0.0	0.0	10.13	0		False	TARGET_DOMINATED	TARGET_DOMINATED	TARGET_DOMINATED	TARGET_DOMINATED	False	384;380;379;377;383;422;419;420;423;417
5H7Q	A	MBP	P41218	TERMINAL_N	1.451	fpocket	REMOVED	2	0.17	0.069	17.81623529411765	-11.220352941176472	192.73588235294116	7	7	1.0	0.0	0.0	15.26	0		False	TARGET_DOMINATED	TARGET_DOMINATED	TARGET_DOMINATED	TARGET_DOMINATED	False	459;456;439;436;460;464;463
5H7Q	A	MBP	P41218	TERMINAL_N	1.451	fpocket	REMOVED	3	0.112	0.082	3.271444444444444	-5.813111111111112	192.78905555555554	7	7	1.0	0.0	0.0	7.82	0		False	TARGET_DOMINATED	TARGET_DOMINATED	TARGET_DOMINATED	TARGET_DOMINATED	False	465;469;462;377;466;378;470
5H7Q	A	MBP	P41218	TERMINAL_N	1.451	fpocket	REMOVED	4	0.097	0.007	6.687875	-11.107562499999998	203.45525	6	6	1.0	0.0	0.0	7.02	0		False	TARGET_DOMINATED	TARGET_DOMINATED	TARGET_DOMINATED	TARGET_DOMINATED	False	385;380;384;377;381;458
5H7Q	A	MBP	P41218	TERMINAL_N	1.451	fpocket	REMOVED	5	0.083	0.002	15.890875000000001	-19.162875	207.59474999999995	6	6	1.0	0.0	0.0	18.85	0		False	TARGET_DOMINATED	TARGET_DOMINATED	TARGET_DOMINATED	TARGET_DOMINATED	False	389;451;447;450;454;448
5JQE	A	MBP	Q14790	TERMINAL_N	3.157	fpocket	ORIGINAL	1	0.236	0.815	170.36149000000006	37.624610000000004	-0.9302899999999997	20	20	0.55	0.4	0.05		0		False	TARGET_DOMINATED	INTERFACE	INTERFACE	INTERFACE	True	1005;181;190;347;1004;350;1001;1042;346;1008;1056;1055;353;379;1003;1049;349;1046;193;1007
5JQE	A	MBP	Q14790	TERMINAL_N	3.157	fpocket	ORIGINAL	2	0.124	0.018	154.86775	38.3101	-1.1602000000000001	9	9	0.0	1.0	0.0		0		False	FUSION_DOMINATED	FUSION_DOMINATED	FUSION_DOMINATED	FUSION_DOMINATED	True	359;358;355;373;173;170;195;200;376
5JQE	A	MBP	Q14790	TERMINAL_N	3.157	fpocket	ORIGINAL	3	0.121	0.0	180.36571875000004	56.397906250000005	6.9306875	11	11	1.0	0.0	0.0		0		False	TARGET_DOMINATED	TARGET_DOMINATED	TARGET_DOMINATED	TARGET_DOMINATED	False	1095;1060;1089;1097;1094;1029;1096;1090;1086;1063;1058
5JQE	A	MBP	Q14790	TERMINAL_N	3.157	fpocket	ORIGINAL	4	0.082	0.007	176.59608333333335	9.983041666666665	-16.50733333333333	8	8	0.0	1.0	0.0		0		False	FUSION_DOMINATED	FUSION_DOMINATED	FUSION_DOMINATED	FUSION_DOMINATED	True	90;285;89;91;289;92;286;278
5JQE	A	MBP	Q14790	TERMINAL_N	3.157	fpocket	ORIGINAL	5	0.073	0.004	146.8675625	18.1289375	9.078375000000001	8	8	0.0	1.0	0.0		0		False	FUSION_DOMINATED	FUSION_DOMINATED	FUSION_DOMINATED	FUSION_DOMINATED	True	239;226;230;247;243;229;237;128
5JQE	A	MBP	Q14790	TERMINAL_N	3.157	fpocket	ORIGINAL	6	0.071	0.0	147.63275	48.48009999999998	5.5992999999999995	10	10	0.0	1.0	0.0		0		False	FUSION_DOMINATED	FUSION_DOMINATED	FUSION_DOMINATED	FUSION_DOMINATED	True	365;366;368;371;367;212;369;205;370;208
5JQE	A	MBP	Q14790	TERMINAL_N	3.157	fpocket	ORIGINAL	7	0.067	0.001	141.18005555555555	34.40822222222223	14.503055555555553	9	9	0.0	1.0	0.0		0		False	FUSION_DOMINATED	FUSION_DOMINATED	FUSION_DOMINATED	FUSION_DOMINATED	True	217;152;214;157;160;218;211;159;216
5JQE	A	MBP	Q14790	TERMINAL_N	3.157	fpocket	ORIGINAL	8	0.064	0.003	137.24256666666668	27.50236666666667	16.81	8	8	0.0	1.0	0.0		0		False	FUSION_DOMINATED	FUSION_DOMINATED	FUSION_DOMINATED	FUSION_DOMINATED	True	156;152;155;157;233;160;234;228
5JQE	A	MBP	Q14790	TERMINAL_N	3.157	fpocket	ORIGINAL	9	0.06	0.0	152.051	-1.4684285714285712	-9.245666666666668	6	6	0.0	1.0	0.0		0		False	FUSION_DOMINATED	FUSION_DOMINATED	FUSION_DOMINATED	FUSION_DOMINATED	True	319;322;303;299;318;323
5JQE	A	MBP	Q14790	TERMINAL_N	3.157	fpocket	ORIGINAL	10	0.058	0.018	170.84089285714285	29.212589285714277	-14.189696428571427	12	12	0.0833	0.9167	0.0		0		False	FUSION_DOMINATED	FUSION_DOMINATED	FUSION_DOMINATED	FUSION_DOMINATED	True	187;112;190;345;188;347;1008;111;84;344;110;186
5JQE	A	MBP	Q14790	TERMINAL_N	3.157	fpocket	ORIGINAL	11	0.057	0.001	160.35867647058825	-4.399470588235295	-0.5692352941176471	8	8	0.0	1.0	0.0		0		False	FUSION_DOMINATED	FUSION_DOMINATED	FUSION_DOMINATED	FUSION_DOMINATED	True	303;307;304;34;31;308;30;300
5JQE	A	MBP	Q14790	TERMINAL_N	3.157	fpocket	ORIGINAL	12	0.055	0.001	170.16380952380956	20.9127619047619	-10.810714285714287	9	9	0.0	1.0	0.0		0		False	FUSION_DOMINATED	FUSION_DOMINATED	FUSION_DOMINATED	FUSION_DOMINATED	True	110;116;79;111;80;344;109;83;108
5JQE	A	MBP	Q14790	TERMINAL_N	3.157	fpocket	ORIGINAL	13	0.024	0.005	157.3085098039216	11.32014705882353	0.5815784313725484	24	24	0.0	1.0	0.0		0		False	FUSION_DOMINATED	FUSION_DOMINATED	FUSION_DOMINATED	FUSION_DOMINATED	True	26;310;309;242;241;123;245;311;27;312;244;248;328;326;329;323;306;28;274;122;272;121;75;273
5JQE	A	MBP	Q14790	TERMINAL_N	3.157	fpocket	ORIGINAL	14	0.017	0.005	199.5404651162791	41.5023488372093	-2.2186511627906977	13	13	1.0	0.0	0.0		0		False	TARGET_DOMINATED	TARGET_DOMINATED	TARGET_DOMINATED	TARGET_DOMINATED	False	1021;1020;1017;1114;1138;1016;1139;1109;1112;1110;1117;1113;1140
5JQE	A	MBP	Q14790	TERMINAL_N	3.157	fpocket	ORIGINAL	15	0.015	0.001	197.39017647058827	53.568176470588234	-3.204411764705883	7	7	1.0	0.0	0.0		0		False	TARGET_DOMINATED	TARGET_DOMINATED	TARGET_DOMINATED	TARGET_DOMINATED	False	1107;1111;1174;1110;1068;1106;1070
5JQE	A	MBP	Q14790	TERMINAL_N	3.157	fpocket	ORIGINAL	16	0.014	0.003	128.64870588235294	23.229411764705876	12.703823529411764	6	6	0.0	1.0	0.0		0		False	FUSION_DOMINATED	FUSION_DOMINATED	FUSION_DOMINATED	FUSION_DOMINATED	True	154;153;151;156;133;150
5JQE	A	MBP	Q14790	TERMINAL_N	3.157	fpocket	ORIGINAL	17	0.008	0.0	211.96647368421048	35.26136842105263	2.1358947368421055	7	7	1.0	0.0	0.0		0		False	TARGET_DOMINATED	TARGET_DOMINATED	TARGET_DOMINATED	TARGET_DOMINATED	False	1135;1121;1125;1122;1118;1134;1133
5JQE	A	MBP	Q14790	TERMINAL_N	3.157	fpocket	ORIGINAL	18	0.0	0.01	207.77620689655177	49.95875862068965	18.37927586206896	7	7	1.0	0.0	0.0		0		False	TARGET_DOMINATED	TARGET_DOMINATED	TARGET_DOMINATED	TARGET_DOMINATED	False	1155;1158;1151;1159;1150;1156;1157
5JQE	A	MBP	Q14790	TERMINAL_N	3.157	fpocket	ORIGINAL	19	-0.0	0.002	193.66103225806452	38.753290322580646	4.99741935483871	10	10	1.0	0.0	0.0		0		False	TARGET_DOMINATED	TARGET_DOMINATED	TARGET_DOMINATED	TARGET_DOMINATED	False	1032;1035;1023;1141;1020;1138;1140;1144;1027;1024
5JQE	A	MBP	Q14790	TERMINAL_N	3.157	fpocket	ORIGINAL	20	-0.003	0.0	160.57553846153849	43.20903846153845	4.2705769230769235	11	11	0.0909	0.7273	0.1818		0		False	FUSION_DOMINATED	FUSION_DOMINATED	MIXED	FUSION_DOMINATED	True	361;375;357;372;367;358;354;376;379;1056;353
5JQE	A	MBP	Q14790	TERMINAL_N	3.157	fpocket	ORIGINAL	21	-0.008	0.001	175.78135	4.4784999999999995	6.961499999999999	4	4	0.0	1.0	0.0		0		False	UNASSIGNED	UNASSIGNED	UNASSIGNED	UNASSIGNED	False	50;52;51;49
5JQE	A	MBP	Q14790	TERMINAL_N	3.157	fpocket	ORIGINAL	22	-0.013	0.0	202.9035	31.112055555555557	11.648444444444443	7	7	1.0	0.0	0.0		0		False	TARGET_DOMINATED	TARGET_DOMINATED	TARGET_DOMINATED	TARGET_DOMINATED	False	1148;1145;1149;1132;1137;1134;1133
5JQE	A	MBP	Q14790	TERMINAL_N	3.157	fpocket	ORIGINAL	23	-0.016	0.0	166.03667857142858	35.55789285714285	-17.887821428571428	10	10	0.1	0.9	0.0		0		False	FUSION_DOMINATED	FUSION_DOMINATED	FUSION_DOMINATED	FUSION_DOMINATED	True	192;184;190;189;191;188;187;182;1009;185
5JQE	A	MBP	Q14790	TERMINAL_N	3.157	fpocket	ORIGINAL	24	-0.016	0.002	169.41274285714292	26.550485714285724	-2.329142857142857	11	11	0.0	1.0	0.0		0		False	FUSION_DOMINATED	FUSION_DOMINATED	FUSION_DOMINATED	FUSION_DOMINATED	True	346;81;349;352;78;77;345;343;348;342;344
5JQE	A	MBP	Q14790	TERMINAL_N	3.157	fpocket	ORIGINAL	25	-0.019	0.0	157.97326315789473	14.872526315789472	-21.637684210526317	8	8	0.0	1.0	0.0		0		False	FUSION_DOMINATED	FUSION_DOMINATED	FUSION_DOMINATED	FUSION_DOMINATED	True	99;106;98;317;103;101;95;110
5JQE	A	MBP	Q14790	TERMINAL_N	3.157	fpocket	ORIGINAL	26	-0.02	0.001	205.50199999999995	35.732375	-2.7115937499999996	8	8	1.0	0.0	0.0		0		False	TARGET_DOMINATED	TARGET_DOMINATED	TARGET_DOMINATED	TARGET_DOMINATED	False	1135;1118;1114;1137;1138;1136;1117;1121
5JQE	A	MBP	Q14790	TERMINAL_N	3.157	fpocket	ORIGINAL	27	-0.022	0.0	180.23373684210526	64.16621052631578	-8.707999999999998	4	4	1.0	0.0	0.0		0		False	UNASSIGNED	UNASSIGNED	UNASSIGNED	UNASSIGNED	False	1082;1084;1088;1085
5JQE	A	MBP	Q14790	TERMINAL_N	3.157	fpocket	ORIGINAL	28	-0.031	0.001	151.18571428571428	36.87385714285714	11.357619047619048	8	8	0.0	1.0	0.0		0		False	FUSION_DOMINATED	FUSION_DOMINATED	FUSION_DOMINATED	FUSION_DOMINATED	True	360;218;364;164;363;163;359;219
5JQE	A	MBP	Q14790	TERMINAL_N	3.157	fpocket	ORIGINAL	29	-0.036	0.002	132.24127777777778	34.655333333333346	12.57488888888889	7	7	0.0	1.0	0.0		0		False	FUSION_DOMINATED	FUSION_DOMINATED	FUSION_DOMINATED	FUSION_DOMINATED	True	152;214;148;213;149;215;153
5JQE	A	MBP	Q14790	TERMINAL_N	3.157	fpocket	ORIGINAL	30	-0.04	0.001	164.8827391304348	15.002521739130431	1.6909565217391302	6	6	0.0	1.0	0.0		0		False	FUSION_DOMINATED	FUSION_DOMINATED	FUSION_DOMINATED	FUSION_DOMINATED	True	26;24;27;74;274;75
5JQE	A	MBP	Q14790	TERMINAL_N	3.157	fpocket	ORIGINAL	31	-0.048	0.057	163.50039393939394	-4.74330303030303	-10.251212121212124	8	8	0.0	1.0	0.0		0		False	FUSION_DOMINATED	FUSION_DOMINATED	FUSION_DOMINATED	FUSION_DOMINATED	True	38;300;34;35;294;298;295;301
5JQE	A	MBP	Q14790	TERMINAL_N	3.157	fpocket	ORIGINAL	32	-0.071	0.0	171.3080714285714	4.42167857142857	-21.19221428571428	8	8	0.0	1.0	0.0		0		False	FUSION_DOMINATED	FUSION_DOMINATED	FUSION_DOMINATED	FUSION_DOMINATED	True	93;94;92;293;289;294;290;286
5JQE	A	MBP	Q14790	TERMINAL_N	3.157	fpocket	ORIGINAL	33	-0.072	0.0	158.94005882352943	1.0461764705882353	-16.786058823529412	8	8	0.0	1.0	0.0		0		False	FUSION_DOMINATED	FUSION_DOMINATED	FUSION_DOMINATED	FUSION_DOMINATED	True	298;299;300;318;100;316;297;293
5JQE	A	MBP	Q14790	TERMINAL_N	3.157	fpocket	ORIGINAL	34	-0.074	0.001	157.65982857142853	28.35677142857142	-12.924914285714282	11	11	0.0	1.0	0.0		0		False	FUSION_DOMINATED	FUSION_DOMINATED	FUSION_DOMINATED	FUSION_DOMINATED	True	182;183;181;268;179;188;341;340;107;104;339
5JQE	A	MBP	Q14790	TERMINAL_N	3.157	fpocket	ORIGINAL	35	-0.083	0.0	193.71852380952382	40.227	14.762857142857142	7	7	1.0	0.0	0.0		0		False	TARGET_DOMINATED	TARGET_DOMINATED	TARGET_DOMINATED	TARGET_DOMINATED	False	1033;1032;1148;1144;1147;1027;1102
5JQE	A	MBP	Q14790	TERMINAL_N	3.157	fpocket	ORIGINAL	36	-0.1	0.001	186.00264705882353	35.11158823529412	-5.347470588235295	8	8	1.0	0.0	0.0		0		False	TARGET_DOMINATED	TARGET_DOMINATED	TARGET_DOMINATED	TARGET_DOMINATED	False	1012;1011;1014;1041;1019;1040;1016;1039
5JQE	A	MBP	Q14790	TERMINAL_N	3.157	fpocket	ORIGINAL	37	-0.114	0.0	176.1627333333333	31.300333333333324	-6.9966	9	9	0.5556	0.4444	0.0		0		False	TARGET_DOMINATED	INTERFACE	INTERFACE	INTERFACE	True	84;347;346;1008;111;1012;1040;1042;1039
5JQE	A	MBP	Q14790	TERMINAL_N	3.157	fpocket	ORIGINAL	38	-0.116	0.011	194.9103902439024	58.18934146341462	5.462829268292682	13	13	1.0	0.0	0.0		0		False	TARGET_DOMINATED	TARGET_DOMINATED	TARGET_DOMINATED	TARGET_DOMINATED	False	1178;1107;1100;1096;1090;1068;1174;1177;1104;1098;1181;1103;1099
5JQE	A	MBP	Q14790	TERMINAL_N	3.157	fpocket	ORIGINAL	39	-0.127	0.004	138.39041379310348	21.246275862068963	-6.7586206896551735	9	9	0.0	1.0	0.0		0		False	FUSION_DOMINATED	FUSION_DOMINATED	FUSION_DOMINATED	FUSION_DOMINATED	True	137;257;139;261;338;258;259;334;138
5JQE	A	MBP	Q14790	TERMINAL_N	3.157	fpocket	REMOVED	1	0.33	0.0	180.36571874999998	56.39790625	6.930687500000001	11	11	1.0	0.0	0.0	23.78	0		False	TARGET_DOMINATED	TARGET_DOMINATED	TARGET_DOMINATED	TARGET_DOMINATED	False	1097;1029;1096;1094;1060;1095;1089;1090;1086;1063;1058
5JQE	A	MBP	Q14790	TERMINAL_N	3.157	fpocket	REMOVED	2	0.3	0.072	199.5404651162791	41.50234883720931	-2.2186511627906973	13	13	1.0	0.0	0.0	34.12	0		False	TARGET_DOMINATED	TARGET_DOMINATED	TARGET_DOMINATED	TARGET_DOMINATED	False	1110;1109;1021;1140;1017;1020;1138;1016;1117;1113;1112;1114;1139
5JQE	A	MBP	Q14790	TERMINAL_N	3.157	fpocket	REMOVED	3	0.202	0.013	193.66103225806452	38.75329032258064	4.99741935483871	10	10	1.0	0.0	0.0	29.5	0		False	TARGET_DOMINATED	TARGET_DOMINATED	TARGET_DOMINATED	TARGET_DOMINATED	False	1020;1141;1138;1023;1032;1140;1144;1027;1024;1035
5JQE	A	MBP	Q14790	TERMINAL_N	3.157	fpocket	REMOVED	4	0.189	0.001	205.50200000000004	35.732375	-2.7115937499999996	8	8	1.0	0.0	0.0	40.41	0		False	TARGET_DOMINATED	TARGET_DOMINATED	TARGET_DOMINATED	TARGET_DOMINATED	False	1135;1114;1138;1136;1121;1137;1118;1117
5JQE	A	MBP	Q14790	TERMINAL_N	3.157	fpocket	REMOVED	5	0.189	0.293	207.77620689655174	49.95875862068965	18.37927586206896	7	7	1.0	0.0	0.0	48.41	0		False	TARGET_DOMINATED	TARGET_DOMINATED	TARGET_DOMINATED	TARGET_DOMINATED	False	1158;1155;1157;1156;1159;1150;1151
5JQE	A	MBP	Q14790	TERMINAL_N	3.157	fpocket	REMOVED	6	0.153	0.116	194.9103902439024	58.18934146341464	5.462829268292684	13	13	1.0	0.0	0.0	35.23	0		False	TARGET_DOMINATED	TARGET_DOMINATED	TARGET_DOMINATED	TARGET_DOMINATED	False	1100;1178;1096;1104;1090;1068;1098;1103;1107;1177;1174;1181;1099
5JQE	A	MBP	Q14790	TERMINAL_N	3.157	fpocket	REMOVED	7	0.129	0.001	211.9664736842105	35.26136842105263	2.1358947368421055	7	7	1.0	0.0	0.0	47.19	0		False	TARGET_DOMINATED	TARGET_DOMINATED	TARGET_DOMINATED	TARGET_DOMINATED	False	1118;1121;1125;1122;1135;1133;1134
5JQE	A	MBP	Q14790	TERMINAL_N	3.157	fpocket	REMOVED	8	0.122	0.003	197.39017647058824	53.56817647058824	-3.2044117647058816	7	7	1.0	0.0	0.0	34.33	0		False	TARGET_DOMINATED	TARGET_DOMINATED	TARGET_DOMINATED	TARGET_DOMINATED	False	1068;1110;1070;1106;1107;1111;1174
5JQE	A	MBP	Q14790	TERMINAL_N	3.157	fpocket	REMOVED	9	0.102	0.0	202.9035	31.112055555555557	11.648444444444443	7	7	1.0	0.0	0.0	41.53	0		False	TARGET_DOMINATED	TARGET_DOMINATED	TARGET_DOMINATED	TARGET_DOMINATED	False	1132;1134;1137;1133;1145;1148;1149
5JQE	A	MBP	Q14790	TERMINAL_N	3.157	fpocket	REMOVED	10	0.099	0.001	180.2337368421053	64.1662105263158	-8.707999999999998	4	4	1.0	0.0	0.0	28.02	0		False	UNASSIGNED	UNASSIGNED	UNASSIGNED	UNASSIGNED	False	1082;1084;1085;1088
5JQE	A	MBP	Q14790	TERMINAL_N	3.157	fpocket	REMOVED	11	0.052	0.0	193.7185238095238	40.227	14.762857142857142	7	7	1.0	0.0	0.0	33.58	0		False	TARGET_DOMINATED	TARGET_DOMINATED	TARGET_DOMINATED	TARGET_DOMINATED	False	1147;1148;1032;1033;1027;1102;1144
5JQE	A	MBP	Q14790	TERMINAL_N	3.157	fpocket	REMOVED	12	0.007	0.004	186.0026470588235	35.111588235294114	-5.347470588235294	8	8	1.0	0.0	0.0	21.48	0		False	TARGET_DOMINATED	TARGET_DOMINATED	TARGET_DOMINATED	TARGET_DOMINATED	False	1014;1016;1040;1039;1011;1012;1041;1019
5K94	A	MBP	P10408	COMPLEX	2.1	fpocket	ORIGINAL	1	0.198	0.08	-18.986752066115702	12.633314049586781	16.633504132231405	27	27	0.5185	0.4815	0.0		0		False	TARGET_DOMINATED	INTERFACE	INTERFACE	INTERFACE	True	1177;1178;1176;351;352;236;368;355;1333;1179;350;232;308;367;348;1332;100;349;309;305;170;229;1180;98;99;171;95
5K94	A	MBP	P10408	COMPLEX	2.1	fpocket	ORIGINAL	2	0.14	0.064	-22.889103896103897	10.308311688311687	28.66944155844155	22	22	0.0	1.0	0.0		0		False	FUSION_DOMINATED	FUSION_DOMINATED	FUSION_DOMINATED	FUSION_DOMINATED	True	167;1256;170;1328;165;171;92;1329;95;91;1176;169;1258;1331;1327;168;166;158;162;90;1325;1324
5K94	A	MBP	P10408	COMPLEX	2.1	fpocket	ORIGINAL	3	0.127	0.0	8.552454545454545	4.1220606060606055	9.350545454545456	9	9	1.0	0.0	0.0		0		False	TARGET_DOMINATED	TARGET_DOMINATED	TARGET_DOMINATED	TARGET_DOMINATED	False	253;254;252;274;275;276;258;277;280
5K94	A	MBP	P10408	COMPLEX	2.1	fpocket	ORIGINAL	4	0.118	0.003	-10.205297872340426	8.27048936170213	10.20595744680851	11	11	0.8182	0.1818	0.0		0		False	TARGET_DOMINATED	TARGET_DOMINATED	MIXED	TARGET_DOMINATED	False	271;351;308;1179;1177;315;311;272;269;270;273
5K94	A	MBP	P10408	COMPLEX	2.1	fpocket	ORIGINAL	5	0.1	0.001	-46.80966666666667	37.90328571428571	14.383190476190475	6	6	0.0	1.0	0.0		0		False	FUSION_DOMINATED	FUSION_DOMINATED	FUSION_DOMINATED	FUSION_DOMINATED	True	4;5;1275;1272;1274;1271
5K94	A	MBP	P10408	COMPLEX	2.1	fpocket	ORIGINAL	6	0.074	0.015	-44.24706666666666	21.595666666666666	30.398599999999995	9	9	0.0	1.0	0.0		0		False	FUSION_DOMINATED	FUSION_DOMINATED	FUSION_DOMINATED	FUSION_DOMINATED	True	20;61;1284;1293;11;108;1299;1262;1290
5K94	A	MBP	P10408	COMPLEX	2.1	fpocket	ORIGINAL	7	0.064	0.008	-29.165642857142853	20.66490476190476	9.735142857142858	12	12	0.25	0.75	0.0		0		False	FUSION_DOMINATED	FUSION_DOMINATED	INTERFACE	FUSION_DOMINATED	True	71;346;72;74;102;99;100;104;76;347;345;78
5K94	A	MBP	P10408	COMPLEX	2.1	fpocket	ORIGINAL	8	0.056	0.002	-35.89041379310344	-14.688241379310343	40.893482758620685	9	9	0.0	1.0	0.0		0		False	FUSION_DOMINATED	FUSION_DOMINATED	FUSION_DOMINATED	FUSION_DOMINATED	True	1202;1205;140;1203;1204;148;145;1208;147
5K94	A	MBP	P10408	COMPLEX	2.1	fpocket	ORIGINAL	9	0.047	0.003	-16.125	-9.73270588235294	35.422000000000004	8	8	0.0	1.0	0.0		0		False	FUSION_DOMINATED	FUSION_DOMINATED	FUSION_DOMINATED	FUSION_DOMINATED	True	1186;1189;1193;1190;1194;1197;1358;1250
5K94	A	MBP	P10408	COMPLEX	2.1	fpocket	ORIGINAL	10	0.046	0.0	-23.081081632653063	25.293673469387752	21.151122448979585	14	14	0.3571	0.6429	0.0		0		False	FUSION_DOMINATED	INTERFACE	INTERFACE	INTERFACE	True	98;367;364;86;83;101;103;366;365;171;79;78;332;102
5K94	A	MBP	P10408	COMPLEX	2.1	fpocket	ORIGINAL	11	0.04	0.0	-27.475200000000008	-6.209733333333333	53.059733333333334	7	7	0.0	1.0	0.0		0		False	FUSION_DOMINATED	FUSION_DOMINATED	FUSION_DOMINATED	FUSION_DOMINATED	True	134;135;138;131;126;124;122
5K94	A	MBP	P10408	COMPLEX	2.1	fpocket	ORIGINAL	12	0.027	0.002	-35.92708333333332	31.257791666666666	18.171791666666664	9	9	0.0	1.0	0.0		0		False	FUSION_DOMINATED	FUSION_DOMINATED	FUSION_DOMINATED	FUSION_DOMINATED	True	1273;80;78;1274;1277;1266;106;79;77
5K94	A	MBP	P10408	COMPLEX	2.1	fpocket	ORIGINAL	13	0.024	0.0	-23.746428571428567	24.678892857142852	30.501785714285713	10	10	0.0	1.0	0.0		0		False	FUSION_DOMINATED	FUSION_DOMINATED	FUSION_DOMINATED	FUSION_DOMINATED	True	98;94;91;92;95;86;87;1305;83;89
5K94	A	MBP	P10408	COMPLEX	2.1	fpocket	ORIGINAL	14	0.018	0.0	-56.3764375	18.8688125	18.879375	7	7	0.0	1.0	0.0		0		False	FUSION_DOMINATED	FUSION_DOMINATED	FUSION_DOMINATED	FUSION_DOMINATED	True	36;38;37;40;39;10;46
5K94	A	MBP	P10408	COMPLEX	2.1	fpocket	ORIGINAL	15	0.018	0.0	-25.74541666666667	-10.287500000000001	18.852083333333333	9	9	0.0	1.0	0.0		0		False	FUSION_DOMINATED	FUSION_DOMINATED	FUSION_DOMINATED	FUSION_DOMINATED	True	1360;1346;1345;1355;1342;1363;1364;1367;1349
5K94	A	MBP	P10408	COMPLEX	2.1	fpocket	ORIGINAL	16	0.003	0.0	-22.309080000000005	-18.54436	29.286240000000003	9	9	0.0	1.0	0.0		0		False	FUSION_DOMINATED	FUSION_DOMINATED	FUSION_DOMINATED	FUSION_DOMINATED	True	1355;1356;1200;1196;1353;1354;1359;1357;1350
5K94	A	MBP	P10408	COMPLEX	2.1	fpocket	ORIGINAL	17	-0.002	0.011	-48.129541666666675	31.002875	35.19008333333334	7	7	0.0	1.0	0.0		0		False	FUSION_DOMINATED	FUSION_DOMINATED	FUSION_DOMINATED	FUSION_DOMINATED	True	26;1292;22;1283;1289;1288;23
5K94	A	MBP	P10408	COMPLEX	2.1	fpocket	ORIGINAL	18	-0.01	0.001	-50.44409523809525	9.726238095238093	12.371428571428575	5	5	0.0	1.0	0.0		0		False	FUSION_DOMINATED	FUSION_DOMINATED	FUSION_DOMINATED	FUSION_DOMINATED	True	45;49;42;46;41
5K94	A	MBP	P10408	COMPLEX	2.1	fpocket	ORIGINAL	19	-0.017	0.004	7.30237037037037	9.242148148148148	25.225	7	7	1.0	0.0	0.0		0		False	TARGET_DOMINATED	TARGET_DOMINATED	TARGET_DOMINATED	TARGET_DOMINATED	False	287;283;284;294;288;280;296
5K94	A	MBP	P10408	COMPLEX	2.1	fpocket	ORIGINAL	20	-0.026	0.002	-32.172705882352936	29.88211764705882	38.60894117647059	5	5	0.0	1.0	0.0		0		False	FUSION_DOMINATED	FUSION_DOMINATED	FUSION_DOMINATED	FUSION_DOMINATED	True	1306;1309;1305;88;1304
5K94	A	MBP	P10408	COMPLEX	2.1	fpocket	ORIGINAL	21	-0.026	0.0	1.0067916666666668	7.495	0.3612916666666666	7	7	1.0	0.0	0.0		0		False	TARGET_DOMINATED	TARGET_DOMINATED	TARGET_DOMINATED	TARGET_DOMINATED	False	266;273;252;251;264;265;250
5K94	A	MBP	P10408	COMPLEX	2.1	fpocket	ORIGINAL	22	-0.032	0.022	-7.669384615384616	10.894730769230772	25.359615384615385	7	7	1.0	0.0	0.0		0		False	TARGET_DOMINATED	TARGET_DOMINATED	TARGET_DOMINATED	TARGET_DOMINATED	False	231;305;235;302;306;291;303
5K94	A	MBP	P10408	COMPLEX	2.1	fpocket	ORIGINAL	23	-0.035	0.002	-46.111736842105266	31.260105263157897	7.146947368421053	6	6	0.0	1.0	0.0		0		False	FUSION_DOMINATED	FUSION_DOMINATED	FUSION_DOMINATED	FUSION_DOMINATED	True	1269;2;1;1271;4;54
5K94	A	MBP	P10408	COMPLEX	2.1	fpocket	ORIGINAL	24	-0.047	0.762	-42.69570476190475	12.77884761904762	31.525990476190476	21	21	0.0	1.0	0.0		0		False	FUSION_DOMINATED	FUSION_DOMINATED	FUSION_DOMINATED	FUSION_DOMINATED	True	12;15;14;62;1262;1230;1299;109;61;111;1229;63;110;1298;1300;1260;1316;1232;1297;16;1317
5K94	A	MBP	P10408	COMPLEX	2.1	fpocket	ORIGINAL	25	-0.052	0.0	-35.289875	7.247125	20.198583333333332	9	9	0.0	1.0	0.0		0		False	FUSION_DOMINATED	FUSION_DOMINATED	FUSION_DOMINATED	FUSION_DOMINATED	True	65;66;62;1336;1330;1340;1337;1331;1333
5K94	A	MBP	P10408	COMPLEX	2.1	fpocket	ORIGINAL	26	-0.054	0.0	-15.468200000000001	18.589466666666667	0.22399999999999995	8	8	1.0	0.0	0.0		0		False	TARGET_DOMINATED	TARGET_DOMINATED	TARGET_DOMINATED	TARGET_DOMINATED	False	349;325;270;337;339;336;335;320
5K94	A	MBP	P10408	COMPLEX	2.1	fpocket	ORIGINAL	27	-0.065	0.001	-36.87846666666667	32.01566666666667	36.73193333333334	7	7	0.0	1.0	0.0		0		False	FUSION_DOMINATED	FUSION_DOMINATED	FUSION_DOMINATED	FUSION_DOMINATED	True	1286;1288;1287;1306;88;1285;1304
5K94	A	MBP	P10408	COMPLEX	2.1	fpocket	ORIGINAL	28	-0.088	0.0	-7.4110625	17.5065625	-2.4434375	9	9	1.0	0.0	0.0		0		False	TARGET_DOMINATED	TARGET_DOMINATED	TARGET_DOMINATED	TARGET_DOMINATED	False	319;321;318;267;270;325;339;324;268
5K94	A	MBP	P10408	COMPLEX	2.1	fpocket	ORIGINAL	29	-0.113	0.005	-31.365117647058824	-19.00288235294117	47.37435294117647	6	6	0.0	1.0	0.0		0		False	FUSION_DOMINATED	FUSION_DOMINATED	FUSION_DOMINATED	FUSION_DOMINATED	True	140;1202;137;1201;136;1203
5K94	A	MBP	P10408	COMPLEX	2.1	fpocket	REMOVED	1	0.386	0.005	-9.875511627906977	8.316906976744185	9.855232558139535	9	9	1.0	0.0	0.0	16.06	0		False	TARGET_DOMINATED	TARGET_DOMINATED	TARGET_DOMINATED	TARGET_DOMINATED	False	270;269;271;315;311;351;308;272;273
5K94	A	MBP	P10408	COMPLEX	2.1	fpocket	REMOVED	2	0.367	0.0	8.552454545454545	4.1220606060606055	9.350545454545456	9	9	1.0	0.0	0.0	33.06	0		False	TARGET_DOMINATED	TARGET_DOMINATED	TARGET_DOMINATED	TARGET_DOMINATED	False	258;276;252;274;253;254;277;275;280
5K94	A	MBP	P10408	COMPLEX	2.1	fpocket	REMOVED	3	0.178	0.009	7.30237037037037	9.242148148148148	25.224999999999998	7	7	1.0	0.0	0.0	29.59	0		False	TARGET_DOMINATED	TARGET_DOMINATED	TARGET_DOMINATED	TARGET_DOMINATED	False	284;288;287;283;294;280;296
5K94	A	MBP	P10408	COMPLEX	2.1	fpocket	REMOVED	4	0.155	0.091	-7.669384615384615	10.89473076923077	25.359615384615385	7	7	1.0	0.0	0.0	15.4	0		False	TARGET_DOMINATED	TARGET_DOMINATED	TARGET_DOMINATED	TARGET_DOMINATED	False	235;231;305;306;291;303;302
5K94	A	MBP	P10408	COMPLEX	2.1	fpocket	REMOVED	5	0.146	0.001	1.0067916666666668	7.494999999999998	0.3612916666666666	7	7	1.0	0.0	0.0	29.91	0		False	TARGET_DOMINATED	TARGET_DOMINATED	TARGET_DOMINATED	TARGET_DOMINATED	False	266;252;265;251;250;273;264
5K94	A	MBP	P10408	COMPLEX	2.1	fpocket	REMOVED	6	0.117	0.0	-16.0949375	15.1715625	19.632375	7	7	1.0	0.0	0.0	4.91	0		False	TARGET_DOMINATED	TARGET_DOMINATED	TARGET_DOMINATED	TARGET_DOMINATED	False	368;232;236;355;367;229;309
5K94	A	MBP	P10408	COMPLEX	2.1	fpocket	REMOVED	7	0.051	0.0	-15.4682	18.589466666666667	0.22400000000000003	8	8	1.0	0.0	0.0	19.86	0		False	TARGET_DOMINATED	TARGET_DOMINATED	TARGET_DOMINATED	TARGET_DOMINATED	False	349;337;325;336;339;335;270;320
5K94	A	MBP	P10408	COMPLEX	2.1	fpocket	REMOVED	8	0.027	0.0	-22.9646	23.846999999999994	10.738466666666666	9	9	1.0	0.0	0.0	11.99	0		False	TARGET_DOMINATED	TARGET_DOMINATED	TARGET_DOMINATED	TARGET_DOMINATED	False	346;332;333;347;348;366;354;345;334
5K94	A	MBP	P10408	COMPLEX	2.1	fpocket	REMOVED	9	0.024	0.0	-7.4110625	17.506562499999998	-2.4434375	9	9	1.0	0.0	0.0	25.49	0		False	TARGET_DOMINATED	TARGET_DOMINATED	TARGET_DOMINATED	TARGET_DOMINATED	False	339;325;324;270;319;267;318;321;268
5YQR	A	T4L	Q08001	TERMINAL_N	2.402	fpocket	ORIGINAL	1	0.32	0.042	30.21916666666667	69.88641666666669	55.91001666666666	20	20	0.0	1.0	0.0		0		False	FUSION_DOMINATED	FUSION_DOMINATED	FUSION_DOMINATED	FUSION_DOMINATED	True	144;143;70;104;141;142;21;145;32;30;73;74;103;108;107;105;26;20;11;10
5YQR	A	T4L	Q08001	TERMINAL_N	2.402	fpocket	ORIGINAL	2	0.176	0.007	37.64838636363636	77.2270681818182	48.51545454545454	10	10	0.0	1.0	0.0		0		False	FUSION_DOMINATED	FUSION_DOMINATED	FUSION_DOMINATED	FUSION_DOMINATED	True	137;114;136;138;141;106;110;142;135;113
5YQR	A	T4L	Q08001	TERMINAL_N	2.402	fpocket	ORIGINAL	3	0.165	0.28	25.53175609756098	54.185707317073174	45.6839024390244	12	12	0.3333	0.5	0.1667		0		False	FUSION_DOMINATED	INTERFACE	INTERFACE	INTERFACE	True	2;6;5;158;161;9;1178;1179;1180;1160;1163;1159
5YQR	A	T4L	Q08001	TERMINAL_N	2.402	fpocket	ORIGINAL	4	0.161	0.0	15.465523809523813	27.09019047619047	44.7552380952381	8	8	1.0	0.0	0.0		0		False	TARGET_DOMINATED	TARGET_DOMINATED	TARGET_DOMINATED	TARGET_DOMINATED	False	1254;1252;1251;1234;1255;1235;1253;1256
5YQR	A	T4L	Q08001	TERMINAL_N	2.402	fpocket	ORIGINAL	5	0.107	0.0	8.420750000000002	29.543937500000002	30.869499999999995	7	7	1.0	0.0	0.0		0		False	TARGET_DOMINATED	TARGET_DOMINATED	TARGET_DOMINATED	TARGET_DOMINATED	False	1230;1247;1229;1231;1245;1238;1228
5YQR	A	T4L	Q08001	TERMINAL_N	2.402	fpocket	ORIGINAL	6	0.091	0.005	16.001190476190477	50.39780952380953	41.84466666666667	8	8	1.0	0.0	0.0		0		False	TARGET_DOMINATED	TARGET_DOMINATED	TARGET_DOMINATED	TARGET_DOMINATED	False	1180;1264;1263;1267;1268;1201;1178;1260
5YQR	A	T4L	Q08001	TERMINAL_N	2.402	fpocket	ORIGINAL	7	0.077	0.003	23.86621052631579	32.57194736842106	44.204	7	7	1.0	0.0	0.0		0		False	TARGET_DOMINATED	TARGET_DOMINATED	TARGET_DOMINATED	TARGET_DOMINATED	False	1252;1256;1253;1183;1184;1196;1182
5YQR	A	T4L	Q08001	TERMINAL_N	2.402	fpocket	ORIGINAL	8	0.062	0.001	32.98864999999999	52.934400000000004	33.8092	8	8	0.625	0.375	0.0		0		False	TARGET_DOMINATED	INTERFACE	INTERFACE	INTERFACE	True	1168;159;1164;157;155;1167;1171;1172
5YQR	A	T4L	Q08001	TERMINAL_N	2.402	fpocket	ORIGINAL	9	0.052	0.0	19.373684210526317	63.528578947368416	43.62868421052631	8	8	0.0	1.0	0.0		0		False	FUSION_DOMINATED	FUSION_DOMINATED	FUSION_DOMINATED	FUSION_DOMINATED	True	2;158;93;100;96;88;3;97
5YQR	A	T4L	Q08001	TERMINAL_N	2.402	fpocket	ORIGINAL	10	0.049	0.001	13.6682	78.20453333333333	48.4864	3	3	0.0	1.0	0.0		0		False	UNASSIGNED	UNASSIGNED	UNASSIGNED	UNASSIGNED	False	76;80;79
5YQR	A	T4L	Q08001	TERMINAL_N	2.402	fpocket	ORIGINAL	11	0.037	0.0	7.621687499999999	47.33125	34.278499999999994	5	5	1.0	0.0	0.0		0		False	TARGET_DOMINATED	TARGET_DOMINATED	TARGET_DOMINATED	TARGET_DOMINATED	False	1268;1265;1266;1222;1224
5YQR	A	T4L	Q08001	TERMINAL_N	2.402	fpocket	ORIGINAL	12	0.033	0.0	37.515647058823525	78.95188235294117	40.41158823529412	8	8	0.0	1.0	0.0		0		False	FUSION_DOMINATED	FUSION_DOMINATED	FUSION_DOMINATED	FUSION_DOMINATED	True	132;114;116;115;113;117;136;135
5YQR	A	T4L	Q08001	TERMINAL_N	2.402	fpocket	ORIGINAL	13	0.023	0.003	38.34458823529411	73.93064705882354	56.9640588235294	5	5	0.0	1.0	0.0		0		False	FUSION_DOMINATED	FUSION_DOMINATED	FUSION_DOMINATED	FUSION_DOMINATED	True	21;22;141;24;20
5YQR	A	T4L	Q08001	TERMINAL_N	2.402	fpocket	ORIGINAL	14	-0.062	0.0	35.78039999999999	64.4402	59.519466666666666	7	7	0.0	1.0	0.0		0		False	FUSION_DOMINATED	FUSION_DOMINATED	FUSION_DOMINATED	FUSION_DOMINATED	True	21;20;14;19;18;11;10
5YQR	A	T4L	Q08001	TERMINAL_N	2.402	fpocket	REMOVED	1	0.401	0.0	15.465523809523807	27.090190476190482	44.75523809523809	8	8	1.0	0.0	0.0	28.12	0		False	TARGET_DOMINATED	TARGET_DOMINATED	TARGET_DOMINATED	TARGET_DOMINATED	False	1235;1234;1252;1255;1253;1254;1256;1251
5YQR	A	T4L	Q08001	TERMINAL_N	2.402	fpocket	REMOVED	2	0.373	0.03	16.07224	51.21052	41.712199999999996	8	8	1.0	0.0	0.0	19.44	0		False	TARGET_DOMINATED	TARGET_DOMINATED	TARGET_DOMINATED	TARGET_DOMINATED	False	1180;1260;1263;1264;1201;1267;1268;1178
5YQR	A	T4L	Q08001	TERMINAL_N	2.402	fpocket	REMOVED	3	0.292	0.156	23.86621052631579	32.57194736842105	44.204	7	7	1.0	0.0	0.0	18.48	0		False	TARGET_DOMINATED	TARGET_DOMINATED	TARGET_DOMINATED	TARGET_DOMINATED	False	1253;1256;1252;1183;1196;1182;1184
5YQR	A	T4L	Q08001	TERMINAL_N	2.402	fpocket	REMOVED	4	0.271	0.0	8.261466666666667	29.582000000000004	30.976533333333336	7	7	1.0	0.0	0.0	34.7	0		False	TARGET_DOMINATED	TARGET_DOMINATED	TARGET_DOMINATED	TARGET_DOMINATED	False	1238;1245;1230;1247;1229;1231;1228
5YQR	A	T4L	Q08001	TERMINAL_N	2.402	fpocket	REMOVED	5	0.245	0.028	33.07073333333333	52.45973333333333	33.68106666666667	5	5	1.0	0.0	0.0	11.85	0		False	TARGET_DOMINATED	TARGET_DOMINATED	TARGET_DOMINATED	TARGET_DOMINATED	False	1168;1164;1167;1172;1171
5YQR	A	T4L	Q08001	TERMINAL_N	2.402	fpocket	REMOVED	6	0.216	0.011	7.6216875	47.33124999999999	34.27850000000001	5	5	1.0	0.0	0.0	29.09	0		False	TARGET_DOMINATED	TARGET_DOMINATED	TARGET_DOMINATED	TARGET_DOMINATED	False	1265;1268;1266;1222;1224
5ZBQ	A	T4L	P25929	TERMINAL_C	2.7	fpocket	ORIGINAL	1	0.149	0.017	-61.65529545454546	8.668840909090909	130.88222727272725	10	10	0.0	1.0	0.0		0	0.0	False	FUSION_DOMINATED	FUSION_DOMINATED	FUSION_DOMINATED	FUSION_DOMINATED	True	1136;1139;1112;1113;1135;1140;1105;1104;1109;1137
5ZBQ	A	T4L	P25929	TERMINAL_C	2.7	fpocket	ORIGINAL	2	0.128	0.174	-37.130836363636355	-12.528909090909092	98.77512727272729	12	12	1.0	0.0	0.0		0	0.0	False	TARGET_DOMINATED	TARGET_DOMINATED	TARGET_DOMINATED	TARGET_DOMINATED	False	260;325;319;318;263;328;323;267;264;322;315;332
5ZBQ	A	T4L	P25929	TERMINAL_C	2.7	fpocket	ORIGINAL	3	0.126	0.835	-55.1680843373494	10.647831325301203	122.9032409638554	17	17	0.0	1.0	0.0		0	0.0	False	FUSION_DOMINATED	FUSION_DOMINATED	FUSION_DOMINATED	FUSION_DOMINATED	True	1130;1138;1146;1137;1116;1113;1101;1131;1135;1129;1139;1120;1117;1152;1149;1128;1098
5ZBQ	A	T4L	P25929	TERMINAL_C	2.7	fpocket	ORIGINAL	4	0.113	0.063	-54.24190322580647	-11.515290322580647	74.0661612903226	9	9	1.0	0.0	0.0		3	0.15	False	TARGET_DOMINATED	TARGET_DOMINATED	TARGET_DOMINATED	TARGET_DOMINATED	False	289;288;285;280;281;221;277;284;216
5ZBQ	A	T4L	P25929	TERMINAL_C	2.7	fpocket	ORIGINAL	5	0.078	0.222	-38.33061165048544	-17.870009708737868	60.432	22	22	1.0	0.0	0.0		2	0.1	False	TARGET_DOMINATED	TARGET_DOMINATED	TARGET_DOMINATED	TARGET_DOMINATED	False	31;28;104;33;295;299;187;184;197;100;199;294;195;26;30;97;116;302;101;106;198;177
5ZBQ	A	T4L	P25929	TERMINAL_C	2.7	fpocket	ORIGINAL	6	0.071	0.047	-55.07336585365853	-29.27478048780487	99.62895121951217	11	11	1.0	0.0	0.0		0	0.0	False	TARGET_DOMINATED	TARGET_DOMINATED	TARGET_DOMINATED	TARGET_DOMINATED	False	140;136;149;150;137;133;154;74;151;155;78
5ZBQ	A	T4L	P25929	TERMINAL_C	2.7	fpocket	ORIGINAL	7	0.057	0.13	-46.90026666666666	-8.4575	69.98946666666667	9	9	1.0	0.0	0.0		3	0.15	False	TARGET_DOMINATED	TARGET_DOMINATED	TARGET_DOMINATED	TARGET_DOMINATED	False	298;301;285;278;281;282;286;292;305
5ZBQ	A	T4L	P25929	TERMINAL_C	2.7	fpocket	ORIGINAL	8	0.049	0.0	-43.06383333333333	-22.64177777777778	82.65188888888889	9	9	1.0	0.0	0.0		2	0.1	False	TARGET_DOMINATED	TARGET_DOMINATED	TARGET_DOMINATED	TARGET_DOMINATED	False	86;123;127;124;276;313;120;272;312
5ZBQ	A	T4L	P25929	TERMINAL_C	2.7	fpocket	ORIGINAL	9	0.038	0.004	-65.81552941176471	15.20191176470588	114.53529411764706	7	7	0.0	1.0	0.0		0	0.0	False	FUSION_DOMINATED	FUSION_DOMINATED	FUSION_DOMINATED	FUSION_DOMINATED	True	1121;1118;1117;1082;1085;1086;1114
5ZBQ	A	T4L	P25929	TERMINAL_C	2.7	fpocket	ORIGINAL	10	0.035	0.001	-46.812766666666676	-20.448100000000004	52.85110000000001	12	12	1.0	0.0	0.0		1	0.05	False	TARGET_DOMINATED	TARGET_DOMINATED	TARGET_DOMINATED	TARGET_DOMINATED	False	186;183;27;293;29;187;28;26;25;22;185;182
5ZBQ	A	T4L	P25929	TERMINAL_C	2.7	fpocket	ORIGINAL	11	0.026	0.007	-60.50966666666667	-21.269055555555557	97.74977777777777	6	6	1.0	0.0	0.0		0	0.0	False	TARGET_DOMINATED	TARGET_DOMINATED	TARGET_DOMINATED	TARGET_DOMINATED	False	226;139;230;229;233;136
5ZBQ	A	T4L	P25929	TERMINAL_C	2.7	fpocket	ORIGINAL	12	0.025	0.982	-55.73866153846154	-28.882492307692317	84.92990769230768	14	14	1.0	0.0	0.0		1	0.05	False	TARGET_DOMINATED	TARGET_DOMINATED	TARGET_DOMINATED	TARGET_DOMINATED	False	129;165;218;125;219;214;169;215;162;161;133;158;154;157
5ZBQ	A	T4L	P25929	TERMINAL_C	2.7	fpocket	ORIGINAL	13	0.019	0.059	-45.21936842105263	-18.022192982456136	64.92040350877195	16	16	1.0	0.0	0.0		9	0.45	True	TARGET_DOMINATED	TARGET_DOMINATED	TARGET_DOMINATED	TARGET_DOMINATED	False	282;26;294;200;198;199;177;299;298;302;100;295;286;287;283;290
5ZBQ	A	T4L	P25929	TERMINAL_C	2.7	fpocket	ORIGINAL	14	0.011	0.008	-71.51686666666664	-17.8798	118.52636666666665	8	8	0.0	1.0	0.0		0	0.0	False	FUSION_DOMINATED	FUSION_DOMINATED	FUSION_DOMINATED	FUSION_DOMINATED	True	1061;1049;1064;1060;1067;1068;1048;1071
5ZBQ	A	T4L	P25929	TERMINAL_C	2.7	fpocket	ORIGINAL	15	-0.003	0.03	-40.92704255319149	-33.68546808510639	100.1681914893617	12	12	1.0	0.0	0.0		0	0.0	False	TARGET_DOMINATED	TARGET_DOMINATED	TARGET_DOMINATED	TARGET_DOMINATED	False	68;70;69;65;66;159;80;77;156;73;152;76
5ZBQ	A	T4L	P25929	TERMINAL_C	2.7	fpocket	ORIGINAL	16	-0.012	0.001	-31.114888888888892	-13.253666666666668	63.06337037037034	10	10	1.0	0.0	0.0		0	0.0	False	TARGET_DOMINATED	TARGET_DOMINATED	TARGET_DOMINATED	TARGET_DOMINATED	False	35;33;102;104;34;299;296;101;40;303
5ZBQ	A	T4L	P25929	TERMINAL_C	2.7	fpocket	ORIGINAL	17	-0.024	0.003	-57.511117647058825	-29.714411764705886	68.38405882352941	6	6	1.0	0.0	0.0		0	0.0	False	TARGET_DOMINATED	TARGET_DOMINATED	TARGET_DOMINATED	TARGET_DOMINATED	False	211;172;202;207;176;203
5ZBQ	A	T4L	P25929	TERMINAL_C	2.7	fpocket	ORIGINAL	18	-0.028	0.001	-61.2526296296296	-20.870296296296303	114.0117962962963	13	13	0.6154	0.3846	0.0		0	0.0	False	TARGET_DOMINATED	INTERFACE	INTERFACE	INTERFACE	True	145;146;148;1059;1060;1063;241;144;143;1064;1067;237;240
5ZBQ	A	T4L	P25929	TERMINAL_C	2.7	fpocket	ORIGINAL	19	-0.04	0.001	-68.5416923076923	-4.357499999999999	123.53546153846152	7	7	0.0	1.0	0.0		0	0.0	False	FUSION_DOMINATED	FUSION_DOMINATED	FUSION_DOMINATED	FUSION_DOMINATED	True	1030;1069;1031;1029;1102;1103;1073
5ZBQ	A	T4L	P25929	TERMINAL_C	2.7	fpocket	ORIGINAL	20	-0.048	0.0	-62.98729411764705	-12.01129411764706	104.92294117647059	4	4	1.0	0.0	0.0		0	0.0	False	UNASSIGNED	UNASSIGNED	UNASSIGNED	UNASSIGNED	False	236;233;237;240
5ZBQ	A	T4L	P25929	TERMINAL_C	2.7	fpocket	ORIGINAL	21	-0.049	0.002	-66.5923125	-21.50875	136.270875	7	7	0.0	1.0	0.0		0	0.0	False	FUSION_DOMINATED	FUSION_DOMINATED	FUSION_DOMINATED	FUSION_DOMINATED	True	1055;1015;1042;1054;1056;1016;1038
5ZBQ	A	T4L	P25929	TERMINAL_C	2.7	fpocket	ORIGINAL	22	-0.057	0.011	-31.724499999999995	-22.330899999999996	96.35729999999998	9	9	1.0	0.0	0.0		0	0.0	False	TARGET_DOMINATED	TARGET_DOMINATED	TARGET_DOMINATED	TARGET_DOMINATED	False	60;317;64;321;318;57;53;61;320
5ZBQ	A	T4L	P25929	TERMINAL_C	2.7	fpocket	ORIGINAL	23	-0.058	0.001	-61.29882352941176	-3.84764705882353	109.40117647058823	7	7	0.2857	0.7143	0.0		0	0.0	False	FUSION_DOMINATED	FUSION_DOMINATED	INTERFACE	FUSION_DOMINATED	True	1092;1095;239;240;1002;1087;1099
5ZBQ	A	T4L	P25929	TERMINAL_C	2.7	fpocket	ORIGINAL	24	-0.066	0.0	-46.849125	10.340062499999998	121.14968750000001	7	7	0.0	1.0	0.0		0	0.0	False	FUSION_DOMINATED	FUSION_DOMINATED	FUSION_DOMINATED	FUSION_DOMINATED	True	1130;1146;1129;1150;1149;1153;1126
5ZBQ	A	T4L	P25929	TERMINAL_C	2.7	fpocket	ORIGINAL	25	-0.066	0.001	-60.0572	-17.849600000000002	133.1974	6	6	0.0	1.0	0.0		0	0.0	False	FUSION_DOMINATED	FUSION_DOMINATED	FUSION_DOMINATED	FUSION_DOMINATED	True	1013;1012;1014;1015;1016;1017
5ZBQ	A	T4L	P25929	TERMINAL_C	2.7	fpocket	ORIGINAL	26	-0.08	0.087	-48.803799999999995	-20.356466666666666	74.7223777777778	20	20	1.0	0.0	0.0		15	0.75	True	TARGET_DOMINATED	TARGET_DOMINATED	TARGET_DOMINATED	TARGET_DOMINATED	False	283;287;212;220;276;124;173;117;200;279;280;284;215;177;120;216;302;198;219;121
5ZBQ	A	T4L	P25929	TERMINAL_C	2.7	fpocket	ORIGINAL	27	-0.087	0.001	-51.27122222222223	-7.9829444444444455	116.29044444444442	6	6	0.0	1.0	0.0		0	0.0	False	FUSION_DOMINATED	FUSION_DOMINATED	FUSION_DOMINATED	FUSION_DOMINATED	True	1004;1160;1008;1157;1001;1005
5ZBQ	A	T4L	P25929	TERMINAL_C	2.7	fpocket	ORIGINAL	28	-0.098	0.201	-49.89739130434782	-13.74878260869565	105.80893478260872	11	11	1.0	0.0	0.0		0	0.0	False	TARGET_DOMINATED	TARGET_DOMINATED	TARGET_DOMINATED	TARGET_DOMINATED	False	238;142;259;256;258;262;263;234;231;235;266
5ZBQ	A	T4L	P25929	TERMINAL_C	2.7	fpocket	ORIGINAL	29	-0.101	0.0	-35.369058823529414	-6.3094705882352935	62.70164705882354	6	6	1.0	0.0	0.0		0	0.0	False	TARGET_DOMINATED	TARGET_DOMINATED	TARGET_DOMINATED	TARGET_DOMINATED	False	300;296;35;297;32;34
5ZBQ	A	T4L	P25929	TERMINAL_C	2.7	fpocket	ORIGINAL	30	-0.115	0.001	-57.86794117647058	-18.05876470588235	119.78829411764707	7	7	0.1429	0.8571	0.0		0	0.0	False	FUSION_DOMINATED	FUSION_DOMINATED	MIXED	FUSION_DOMINATED	True	1059;1007;1003;1063;241;1004;1012
5ZBQ	A	T4L	P25929	TERMINAL_C	2.7	fpocket	ORIGINAL	31	-0.135	0.0	-49.7290625	-21.3155625	108.4415	6	6	1.0	0.0	0.0		0	0.0	False	TARGET_DOMINATED	TARGET_DOMINATED	TARGET_DOMINATED	TARGET_DOMINATED	False	141;256;258;142;138;262
5ZBQ	A	T4L	P25929	TERMINAL_C	2.7	fpocket	ORIGINAL	32	-0.142	0.02	-31.114631578947364	-7.692736842105265	73.2841052631579	7	7	1.0	0.0	0.0		0	0.0	False	TARGET_DOMINATED	TARGET_DOMINATED	TARGET_DOMINATED	TARGET_DOMINATED	False	39;42;304;43;300;46;307
5ZBQ	A	T4L	P25929	TERMINAL_C	2.7	fpocket	ORIGINAL	33	-0.164	0.0	-77.13081818181819	0.7478181818181817	116.82840909090909	5	5	0.0	1.0	0.0		0	0.0	False	FUSION_DOMINATED	FUSION_DOMINATED	FUSION_DOMINATED	FUSION_DOMINATED	True	1075;1079;1076;1107;1072
5ZBQ	A	T4L	P25929	TERMINAL_C	2.7	fpocket	ORIGINAL	34	-0.182	0.0	-41.74622222222223	-23.77666666666666	104.83316666666664	9	9	1.0	0.0	0.0		0	0.0	False	TARGET_DOMINATED	TARGET_DOMINATED	TARGET_DOMINATED	TARGET_DOMINATED	False	70;261;258;75;76;73;138;320;323
5ZBQ	A	T4L	P25929	TERMINAL_C	2.7	fpocket	ORIGINAL	35	-0.223	0.0	-61.351333333333336	-3.004999999999999	131.2929803921569	17	17	0.0	1.0	0.0		0	0.0	False	FUSION_DOMINATED	FUSION_DOMINATED	FUSION_DOMINATED	FUSION_DOMINATED	True	1144;1141;1009;1143;1142;1147;1020;1019;1017;1010;1103;1029;1025;1104;1140;1031;1021
5ZBQ	A	T4L	P25929	TERMINAL_C	2.7	fpocket	ORIGINAL	36	-0.228	0.001	-54.250499999999995	-16.0280625	112.17112499999999	8	8	0.75	0.25	0.0		0	0.0	False	TARGET_DOMINATED	TARGET_DOMINATED	INTERFACE	TARGET_DOMINATED	False	241;238;1004;145;141;256;1001;142
5ZBQ	A	T4L	P25929	TERMINAL_C	2.7	fpocket	REMOVED	1	0.128	0.174	-37.13083636363636	-12.528909090909096	98.77512727272725	12	12	1.0	0.0	0.0	13.45	0	0.0	False	TARGET_DOMINATED	TARGET_DOMINATED	TARGET_DOMINATED	TARGET_DOMINATED	False	322;318;325;260;323;328;332;319;315;263;264;267
5ZBQ	A	T4L	P25929	TERMINAL_C	2.7	fpocket	REMOVED	2	0.113	0.063	-54.241903225806475	-11.515290322580643	74.06616129032257	9	9	1.0	0.0	0.0	36.86	3	0.15	False	TARGET_DOMINATED	TARGET_DOMINATED	TARGET_DOMINATED	TARGET_DOMINATED	False	285;288;289;281;280;284;221;277;216
5ZBQ	A	T4L	P25929	TERMINAL_C	2.7	fpocket	REMOVED	3	0.078	0.222	-38.33061165048545	-17.870009708737868	60.43199999999998	22	22	1.0	0.0	0.0	45.1	2	0.1	False	TARGET_DOMINATED	TARGET_DOMINATED	TARGET_DOMINATED	TARGET_DOMINATED	False	30;28;31;33;104;101;302;299;294;100;97;295;199;195;26;197;116;106;184;187;177;198
5ZBQ	A	T4L	P25929	TERMINAL_C	2.7	fpocket	REMOVED	4	0.071	0.047	-55.07336585365853	-29.27478048780487	99.62895121951217	11	11	1.0	0.0	0.0	36.9	0	0.0	False	TARGET_DOMINATED	TARGET_DOMINATED	TARGET_DOMINATED	TARGET_DOMINATED	False	149;154;74;155;133;78;136;150;137;140;151
5ZBQ	A	T4L	P25929	TERMINAL_C	2.7	fpocket	REMOVED	5	0.065	0.052	-33.07406976744188	-23.767116279069764	98.25632558139533	13	13	1.0	0.0	0.0	23.75	0	0.0	False	TARGET_DOMINATED	TARGET_DOMINATED	TARGET_DOMINATED	TARGET_DOMINATED	False	64;320;68;76;321;70;61;317;60;57;65;318;53
5ZBQ	A	T4L	P25929	TERMINAL_C	2.7	fpocket	REMOVED	6	0.057	0.13	-46.900266666666674	-8.4575	69.98946666666666	9	9	1.0	0.0	0.0	35.67	3	0.15	False	TARGET_DOMINATED	TARGET_DOMINATED	TARGET_DOMINATED	TARGET_DOMINATED	False	285;301;298;305;286;292;278;281;282
5ZBQ	A	T4L	P25929	TERMINAL_C	2.7	fpocket	REMOVED	7	0.049	0.0	-43.063833333333335	-22.641777777777783	82.65188888888889	9	9	1.0	0.0	0.0	31.17	2	0.1	False	TARGET_DOMINATED	TARGET_DOMINATED	TARGET_DOMINATED	TARGET_DOMINATED	False	123;124;86;127;120;276;313;272;312
5ZBQ	A	T4L	P25929	TERMINAL_C	2.7	fpocket	REMOVED	8	0.035	0.001	-46.81276666666668	-20.4481	52.85110000000001	12	12	1.0	0.0	0.0	54.63	1	0.05	False	TARGET_DOMINATED	TARGET_DOMINATED	TARGET_DOMINATED	TARGET_DOMINATED	False	186;26;27;25;293;183;187;29;28;182;185;22
5ZBQ	A	T4L	P25929	TERMINAL_C	2.7	fpocket	REMOVED	9	0.026	0.007	-60.50966666666667	-21.269055555555557	97.7497777777778	6	6	1.0	0.0	0.0	35.32	0	0.0	False	TARGET_DOMINATED	TARGET_DOMINATED	TARGET_DOMINATED	TARGET_DOMINATED	False	139;136;226;230;229;233
5ZBQ	A	T4L	P25929	TERMINAL_C	2.7	fpocket	REMOVED	10	0.025	0.0	-59.92447826086957	-22.71117391304348	113.85273913043476	6	6	1.0	0.0	0.0	37.63	0	0.0	False	TARGET_DOMINATED	TARGET_DOMINATED	TARGET_DOMINATED	TARGET_DOMINATED	False	146;145;241;148;143;144
5ZBQ	A	T4L	P25929	TERMINAL_C	2.7	fpocket	REMOVED	11	0.025	0.982	-55.73866153846155	-28.882492307692313	84.92990769230765	14	14	1.0	0.0	0.0	40.51	1	0.05	False	TARGET_DOMINATED	TARGET_DOMINATED	TARGET_DOMINATED	TARGET_DOMINATED	False	133;158;161;129;165;125;169;219;218;154;162;214;157;215
5ZBQ	A	T4L	P25929	TERMINAL_C	2.7	fpocket	REMOVED	12	0.019	0.059	-45.219368421052636	-18.022192982456136	64.92040350877193	16	16	1.0	0.0	0.0	42.66	9	0.45	True	TARGET_DOMINATED	TARGET_DOMINATED	TARGET_DOMINATED	TARGET_DOMINATED	False	294;299;282;26;287;290;286;298;200;283;302;177;198;199;295;100
5ZBQ	A	T4L	P25929	TERMINAL_C	2.7	fpocket	REMOVED	13	-0.003	0.03	-40.92704255319149	-33.68546808510639	100.1681914893617	12	12	1.0	0.0	0.0	34.54	0	0.0	False	TARGET_DOMINATED	TARGET_DOMINATED	TARGET_DOMINATED	TARGET_DOMINATED	False	156;66;77;65;70;69;152;73;159;68;80;76
5ZBQ	A	T4L	P25929	TERMINAL_C	2.7	fpocket	REMOVED	14	-0.012	0.001	-31.114888888888892	-13.253666666666666	63.06337037037037	10	10	1.0	0.0	0.0	40.61	0	0.0	False	TARGET_DOMINATED	TARGET_DOMINATED	TARGET_DOMINATED	TARGET_DOMINATED	False	33;35;40;34;296;299;102;104;101;303
5ZBQ	A	T4L	P25929	TERMINAL_C	2.7	fpocket	REMOVED	15	-0.024	0.003	-57.511117647058825	-29.714411764705886	68.38405882352943	6	6	1.0	0.0	0.0	50.97	0	0.0	False	TARGET_DOMINATED	TARGET_DOMINATED	TARGET_DOMINATED	TARGET_DOMINATED	False	207;211;176;203;172;202
5ZBQ	A	T4L	P25929	TERMINAL_C	2.7	fpocket	REMOVED	16	-0.048	0.0	-62.98729411764705	-12.01129411764706	104.92294117647057	4	4	1.0	0.0	0.0	32.97	0	0.0	False	UNASSIGNED	UNASSIGNED	UNASSIGNED	UNASSIGNED	False	237;236;240;233
5ZBQ	A	T4L	P25929	TERMINAL_C	2.7	fpocket	REMOVED	17	-0.08	0.087	-48.80380000000001	-20.356466666666666	74.72237777777778	20	20	1.0	0.0	0.0	37.31	15	0.75	True	TARGET_DOMINATED	TARGET_DOMINATED	TARGET_DOMINATED	TARGET_DOMINATED	False	215;216;219;212;283;287;284;280;276;279;220;200;117;120;173;121;124;177;302;198
5ZBQ	A	T4L	P25929	TERMINAL_C	2.7	fpocket	REMOVED	18	-0.098	0.201	-49.89739130434782	-13.74878260869565	105.80893478260866	11	11	1.0	0.0	0.0	22.54	0	0.0	False	TARGET_DOMINATED	TARGET_DOMINATED	TARGET_DOMINATED	TARGET_DOMINATED	False	258;259;262;238;256;142;263;234;266;235;231
5ZBQ	A	T4L	P25929	TERMINAL_C	2.7	fpocket	REMOVED	19	-0.101	0.0	-35.36905882352942	-6.3094705882352935	62.70164705882354	6	6	1.0	0.0	0.0	39.4	0	0.0	False	TARGET_DOMINATED	TARGET_DOMINATED	TARGET_DOMINATED	TARGET_DOMINATED	False	296;297;35;34;32;300
5ZBQ	A	T4L	P25929	TERMINAL_C	2.7	fpocket	REMOVED	20	-0.135	0.0	-49.7290625	-21.3155625	108.44149999999999	6	6	1.0	0.0	0.0	28.16	0	0.0	False	TARGET_DOMINATED	TARGET_DOMINATED	TARGET_DOMINATED	TARGET_DOMINATED	False	142;256;141;258;138;262
5ZBQ	A	T4L	P25929	TERMINAL_C	2.7	fpocket	REMOVED	21	-0.142	0.02	-31.114631578947364	-7.692736842105265	73.28410526315788	7	7	1.0	0.0	0.0	29.22	0	0.0	False	TARGET_DOMINATED	TARGET_DOMINATED	TARGET_DOMINATED	TARGET_DOMINATED	False	300;39;304;43;42;307;46
5ZBQ	A	T4L	P25929	TERMINAL_C	2.7	fpocket	REMOVED	22	-0.182	0.0	-41.746222222222215	-23.77666666666667	104.83316666666668	9	9	1.0	0.0	0.0	25.54	0	0.0	False	TARGET_DOMINATED	TARGET_DOMINATED	TARGET_DOMINATED	TARGET_DOMINATED	False	73;261;76;320;323;70;75;138;258
6A73	A	T4L	P61201	TERMINAL_C	2.447	fpocket	ORIGINAL	1	0.113	0.004	-23.59822222222222	29.474333333333334	-60.47327777777779	5	5	0.0	1.0	0.0		0	0.0	False	FUSION_DOMINATED	FUSION_DOMINATED	FUSION_DOMINATED	FUSION_DOMINATED	True	289;281;293;292;288
6A73	A	T4L	P61201	TERMINAL_C	2.447	fpocket	ORIGINAL	2	0.086	0.001	-5.312671641791047	-22.11104477611941	-61.56873134328359	15	15	1.0	0.0	0.0		0	0.0	False	TARGET_DOMINATED	TARGET_DOMINATED	TARGET_DOMINATED	TARGET_DOMINATED	False	144;105;106;143;104;101;99;103;102;109;100;142;138;96;139
6A73	A	T4L	P61201	TERMINAL_C	2.447	fpocket	ORIGINAL	3	0.084	0.0	-14.907437500000002	32.842156249999995	-68.73484375000001	8	8	0.0	1.0	0.0		0	0.0	False	FUSION_DOMINATED	FUSION_DOMINATED	FUSION_DOMINATED	FUSION_DOMINATED	True	277;274;276;275;297;293;296;278
6A73	A	T4L	P61201	TERMINAL_C	2.447	fpocket	ORIGINAL	4	0.081	0.0	-2.1275	-33.119499999999995	-67.7763125	6	6	1.0	0.0	0.0		0	0.0	False	TARGET_DOMINATED	TARGET_DOMINATED	TARGET_DOMINATED	TARGET_DOMINATED	False	65;64;102;66;63;101
6A73	A	T4L	P61201	TERMINAL_C	2.447	fpocket	ORIGINAL	5	0.074	0.003	-9.296238095238095	-31.426309523809522	-72.21716666666669	11	11	1.0	0.0	0.0		0	0.0	False	TARGET_DOMINATED	TARGET_DOMINATED	TARGET_DOMINATED	TARGET_DOMINATED	False	97;63;100;61;58;59;98;102;101;62;94
6A73	A	T4L	P61201	TERMINAL_C	2.447	fpocket	ORIGINAL	6	0.067	0.0	-0.8021739130434785	20.074913043478258	-77.65447826086957	7	7	0.0	1.0	0.0		0	0.0	False	FUSION_DOMINATED	FUSION_DOMINATED	FUSION_DOMINATED	FUSION_DOMINATED	True	241;237;234;242;238;235;269
6A73	A	T4L	P61201	TERMINAL_C	2.447	fpocket	ORIGINAL	7	0.061	0.002	-6.202366197183098	-0.8610000000000002	-82.14977464788733	20	20	0.7	0.3	0.0		0	0.0	False	TARGET_DOMINATED	TARGET_DOMINATED	INTERFACE	TARGET_DOMINATED	False	121;120;233;230;226;123;211;229;122;161;158;154;157;132;128;125;80;124;222;85
6A73	A	T4L	P61201	TERMINAL_C	2.447	fpocket	ORIGINAL	8	0.033	0.004	3.938833333333334	-26.773277777777782	-68.97016666666667	6	6	1.0	0.0	0.0		2	0.25	False	TARGET_DOMINATED	TARGET_DOMINATED	TARGET_DOMINATED	TARGET_DOMINATED	False	104;66;107;103;102;70
6A73	A	T4L	P61201	TERMINAL_C	2.447	fpocket	ORIGINAL	9	0.033	0.009	2.3560000000000008	-13.784038461538461	-78.3361923076923	7	7	1.0	0.0	0.0		3	0.375	True	TARGET_DOMINATED	TARGET_DOMINATED	TARGET_DOMINATED	TARGET_DOMINATED	False	114;117;118;77;73;115;111
6A73	A	T4L	P61201	TERMINAL_C	2.447	fpocket	ORIGINAL	10	0.026	0.005	-11.153764705882352	-11.33729411764706	-59.22505882352941	6	6	1.0	0.0	0.0		0	0.0	False	TARGET_DOMINATED	TARGET_DOMINATED	TARGET_DOMINATED	TARGET_DOMINATED	False	144;145;148;140;149;142
6A73	A	T4L	P61201	TERMINAL_C	2.447	fpocket	ORIGINAL	11	0.023	0.001	-14.74133333333333	30.87805555555556	-59.361666666666665	6	6	0.0	1.0	0.0		0	0.0	False	FUSION_DOMINATED	FUSION_DOMINATED	FUSION_DOMINATED	FUSION_DOMINATED	True	277;280;284;286;281;293
6A73	A	T4L	P61201	TERMINAL_C	2.447	fpocket	ORIGINAL	12	0.02	0.001	-15.876799999999998	-12.466399999999997	-83.70856000000003	8	8	1.0	0.0	0.0		0	0.0	False	TARGET_DOMINATED	TARGET_DOMINATED	TARGET_DOMINATED	TARGET_DOMINATED	False	85;127;124;126;130;86;89;90
6A73	A	T4L	P61201	TERMINAL_C	2.447	fpocket	ORIGINAL	13	0.009	0.0	-19.1533125	-7.867687500000001	-79.02887499999999	4	4	1.0	0.0	0.0		0	0.0	False	UNASSIGNED	UNASSIGNED	UNASSIGNED	UNASSIGNED	False	126;129;130;133
6A73	A	T4L	P61201	TERMINAL_C	2.447	fpocket	ORIGINAL	14	0.004	0.201	-9.87434210526316	8.153315789473686	-72.35807894736843	13	13	0.2308	0.7692	0.0		0	0.0	False	FUSION_DOMINATED	FUSION_DOMINATED	INTERFACE	FUSION_DOMINATED	True	232;229;161;164;233;157;160;249;236;261;257;254;258
6A73	A	T4L	P61201	TERMINAL_C	2.447	fpocket	ORIGINAL	15	0.001	0.131	1.1289333333333333	-17.5178	-88.71949999999998	10	10	1.0	0.0	0.0		2	0.25	False	TARGET_DOMINATED	TARGET_DOMINATED	TARGET_DOMINATED	TARGET_DOMINATED	False	44;45;81;77;78;82;47;74;80;118
6A73	A	T4L	P61201	TERMINAL_C	2.447	fpocket	ORIGINAL	16	-0.029	0.001	5.487176470588235	-35.63694117647059	-87.33717647058826	6	6	1.0	0.0	0.0		0	0.0	False	TARGET_DOMINATED	TARGET_DOMINATED	TARGET_DOMINATED	TARGET_DOMINATED	False	41;37;34;38;42;53
6A73	A	T4L	P61201	TERMINAL_C	2.447	fpocket	ORIGINAL	17	-0.036	0.0	-14.436949999999996	-2.7214	-89.77335	7	7	0.4286	0.5714	0.0		0	0.0	False	FUSION_DOMINATED	INTERFACE	INTERFACE	INTERFACE	True	124;220;123;222;221;223;126
6A73	A	T4L	P61201	TERMINAL_C	2.447	fpocket	ORIGINAL	18	-0.039	0.0	-18.74623529411764	11.035	-97.30505882352942	4	4	0.0	1.0	0.0		0	0.0	False	UNASSIGNED	UNASSIGNED	UNASSIGNED	UNASSIGNED	False	177;175;178;176
6A73	A	T4L	P61201	TERMINAL_C	2.447	fpocket	ORIGINAL	19	-0.05	0.0	6.58475	-34.439	-73.26062499999999	6	6	1.0	0.0	0.0		1	0.125	False	TARGET_DOMINATED	TARGET_DOMINATED	TARGET_DOMINATED	TARGET_DOMINATED	False	36;33;67;66;35;70
6A73	A	T4L	P61201	TERMINAL_C	2.447	fpocket	ORIGINAL	20	-0.114	0.0	-15.043952380952383	30.35085714285714	-79.23319047619047	7	7	0.0	1.0	0.0		0	0.0	False	FUSION_DOMINATED	FUSION_DOMINATED	FUSION_DOMINATED	FUSION_DOMINATED	True	302;298;271;267;266;299;275
6A73	A	T4L	P61201	TERMINAL_C	2.447	fpocket	REMOVED	1	0.113	0.005	-5.312671641791046	-22.111044776119403	-61.568731343283574	15	15	1.0	0.0	0.0	32.6	0	0.0	False	TARGET_DOMINATED	TARGET_DOMINATED	TARGET_DOMINATED	TARGET_DOMINATED	False	105;100;143;103;101;106;109;99;104;102;144;142;138;96;139
6A73	A	T4L	P61201	TERMINAL_C	2.447	fpocket	REMOVED	2	0.091	0.009	-9.296238095238094	-31.426309523809532	-72.21716666666667	11	11	1.0	0.0	0.0	36.47	0	0.0	False	TARGET_DOMINATED	TARGET_DOMINATED	TARGET_DOMINATED	TARGET_DOMINATED	False	61;58;59;63;62;101;100;102;98;97;94
6A73	A	T4L	P61201	TERMINAL_C	2.447	fpocket	REMOVED	3	0.088	0.0	-2.1275	-33.119499999999995	-67.7763125	6	6	1.0	0.0	0.0	40.93	0	0.0	False	TARGET_DOMINATED	TARGET_DOMINATED	TARGET_DOMINATED	TARGET_DOMINATED	False	64;63;65;102;66;101
6A73	A	T4L	P61201	TERMINAL_C	2.447	fpocket	REMOVED	4	0.043	0.023	2.3559999999999994	-13.78403846153846	-78.33619230769229	7	7	1.0	0.0	0.0	25.79	3	0.375	True	TARGET_DOMINATED	TARGET_DOMINATED	TARGET_DOMINATED	TARGET_DOMINATED	False	73;118;115;77;117;114;111
6A73	A	T4L	P61201	TERMINAL_C	2.447	fpocket	REMOVED	5	0.04	0.009	3.938833333333334	-26.773277777777782	-68.97016666666667	6	6	1.0	0.0	0.0	37.85	2	0.25	False	TARGET_DOMINATED	TARGET_DOMINATED	TARGET_DOMINATED	TARGET_DOMINATED	False	66;104;103;102;107;70
6A73	A	T4L	P61201	TERMINAL_C	2.447	fpocket	REMOVED	6	0.032	0.009	-11.153764705882352	-11.337294117647058	-59.22505882352941	6	6	1.0	0.0	0.0	24.58	0	0.0	False	TARGET_DOMINATED	TARGET_DOMINATED	TARGET_DOMINATED	TARGET_DOMINATED	False	148;140;149;145;142;144
6A73	A	T4L	P61201	TERMINAL_C	2.447	fpocket	REMOVED	7	0.03	0.001	-15.876800000000003	-12.466399999999998	-83.70856000000003	8	8	1.0	0.0	0.0	17.43	0	0.0	False	TARGET_DOMINATED	TARGET_DOMINATED	TARGET_DOMINATED	TARGET_DOMINATED	False	124;126;85;127;86;89;130;90
6A73	A	T4L	P61201	TERMINAL_C	2.447	fpocket	REMOVED	8	0.015	0.0	-19.1533125	-7.867687500000001	-79.028875	4	4	1.0	0.0	0.0	12.16	0	0.0	False	UNASSIGNED	UNASSIGNED	UNASSIGNED	UNASSIGNED	False	129;130;126;133
6A73	A	T4L	P61201	TERMINAL_C	2.447	fpocket	REMOVED	9	0.013	0.424	1.1289333333333333	-17.517800000000005	-88.7195	10	10	1.0	0.0	0.0	29.77	2	0.25	False	TARGET_DOMINATED	TARGET_DOMINATED	TARGET_DOMINATED	TARGET_DOMINATED	False	47;81;44;45;78;77;74;82;118;80
6A73	A	T4L	P61201	TERMINAL_C	2.447	fpocket	REMOVED	10	-0.003	0.004	-4.802437500000001	-5.5381875	-86.94706250000002	6	6	1.0	0.0	0.0	17.55	0	0.0	False	TARGET_DOMINATED	TARGET_DOMINATED	TARGET_DOMINATED	TARGET_DOMINATED	False	122;123;121;80;85;124
6A73	A	T4L	P61201	TERMINAL_C	2.447	fpocket	REMOVED	11	-0.022	0.002	5.487176470588235	-35.63694117647059	-87.33717647058823	6	6	1.0	0.0	0.0	46.2	0	0.0	False	TARGET_DOMINATED	TARGET_DOMINATED	TARGET_DOMINATED	TARGET_DOMINATED	False	37;34;38;41;42;53
6A73	A	T4L	P61201	TERMINAL_C	2.447	fpocket	REMOVED	12	-0.043	0.0	6.584749999999999	-34.439	-73.26062499999999	6	6	1.0	0.0	0.0	44.94	1	0.125	False	TARGET_DOMINATED	TARGET_DOMINATED	TARGET_DOMINATED	TARGET_DOMINATED	False	67;33;36;35;66;70
6A73	A	T4L	P61201	TERMINAL_C	2.447	fpocket	REMOVED	13	-0.107	0.0	-7.359111111111111	-0.47961111111111115	-76.44149999999999	9	9	1.0	0.0	0.0	10.14	0	0.0	False	TARGET_DOMINATED	TARGET_DOMINATED	TARGET_DOMINATED	TARGET_DOMINATED	False	161;125;122;128;120;154;157;158;132
6BG3	A	T4L	Q96GG9	TERMINAL_N	1.05	fpocket	ORIGINAL	1	0.32	0.922	13.583745283018871	-10.182367924528306	-6.589886792452829	22	22	1.0	0.0	0.0		17	0.8947	True	TARGET_DOMINATED	TARGET_DOMINATED	TARGET_DOMINATED	TARGET_DOMINATED	False	1097;1164;1181;1102;1114;1086;1106;1117;1111;1103;1105;1090;1089;1116;1113;1184;1180;1098;1093;1109;1099;1183
6BG3	A	T4L	Q96GG9	TERMINAL_N	1.05	fpocket	ORIGINAL	2	0.123	0.0	13.998133333333328	-24.71656666666666	15.82273333333333	9	9	0.3333	0.6667	0.0		0	0.0	False	FUSION_DOMINATED	INTERFACE	INTERFACE	INTERFACE	True	163;1064;1132;164;144;147;160;1136;148
6BG3	A	T4L	Q96GG9	TERMINAL_N	1.05	fpocket	ORIGINAL	3	0.056	0.011	2.8526	-12.72628	25.003760000000003	8	8	0.0	1.0	0.0		0	0.0	False	FUSION_DOMINATED	FUSION_DOMINATED	FUSION_DOMINATED	FUSION_DOMINATED	True	138;114;106;137;136;141;142;105
6BG3	A	T4L	Q96GG9	TERMINAL_N	1.05	fpocket	ORIGINAL	4	0.048	0.003	4.285058823529411	-32.03117647058824	32.40264705882353	5	5	0.0	1.0	0.0		0	0.0	False	FUSION_DOMINATED	FUSION_DOMINATED	FUSION_DOMINATED	FUSION_DOMINATED	True	131;128;127;120;132
6BG3	A	T4L	Q96GG9	TERMINAL_N	1.05	fpocket	ORIGINAL	5	0.042	0.0	-4.843166666666666	1.0563333333333333	-14.737166666666667	7	7	1.0	0.0	0.0		0	0.0	False	TARGET_DOMINATED	TARGET_DOMINATED	TARGET_DOMINATED	TARGET_DOMINATED	False	1194;1190;1193;1191;1188;1189;1187
6BG3	A	T4L	Q96GG9	TERMINAL_N	1.05	fpocket	ORIGINAL	6	0.037	0.0	25.602238095238096	-17.54942857142857	-9.139285714285714	7	7	1.0	0.0	0.0		1	0.0526	False	TARGET_DOMINATED	TARGET_DOMINATED	TARGET_DOMINATED	TARGET_DOMINATED	False	1085;1074;1073;1075;1084;1082;1083
6BG3	A	T4L	Q96GG9	TERMINAL_N	1.05	fpocket	ORIGINAL	7	0.033	0.003	14.864366666666667	-26.765033333333335	2.555333333333333	10	10	1.0	0.0	0.0		0	0.0	False	TARGET_DOMINATED	TARGET_DOMINATED	TARGET_DOMINATED	TARGET_DOMINATED	False	1067;1068;1134;1092;1072;1071;1135;1064;1132;1133
6BG3	A	T4L	Q96GG9	TERMINAL_N	1.05	fpocket	ORIGINAL	8	0.031	0.0	12.187309523809523	-0.8085714285714284	5.097714285714288	15	15	0.7333	0.2667	0.0		1	0.0526	False	TARGET_DOMINATED	TARGET_DOMINATED	INTERFACE	TARGET_DOMINATED	False	14;1110;1153;19;18;1156;1107;1108;1160;1111;1112;1163;1159;1210;20
6BG3	A	T4L	Q96GG9	TERMINAL_N	1.05	fpocket	ORIGINAL	9	0.028	0.0	12.68964705882353	13.808764705882353	-24.903647058823527	4	4	1.0	0.0	0.0		0	0.0	False	UNASSIGNED	UNASSIGNED	UNASSIGNED	UNASSIGNED	False	1204;1202;1205;1203
6BG3	A	T4L	Q96GG9	TERMINAL_N	1.05	fpocket	ORIGINAL	10	0.022	0.001	2.524	21.952117647058824	-16.812529411764707	5	5	1.0	0.0	0.0		0	0.0	False	TARGET_DOMINATED	TARGET_DOMINATED	TARGET_DOMINATED	TARGET_DOMINATED	False	1241;1232;1245;1230;1244
6BG3	A	T4L	Q96GG9	TERMINAL_N	1.05	fpocket	ORIGINAL	11	0.011	0.0	11.974764705882352	-33.3335294117647	34.64776470588235	6	6	0.0	1.0	0.0		0	0.0	False	FUSION_DOMINATED	FUSION_DOMINATED	FUSION_DOMINATED	FUSION_DOMINATED	True	126;127;124;125;128;154
6BG3	A	T4L	Q96GG9	TERMINAL_N	1.05	fpocket	ORIGINAL	12	0.004	0.004	23.39258823529412	-16.457666666666665	13.054745098039216	12	12	0.5833	0.4167	0.0		0	0.0	False	TARGET_DOMINATED	INTERFACE	INTERFACE	INTERFACE	True	1062;1066;1123;1065;1127;1124;8;5;1119;9;164;13
6BG3	A	T4L	Q96GG9	TERMINAL_N	1.05	fpocket	ORIGINAL	13	-0.01	0.0	0.46015000000000006	-20.684099999999997	33.741	8	8	0.0	1.0	0.0		0	0.0	False	FUSION_DOMINATED	FUSION_DOMINATED	FUSION_DOMINATED	FUSION_DOMINATED	True	116;132;113;117;114;115;135;136
6BG3	A	T4L	Q96GG9	TERMINAL_N	1.05	fpocket	ORIGINAL	14	-0.011	0.0	-7.193764705882353	11.978588235294117	-19.382117647058827	8	8	1.0	0.0	0.0		0	0.0	False	TARGET_DOMINATED	TARGET_DOMINATED	TARGET_DOMINATED	TARGET_DOMINATED	False	1250;1226;1248;1225;1247;1227;1192;1195
6BG3	A	T4L	Q96GG9	TERMINAL_N	1.05	fpocket	ORIGINAL	15	-0.012	0.001	24.61319230769231	-16.38034615384616	31.076307692307697	10	10	0.0	1.0	0.0		0	0.0	False	FUSION_DOMINATED	FUSION_DOMINATED	FUSION_DOMINATED	FUSION_DOMINATED	True	96;93;100;88;2;3;97;158;94;1
6BG3	A	T4L	Q96GG9	TERMINAL_N	1.05	fpocket	ORIGINAL	16	-0.032	0.001	5.677379310344829	-17.213344827586212	42.052689655172415	7	7	0.0	1.0	0.0		0	0.0	False	FUSION_DOMINATED	FUSION_DOMINATED	FUSION_DOMINATED	FUSION_DOMINATED	True	115;83;119;122;118;87;112
6BG3	A	T4L	Q96GG9	TERMINAL_N	1.05	fpocket	ORIGINAL	17	-0.041	0.0	20.1922	0.27969999999999995	-14.03535	6	6	1.0	0.0	0.0		0	0.0	False	TARGET_DOMINATED	TARGET_DOMINATED	TARGET_DOMINATED	TARGET_DOMINATED	False	1177;1167;1174;1173;1165;1170
6BG3	A	T4L	Q96GG9	TERMINAL_N	1.05	fpocket	ORIGINAL	18	-0.042	0.002	12.930947368421055	13.660684210526316	-14.346578947368418	8	8	1.0	0.0	0.0		0	0.0	False	TARGET_DOMINATED	TARGET_DOMINATED	TARGET_DOMINATED	TARGET_DOMINATED	False	1205;1209;1208;1238;1212;1239;1237;1207
6BG3	A	T4L	Q96GG9	TERMINAL_N	1.05	fpocket	ORIGINAL	19	-0.042	0.0	8.379	-1.945714285714286	12.319095238095237	7	7	0.2857	0.7143	0.0		0	0.0	False	FUSION_DOMINATED	FUSION_DOMINATED	INTERFACE	FUSION_DOMINATED	True	21;1153;1147;20;19;18;14
6BG3	A	T4L	Q96GG9	TERMINAL_N	1.05	fpocket	ORIGINAL	20	-0.043	0.0	32.31393333333334	-6.898733333333334	23.19906666666667	4	4	0.0	1.0	0.0		0	0.0	False	UNASSIGNED	UNASSIGNED	UNASSIGNED	UNASSIGNED	False	65;64;68;61
6BG3	A	T4L	Q96GG9	TERMINAL_N	1.05	fpocket	ORIGINAL	21	-0.048	0.0	3.8653181818181817	-9.241999999999999	39.41790909090909	7	7	0.0	1.0	0.0		0	0.0	False	FUSION_DOMINATED	FUSION_DOMINATED	FUSION_DOMINATED	FUSION_DOMINATED	True	83;82;81;112;109;113;115
6BG3	A	T4L	Q96GG9	TERMINAL_N	1.05	fpocket	ORIGINAL	22	-0.054	0.002	21.89641935483871	-6.267032258064516	8.373177419354837	16	16	0.5625	0.4375	0.0		1	0.0526	False	TARGET_DOMINATED	INTERFACE	INTERFACE	INTERFACE	True	1110;1124;16;1121;1112;14;17;1109;1120;15;1119;1123;13;8;60;1118
6BG3	A	T4L	Q96GG9	TERMINAL_N	1.05	fpocket	ORIGINAL	23	-0.058	0.0	16.603941176470588	-2.778235294117647	-17.962941176470594	4	4	1.0	0.0	0.0		1	0.0526	False	UNASSIGNED	UNASSIGNED	UNASSIGNED	UNASSIGNED	False	1177;1176;1174;1180
6BG3	A	T4L	Q96GG9	TERMINAL_N	1.05	fpocket	ORIGINAL	24	-0.068	0.002	12.614238095238093	1.774238095238095	-22.72042857142857	6	6	1.0	0.0	0.0		0	0.0	False	TARGET_DOMINATED	TARGET_DOMINATED	TARGET_DOMINATED	TARGET_DOMINATED	False	1179;1176;1201;1175;1200;1203
6BG3	A	T4L	Q96GG9	TERMINAL_N	1.05	fpocket	ORIGINAL	25	-0.079	0.001	30.60899999999999	0.6951333333333334	22.497466666666664	6	6	0.0	1.0	0.0		0	0.0	False	FUSION_DOMINATED	FUSION_DOMINATED	FUSION_DOMINATED	FUSION_DOMINATED	True	49;65;69;66;50;62
6BG3	A	T4L	Q96GG9	TERMINAL_N	1.05	fpocket	ORIGINAL	26	-0.09	0.001	7.299785714285713	-16.58197619047619	13.794095238095238	15	15	0.6	0.4	0.0		0	0.0	False	TARGET_DOMINATED	INTERFACE	INTERFACE	INTERFACE	True	1136;1139;1140;143;141;1129;1143;1131;1130;1128;142;144;10;145;1127
6BG3	A	T4L	Q96GG9	TERMINAL_N	1.05	fpocket	ORIGINAL	27	-0.117	0.002	22.083521739130436	-4.482391304347827	-11.558565217391303	9	9	1.0	0.0	0.0		3	0.1579	False	TARGET_DOMINATED	TARGET_DOMINATED	TARGET_DOMINATED	TARGET_DOMINATED	False	1083;1115;1114;1167;1165;1177;1166;1113;1168
6BG3	A	T4L	Q96GG9	TERMINAL_N	1.05	fpocket	REMOVED	1	0.324	0.922	13.597828571428575	-10.147809523809526	-6.620657142857143	22	22	1.0	0.0	0.0	24.79	17	0.8947	True	TARGET_DOMINATED	TARGET_DOMINATED	TARGET_DOMINATED	TARGET_DOMINATED	False	1103;1181;1097;1184;1099;1114;1180;1098;1164;1111;1117;1116;1113;1089;1102;1086;1106;1109;1105;1090;1183;1093
6BG3	A	T4L	Q96GG9	TERMINAL_N	1.05	fpocket	REMOVED	2	0.162	0.0	12.57806451612903	-1.4186129032258064	3.8318387096774185	11	11	1.0	0.0	0.0	24.51	1	0.0526	False	TARGET_DOMINATED	TARGET_DOMINATED	TARGET_DOMINATED	TARGET_DOMINATED	False	1112;1111;1163;1156;1160;1110;1108;1107;1159;1210;1153
6BG3	A	T4L	Q96GG9	TERMINAL_N	1.05	fpocket	REMOVED	3	0.043	0.0	-4.843166666666666	1.0563333333333333	-14.737166666666667	7	7	1.0	0.0	0.0	45.31	0	0.0	False	TARGET_DOMINATED	TARGET_DOMINATED	TARGET_DOMINATED	TARGET_DOMINATED	False	1191;1188;1189;1190;1187;1193;1194
6BG3	A	T4L	Q96GG9	TERMINAL_N	1.05	fpocket	REMOVED	4	0.038	0.0	25.602238095238096	-17.54942857142857	-9.139285714285712	7	7	1.0	0.0	0.0	23.26	1	0.0526	False	TARGET_DOMINATED	TARGET_DOMINATED	TARGET_DOMINATED	TARGET_DOMINATED	False	1082;1083;1074;1084;1073;1075;1085
6BG3	A	T4L	Q96GG9	TERMINAL_N	1.05	fpocket	REMOVED	5	0.034	0.003	14.864366666666667	-26.765033333333335	2.555333333333334	10	10	1.0	0.0	0.0	14.14	0	0.0	False	TARGET_DOMINATED	TARGET_DOMINATED	TARGET_DOMINATED	TARGET_DOMINATED	False	1068;1132;1133;1064;1134;1067;1135;1071;1072;1092
6BG3	A	T4L	Q96GG9	TERMINAL_N	1.05	fpocket	REMOVED	6	0.029	0.0	12.689647058823528	13.808764705882352	-24.903647058823534	4	4	1.0	0.0	0.0	53.21	0	0.0	False	UNASSIGNED	UNASSIGNED	UNASSIGNED	UNASSIGNED	False	1205;1204;1203;1202
6BG3	A	T4L	Q96GG9	TERMINAL_N	1.05	fpocket	REMOVED	7	0.023	0.001	2.5240000000000005	21.952117647058827	-16.8125294117647	5	5	1.0	0.0	0.0	56.74	0	0.0	False	TARGET_DOMINATED	TARGET_DOMINATED	TARGET_DOMINATED	TARGET_DOMINATED	False	1241;1232;1245;1244;1230
6BG3	A	T4L	Q96GG9	TERMINAL_N	1.05	fpocket	REMOVED	8	-0.01	0.0	-7.193764705882352	11.978588235294119	-19.382117647058827	8	8	1.0	0.0	0.0	55.56	0	0.0	False	TARGET_DOMINATED	TARGET_DOMINATED	TARGET_DOMINATED	TARGET_DOMINATED	False	1226;1192;1225;1250;1248;1247;1227;1195
6BG3	A	T4L	Q96GG9	TERMINAL_N	1.05	fpocket	REMOVED	9	-0.04	0.0	20.1922	0.27969999999999995	-14.03535	6	6	1.0	0.0	0.0	35.33	0	0.0	False	TARGET_DOMINATED	TARGET_DOMINATED	TARGET_DOMINATED	TARGET_DOMINATED	False	1167;1170;1174;1177;1165;1173
6BG3	A	T4L	Q96GG9	TERMINAL_N	1.05	fpocket	REMOVED	10	-0.041	0.002	12.93094736842105	13.660684210526313	-14.34657894736842	8	8	1.0	0.0	0.0	46.01	0	0.0	False	TARGET_DOMINATED	TARGET_DOMINATED	TARGET_DOMINATED	TARGET_DOMINATED	False	1212;1209;1239;1205;1238;1237;1207;1208
6BG3	A	T4L	Q96GG9	TERMINAL_N	1.05	fpocket	REMOVED	11	-0.044	0.001	24.495529411764707	-18.27635294117647	11.889529411764705	5	5	1.0	0.0	0.0	4.43	0	0.0	False	TARGET_DOMINATED	TARGET_DOMINATED	TARGET_DOMINATED	TARGET_DOMINATED	False	1062;1066;1123;1119;1065
6BG3	A	T4L	Q96GG9	TERMINAL_N	1.05	fpocket	REMOVED	12	-0.057	0.0	16.603941176470588	-2.778235294117647	-17.96294117647059	4	4	1.0	0.0	0.0	37.18	1	0.0526	False	UNASSIGNED	UNASSIGNED	UNASSIGNED	UNASSIGNED	False	1176;1177;1174;1180
6BG3	A	T4L	Q96GG9	TERMINAL_N	1.05	fpocket	REMOVED	13	-0.067	0.002	12.614238095238095	1.774238095238095	-22.720428571428574	6	6	1.0	0.0	0.0	44.26	0	0.0	False	TARGET_DOMINATED	TARGET_DOMINATED	TARGET_DOMINATED	TARGET_DOMINATED	False	1179;1176;1175;1201;1200;1203
6BG3	A	T4L	Q96GG9	TERMINAL_N	1.05	fpocket	REMOVED	14	-0.116	0.002	22.083521739130436	-4.482391304347826	-11.558565217391303	9	9	1.0	0.0	0.0	30.43	3	0.1579	False	TARGET_DOMINATED	TARGET_DOMINATED	TARGET_DOMINATED	TARGET_DOMINATED	False	1167;1168;1115;1083;1114;1177;1165;1166;1113
6CM4	A	T4L	P14416	INTERNAL_INSERTION	2.867	fpocket	ORIGINAL	1	0.152	0.941	9.080746753246755	4.835415584415583	-10.780564935064941	29	29	1.0	0.0	0.0		17	1.0	True	TARGET_DOMINATED	TARGET_DOMINATED	TARGET_DOMINATED	TARGET_DOMINATED	False	114;110;111;184;100;389;393;189;190;115;193;408;412;94;409;197;98;95;91;416;118;99;413;386;382;119;198;390;122
6CM4	A	T4L	P14416	INTERNAL_INSERTION	2.867	fpocket	ORIGINAL	2	0.139	0.902	17.493792682926834	5.547121951219507	5.157487804878048	14	14	1.0	0.0	0.0		3	0.1765	False	TARGET_DOMINATED	TARGET_DOMINATED	TARGET_DOMINATED	TARGET_DOMINATED	False	380;376;206;202;205;209;379;125;201;382;383;198;122;384
6CM4	A	T4L	P14416	INTERNAL_INSERTION	2.867	fpocket	ORIGINAL	3	0.097	0.011	9.563115384615385	3.700807692307692	13.177576923076924	9	9	1.0	0.0	0.0		0	0.0	False	TARGET_DOMINATED	TARGET_DOMINATED	TARGET_DOMINATED	TARGET_DOMINATED	False	378;375;73;374;426;128;371;125;69
6CM4	A	T4L	P14416	INTERNAL_INSERTION	2.867	fpocket	ORIGINAL	4	0.045	0.057	-5.4863030303030325	7.626848484848486	-15.20890909090909	7	7	1.0	0.0	0.0		0	0.0	False	TARGET_DOMINATED	TARGET_DOMINATED	TARGET_DOMINATED	TARGET_DOMINATED	False	102;93;90;106;103;101;89
6CM4	A	T4L	P14416	INTERNAL_INSERTION	2.867	fpocket	ORIGINAL	5	0.013	0.001	17.865117647058828	-5.5471176470588235	43.71888235294118	6	6	0.0	1.0	0.0		0	0.0	False	FUSION_DOMINATED	FUSION_DOMINATED	FUSION_DOMINATED	FUSION_DOMINATED	True	1159;1160;1151;1147;1148;1144
6CM4	A	T4L	P14416	INTERNAL_INSERTION	2.867	fpocket	ORIGINAL	6	-0.005	0.008	9.138363636363637	24.00404545454545	5.382909090909092	5	5	1.0	0.0	0.0		0	0.0	False	TARGET_DOMINATED	TARGET_DOMINATED	TARGET_DOMINATED	TARGET_DOMINATED	False	162;161;165;158;157
6CM4	A	T4L	P14416	INTERNAL_INSERTION	2.867	fpocket	ORIGINAL	7	-0.011	0.001	8.415866666666666	25.71966666666667	-7.348933333333334	6	6	1.0	0.0	0.0		0	0.0	False	TARGET_DOMINATED	TARGET_DOMINATED	TARGET_DOMINATED	TARGET_DOMINATED	False	168;165;164;169;172;175
6CM4	A	T4L	P14416	INTERNAL_INSERTION	2.867	fpocket	ORIGINAL	8	-0.012	0.0	27.39347058823529	-23.179823529411767	28.621117647058817	8	8	0.0	1.0	0.0		0	0.0	False	FUSION_DOMINATED	FUSION_DOMINATED	FUSION_DOMINATED	FUSION_DOMINATED	True	1122;1087;1118;1119;1115;1083;1112;1086
6CM4	A	T4L	P14416	INTERNAL_INSERTION	2.867	fpocket	ORIGINAL	9	-0.015	0.0	6.812611111111111	22.43433333333333	-19.541388888888886	9	9	1.0	0.0	0.0		0	0.0	False	TARGET_DOMINATED	TARGET_DOMINATED	TARGET_DOMINATED	TARGET_DOMINATED	False	173;172;176;179;178;171;104;108;181
6CM4	A	T4L	P14416	INTERNAL_INSERTION	2.867	fpocket	ORIGINAL	10	-0.022	0.0	7.846125000000001	7.436666666666667	22.277458333333325	15	15	1.0	0.0	0.0		0	0.0	False	TARGET_DOMINATED	TARGET_DOMINATED	TARGET_DOMINATED	TARGET_DOMINATED	False	368;67;66;148;68;132;371;64;70;135;151;69;430;374;65
6CM4	A	T4L	P14416	INTERNAL_INSERTION	2.867	fpocket	ORIGINAL	11	-0.023	0.043	22.082533333333327	14.574466666666668	13.351600000000003	6	6	1.0	0.0	0.0		0	0.0	False	TARGET_DOMINATED	TARGET_DOMINATED	TARGET_DOMINATED	TARGET_DOMINATED	False	208;133;130;204;207;211
6CM4	A	T4L	P14416	INTERNAL_INSERTION	2.867	fpocket	ORIGINAL	12	-0.026	0.04	12.678161290322578	17.359774193548382	8.418354838709677	8	8	1.0	0.0	0.0		0	0.0	False	TARGET_DOMINATED	TARGET_DOMINATED	TARGET_DOMINATED	TARGET_DOMINATED	False	123;158;127;130;159;155;162;126
6CM4	A	T4L	P14416	INTERNAL_INSERTION	2.867	fpocket	ORIGINAL	13	-0.032	0.001	-9.004176470588234	7.204588235294118	13.769	4	4	1.0	0.0	0.0		0	0.0	False	UNASSIGNED	UNASSIGNED	UNASSIGNED	UNASSIGNED	False	57;60;56;61
6CM4	A	T4L	P14416	INTERNAL_INSERTION	2.867	fpocket	ORIGINAL	14	-0.039	0.002	22.028521739130436	8.388	-10.523782608695653	9	9	1.0	0.0	0.0		1	0.0588	False	TARGET_DOMINATED	TARGET_DOMINATED	TARGET_DOMINATED	TARGET_DOMINATED	False	397;191;194;199;394;195;190;393;390
6CM4	A	T4L	P14416	INTERNAL_INSERTION	2.867	fpocket	ORIGINAL	15	-0.04	0.001	-7.627192307692307	0.5147307692307693	20.137923076923077	6	6	1.0	0.0	0.0		0	0.0	False	TARGET_DOMINATED	TARGET_DOMINATED	TARGET_DOMINATED	TARGET_DOMINATED	False	439;440;62;58;436;61
6CM4	A	T4L	P14416	INTERNAL_INSERTION	2.867	fpocket	ORIGINAL	16	-0.042	0.035	16.95713043478261	16.489347826086952	2.0618260869565215	8	8	1.0	0.0	0.0		0	0.0	False	TARGET_DOMINATED	TARGET_DOMINATED	TARGET_DOMINATED	TARGET_DOMINATED	False	196;201;200;162;123;204;166;126
6CM4	A	T4L	P14416	INTERNAL_INSERTION	2.867	fpocket	ORIGINAL	17	-0.066	0.001	18.049368421052638	6.677842105263157	25.861105263157896	7	7	1.0	0.0	0.0		0	0.0	False	TARGET_DOMINATED	TARGET_DOMINATED	TARGET_DOMINATED	TARGET_DOMINATED	False	368;366;135;219;136;216;369
6CM4	A	T4L	P14416	INTERNAL_INSERTION	2.867	fpocket	ORIGINAL	18	-0.07	0.007	23.33378260869565	2.7223913043478265	35.86569565217392	6	6	0.1667	0.8333	0.0		0	0.0	False	FUSION_DOMINATED	FUSION_DOMINATED	MIXED	FUSION_DOMINATED	True	1002;1158;364;1005;1161;1009
6CM4	A	T4L	P14416	INTERNAL_INSERTION	2.867	fpocket	ORIGINAL	19	-0.091	0.008	-0.6260952380952383	-5.613428571428573	8.37442857142857	9	9	1.0	0.0	0.0		0	0.0	False	TARGET_DOMINATED	TARGET_DOMINATED	TARGET_DOMINATED	TARGET_DOMINATED	False	423;54;437;427;50;424;47;51;420
6CM4	A	T4L	P14416	INTERNAL_INSERTION	2.867	fpocket	ORIGINAL	20	-0.092	0.0	49.29613333333332	5.5136	47.933266666666675	7	7	0.0	1.0	0.0		0	0.0	False	FUSION_DOMINATED	FUSION_DOMINATED	FUSION_DOMINATED	FUSION_DOMINATED	True	1043;1017;1039;1056;1055;1016;1057
6CM4	A	T4L	P14416	INTERNAL_INSERTION	2.867	fpocket	ORIGINAL	21	-0.096	0.025	-9.110684210526315	-0.9815263157894736	6.149473684210527	8	8	1.0	0.0	0.0		0	0.0	False	TARGET_DOMINATED	TARGET_DOMINATED	TARGET_DOMINATED	TARGET_DOMINATED	False	54;57;441;440;50;53;49;46
6CM4	A	T4L	P14416	INTERNAL_INSERTION	2.867	fpocket	ORIGINAL	22	-0.109	0.003	28.05411111111111	-3.385888888888889	27.02886111111111	14	14	0.1429	0.8571	0.0		0	0.0	False	FUSION_DOMINATED	FUSION_DOMINATED	MIXED	FUSION_DOMINATED	True	1158;220;1094;1093;1068;1072;1071;221;1003;1096;1097;1100;1075;1088
6CM4	A	T4L	P14416	INTERNAL_INSERTION	2.867	fpocket	ORIGINAL	23	-0.121	0.0	2.6463125000000005	14.243312499999998	22.627250000000004	8	8	1.0	0.0	0.0		0	0.0	False	TARGET_DOMINATED	TARGET_DOMINATED	TARGET_DOMINATED	TARGET_DOMINATED	False	71;66;145;148;68;149;67;152
6CM4	A	T4L	P14416	INTERNAL_INSERTION	2.867	fpocket	ORIGINAL	24	-0.135	0.0	38.8347027027027	-7.779486486486485	44.78721621621621	14	14	0.0	1.0	0.0		0	0.0	False	FUSION_DOMINATED	FUSION_DOMINATED	FUSION_DOMINATED	FUSION_DOMINATED	True	1020;1021;1019;1032;1026;1018;1030;1014;1011;1145;1010;1142;1105;1104
6CM4	A	T4L	P14416	INTERNAL_INSERTION	2.867	fpocket	ORIGINAL	25	-0.154	0.0	12.506370370370373	16.98329629629629	24.021518518518516	9	9	1.0	0.0	0.0		0	0.0	False	TARGET_DOMINATED	TARGET_DOMINATED	TARGET_DOMINATED	TARGET_DOMINATED	False	135;138;139;148;147;144;134;368;151
6CM4	A	T4L	P14416	INTERNAL_INSERTION	2.867	fpocket	ORIGINAL	26	-0.173	0.005	20.50680952380952	1.9285714285714282	16.633809523809525	8	8	1.0	0.0	0.0		0	0.0	False	TARGET_DOMINATED	TARGET_DOMINATED	TARGET_DOMINATED	TARGET_DOMINATED	False	372;376;216;373;213;220;212;209
6CM4	A	T4L	P14416	INTERNAL_INSERTION	2.867	fpocket	ORIGINAL	27	-0.189	0.004	6.94982142857143	-7.634000000000001	-15.471749999999998	7	7	1.0	0.0	0.0		0	0.0	False	TARGET_DOMINATED	TARGET_DOMINATED	TARGET_DOMINATED	TARGET_DOMINATED	False	37;413;410;95;409;406;405
6CM4	A	T4L	P14416	INTERNAL_INSERTION	2.867	fpocket	ORIGINAL	28	-0.243	0.0	19.506315789473675	-0.2158157894736842	27.014894736842113	15	15	0.5333	0.4667	0.0		0	0.0	False	TARGET_DOMINATED	INTERFACE	INTERFACE	INTERFACE	True	220;1094;1093;1158;366;365;1092;373;1002;216;370;1156;1157;219;369
6CM4	A	T4L	P14416	INTERNAL_INSERTION	2.867	fpocket	REMOVED	1	0.153	0.941	9.067883870967746	4.799974193548386	-10.795722580645165	29	29	1.0	0.0	0.0	46.57	17	1.0	True	TARGET_DOMINATED	TARGET_DOMINATED	TARGET_DOMINATED	TARGET_DOMINATED	False	118;386;382;114;390;98;95;115;389;416;412;184;198;122;110;111;100;409;413;393;408;189;193;119;99;91;94;197;190
6CM4	A	T4L	P14416	INTERNAL_INSERTION	2.867	fpocket	REMOVED	2	0.138	0.902	17.493792682926834	5.547121951219511	5.157487804878051	14	14	1.0	0.0	0.0	28.58	3	0.1765	False	TARGET_DOMINATED	TARGET_DOMINATED	TARGET_DOMINATED	TARGET_DOMINATED	False	382;201;122;380;379;206;202;125;209;376;205;383;384;198
6CM4	A	T4L	P14416	INTERNAL_INSERTION	2.867	fpocket	REMOVED	3	0.096	0.011	9.563115384615385	3.7008076923076922	13.177576923076922	9	9	1.0	0.0	0.0	24.15	0	0.0	False	TARGET_DOMINATED	TARGET_DOMINATED	TARGET_DOMINATED	TARGET_DOMINATED	False	73;128;375;378;426;69;374;371;125
6CM4	A	T4L	P14416	INTERNAL_INSERTION	2.867	fpocket	REMOVED	4	0.044	0.057	-5.4863030303030325	7.626848484848484	-15.20890909090909	7	7	1.0	0.0	0.0	56.34	0	0.0	False	TARGET_DOMINATED	TARGET_DOMINATED	TARGET_DOMINATED	TARGET_DOMINATED	False	102;103;101;106;93;90;89
6CM4	A	T4L	P14416	INTERNAL_INSERTION	2.867	fpocket	REMOVED	5	-0.005	0.008	9.138363636363634	24.004045454545448	5.3829090909090915	5	5	1.0	0.0	0.0	37.61	0	0.0	False	TARGET_DOMINATED	TARGET_DOMINATED	TARGET_DOMINATED	TARGET_DOMINATED	False	157;158;161;162;165
6CM4	A	T4L	P14416	INTERNAL_INSERTION	2.867	fpocket	REMOVED	6	-0.011	0.001	8.415866666666666	25.71966666666667	-7.348933333333334	6	6	1.0	0.0	0.0	48.74	0	0.0	False	TARGET_DOMINATED	TARGET_DOMINATED	TARGET_DOMINATED	TARGET_DOMINATED	False	168;169;165;164;175;172
6CM4	A	T4L	P14416	INTERNAL_INSERTION	2.867	fpocket	REMOVED	7	-0.015	0.0	6.812611111111112	22.434333333333335	-19.541388888888893	9	9	1.0	0.0	0.0	58.34	0	0.0	False	TARGET_DOMINATED	TARGET_DOMINATED	TARGET_DOMINATED	TARGET_DOMINATED	False	176;178;179;104;173;172;171;108;181
6CM4	A	T4L	P14416	INTERNAL_INSERTION	2.867	fpocket	REMOVED	8	-0.023	0.0	7.846125000000001	7.436666666666665	22.27745833333333	15	15	1.0	0.0	0.0	17.5	0	0.0	False	TARGET_DOMINATED	TARGET_DOMINATED	TARGET_DOMINATED	TARGET_DOMINATED	False	67;368;132;68;135;70;371;64;69;374;430;65;151;66;148
6CM4	A	T4L	P14416	INTERNAL_INSERTION	2.867	fpocket	REMOVED	9	-0.023	0.043	22.082533333333338	14.574466666666666	13.351600000000001	6	6	1.0	0.0	0.0	21.77	0	0.0	False	TARGET_DOMINATED	TARGET_DOMINATED	TARGET_DOMINATED	TARGET_DOMINATED	False	133;208;211;207;130;204
6CM4	A	T4L	P14416	INTERNAL_INSERTION	2.867	fpocket	REMOVED	10	-0.026	0.04	12.67816129032258	17.359774193548382	8.418354838709677	8	8	1.0	0.0	0.0	30.99	0	0.0	False	TARGET_DOMINATED	TARGET_DOMINATED	TARGET_DOMINATED	TARGET_DOMINATED	False	123;158;126;162;130;155;127;159
6CM4	A	T4L	P14416	INTERNAL_INSERTION	2.867	fpocket	REMOVED	11	-0.032	0.001	-9.004176470588234	7.204588235294118	13.769	4	4	1.0	0.0	0.0	35.34	0	0.0	False	UNASSIGNED	UNASSIGNED	UNASSIGNED	UNASSIGNED	False	57;61;56;60
6CM4	A	T4L	P14416	INTERNAL_INSERTION	2.867	fpocket	REMOVED	12	-0.04	0.002	22.028521739130436	8.388	-10.523782608695653	9	9	1.0	0.0	0.0	42.52	1	0.0588	False	TARGET_DOMINATED	TARGET_DOMINATED	TARGET_DOMINATED	TARGET_DOMINATED	False	194;199;397;191;393;190;390;394;195
6CM4	A	T4L	P14416	INTERNAL_INSERTION	2.867	fpocket	REMOVED	13	-0.041	0.001	-7.627192307692305	0.5147307692307692	20.137923076923073	6	6	1.0	0.0	0.0	30.57	0	0.0	False	TARGET_DOMINATED	TARGET_DOMINATED	TARGET_DOMINATED	TARGET_DOMINATED	False	61;62;439;440;58;436
6CM4	A	T4L	P14416	INTERNAL_INSERTION	2.867	fpocket	REMOVED	14	-0.042	0.035	16.95713043478261	16.489347826086956	2.061826086956522	8	8	1.0	0.0	0.0	33.86	0	0.0	False	TARGET_DOMINATED	TARGET_DOMINATED	TARGET_DOMINATED	TARGET_DOMINATED	False	204;126;201;200;196;166;162;123
6CM4	A	T4L	P14416	INTERNAL_INSERTION	2.867	fpocket	REMOVED	15	-0.066	0.001	18.04936842105263	6.677842105263157	25.861105263157896	7	7	1.0	0.0	0.0	10.19	0	0.0	False	TARGET_DOMINATED	TARGET_DOMINATED	TARGET_DOMINATED	TARGET_DOMINATED	False	369;136;368;366;135;219;216
6CM4	A	T4L	P14416	INTERNAL_INSERTION	2.867	fpocket	REMOVED	16	-0.092	0.008	-0.6260952380952383	-5.613428571428572	8.374428571428572	9	9	1.0	0.0	0.0	34.57	0	0.0	False	TARGET_DOMINATED	TARGET_DOMINATED	TARGET_DOMINATED	TARGET_DOMINATED	False	424;51;47;50;423;420;54;437;427
6CM4	A	T4L	P14416	INTERNAL_INSERTION	2.867	fpocket	REMOVED	17	-0.096	0.025	-9.110684210526315	-0.9815263157894737	6.149473684210528	8	8	1.0	0.0	0.0	40.67	0	0.0	False	TARGET_DOMINATED	TARGET_DOMINATED	TARGET_DOMINATED	TARGET_DOMINATED	False	46;49;53;50;54;57;440;441
6CM4	A	T4L	P14416	INTERNAL_INSERTION	2.867	fpocket	REMOVED	18	-0.105	0.005	3.295352941176471	-7.310294117647058	-7.900529411764706	6	6	1.0	0.0	0.0	47.38	0	0.0	False	TARGET_DOMINATED	TARGET_DOMINATED	TARGET_DOMINATED	TARGET_DOMINATED	False	413;37;40;44;417;41
6CM4	A	T4L	P14416	INTERNAL_INSERTION	2.867	fpocket	REMOVED	19	-0.122	0.0	2.6463125	14.2433125	22.62725	8	8	1.0	0.0	0.0	23.09	0	0.0	False	TARGET_DOMINATED	TARGET_DOMINATED	TARGET_DOMINATED	TARGET_DOMINATED	False	66;145;148;71;149;68;67;152
6CM4	A	T4L	P14416	INTERNAL_INSERTION	2.867	fpocket	REMOVED	20	-0.154	0.0	12.506370370370371	16.98329629629629	24.021518518518512	9	9	1.0	0.0	0.0	18.65	0	0.0	False	TARGET_DOMINATED	TARGET_DOMINATED	TARGET_DOMINATED	TARGET_DOMINATED	False	134;151;139;138;135;368;147;144;148
6CM4	A	T4L	P14416	INTERNAL_INSERTION	2.867	fpocket	REMOVED	21	-0.173	0.005	20.50680952380952	1.9285714285714286	16.633809523809525	8	8	1.0	0.0	0.0	17.13	0	0.0	False	TARGET_DOMINATED	TARGET_DOMINATED	TARGET_DOMINATED	TARGET_DOMINATED	False	216;373;220;212;213;376;372;209
6CM4	A	T4L	P14416	INTERNAL_INSERTION	2.867	fpocket	REMOVED	22	-0.19	0.004	6.949821428571427	-7.634	-15.47175	7	7	1.0	0.0	0.0	53.07	0	0.0	False	TARGET_DOMINATED	TARGET_DOMINATED	TARGET_DOMINATED	TARGET_DOMINATED	False	406;37;95;409;413;410;405
6RZ4	A	BRIL	Q9Y271	INTERNAL_INSERTION	2.7	fpocket	ORIGINAL	1	0.146	0.023	18.38677419354839	17.809193548387093	-0.8904193548387096	10	10	0.0	1.0	0.0		0	0.0	False	FUSION_DOMINATED	FUSION_DOMINATED	FUSION_DOMINATED	FUSION_DOMINATED	True	1098;1010;1014;1094;1068;1064;1102;1007;1065;1097
6RZ4	A	BRIL	Q9Y271	INTERNAL_INSERTION	2.7	fpocket	ORIGINAL	2	0.085	0.0	0.9372666666666666	9.943399999999999	-1.9722666666666666	7	7	0.0	1.0	0.0		0	0.0	False	FUSION_DOMINATED	FUSION_DOMINATED	FUSION_DOMINATED	FUSION_DOMINATED	True	1016;1025;1028;1029;1024;1013;1032
6RZ4	A	BRIL	Q9Y271	INTERNAL_INSERTION	2.7	fpocket	ORIGINAL	3	0.011	0.0	12.091708333333335	21.618125000000003	11.337916666666667	8	8	0.125	0.875	0.0		0	0.0	False	FUSION_DOMINATED	FUSION_DOMINATED	MIXED	FUSION_DOMINATED	True	1006;1039;1002;1005;1009;1043;222;1042
6RZ4	A	BRIL	Q9Y271	INTERNAL_INSERTION	2.7	fpocket	ORIGINAL	4	0.003	0.009	46.47072727272728	4.388090909090909	52.69890909090909	8	8	1.0	0.0	0.0		0	0.0	False	TARGET_DOMINATED	TARGET_DOMINATED	TARGET_DOMINATED	TARGET_DOMINATED	False	28;32;31;35;36;27;84;80
6RZ4	A	BRIL	Q9Y271	INTERNAL_INSERTION	2.7	fpocket	ORIGINAL	5	0.002	0.005	27.162999999999997	28.141611111111107	53.992	7	7	1.0	0.0	0.0		0	0.0	False	TARGET_DOMINATED	TARGET_DOMINATED	TARGET_DOMINATED	TARGET_DOMINATED	False	254;251;198;194;199;250;255
6RZ4	A	BRIL	Q9Y271	INTERNAL_INSERTION	2.7	fpocket	ORIGINAL	6	-0.011	0.001	38.048783783783776	26.88113513513514	26.19791891891892	11	11	1.0	0.0	0.0		0	0.0	False	TARGET_DOMINATED	TARGET_DOMINATED	TARGET_DOMINATED	TARGET_DOMINATED	False	57;124;133;56;121;120;117;58;61;136;131
6RZ4	A	BRIL	Q9Y271	INTERNAL_INSERTION	2.7	fpocket	ORIGINAL	7	-0.024	0.011	56.18311764705883	15.152941176470586	30.774352941176478	6	6	1.0	0.0	0.0		0	0.0	False	TARGET_DOMINATED	TARGET_DOMINATED	TARGET_DOMINATED	TARGET_DOMINATED	False	46;49;45;50;42;70
6RZ4	A	BRIL	Q9Y271	INTERNAL_INSERTION	2.7	fpocket	ORIGINAL	8	-0.029	0.007	51.917045454545445	25.465318181818187	48.07781818181818	8	8	1.0	0.0	0.0		0	0.0	False	TARGET_DOMINATED	TARGET_DOMINATED	TARGET_DOMINATED	TARGET_DOMINATED	False	101;98;102;71;105;148;68;75
6RZ4	A	BRIL	Q9Y271	INTERNAL_INSERTION	2.7	fpocket	ORIGINAL	9	-0.038	0.002	29.261533333333336	32.5764	62.437766666666654	8	8	1.0	0.0	0.0		2	0.0952	False	TARGET_DOMINATED	TARGET_DOMINATED	TARGET_DOMINATED	TARGET_DOMINATED	False	190;254;187;191;257;258;261;255
6RZ4	A	BRIL	Q9Y271	INTERNAL_INSERTION	2.7	fpocket	ORIGINAL	10	-0.039	0.0	20.145409090909094	26.84804545454546	15.668409090909087	7	7	0.4286	0.5714	0.0		0	0.0	False	FUSION_DOMINATED	INTERFACE	INTERFACE	INTERFACE	True	219;218;222;1044;1043;1042;1049
6RZ4	A	BRIL	Q9Y271	INTERNAL_INSERTION	2.7	fpocket	ORIGINAL	11	-0.042	0.006	36.561166666666665	34.55577777777778	35.31616666666667	8	8	1.0	0.0	0.0		0	0.0	False	TARGET_DOMINATED	TARGET_DOMINATED	TARGET_DOMINATED	TARGET_DOMINATED	False	120;143;119;115;116;112;204;147
6RZ4	A	BRIL	Q9Y271	INTERNAL_INSERTION	2.7	fpocket	ORIGINAL	12	-0.059	0.002	15.470999999999997	17.780823529411766	-14.352	5	5	0.0	1.0	0.0		0	0.0	False	FUSION_DOMINATED	FUSION_DOMINATED	FUSION_DOMINATED	FUSION_DOMINATED	True	1089;1093;1090;1071;1074
6RZ4	A	BRIL	Q9Y271	INTERNAL_INSERTION	2.7	fpocket	ORIGINAL	13	-0.059	0.001	33.512033333333335	12.9612	27.12203333333333	9	9	1.0	0.0	0.0		0	0.0	False	TARGET_DOMINATED	TARGET_DOMINATED	TARGET_DOMINATED	TARGET_DOMINATED	False	229;297;232;233;296;230;300;298;236
6RZ4	A	BRIL	Q9Y271	INTERNAL_INSERTION	2.7	fpocket	ORIGINAL	14	-0.064	0.003	36.06273333333333	11.856333333333332	52.95013333333335	7	7	1.0	0.0	0.0		0	0.0	False	TARGET_DOMINATED	TARGET_DOMINATED	TARGET_DOMINATED	TARGET_DOMINATED	False	282;283;286;29;279;25;33
6RZ4	A	BRIL	Q9Y271	INTERNAL_INSERTION	2.7	fpocket	ORIGINAL	15	-0.07	0.001	38.44593333333333	5.3726666666666665	57.87793333333333	4	4	1.0	0.0	0.0		0	0.0	False	UNASSIGNED	UNASSIGNED	UNASSIGNED	UNASSIGNED	False	29;28;25;24
6RZ4	A	BRIL	Q9Y271	INTERNAL_INSERTION	2.7	fpocket	ORIGINAL	16	-0.07	0.002	21.357599999999998	19.1418	26.600866666666665	5	5	1.0	0.0	0.0		0	0.0	False	TARGET_DOMINATED	TARGET_DOMINATED	TARGET_DOMINATED	TARGET_DOMINATED	False	232;213;217;220;216
6RZ4	A	BRIL	Q9Y271	INTERNAL_INSERTION	2.7	fpocket	ORIGINAL	17	-0.079	0.001	40.46406666666667	8.8512	47.205933333333334	6	6	1.0	0.0	0.0		0	0.0	False	TARGET_DOMINATED	TARGET_DOMINATED	TARGET_DOMINATED	TARGET_DOMINATED	False	36;32;289;33;29;286
6RZ4	A	BRIL	Q9Y271	INTERNAL_INSERTION	2.7	fpocket	ORIGINAL	18	-0.079	0.001	52.85606666666667	9.489533333333332	37.0254	5	5	1.0	0.0	0.0		0	0.0	False	TARGET_DOMINATED	TARGET_DOMINATED	TARGET_DOMINATED	TARGET_DOMINATED	False	38;42;39;43;46
6RZ4	A	BRIL	Q9Y271	INTERNAL_INSERTION	2.7	fpocket	ORIGINAL	19	-0.095	0.003	53.5626	11.3058	46.88393333333333	7	7	1.0	0.0	0.0		0	0.0	False	TARGET_DOMINATED	TARGET_DOMINATED	TARGET_DOMINATED	TARGET_DOMINATED	False	38;35;34;39;74;77;73
6RZ4	A	BRIL	Q9Y271	INTERNAL_INSERTION	2.7	fpocket	ORIGINAL	20	-0.105	0.002	50.620583333333336	23.902416666666667	26.134208333333333	12	12	1.0	0.0	0.0		0	0.0	False	TARGET_DOMINATED	TARGET_DOMINATED	TARGET_DOMINATED	TARGET_DOMINATED	False	52;48;63;55;51;59;54;141;137;49;56;60
6RZ4	A	BRIL	Q9Y271	INTERNAL_INSERTION	2.7	fpocket	ORIGINAL	21	-0.121	0.004	36.52729166666668	34.43870833333333	26.894083333333327	6	6	1.0	0.0	0.0		0	0.0	False	TARGET_DOMINATED	TARGET_DOMINATED	TARGET_DOMINATED	TARGET_DOMINATED	False	120;119;123;136;131;139
6RZ4	A	BRIL	Q9Y271	INTERNAL_INSERTION	2.7	fpocket	ORIGINAL	22	-0.128	0.019	31.618035714285707	12.948071428571428	35.50789285714286	7	7	1.0	0.0	0.0		0	0.0	False	TARGET_DOMINATED	TARGET_DOMINATED	TARGET_DOMINATED	TARGET_DOMINATED	False	237;293;297;240;236;233;290
6RZ4	A	BRIL	Q9Y271	INTERNAL_INSERTION	2.7	fpocket	ORIGINAL	23	-0.132	0.001	36.002875	34.13493749999999	69.83637500000002	5	5	1.0	0.0	0.0		1	0.0476	False	TARGET_DOMINATED	TARGET_DOMINATED	TARGET_DOMINATED	TARGET_DOMINATED	False	261;180;260;183;184
6RZ4	A	BRIL	Q9Y271	INTERNAL_INSERTION	2.7	fpocket	ORIGINAL	24	-0.162	0.987	41.944398305084704	28.65927401129944	60.01536723163842	55	55	1.0	0.0	0.0		21	1.0	True	TARGET_DOMINATED	TARGET_DOMINATED	TARGET_DOMINATED	TARGET_DOMINATED	False	162;161;182;160;164;175;185;181;97;18;14;15;100;253;186;104;270;174;177;22;178;163;179;158;274;176;260;189;188;256;277;96;155;26;281;157;108;259;273;196;193;197;154;150;190;83;249;79;103;278;112;151;257;192;252
6RZ4	A	BRIL	Q9Y271	INTERNAL_INSERTION	2.7	fpocket	ORIGINAL	25	-0.207	0.01	44.295583333333326	18.638055555555553	24.821388888888897	13	13	1.0	0.0	0.0		0	0.0	False	TARGET_DOMINATED	TARGET_DOMINATED	TARGET_DOMINATED	TARGET_DOMINATED	False	299;295;300;51;47;56;59;54;133;55;48;58;62
6RZ4	A	BRIL	Q9Y271	INTERNAL_INSERTION	2.7	fpocket	ORIGINAL	26	-0.214	0.0	44.791263157894726	22.579684210526317	73.81173684210528	7	7	1.0	0.0	0.0		0	0.0	False	TARGET_DOMINATED	TARGET_DOMINATED	TARGET_DOMINATED	TARGET_DOMINATED	False	166;165;167;178;172;175;15
6RZ4	A	BRIL	Q9Y271	INTERNAL_INSERTION	2.7	fpocket	ORIGINAL	27	-0.25	0.006	30.95497222222223	22.559513888888883	19.834444444444443	22	22	0.8182	0.1364	0.0455		0	0.0	False	TARGET_DOMINATED	TARGET_DOMINATED	MIXED	TARGET_DOMINATED	False	228;1000;220;227;219;128;1049;225;1046;226;230;299;56;133;1050;131;124;216;58;121;298;125
6RZ4	A	BRIL	Q9Y271	INTERNAL_INSERTION	2.7	fpocket	ORIGINAL	28	-0.334	0.0	45.13361363636363	16.27725	70.97711363636364	15	15	1.0	0.0	0.0		0	0.0	False	TARGET_DOMINATED	TARGET_DOMINATED	TARGET_DOMINATED	TARGET_DOMINATED	False	12;167;172;166;88;87;175;19;16;86;82;15;22;23;83
6RZ4	A	BRIL	Q9Y271	INTERNAL_INSERTION	2.7	fpocket	REMOVED	1	0.004	0.01	46.470727272727274	4.388090909090909	52.698909090909076	8	8	1.0	0.0	0.0	41.48	0	0.0	False	TARGET_DOMINATED	TARGET_DOMINATED	TARGET_DOMINATED	TARGET_DOMINATED	False	31;28;32;27;35;36;84;80
6RZ4	A	BRIL	Q9Y271	INTERNAL_INSERTION	2.7	fpocket	REMOVED	2	0.003	0.005	27.162999999999997	28.14161111111111	53.992000000000004	7	7	1.0	0.0	0.0	38.31	0	0.0	False	TARGET_DOMINATED	TARGET_DOMINATED	TARGET_DOMINATED	TARGET_DOMINATED	False	251;250;194;254;198;199;255
6RZ4	A	BRIL	Q9Y271	INTERNAL_INSERTION	2.7	fpocket	REMOVED	3	-0.01	0.001	38.04878378378379	26.881135135135132	26.19791891891892	11	11	1.0	0.0	0.0	15.65	0	0.0	False	TARGET_DOMINATED	TARGET_DOMINATED	TARGET_DOMINATED	TARGET_DOMINATED	False	136;56;133;124;131;120;57;121;58;117;61
6RZ4	A	BRIL	Q9Y271	INTERNAL_INSERTION	2.7	fpocket	REMOVED	4	-0.028	0.007	51.917045454545466	25.465318181818187	48.077818181818195	8	8	1.0	0.0	0.0	39.04	0	0.0	False	TARGET_DOMINATED	TARGET_DOMINATED	TARGET_DOMINATED	TARGET_DOMINATED	False	102;101;98;71;148;105;68;75
6RZ4	A	BRIL	Q9Y271	INTERNAL_INSERTION	2.7	fpocket	REMOVED	5	-0.037	0.002	29.261533333333333	32.5764	62.43776666666667	8	8	1.0	0.0	0.0	47.64	2	0.0952	False	TARGET_DOMINATED	TARGET_DOMINATED	TARGET_DOMINATED	TARGET_DOMINATED	False	191;261;187;258;254;257;190;255
6RZ4	A	BRIL	Q9Y271	INTERNAL_INSERTION	2.7	fpocket	REMOVED	6	-0.042	0.006	36.56116666666667	34.55577777777778	35.31616666666667	8	8	1.0	0.0	0.0	25.9	0	0.0	False	TARGET_DOMINATED	TARGET_DOMINATED	TARGET_DOMINATED	TARGET_DOMINATED	False	119;204;116;120;147;112;143;115
6RZ4	A	BRIL	Q9Y271	INTERNAL_INSERTION	2.7	fpocket	REMOVED	7	-0.059	0.001	33.51203333333333	12.961199999999998	27.122033333333334	9	9	1.0	0.0	0.0	11.61	0	0.0	False	TARGET_DOMINATED	TARGET_DOMINATED	TARGET_DOMINATED	TARGET_DOMINATED	False	230;300;296;298;233;232;229;236;297
6RZ4	A	BRIL	Q9Y271	INTERNAL_INSERTION	2.7	fpocket	REMOVED	8	-0.064	0.003	36.062733333333334	11.856333333333334	52.95013333333334	7	7	1.0	0.0	0.0	36.74	0	0.0	False	TARGET_DOMINATED	TARGET_DOMINATED	TARGET_DOMINATED	TARGET_DOMINATED	False	282;29;283;286;33;279;25
6RZ4	A	BRIL	Q9Y271	INTERNAL_INSERTION	2.7	fpocket	REMOVED	9	-0.069	0.001	38.44593333333333	5.3726666666666665	57.877933333333324	4	4	1.0	0.0	0.0	43.34	0	0.0	False	UNASSIGNED	UNASSIGNED	UNASSIGNED	UNASSIGNED	False	25;24;28;29
6RZ4	A	BRIL	Q9Y271	INTERNAL_INSERTION	2.7	fpocket	REMOVED	10	-0.07	0.002	21.3576	19.1418	26.600866666666665	5	5	1.0	0.0	0.0	12.15	0	0.0	False	TARGET_DOMINATED	TARGET_DOMINATED	TARGET_DOMINATED	TARGET_DOMINATED	False	217;213;216;220;232
6RZ4	A	BRIL	Q9Y271	INTERNAL_INSERTION	2.7	fpocket	REMOVED	11	-0.079	0.002	40.46406666666666	8.8512	47.20593333333333	6	6	1.0	0.0	0.0	33.09	0	0.0	False	TARGET_DOMINATED	TARGET_DOMINATED	TARGET_DOMINATED	TARGET_DOMINATED	False	32;289;36;33;29;286
6RZ4	A	BRIL	Q9Y271	INTERNAL_INSERTION	2.7	fpocket	REMOVED	12	-0.079	0.002	52.85606666666668	9.489533333333334	37.025400000000005	5	5	1.0	0.0	0.0	31.75	0	0.0	False	TARGET_DOMINATED	TARGET_DOMINATED	TARGET_DOMINATED	TARGET_DOMINATED	False	43;39;42;38;46
6RZ4	A	BRIL	Q9Y271	INTERNAL_INSERTION	2.7	fpocket	REMOVED	13	-0.094	0.004	53.5626	11.3058	46.88393333333333	7	7	1.0	0.0	0.0	38.77	0	0.0	False	TARGET_DOMINATED	TARGET_DOMINATED	TARGET_DOMINATED	TARGET_DOMINATED	False	38;73;77;34;39;35;74
6RZ4	A	BRIL	Q9Y271	INTERNAL_INSERTION	2.7	fpocket	REMOVED	14	-0.104	0.002	50.620583333333336	23.902416666666664	26.134208333333333	12	12	1.0	0.0	0.0	23.96	0	0.0	False	TARGET_DOMINATED	TARGET_DOMINATED	TARGET_DOMINATED	TARGET_DOMINATED	False	141;137;63;60;59;55;56;48;51;52;49;54
6RZ4	A	BRIL	Q9Y271	INTERNAL_INSERTION	2.7	fpocket	REMOVED	15	-0.12	0.005	36.52729166666667	34.43870833333333	26.89408333333333	6	6	1.0	0.0	0.0	20.82	0	0.0	False	TARGET_DOMINATED	TARGET_DOMINATED	TARGET_DOMINATED	TARGET_DOMINATED	False	123;120;136;119;131;139
6RZ4	A	BRIL	Q9Y271	INTERNAL_INSERTION	2.7	fpocket	REMOVED	16	-0.127	0.02	31.618035714285707	12.948071428571424	35.507892857142856	7	7	1.0	0.0	0.0	18.93	0	0.0	False	TARGET_DOMINATED	TARGET_DOMINATED	TARGET_DOMINATED	TARGET_DOMINATED	False	237;293;290;297;236;233;240
6RZ4	A	BRIL	Q9Y271	INTERNAL_INSERTION	2.7	fpocket	REMOVED	17	-0.131	0.001	36.002875	34.13493749999999	69.836375	5	5	1.0	0.0	0.0	55.56	1	0.0476	False	TARGET_DOMINATED	TARGET_DOMINATED	TARGET_DOMINATED	TARGET_DOMINATED	False	184;261;180;183;260
6RZ4	A	BRIL	Q9Y271	INTERNAL_INSERTION	2.7	fpocket	REMOVED	18	-0.154	0.987	41.9797341040462	28.58902890173411	60.1193063583815	55	55	1.0	0.0	0.0	46.05	21	1.0	True	TARGET_DOMINATED	TARGET_DOMINATED	TARGET_DOMINATED	TARGET_DOMINATED	False	277;176;256;104;174;281;178;177;175;22;270;274;26;18;15;164;100;185;181;179;163;162;160;161;259;260;273;278;158;182;186;157;253;252;257;79;103;196;192;150;97;96;108;197;112;249;190;155;14;83;193;189;154;151;188
6RZ4	A	BRIL	Q9Y271	INTERNAL_INSERTION	2.7	fpocket	REMOVED	19	-0.206	0.01	44.29558333333332	18.63805555555556	24.821388888888897	13	13	1.0	0.0	0.0	16.82	0	0.0	False	TARGET_DOMINATED	TARGET_DOMINATED	TARGET_DOMINATED	TARGET_DOMINATED	False	56;133;299;51;300;295;48;58;62;59;55;54;47
6RZ4	A	BRIL	Q9Y271	INTERNAL_INSERTION	2.7	fpocket	REMOVED	20	-0.214	0.0	44.79126315789473	22.579684210526313	73.81173684210526	7	7	1.0	0.0	0.0	58.85	0	0.0	False	TARGET_DOMINATED	TARGET_DOMINATED	TARGET_DOMINATED	TARGET_DOMINATED	False	166;178;165;172;175;167;15
6RZ4	A	BRIL	Q9Y271	INTERNAL_INSERTION	2.7	fpocket	REMOVED	21	-0.219	0.0	35.49992592592593	22.16714814814815	22.819333333333336	12	12	1.0	0.0	0.0	9.56	0	0.0	False	TARGET_DOMINATED	TARGET_DOMINATED	TARGET_DOMINATED	TARGET_DOMINATED	False	124;227;131;133;125;230;226;299;56;121;58;298
6RZ4	A	BRIL	Q9Y271	INTERNAL_INSERTION	2.7	fpocket	REMOVED	22	-0.333	0.0	45.133613636363634	16.27725	70.97711363636364	15	15	1.0	0.0	0.0	56.0	0	0.0	False	TARGET_DOMINATED	TARGET_DOMINATED	TARGET_DOMINATED	TARGET_DOMINATED	False	166;15;167;12;19;86;172;88;175;22;87;82;23;83;16
6RZ7	A	BRIL	Q9NS75	INTERNAL_INSERTION	2.43	fpocket	ORIGINAL	1	0.212	0.032	-41.40771052631579	-14.888236842105266	39.85539473684211	12	12	0.0	1.0	0.0		0	0.0	False	FUSION_DOMINATED	FUSION_DOMINATED	FUSION_DOMINATED	FUSION_DOMINATED	True	1007;1010;1095;1014;1011;1098;1094;1068;1037;1072;1069;1033
6RZ7	A	BRIL	Q9NS75	INTERNAL_INSERTION	2.43	fpocket	ORIGINAL	2	0.075	0.002	-19.855277777777776	-17.640388888888893	-6.084944444444443	9	9	1.0	0.0	0.0		0	0.0	False	TARGET_DOMINATED	TARGET_DOMINATED	TARGET_DOMINATED	TARGET_DOMINATED	False	122;87;294;118;295;297;260;121;291
6RZ7	A	BRIL	Q9NS75	INTERNAL_INSERTION	2.43	fpocket	ORIGINAL	3	0.002	0.001	-26.17835294117647	-16.575470588235294	21.90294117647059	10	10	1.0	0.0	0.0		0	0.0	False	TARGET_DOMINATED	TARGET_DOMINATED	TARGET_DOMINATED	TARGET_DOMINATED	False	136;71;310;240;241;69;244;311;139;309
6RZ7	A	BRIL	Q9NS75	INTERNAL_INSERTION	2.43	fpocket	ORIGINAL	4	-0.005	0.018	-23.249761904761904	-5.536285714285715	-3.8596190476190473	9	9	1.0	0.0	0.0		0	0.0	False	TARGET_DOMINATED	TARGET_DOMINATED	TARGET_DOMINATED	TARGET_DOMINATED	False	51;303;299;300;44;47;296;48;292
6RZ7	A	BRIL	Q9NS75	INTERNAL_INSERTION	2.43	fpocket	ORIGINAL	5	-0.027	0.001	-13.743729729729733	-8.67005405405405	22.46302702702702	9	9	1.0	0.0	0.0		0	0.0	False	TARGET_DOMINATED	TARGET_DOMINATED	TARGET_DOMINATED	TARGET_DOMINATED	False	318;66;65;319;61;315;62;314;67
6RZ7	A	BRIL	Q9NS75	INTERNAL_INSERTION	2.43	fpocket	ORIGINAL	6	-0.051	0.002	-30.174	-14.171333333333335	35.23559999999999	8	8	0.0	1.0	0.0		0	0.0	False	FUSION_DOMINATED	FUSION_DOMINATED	FUSION_DOMINATED	FUSION_DOMINATED	True	1063;1067;1100;1097;1061;1104;1064;1101
6RZ7	A	BRIL	Q9NS75	INTERNAL_INSERTION	2.43	fpocket	ORIGINAL	7	-0.066	0.0	-16.075999999999997	-14.606999999999998	-26.151210526315793	7	7	1.0	0.0	0.0		2	0.087	False	TARGET_DOMINATED	TARGET_DOMINATED	TARGET_DOMINATED	TARGET_DOMINATED	False	186;102;38;34;189;190;97
6RZ7	A	BRIL	Q9NS75	INTERNAL_INSERTION	2.43	fpocket	ORIGINAL	8	-0.066	0.004	-11.259757575757579	-21.675303030303027	-2.1853030303030296	9	9	1.0	0.0	0.0		0	0.0	False	TARGET_DOMINATED	TARGET_DOMINATED	TARGET_DOMINATED	TARGET_DOMINATED	False	120;116;167;117;86;83;121;163;87
6RZ7	A	BRIL	Q9NS75	INTERNAL_INSERTION	2.43	fpocket	ORIGINAL	9	-0.069	0.0	-28.740874999999996	-30.227625	-16.247	7	7	1.0	0.0	0.0		2	0.087	False	TARGET_DOMINATED	TARGET_DOMINATED	TARGET_DOMINATED	TARGET_DOMINATED	False	203;206;268;202;199;271;272
6RZ7	A	BRIL	Q9NS75	INTERNAL_INSERTION	2.43	fpocket	ORIGINAL	10	-0.075	0.99	-19.669011406844103	-24.474695817490492	-14.575539923954368	45	45	1.0	0.0	0.0		23	1.0	True	TARGET_DOMINATED	TARGET_DOMINATED	TARGET_DOMINATED	TARGET_DOMINATED	False	201;204;169;194;115;111;187;37;284;291;31;34;271;267;190;270;198;172;197;173;119;112;175;189;188;94;274;279;278;33;123;287;208;118;205;170;202;263;98;209;166;280;127;288;41
6RZ7	A	BRIL	Q9NS75	INTERNAL_INSERTION	2.43	fpocket	ORIGINAL	11	-0.084	0.0	-12.6433	-20.15875	18.168799999999997	10	10	1.0	0.0	0.0		0	0.0	False	TARGET_DOMINATED	TARGET_DOMINATED	TARGET_DOMINATED	TARGET_DOMINATED	False	78;75;156;74;64;63;70;152;68;67
6RZ7	A	BRIL	Q9NS75	INTERNAL_INSERTION	2.43	fpocket	ORIGINAL	12	-0.113	0.0	-45.56633333333333	-6.088166666666666	41.23633333333334	5	5	0.0	1.0	0.0		0	0.0	False	FUSION_DOMINATED	FUSION_DOMINATED	FUSION_DOMINATED	FUSION_DOMINATED	True	1095;1092;1018;1014;1011
6RZ7	A	BRIL	Q9NS75	INTERNAL_INSERTION	2.43	fpocket	ORIGINAL	13	-0.113	0.0	-42.84781250000001	-13.22071875	27.933968750000005	8	8	0.125	0.875	0.0		0	0.0	False	FUSION_DOMINATED	FUSION_DOMINATED	MIXED	FUSION_DOMINATED	True	1103;1099;232;1004;1007;1003;1106;1102
6RZ7	A	BRIL	Q9NS75	INTERNAL_INSERTION	2.43	fpocket	ORIGINAL	14	-0.122	0.023	-29.190928571428575	-9.955607142857144	3.406464285714286	7	7	1.0	0.0	0.0		0	0.0	False	TARGET_DOMINATED	TARGET_DOMINATED	TARGET_DOMINATED	TARGET_DOMINATED	False	255;303;300;254;258;307;251
6RZ7	A	BRIL	Q9NS75	INTERNAL_INSERTION	2.43	fpocket	ORIGINAL	15	-0.135	0.002	-24.088333333333335	-2.3310370370370377	-16.410925925925927	5	5	1.0	0.0	0.0		0	0.0	False	TARGET_DOMINATED	TARGET_DOMINATED	TARGET_DOMINATED	TARGET_DOMINATED	False	39;40;36;43;44
6RZ7	A	BRIL	Q9NS75	INTERNAL_INSERTION	2.43	fpocket	ORIGINAL	16	-0.136	0.0	-33.476588235294116	-23.53529411764706	30.424117647058818	4	4	0.0	1.0	0.0		0	0.0	False	UNASSIGNED	UNASSIGNED	UNASSIGNED	UNASSIGNED	False	1060;1105;1062;1101
6RZ7	A	BRIL	Q9NS75	INTERNAL_INSERTION	2.43	fpocket	ORIGINAL	17	-0.136	0.292	-38.76430136986302	-18.540547945205475	35.4453698630137	16	16	0.0	1.0	0.0		0	0.0	False	FUSION_DOMINATED	FUSION_DOMINATED	FUSION_DOMINATED	FUSION_DOMINATED	True	1099;1098;1007;1037;1101;1066;1062;1039;1006;1036;1102;1003;1068;1063;1069;1010
6RZ7	A	BRIL	Q9NS75	INTERNAL_INSERTION	2.43	fpocket	ORIGINAL	18	-0.202	0.003	-25.88402127659575	-27.881999999999998	20.800212765957443	10	10	0.9	0.1	0.0		0	0.0	False	TARGET_DOMINATED	TARGET_DOMINATED	TARGET_DOMINATED	TARGET_DOMINATED	False	149;138;150;139;142;1060;143;72;71;135
6RZ7	A	BRIL	Q9NS75	INTERNAL_INSERTION	2.43	fpocket	ORIGINAL	19	-0.228	0.019	-20.315125000000005	-31.8726875	1.3970312500000002	8	8	1.0	0.0	0.0		2	0.087	False	TARGET_DOMINATED	TARGET_DOMINATED	TARGET_DOMINATED	TARGET_DOMINATED	False	162;127;166;165;208;169;158;161
6RZ7	A	BRIL	Q9NS75	INTERNAL_INSERTION	2.43	fpocket	REMOVED	1	0.075	0.002	-19.855277777777776	-17.64038888888889	-6.084944444444443	9	9	1.0	0.0	0.0	31.92	0	0.0	False	TARGET_DOMINATED	TARGET_DOMINATED	TARGET_DOMINATED	TARGET_DOMINATED	False	297;260;294;122;121;118;87;295;291
6RZ7	A	BRIL	Q9NS75	INTERNAL_INSERTION	2.43	fpocket	REMOVED	2	0.002	0.001	-26.178352941176467	-16.575470588235294	21.90294117647058	10	10	1.0	0.0	0.0	6.92	0	0.0	False	TARGET_DOMINATED	TARGET_DOMINATED	TARGET_DOMINATED	TARGET_DOMINATED	False	244;311;69;310;71;136;309;241;139;240
6RZ7	A	BRIL	Q9NS75	INTERNAL_INSERTION	2.43	fpocket	REMOVED	3	-0.026	0.001	-13.743729729729733	-8.670054054054052	22.46302702702702	9	9	1.0	0.0	0.0	20.03	0	0.0	False	TARGET_DOMINATED	TARGET_DOMINATED	TARGET_DOMINATED	TARGET_DOMINATED	False	319;65;61;318;66;315;314;67;62
6RZ7	A	BRIL	Q9NS75	INTERNAL_INSERTION	2.43	fpocket	REMOVED	4	-0.05	0.0	-38.75581249999999	-16.5970625	22.048687500000003	6	6	1.0	0.0	0.0	5.09	0	0.0	False	TARGET_DOMINATED	TARGET_DOMINATED	TARGET_DOMINATED	TARGET_DOMINATED	False	228;243;232;242;231;240
6RZ7	A	BRIL	Q9NS75	INTERNAL_INSERTION	2.43	fpocket	REMOVED	5	-0.056	0.092	-23.928300000000004	-6.197400000000001	-5.2214333333333345	12	12	1.0	0.0	0.0	30.78	0	0.0	False	TARGET_DOMINATED	TARGET_DOMINATED	TARGET_DOMINATED	TARGET_DOMINATED	False	303;299;51;300;289;292;40;293;44;47;296;48
6RZ7	A	BRIL	Q9NS75	INTERNAL_INSERTION	2.43	fpocket	REMOVED	6	-0.065	0.004	-11.259757575757577	-21.67530303030303	-2.1853030303030296	9	9	1.0	0.0	0.0	33.81	0	0.0	False	TARGET_DOMINATED	TARGET_DOMINATED	TARGET_DOMINATED	TARGET_DOMINATED	False	120;163;167;86;116;83;117;121;87
6RZ7	A	BRIL	Q9NS75	INTERNAL_INSERTION	2.43	fpocket	REMOVED	7	-0.065	0.0	-16.076	-14.606999999999998	-26.15121052631579	7	7	1.0	0.0	0.0	51.88	2	0.087	False	TARGET_DOMINATED	TARGET_DOMINATED	TARGET_DOMINATED	TARGET_DOMINATED	False	189;102;186;38;34;190;97
6RZ7	A	BRIL	Q9NS75	INTERNAL_INSERTION	2.43	fpocket	REMOVED	8	-0.069	0.0	-28.740875000000003	-30.227625	-16.246999999999996	7	7	1.0	0.0	0.0	42.32	2	0.087	False	TARGET_DOMINATED	TARGET_DOMINATED	TARGET_DOMINATED	TARGET_DOMINATED	False	206;268;203;272;199;202;271
6RZ7	A	BRIL	Q9NS75	INTERNAL_INSERTION	2.43	fpocket	REMOVED	9	-0.079	0.99	-19.72575862068965	-24.45592720306514	-14.557038314176248	45	45	1.0	0.0	0.0	40.88	23	1.0	True	TARGET_DOMINATED	TARGET_DOMINATED	TARGET_DOMINATED	TARGET_DOMINATED	False	173;172;197;175;169;209;123;205;119;201;208;198;204;170;188;115;94;194;31;34;187;111;166;267;284;33;279;278;112;189;190;41;37;288;287;270;98;274;291;118;127;202;271;280;263
6RZ7	A	BRIL	Q9NS75	INTERNAL_INSERTION	2.43	fpocket	REMOVED	10	-0.084	0.0	-12.6433	-20.15875	18.168799999999997	10	10	1.0	0.0	0.0	21.38	0	0.0	False	TARGET_DOMINATED	TARGET_DOMINATED	TARGET_DOMINATED	TARGET_DOMINATED	False	64;63;70;74;152;75;68;67;156;78
6RZ7	A	BRIL	Q9NS75	INTERNAL_INSERTION	2.43	fpocket	REMOVED	11	-0.122	0.023	-29.19092857142857	-9.955607142857144	3.406464285714286	7	7	1.0	0.0	0.0	20.48	0	0.0	False	TARGET_DOMINATED	TARGET_DOMINATED	TARGET_DOMINATED	TARGET_DOMINATED	False	303;300;258;307;251;254;255
6RZ7	A	BRIL	Q9NS75	INTERNAL_INSERTION	2.43	fpocket	REMOVED	12	-0.135	0.002	-24.088333333333328	-2.331037037037037	-16.410925925925927	5	5	1.0	0.0	0.0	42.22	0	0.0	False	TARGET_DOMINATED	TARGET_DOMINATED	TARGET_DOMINATED	TARGET_DOMINATED	False	39;36;40;43;44
6RZ7	A	BRIL	Q9NS75	INTERNAL_INSERTION	2.43	fpocket	REMOVED	13	-0.149	0.005	-25.843904761904767	-27.974452380952386	20.43197619047618	9	9	1.0	0.0	0.0	15.07	0	0.0	False	TARGET_DOMINATED	TARGET_DOMINATED	TARGET_DOMINATED	TARGET_DOMINATED	False	143;149;138;142;72;71;150;135;139
6RZ7	A	BRIL	Q9NS75	INTERNAL_INSERTION	2.43	fpocket	REMOVED	14	-0.227	0.019	-20.315125000000002	-31.872687500000005	1.39703125	8	8	1.0	0.0	0.0	30.18	2	0.087	False	TARGET_DOMINATED	TARGET_DOMINATED	TARGET_DOMINATED	TARGET_DOMINATED	False	166;208;165;127;162;169;158;161
6WSK	A	T4L	Q5M7A7	TERMINAL_N	1.55	fpocket	ORIGINAL	1	0.287	0.617	38.613368421052634	20.415964912280707	74.77292982456142	11	11	1.0	0.0	0.0		0		False	TARGET_DOMINATED	TARGET_DOMINATED	TARGET_DOMINATED	TARGET_DOMINATED	False	20;47;49;15;13;88;70;86;87;72;48
6WSK	A	T4L	Q5M7A7	TERMINAL_N	1.55	fpocket	ORIGINAL	2	0.274	0.001	60.385169491525446	46.141322033898305	44.820898305084754	15	15	0.0	1.0	0.0		0		False	FUSION_DOMINATED	FUSION_DOMINATED	FUSION_DOMINATED	FUSION_DOMINATED	True	-92;-85;-89;-88;-57;-62;-58;-133;-61;-135;-60;-59;-91;-95;-134
6WSK	A	T4L	Q5M7A7	TERMINAL_N	1.55	fpocket	ORIGINAL	3	0.249	0.003	53.9425625	40.586875	53.2490625	11	11	0.0	1.0	0.0		0		False	FUSION_DOMINATED	FUSION_DOMINATED	FUSION_DOMINATED	FUSION_DOMINATED	True	-153;-151;-139;-146;-135;-61;-154;-147;-137;-133;-60
6WSK	A	T4L	Q5M7A7	TERMINAL_N	1.55	fpocket	ORIGINAL	4	0.168	0.005	47.16331250000001	9.13434375	74.26559375	13	13	1.0	0.0	0.0		0		False	TARGET_DOMINATED	TARGET_DOMINATED	TARGET_DOMINATED	TARGET_DOMINATED	False	24;22;135;41;16;134;19;18;21;39;23;17;46
6WSK	A	T4L	Q5M7A7	TERMINAL_N	1.55	fpocket	ORIGINAL	5	0.152	0.002	66.56889655172414	28.679103448275868	38.373620689655176	9	9	0.0	1.0	0.0		0		False	FUSION_DOMINATED	FUSION_DOMINATED	FUSION_DOMINATED	FUSION_DOMINATED	True	-51;-49;-50;-52;-30;-29;-33;-48;-28
6WSK	A	T4L	Q5M7A7	TERMINAL_N	1.55	fpocket	ORIGINAL	6	0.151	0.015	40.24516666666667	40.024366666666666	43.54443333333333	11	11	0.5455	0.3636	0.0909		0		False	TARGET_DOMINATED	INTERFACE	INTERFACE	INTERFACE	True	1;2;-156;-160;-157;3;-1;5;4;148;-164
6WSK	A	T4L	Q5M7A7	TERMINAL_N	1.55	fpocket	ORIGINAL	7	0.13	0.007	43.500080000000004	48.95496	48.61232	7	7	0.0	1.0	0.0		0		False	FUSION_DOMINATED	FUSION_DOMINATED	FUSION_DOMINATED	FUSION_DOMINATED	True	-101;-105;-157;-104;-152;-102;-136
6WSK	A	T4L	Q5M7A7	TERMINAL_N	1.55	fpocket	ORIGINAL	8	0.126	0.0	27.54857692307692	26.039115384615386	60.843769230769226	5	5	1.0	0.0	0.0		0		False	TARGET_DOMINATED	TARGET_DOMINATED	TARGET_DOMINATED	TARGET_DOMINATED	False	60;110;61;112;111
6WSK	A	T4L	Q5M7A7	TERMINAL_N	1.55	fpocket	ORIGINAL	9	0.099	0.001	31.314227272727273	34.61559090909091	60.101590909090916	7	7	1.0	0.0	0.0		0		False	TARGET_DOMINATED	TARGET_DOMINATED	TARGET_DOMINATED	TARGET_DOMINATED	False	56;57;113;114;58;112;111
6WSK	A	T4L	Q5M7A7	TERMINAL_N	1.55	fpocket	ORIGINAL	10	0.094	0.002	49.356272727272724	43.25445454545455	31.36854545454546	10	10	0.0	1.0	0.0		0		False	FUSION_DOMINATED	FUSION_DOMINATED	FUSION_DOMINATED	FUSION_DOMINATED	True	-72;-77;-65;-69;-164;-163;-7;-71;-68;-162
6WSK	A	T4L	Q5M7A7	TERMINAL_N	1.55	fpocket	ORIGINAL	11	0.092	0.373	46.169176470588226	26.764764705882357	40.19029411764708	11	11	0.2727	0.6364	0.0909		0		False	FUSION_DOMINATED	INTERFACE	INTERFACE	INTERFACE	True	-18;-17;-21;157;-1;-5;-6;-14;-11;158;159
6WSK	A	T4L	Q5M7A7	TERMINAL_N	1.55	fpocket	ORIGINAL	12	0.084	0.007	55.03182352941177	9.967823529411767	58.201058823529415	4	4	1.0	0.0	0.0		0		False	UNASSIGNED	UNASSIGNED	UNASSIGNED	UNASSIGNED	False	26;37;25;36
6WSK	A	T4L	Q5M7A7	TERMINAL_N	1.55	fpocket	ORIGINAL	13	0.071	0.0	50.64963636363636	17.350590909090908	56.33595454545456	7	7	1.0	0.0	0.0		0		False	TARGET_DOMINATED	TARGET_DOMINATED	TARGET_DOMINATED	TARGET_DOMINATED	False	163;36;161;162;122;120;121
6WSK	A	T4L	Q5M7A7	TERMINAL_N	1.55	fpocket	ORIGINAL	14	0.07	0.001	68.47646666666668	35.7982	30.023866666666663	6	6	0.0	1.0	0.0		0		False	FUSION_DOMINATED	FUSION_DOMINATED	FUSION_DOMINATED	FUSION_DOMINATED	True	-50;-82;-47;-43;-46;-78
6WSK	A	T4L	Q5M7A7	TERMINAL_N	1.55	fpocket	ORIGINAL	15	0.062	0.022	45.85667391304346	38.86191304347825	58.98186956521739	11	11	0.5455	0.4545	0.0		0		False	TARGET_DOMINATED	INTERFACE	INTERFACE	INTERFACE	True	-149;53;-147;-151;-153;7;9;54;6;-152;5
6WSK	A	T4L	Q5M7A7	TERMINAL_N	1.55	fpocket	ORIGINAL	16	0.058	0.0	46.060062499999994	33.7183125	48.6604375	9	9	0.4444	0.4444	0.1111		0		False	INTERFACE	INTERFACE	INTERFACE	INTERFACE	True	159;-1;3;-156;-17;148;7;-153;-155
6WSK	A	T4L	Q5M7A7	TERMINAL_N	1.55	fpocket	ORIGINAL	17	0.031	0.003	39.42588235294118	0.7530000000000001	56.038529411764706	7	7	1.0	0.0	0.0		0		False	TARGET_DOMINATED	TARGET_DOMINATED	TARGET_DOMINATED	TARGET_DOMINATED	False	98;101;103;96;95;97;102
6WSK	A	T4L	Q5M7A7	TERMINAL_N	1.55	fpocket	ORIGINAL	18	0.02	0.002	47.22731818181819	26.278500000000005	69.30145454545453	9	9	1.0	0.0	0.0		0		False	TARGET_DOMINATED	TARGET_DOMINATED	TARGET_DOMINATED	TARGET_DOMINATED	False	142;49;141;51;15;13;82;11;144
6WSK	A	T4L	Q5M7A7	TERMINAL_N	1.55	fpocket	ORIGINAL	19	0.018	0.001	31.309235294117645	33.24564705882352	51.36194117647059	7	7	1.0	0.0	0.0		0		False	TARGET_DOMINATED	TARGET_DOMINATED	TARGET_DOMINATED	TARGET_DOMINATED	False	114;113;4;150;151;115;153
6WSK	A	T4L	Q5M7A7	TERMINAL_N	1.55	fpocket	ORIGINAL	20	0.012	0.04	37.67731249999999	37.058625000000006	56.00000000000001	9	9	1.0	0.0	0.0		0		False	TARGET_DOMINATED	TARGET_DOMINATED	TARGET_DOMINATED	TARGET_DOMINATED	False	114;8;57;149;4;54;7;6;5
6WSK	A	T4L	Q5M7A7	TERMINAL_N	1.55	fpocket	ORIGINAL	21	-0.004	0.023	43.380631578947366	43.17668421052631	48.38536842105263	6	6	0.1667	0.8333	0.0		0		False	FUSION_DOMINATED	FUSION_DOMINATED	MIXED	FUSION_DOMINATED	True	-157;5;-152;-105;-154;-136
6WSK	A	T4L	Q5M7A7	TERMINAL_N	1.55	fpocket	ORIGINAL	22	-0.02	0.0	50.676866666666676	2.856866666666667	57.918	8	8	1.0	0.0	0.0		0		False	TARGET_DOMINATED	TARGET_DOMINATED	TARGET_DOMINATED	TARGET_DOMINATED	False	100;124;126;26;37;101;102;39
6WSK	A	T4L	Q5M7A7	TERMINAL_N	1.55	fpocket	ORIGINAL	23	-0.022	0.052	59.6818	48.582933333333344	60.523266666666665	3	3	0.0	1.0	0.0		0		False	UNASSIGNED	UNASSIGNED	UNASSIGNED	UNASSIGNED	False	-132;-140;-148
6WSK	A	T4L	Q5M7A7	TERMINAL_N	1.55	fpocket	ORIGINAL	24	-0.024	0.004	45.08257142857143	-3.045321428571429	63.58732142857143	9	9	1.0	0.0	0.0		0		False	TARGET_DOMINATED	TARGET_DOMINATED	TARGET_DOMINATED	TARGET_DOMINATED	False	99;130;124;127;97;126;96;98;125
6WSK	A	T4L	Q5M7A7	TERMINAL_N	1.55	fpocket	ORIGINAL	25	-0.03	0.001	52.09864102564102	31.031051282051283	50.193333333333335	14	14	0.2143	0.7857	0.0		0		False	FUSION_DOMINATED	FUSION_DOMINATED	INTERFACE	FUSION_DOMINATED	True	160;-22;159;-25;-24;146;-23;-20;-21;-154;-60;-153;-155;-17
6WSK	A	T4L	Q5M7A7	TERMINAL_N	1.55	fpocket	ORIGINAL	26	-0.06	0.001	49.30906666666667	1.5033333333333334	75.84679999999999	4	4	1.0	0.0	0.0		0		False	UNASSIGNED	UNASSIGNED	UNASSIGNED	UNASSIGNED	False	131;132;135;41
6WSK	A	T4L	Q5M7A7	TERMINAL_N	1.55	fpocket	REMOVED	1	0.359	0.465	40.81197727272727	20.583386363636365	74.95949999999999	9	9	1.0	0.0	0.0	37.27	0		False	TARGET_DOMINATED	TARGET_DOMINATED	TARGET_DOMINATED	TARGET_DOMINATED	False	48;47;49;86;15;20;13;87;88
6WSK	A	T4L	Q5M7A7	TERMINAL_N	1.55	fpocket	REMOVED	2	0.259	0.005	47.1633125	9.13434375	74.26559375000001	13	13	1.0	0.0	0.0	43.64	0		False	TARGET_DOMINATED	TARGET_DOMINATED	TARGET_DOMINATED	TARGET_DOMINATED	False	134;22;39;23;46;24;135;16;41;19;18;21;17
6WSK	A	T4L	Q5M7A7	TERMINAL_N	1.55	fpocket	REMOVED	3	0.199	0.0	27.548576923076933	26.039115384615393	60.843769230769226	5	5	1.0	0.0	0.0	24.26	0		False	TARGET_DOMINATED	TARGET_DOMINATED	TARGET_DOMINATED	TARGET_DOMINATED	False	60;110;61;112;111
6WSK	A	T4L	Q5M7A7	TERMINAL_N	1.55	fpocket	REMOVED	4	0.16	0.001	31.314227272727273	34.61559090909092	60.101590909090895	7	7	1.0	0.0	0.0	20.07	0		False	TARGET_DOMINATED	TARGET_DOMINATED	TARGET_DOMINATED	TARGET_DOMINATED	False	58;56;113;57;112;111;114
6WSK	A	T4L	Q5M7A7	TERMINAL_N	1.55	fpocket	REMOVED	5	0.132	0.0	50.64963636363636	17.35059090909091	56.33595454545454	7	7	1.0	0.0	0.0	27.26	0		False	TARGET_DOMINATED	TARGET_DOMINATED	TARGET_DOMINATED	TARGET_DOMINATED	False	36;161;163;162;122;121;120
6WSK	A	T4L	Q5M7A7	TERMINAL_N	1.55	fpocket	REMOVED	6	0.13	0.008	55.03182352941176	9.967823529411763	58.201058823529415	4	4	1.0	0.0	0.0	35.56	0		False	UNASSIGNED	UNASSIGNED	UNASSIGNED	UNASSIGNED	False	26;37;36;25
6WSK	A	T4L	Q5M7A7	TERMINAL_N	1.55	fpocket	REMOVED	7	0.089	0.004	39.430062500000005	0.7962499999999999	56.196687499999996	7	7	1.0	0.0	0.0	38.22	0		False	TARGET_DOMINATED	TARGET_DOMINATED	TARGET_DOMINATED	TARGET_DOMINATED	False	103;98;96;95;97;101;102
6WSK	A	T4L	Q5M7A7	TERMINAL_N	1.55	fpocket	REMOVED	8	0.081	0.003	47.227318181818184	26.278500000000008	69.30145454545455	9	9	1.0	0.0	0.0	31.27	0		False	TARGET_DOMINATED	TARGET_DOMINATED	TARGET_DOMINATED	TARGET_DOMINATED	False	51;82;142;141;11;144;49;13;15
6WSK	A	T4L	Q5M7A7	TERMINAL_N	1.55	fpocket	REMOVED	9	0.065	0.001	31.309235294117645	33.24564705882353	51.36194117647059	7	7	1.0	0.0	0.0	12.35	0		False	TARGET_DOMINATED	TARGET_DOMINATED	TARGET_DOMINATED	TARGET_DOMINATED	False	153;151;115;150;113;4;114
6WSK	A	T4L	Q5M7A7	TERMINAL_N	1.55	fpocket	REMOVED	10	0.056	0.049	37.6773125	37.058625000000006	56.0	9	9	1.0	0.0	0.0	14.94	0		False	TARGET_DOMINATED	TARGET_DOMINATED	TARGET_DOMINATED	TARGET_DOMINATED	False	6;4;5;8;7;149;114;54;57
6WSK	A	T4L	Q5M7A7	TERMINAL_N	1.55	fpocket	REMOVED	11	0.054	0.004	45.08257142857143	-3.045321428571429	63.58732142857142	9	9	1.0	0.0	0.0	45.55	0		False	TARGET_DOMINATED	TARGET_DOMINATED	TARGET_DOMINATED	TARGET_DOMINATED	False	124;99;97;96;127;98;125;126;130
6WSK	A	T4L	Q5M7A7	TERMINAL_N	1.55	fpocket	REMOVED	12	0.021	0.0	50.676866666666676	2.856866666666667	57.918000000000006	8	8	1.0	0.0	0.0	39.26	0		False	TARGET_DOMINATED	TARGET_DOMINATED	TARGET_DOMINATED	TARGET_DOMINATED	False	101;102;100;124;37;26;126;39
6WSK	A	T4L	Q5M7A7	TERMINAL_N	1.55	fpocket	REMOVED	13	-0.019	0.001	49.30906666666668	1.5033333333333332	75.8468	4	4	1.0	0.0	0.0	50.23	0		False	UNASSIGNED	UNASSIGNED	UNASSIGNED	UNASSIGNED	False	131;132;41;135
7UAJ	A	MBP	P03126	TERMINAL_N	3.25	fpocket	ORIGINAL	1	0.24	0.441	-22.828631578947373	26.566517543859643	-26.406991228070172	20	20	0.0	1.0	0.0		0		False	FUSION_DOMINATED	FUSION_DOMINATED	FUSION_DOMINATED	FUSION_DOMINATED	True	13;45;43;154;63;156;16;263;341;66;112;64;157;155;67;231;15;211;331;261
7UAJ	A	MBP	P03126	TERMINAL_N	3.25	fpocket	ORIGINAL	2	0.162	0.009	-17.840500000000002	30.62218333333332	-11.694516666666669	15	15	0.0	1.0	0.0		0		False	FUSION_DOMINATED	FUSION_DOMINATED	FUSION_DOMINATED	FUSION_DOMINATED	True	171;170;168;332;329;172;330;177;159;257;258;163;169;167;259
7UAJ	A	MBP	P03126	TERMINAL_N	3.25	fpocket	ORIGINAL	3	0.122	0.002	-7.165142857142857	12.423928571428574	-32.21257142857143	9	9	0.0	1.0	0.0		0		False	FUSION_DOMINATED	FUSION_DOMINATED	FUSION_DOMINATED	FUSION_DOMINATED	True	205;206;203;148;149;209;204;146;141
7UAJ	A	MBP	P03126	TERMINAL_N	3.25	fpocket	ORIGINAL	4	0.098	0.025	-12.712516129032258	70.24329032258065	-39.75474193548387	9	9	1.0	0.0	0.0		0		False	TARGET_DOMINATED	TARGET_DOMINATED	TARGET_DOMINATED	TARGET_DOMINATED	False	424;425;401;421;402;391;390;394;395
7UAJ	A	MBP	P03126	TERMINAL_N	3.25	fpocket	ORIGINAL	5	0.078	0.003	-3.9630000000000005	59.76991999999999	-26.57624	10	10	1.0	0.0	0.0		0		False	TARGET_DOMINATED	TARGET_DOMINATED	TARGET_DOMINATED	TARGET_DOMINATED	False	429;423;428;448;410;449;445;431;409;440
7UAJ	A	MBP	P03126	TERMINAL_N	3.25	fpocket	ORIGINAL	6	0.068	0.001	14.707347826086954	34.08230434782608	-31.679043478260866	8	8	1.0	0.0	0.0		0		False	TARGET_DOMINATED	TARGET_DOMINATED	TARGET_DOMINATED	TARGET_DOMINATED	False	462;502;500;501;513;518;504;496
7UAJ	A	MBP	P03126	TERMINAL_N	3.25	fpocket	ORIGINAL	7	0.066	0.001	13.463882352941175	51.60088235294117	-32.19535294117647	6	6	1.0	0.0	0.0		0		False	TARGET_DOMINATED	TARGET_DOMINATED	TARGET_DOMINATED	TARGET_DOMINATED	False	456;457;507;506;455;454
7UAJ	A	MBP	P03126	TERMINAL_N	3.25	fpocket	ORIGINAL	8	0.056	0.0	-16.474	43.718666666666664	-5.658799999999999	5	5	0.0	1.0	0.0		0		False	FUSION_DOMINATED	FUSION_DOMINATED	FUSION_DOMINATED	FUSION_DOMINATED	True	174;173;178;176;177
7UAJ	A	MBP	P03126	TERMINAL_N	3.25	fpocket	ORIGINAL	9	0.043	0.001	-18.60458823529412	62.6134705882353	-42.201764705882354	4	4	1.0	0.0	0.0		0		False	UNASSIGNED	UNASSIGNED	UNASSIGNED	UNASSIGNED	False	391;392;396;395
7UAJ	A	MBP	P03126	TERMINAL_N	3.25	fpocket	ORIGINAL	10	0.043	0.0	3.9694444444444446	27.381833333333336	-29.637444444444448	9	9	0.1111	0.8889	0.0		0		False	FUSION_DOMINATED	FUSION_DOMINATED	MIXED	FUSION_DOMINATED	True	354;356;357;351;358;360;462;197;201
7UAJ	A	MBP	P03126	TERMINAL_N	3.25	fpocket	ORIGINAL	11	0.037	0.0	-26.34476470588235	16.575058823529414	-32.434058823529405	7	7	0.0	1.0	0.0		0		False	FUSION_DOMINATED	FUSION_DOMINATED	FUSION_DOMINATED	FUSION_DOMINATED	True	211;235;298;215;14;15;231
7UAJ	A	MBP	P03126	TERMINAL_N	3.25	fpocket	ORIGINAL	12	0.036	0.0	-3.3269375	67.25543750000001	-30.590812500000002	8	8	1.0	0.0	0.0		0		False	TARGET_DOMINATED	TARGET_DOMINATED	TARGET_DOMINATED	TARGET_DOMINATED	False	423;419;428;426;442;422;445;440
7UAJ	A	MBP	P03126	TERMINAL_N	3.25	fpocket	ORIGINAL	13	0.032	0.002	-47.13533333333334	17.452285714285715	-25.437428571428573	7	7	0.0	1.0	0.0		0		False	FUSION_DOMINATED	FUSION_DOMINATED	FUSION_DOMINATED	FUSION_DOMINATED	True	27;24;23;293;289;290;284
7UAJ	A	MBP	P03126	TERMINAL_N	3.25	fpocket	ORIGINAL	14	0.03	0.001	1.6043333333333334	22.124047619047616	-16.905761904761906	10	10	0.0	1.0	0.0		0		False	FUSION_DOMINATED	FUSION_DOMINATED	FUSION_DOMINATED	FUSION_DOMINATED	True	359;190;252;131;251;195;191;194;198;187
7UAJ	A	MBP	P03126	TERMINAL_N	3.25	fpocket	ORIGINAL	15	0.015	0.0	-44.153166666666664	22.532222222222224	-38.40822222222222	7	7	0.0	1.0	0.0		0		False	FUSION_DOMINATED	FUSION_DOMINATED	FUSION_DOMINATED	FUSION_DOMINATED	True	26;29;35;38;22;37;36
7UAJ	A	MBP	P03126	TERMINAL_N	3.25	fpocket	ORIGINAL	16	0.009	0.001	-5.249315789473685	34.415736842105254	-11.549999999999997	9	9	0.0	1.0	0.0		0		False	FUSION_DOMINATED	FUSION_DOMINATED	FUSION_DOMINATED	FUSION_DOMINATED	True	183;168;186;181;182;366;165;166;188
7UAJ	A	MBP	P03126	TERMINAL_N	3.25	fpocket	ORIGINAL	17	0.008	0.002	-20.121636363636362	57.211727272727266	-29.243772727272724	8	8	1.0	0.0	0.0		0		False	TARGET_DOMINATED	TARGET_DOMINATED	TARGET_DOMINATED	TARGET_DOMINATED	False	386;435;432;437;385;387;393;396
7UAJ	A	MBP	P03126	TERMINAL_N	3.25	fpocket	ORIGINAL	18	-0.0	0.001	2.8444375	36.84887499999999	-24.476437499999996	6	6	0.0	1.0	0.0		0		False	FUSION_DOMINATED	FUSION_DOMINATED	FUSION_DOMINATED	FUSION_DOMINATED	True	359;360;364;363;356;190
7UAJ	A	MBP	P03126	TERMINAL_N	3.25	fpocket	ORIGINAL	19	-0.001	0.001	-34.889428571428574	43.13471428571428	-18.961714285714287	9	9	0.0	1.0	0.0		0		False	FUSION_DOMINATED	FUSION_DOMINATED	FUSION_DOMINATED	FUSION_DOMINATED	True	103;100;101;79;104;78;77;105;72
7UAJ	A	MBP	P03126	TERMINAL_N	3.25	fpocket	ORIGINAL	20	-0.012	0.0	-33.39865	10.5274	-18.56715	8	8	0.0	1.0	0.0		0		False	FUSION_DOMINATED	FUSION_DOMINATED	FUSION_DOMINATED	FUSION_DOMINATED	True	295;318;299;315;317;233;312;314
7UAJ	A	MBP	P03126	TERMINAL_N	3.25	fpocket	ORIGINAL	21	-0.023	0.0	-17.308687499999998	66.393125	-24.948625000000003	8	8	1.0	0.0	0.0		0		False	TARGET_DOMINATED	TARGET_DOMINATED	TARGET_DOMINATED	TARGET_DOMINATED	False	438;407;437;405;406;397;393;436
7UAJ	A	MBP	P03126	TERMINAL_N	3.25	fpocket	ORIGINAL	22	-0.023	0.0	-50.65231578947368	32.66	-20.409789473684214	5	5	0.0	1.0	0.0		0		False	FUSION_DOMINATED	FUSION_DOMINATED	FUSION_DOMINATED	FUSION_DOMINATED	True	279;275;283;282;278
7UAJ	A	MBP	P03126	TERMINAL_N	3.25	fpocket	ORIGINAL	23	-0.029	0.011	-2.2908749999999998	69.2936875	-19.06671875000001	10	10	1.0	0.0	0.0		0		False	TARGET_DOMINATED	TARGET_DOMINATED	TARGET_DOMINATED	TARGET_DOMINATED	False	416;413;414;419;443;411;444;447;441;448
7UAJ	A	MBP	P03126	TERMINAL_N	3.25	fpocket	ORIGINAL	24	-0.031	0.0	20.255333333333333	28.056733333333337	-30.980933333333333	6	6	1.0	0.0	0.0		0		False	TARGET_DOMINATED	TARGET_DOMINATED	TARGET_DOMINATED	TARGET_DOMINATED	False	501;518;519;499;495;515
7UAJ	A	MBP	P03126	TERMINAL_N	3.25	fpocket	ORIGINAL	25	-0.031	0.0	19.508722222222225	31.879277777777776	-47.99861111111112	8	8	1.0	0.0	0.0		0		False	TARGET_DOMINATED	TARGET_DOMINATED	TARGET_DOMINATED	TARGET_DOMINATED	False	475;490;493;467;473;474;494;497
7UAJ	A	MBP	P03126	TERMINAL_N	3.25	fpocket	ORIGINAL	26	-0.041	0.0	-25.794521739130435	4.514521739130435	-17.682826086956524	10	10	0.0	1.0	0.0		0		False	FUSION_DOMINATED	FUSION_DOMINATED	FUSION_DOMINATED	FUSION_DOMINATED	True	317;316;315;243;244;120;245;118;242;237
7UAJ	A	MBP	P03126	TERMINAL_N	3.25	fpocket	ORIGINAL	27	-0.042	0.0	-36.846588235294114	35.187	-39.33376470588235	7	7	0.0	1.0	0.0		0		False	FUSION_DOMINATED	FUSION_DOMINATED	FUSION_DOMINATED	FUSION_DOMINATED	True	51;11;56;39;57;9;4
7UAJ	A	MBP	P03126	TERMINAL_N	3.25	fpocket	ORIGINAL	28	-0.057	0.0	-24.059142857142856	38.917464285714296	-26.06457142857143	10	10	0.0	1.0	0.0		0		False	FUSION_DOMINATED	FUSION_DOMINATED	FUSION_DOMINATED	FUSION_DOMINATED	True	66;335;70;67;338;74;71;49;73;45
7UAJ	A	MBP	P03126	TERMINAL_N	3.25	fpocket	ORIGINAL	29	-0.063	0.002	-25.748250000000006	23.620124999999998	-9.77625	7	7	0.0	1.0	0.0		0		False	FUSION_DOMINATED	FUSION_DOMINATED	FUSION_DOMINATED	FUSION_DOMINATED	True	322;326;325;260;330;93;111
7UAJ	A	MBP	P03126	TERMINAL_N	3.25	fpocket	ORIGINAL	30	-0.067	0.0	-12.125727272727271	53.65563636363636	-30.975272727272735	7	7	0.7143	0.0	0.2857		0		False	TARGET_DOMINATED	TARGET_DOMINATED	MIXED	TARGET_DOMINATED	False	430;373;386;372;432;388;429
7UAJ	A	MBP	P03126	TERMINAL_N	3.25	fpocket	ORIGINAL	31	-0.074	0.0	-47.278263157894735	19.998736842105256	-14.302263157894737	7	7	0.0	1.0	0.0		0		False	FUSION_DOMINATED	FUSION_DOMINATED	FUSION_DOMINATED	FUSION_DOMINATED	True	288;89;289;307;305;287;286
7UAJ	A	MBP	P03126	TERMINAL_N	3.25	fpocket	ORIGINAL	32	-0.081	0.004	16.5455625	42.11721875	-32.1551875	9	9	1.0	0.0	0.0		0		False	TARGET_DOMINATED	TARGET_DOMINATED	TARGET_DOMINATED	TARGET_DOMINATED	False	482;504;506;511;456;513;509;485;512
7UAJ	A	MBP	P03126	TERMINAL_N	3.25	fpocket	ORIGINAL	33	-0.094	0.0	-38.38805882352942	31.319647058823527	-6.768058823529413	7	7	0.0	1.0	0.0		0		False	FUSION_DOMINATED	FUSION_DOMINATED	FUSION_DOMINATED	FUSION_DOMINATED	True	87;88;84;92;99;95;306
7UAJ	A	MBP	P03126	TERMINAL_N	3.25	fpocket	ORIGINAL	34	-0.1	0.0	0.9592666666666667	6.686000000000001	-29.726866666666673	6	6	0.0	1.0	0.0		0		False	FUSION_DOMINATED	FUSION_DOMINATED	FUSION_DOMINATED	FUSION_DOMINATED	True	202;204;138;141;203;137
7UAJ	A	MBP	P03126	TERMINAL_N	3.25	fpocket	ORIGINAL	35	-0.108	0.0	-13.318217391304344	31.72960869565217	-8.893347826086956	7	7	0.0	1.0	0.0		0		False	FUSION_DOMINATED	FUSION_DOMINATED	FUSION_DOMINATED	FUSION_DOMINATED	True	329;257;171;168;172;166;167
7UAJ	A	MBP	P03126	TERMINAL_N	3.25	fpocket	ORIGINAL	36	-0.113	0.001	-26.05681250000001	35.754999999999995	-11.154562499999999	15	15	0.0	1.0	0.0		0		False	FUSION_DOMINATED	FUSION_DOMINATED	FUSION_DOMINATED	FUSION_DOMINATED	True	176;177;96;172;175;102;101;100;334;333;99;97;331;330;93
7UAJ	A	MBP	P03126	TERMINAL_N	3.25	fpocket	ORIGINAL	37	-0.118	0.0	-8.881375	43.961499999999994	-27.686000000000003	6	6	0.0	0.3333	0.6667		0		False	LINKER	LINKER	LINKER	LINKER	True	368;342;371;367;373;372
7UAJ	A	MBP	P03126	TERMINAL_N	3.25	fpocket	ORIGINAL	38	-0.12	0.0	-18.467061538461532	35.05441538461539	-30.65118461538462	17	17	0.0	0.9412	0.0588		0		False	FUSION_DOMINATED	FUSION_DOMINATED	FUSION_DOMINATED	FUSION_DOMINATED	True	46;342;43;336;372;335;339;338;73;67;50;154;45;345;49;155;341
7UAJ	A	MBP	P03126	TERMINAL_N	3.25	fpocket	REMOVED	1	0.438	0.573	-12.712516129032258	70.24329032258066	-39.754741935483885	9	9	1.0	0.0	0.0	18.44	0		False	TARGET_DOMINATED	TARGET_DOMINATED	TARGET_DOMINATED	TARGET_DOMINATED	False	425;421;402;401;394;391;424;395;390
7UAJ	A	MBP	P03126	TERMINAL_N	3.25	fpocket	REMOVED	2	0.323	0.12	-2.2908750000000007	69.29368750000002	-19.066718750000003	10	10	1.0	0.0	0.0	31.58	0		False	TARGET_DOMINATED	TARGET_DOMINATED	TARGET_DOMINATED	TARGET_DOMINATED	False	413;411;443;447;416;414;419;441;444;448
7UAJ	A	MBP	P03126	TERMINAL_N	3.25	fpocket	REMOVED	3	0.32	0.031	-3.861347826086957	59.694913043478266	-26.26760869565217	10	10	1.0	0.0	0.0	22.7	0		False	TARGET_DOMINATED	TARGET_DOMINATED	TARGET_DOMINATED	TARGET_DOMINATED	False	409;410;431;448;445;449;440;428;429;423
7UAJ	A	MBP	P03126	TERMINAL_N	3.25	fpocket	REMOVED	4	0.317	0.002	14.707347826086954	34.08230434782609	-31.679043478260866	8	8	1.0	0.0	0.0	42.73	0		False	TARGET_DOMINATED	TARGET_DOMINATED	TARGET_DOMINATED	TARGET_DOMINATED	False	513;518;501;502;462;500;504;496
7UAJ	A	MBP	P03126	TERMINAL_N	3.25	fpocket	REMOVED	5	0.27	0.082	16.545562500000003	42.117218750000006	-32.15518749999999	9	9	1.0	0.0	0.0	41.18	0		False	TARGET_DOMINATED	TARGET_DOMINATED	TARGET_DOMINATED	TARGET_DOMINATED	False	482;485;509;511;513;512;506;504;456
7UAJ	A	MBP	P03126	TERMINAL_N	3.25	fpocket	REMOVED	6	0.248	0.001	13.463882352941178	51.600882352941184	-32.19535294117647	6	6	1.0	0.0	0.0	36.35	0		False	TARGET_DOMINATED	TARGET_DOMINATED	TARGET_DOMINATED	TARGET_DOMINATED	False	455;456;506;454;507;457
7UAJ	A	MBP	P03126	TERMINAL_N	3.25	fpocket	REMOVED	7	0.247	0.016	-20.12163636363636	57.21172727272728	-29.243772727272724	8	8	1.0	0.0	0.0	9.96	0		False	TARGET_DOMINATED	TARGET_DOMINATED	TARGET_DOMINATED	TARGET_DOMINATED	False	385;432;386;435;437;387;396;393
7UAJ	A	MBP	P03126	TERMINAL_N	3.25	fpocket	REMOVED	8	0.225	0.003	-18.604588235294123	62.6134705882353	-42.201764705882354	4	4	1.0	0.0	0.0	9.6	0		False	UNASSIGNED	UNASSIGNED	UNASSIGNED	UNASSIGNED	False	395;392;396;391
7UAJ	A	MBP	P03126	TERMINAL_N	3.25	fpocket	REMOVED	9	0.206	0.0	-3.3269375	67.2554375	-30.5908125	8	8	1.0	0.0	0.0	24.16	0		False	TARGET_DOMINATED	TARGET_DOMINATED	TARGET_DOMINATED	TARGET_DOMINATED	False	428;426;423;445;440;442;422;419
7UAJ	A	MBP	P03126	TERMINAL_N	3.25	fpocket	REMOVED	10	0.161	0.0	19.50872222222222	31.879277777777776	-47.99861111111111	8	8	1.0	0.0	0.0	48.36	0		False	TARGET_DOMINATED	TARGET_DOMINATED	TARGET_DOMINATED	TARGET_DOMINATED	False	490;474;475;494;467;473;493;497
7UAJ	A	MBP	P03126	TERMINAL_N	3.25	fpocket	REMOVED	11	0.147	0.001	-17.3086875	66.393125	-24.948624999999996	8	8	1.0	0.0	0.0	18.76	0		False	TARGET_DOMINATED	TARGET_DOMINATED	TARGET_DOMINATED	TARGET_DOMINATED	False	438;437;407;436;405;406;397;393
7UAJ	A	MBP	P03126	TERMINAL_N	3.25	fpocket	REMOVED	12	0.128	0.0	20.25533333333333	28.056733333333334	-30.980933333333333	6	6	1.0	0.0	0.0	50.58	0		False	TARGET_DOMINATED	TARGET_DOMINATED	TARGET_DOMINATED	TARGET_DOMINATED	False	518;519;501;499;515;495
7YXA	A	BRIL	Q9H228	INTERNAL_INSERTION	2.2	fpocket	ORIGINAL	1	0.194	0.003	30.21471428571428	34.4147619047619	-51.365809523809524	10	10	0.0	1.0	0.0		0	0.0	False	FUSION_DOMINATED	FUSION_DOMINATED	FUSION_DOMINATED	FUSION_DOMINATED	True	1091;1092;1014;1017;1018;1033;1098;1094;1010;1095
7YXA	A	BRIL	Q9H228	INTERNAL_INSERTION	2.2	fpocket	ORIGINAL	2	0.19	0.689	8.208622448979591	19.742693877551023	9.793622448979592	19	19	1.0	0.0	0.0		12	0.6316	True	TARGET_DOMINATED	TARGET_DOMINATED	TARGET_DOMINATED	TARGET_DOMINATED	False	97;37;36;93;96;40;112;115;292;92;289;89;39;43;295;267;293;264;296
7YXA	A	BRIL	Q9H228	INTERNAL_INSERTION	2.2	fpocket	ORIGINAL	3	0.128	0.229	14.429269841269848	4.408539682539683	-15.09134920634921	17	17	1.0	0.0	0.0		0	0.0	False	TARGET_DOMINATED	TARGET_DOMINATED	TARGET_DOMINATED	TARGET_DOMINATED	False	58;80;61;62;70;148;68;69;76;73;152;151;155;77;159;67;72
7YXA	A	BRIL	Q9H228	INTERNAL_INSERTION	2.2	fpocket	ORIGINAL	4	0.127	0.008	20.04296	26.667999999999996	23.280199999999994	8	8	1.0	0.0	0.0		0	0.0	False	TARGET_DOMINATED	TARGET_DOMINATED	TARGET_DOMINATED	TARGET_DOMINATED	False	282;283;280;286;184;285;278;22
7YXA	A	BRIL	Q9H228	INTERNAL_INSERTION	2.2	fpocket	ORIGINAL	5	0.107	0.0	14.16218181818182	16.794863636363633	-0.2404090909090909	10	10	1.0	0.0	0.0		2	0.1053	False	TARGET_DOMINATED	TARGET_DOMINATED	TARGET_DOMINATED	TARGET_DOMINATED	False	118;264;119;122;85;82;299;298;89;295
7YXA	A	BRIL	Q9H228	INTERNAL_INSERTION	2.2	fpocket	ORIGINAL	6	0.081	0.009	42.48815384615385	35.775487179487186	-53.8726153846154	9	9	0.0	1.0	0.0		0	0.0	False	FUSION_DOMINATED	FUSION_DOMINATED	FUSION_DOMINATED	FUSION_DOMINATED	True	1024;1025;1016;1015;1019;1032;1028;1029;1020
7YXA	A	BRIL	Q9H228	INTERNAL_INSERTION	2.2	fpocket	ORIGINAL	7	0.076	0.002	17.923235294117646	17.307882352941178	-14.21364705882353	8	8	1.0	0.0	0.0		0	0.0	False	TARGET_DOMINATED	TARGET_DOMINATED	TARGET_DOMINATED	TARGET_DOMINATED	False	253;249;129;256;126;75;78;252
7YXA	A	BRIL	Q9H228	INTERNAL_INSERTION	2.2	fpocket	ORIGINAL	8	0.038	0.052	15.599425000000002	18.044174999999996	11.170924999999999	18	18	1.0	0.0	0.0		13	0.6842	True	TARGET_DOMINATED	TARGET_DOMINATED	TARGET_DOMINATED	TARGET_DOMINATED	False	271;185;267;112;292;111;24;19;108;289;92;186;115;116;187;264;268;119
7YXA	A	BRIL	Q9H228	INTERNAL_INSERTION	2.2	fpocket	ORIGINAL	9	0.037	0.001	28.48944444444444	30.967499999999998	-35.38133333333333	4	4	0.0	1.0	0.0		0	0.0	False	UNASSIGNED	UNASSIGNED	UNASSIGNED	UNASSIGNED	False	1004;1008;1007;1003
7YXA	A	BRIL	Q9H228	INTERNAL_INSERTION	2.2	fpocket	ORIGINAL	10	0.036	0.243	25.163155172413788	25.19036206896551	-42.02044827586205	15	15	0.0	1.0	0.0		0	0.0	False	FUSION_DOMINATED	FUSION_DOMINATED	FUSION_DOMINATED	FUSION_DOMINATED	True	1061;1065;1100;1064;1097;1067;1068;1098;1060;1007;1099;1003;1040;1010;1006
7YXA	A	BRIL	Q9H228	INTERNAL_INSERTION	2.2	fpocket	ORIGINAL	11	0.017	0.0	9.93121621621622	21.68083783783783	19.643864864864867	13	13	1.0	0.0	0.0		4	0.2105	False	TARGET_DOMINATED	TARGET_DOMINATED	TARGET_DOMINATED	TARGET_DOMINATED	False	100;30;27;97;19;28;111;24;289;37;96;286;23
7YXA	A	BRIL	Q9H228	INTERNAL_INSERTION	2.2	fpocket	ORIGINAL	12	0.005	0.02	26.86422580645161	7.362161290322581	-6.9889032258064505	8	8	1.0	0.0	0.0		0	0.0	False	TARGET_DOMINATED	TARGET_DOMINATED	TARGET_DOMINATED	TARGET_DOMINATED	False	127;131;154;128;124;157;161;158
7YXA	A	BRIL	Q9H228	INTERNAL_INSERTION	2.2	fpocket	ORIGINAL	13	0.0	0.0	32.5831875	15.0930625	-19.7750625	5	5	1.0	0.0	0.0		0	0.0	False	TARGET_DOMINATED	TARGET_DOMINATED	TARGET_DOMINATED	TARGET_DOMINATED	False	214;215;218;134;136
7YXA	A	BRIL	Q9H228	INTERNAL_INSERTION	2.2	fpocket	ORIGINAL	14	-0.001	0.002	27.493913043478255	21.805652173913046	-30.134478260869564	9	9	0.6667	0.3333	0.0		0	0.0	False	TARGET_DOMINATED	INTERFACE	INTERFACE	INTERFACE	True	222;219;246;245;1003;1043;247;1061;223
7YXA	A	BRIL	Q9H228	INTERNAL_INSERTION	2.2	fpocket	ORIGINAL	15	-0.009	0.001	10.451	16.573838709677418	32.08609677419355	10	10	1.0	0.0	0.0		0	0.0	False	TARGET_DOMINATED	TARGET_DOMINATED	TARGET_DOMINATED	TARGET_DOMINATED	False	20;17;7;8;16;25;29;10;101;9
7YXA	A	BRIL	Q9H228	INTERNAL_INSERTION	2.2	fpocket	ORIGINAL	16	-0.012	0.031	24.60760869565217	25.275217391304345	1.2654347826086958	9	9	1.0	0.0	0.0		0	0.0	False	TARGET_DOMINATED	TARGET_DOMINATED	TARGET_DOMINATED	TARGET_DOMINATED	False	266;269;205;202;261;268;265;260;272
7YXA	A	BRIL	Q9H228	INTERNAL_INSERTION	2.2	fpocket	ORIGINAL	17	-0.035	0.005	5.230578947368421	14.571263157894734	-25.487684210526318	7	7	1.0	0.0	0.0		0	0.0	False	TARGET_DOMINATED	TARGET_DOMINATED	TARGET_DOMINATED	TARGET_DOMINATED	False	315;319;316;64;67;312;66
7YXA	A	BRIL	Q9H228	INTERNAL_INSERTION	2.2	fpocket	ORIGINAL	18	-0.045	0.027	1.9132258064516126	19.1351935483871	-11.092419354838707	10	10	1.0	0.0	0.0		0	0.0	False	TARGET_DOMINATED	TARGET_DOMINATED	TARGET_DOMINATED	TARGET_DOMINATED	False	52;53;49;56;317;321;303;307;304;57
7YXA	A	BRIL	Q9H228	INTERNAL_INSERTION	2.2	fpocket	ORIGINAL	19	-0.051	0.0	26.0287619047619	12.720047619047621	-42.40657142857144	6	6	0.0	1.0	0.0		0	0.0	False	FUSION_DOMINATED	FUSION_DOMINATED	FUSION_DOMINATED	FUSION_DOMINATED	True	1062;1063;1066;1041;1042;1058
7YXA	A	BRIL	Q9H228	INTERNAL_INSERTION	2.2	fpocket	ORIGINAL	20	-0.056	0.002	2.2638249999999998	15.485024999999997	27.163725	11	11	1.0	0.0	0.0		0	0.0	False	TARGET_DOMINATED	TARGET_DOMINATED	TARGET_DOMINATED	TARGET_DOMINATED	False	98;31;33;102;32;30;10;11;101;28;29
7YXA	A	BRIL	Q9H228	INTERNAL_INSERTION	2.2	fpocket	ORIGINAL	21	-0.058	0.0	27.289210526315788	6.415105263157895	-17.959105263157895	8	8	1.0	0.0	0.0		0	0.0	False	TARGET_DOMINATED	TARGET_DOMINATED	TARGET_DOMINATED	TARGET_DOMINATED	False	147;150;132;151;154;131;135;134
7YXA	A	BRIL	Q9H228	INTERNAL_INSERTION	2.2	fpocket	ORIGINAL	22	-0.068	0.002	15.937315789473686	8.984157894736844	32.106	5	5	1.0	0.0	0.0		0	0.0	False	TARGET_DOMINATED	TARGET_DOMINATED	TARGET_DOMINATED	TARGET_DOMINATED	False	13;17;6;14;7
7YXA	A	BRIL	Q9H228	INTERNAL_INSERTION	2.2	fpocket	ORIGINAL	23	-0.073	0.04	27.217639999999996	7.266640000000001	3.2925999999999997	10	10	1.0	0.0	0.0		0	0.0	False	TARGET_DOMINATED	TARGET_DOMINATED	TARGET_DOMINATED	TARGET_DOMINATED	False	196;165;200;161;164;204;201;120;124;168
7YXA	A	BRIL	Q9H228	INTERNAL_INSERTION	2.2	fpocket	ORIGINAL	24	-0.077	0.002	23.028750000000002	30.1494375	10.0814375	6	6	1.0	0.0	0.0		0	0.0	False	TARGET_DOMINATED	TARGET_DOMINATED	TARGET_DOMINATED	TARGET_DOMINATED	False	266;291;269;284;270;273
7YXA	A	BRIL	Q9H228	INTERNAL_INSERTION	2.2	fpocket	ORIGINAL	25	-0.089	0.003	25.058736842105265	26.287263157894735	-12.015263157894736	5	5	1.0	0.0	0.0		0	0.0	False	TARGET_DOMINATED	TARGET_DOMINATED	TARGET_DOMINATED	TARGET_DOMINATED	False	209;212;257;258;254
7YXA	A	BRIL	Q9H228	INTERNAL_INSERTION	2.2	fpocket	ORIGINAL	26	-0.093	0.001	18.27370588235294	18.113352941176473	32.51588235294118	5	5	1.0	0.0	0.0		0	0.0	False	TARGET_DOMINATED	TARGET_DOMINATED	TARGET_DOMINATED	TARGET_DOMINATED	False	17;20;21;7;280
7YXA	A	BRIL	Q9H228	INTERNAL_INSERTION	2.2	fpocket	ORIGINAL	27	-0.124	0.0	28.518	16.377235294117646	-24.574235294117646	8	8	1.0	0.0	0.0		0	0.0	False	TARGET_DOMINATED	TARGET_DOMINATED	TARGET_DOMINATED	TARGET_DOMINATED	False	136;247;218;222;215;133;135;219
7YXA	A	BRIL	Q9H228	INTERNAL_INSERTION	2.2	fpocket	ORIGINAL	28	-0.125	0.019	13.698272727272725	4.8998181818181825	7.844363636363638	11	11	1.0	0.0	0.0		0	0.0	False	TARGET_DOMINATED	TARGET_DOMINATED	TARGET_DOMINATED	TARGET_DOMINATED	False	110;170;106;166;167;109;113;114;84;117;163
7YXA	A	BRIL	Q9H228	INTERNAL_INSERTION	2.2	fpocket	REMOVED	1	0.19	0.689	8.208622448979591	19.742693877551016	9.793622448979592	19	19	1.0	0.0	0.0	40.45	12	0.6316	True	TARGET_DOMINATED	TARGET_DOMINATED	TARGET_DOMINATED	TARGET_DOMINATED	False	292;293;296;43;93;40;37;289;267;264;115;295;89;112;92;96;39;97;36
7YXA	A	BRIL	Q9H228	INTERNAL_INSERTION	2.2	fpocket	REMOVED	2	0.128	0.229	14.429269841269846	4.4085396825396845	-15.09134920634921	17	17	1.0	0.0	0.0	25.94	0	0.0	False	TARGET_DOMINATED	TARGET_DOMINATED	TARGET_DOMINATED	TARGET_DOMINATED	False	73;152;148;77;76;80;155;159;69;68;67;58;62;61;72;151;70
7YXA	A	BRIL	Q9H228	INTERNAL_INSERTION	2.2	fpocket	REMOVED	3	0.127	0.008	20.042959999999997	26.668000000000003	23.280199999999994	8	8	1.0	0.0	0.0	50.7	0	0.0	False	TARGET_DOMINATED	TARGET_DOMINATED	TARGET_DOMINATED	TARGET_DOMINATED	False	282;184;280;285;283;22;286;278
7YXA	A	BRIL	Q9H228	INTERNAL_INSERTION	2.2	fpocket	REMOVED	4	0.107	0.0	14.162181818181818	16.794863636363637	-0.2404090909090909	10	10	1.0	0.0	0.0	29.85	2	0.1053	False	TARGET_DOMINATED	TARGET_DOMINATED	TARGET_DOMINATED	TARGET_DOMINATED	False	298;264;299;118;89;85;119;295;122;82
7YXA	A	BRIL	Q9H228	INTERNAL_INSERTION	2.2	fpocket	REMOVED	5	0.076	0.002	17.923235294117646	17.307882352941174	-14.213647058823529	8	8	1.0	0.0	0.0	16.35	0	0.0	False	TARGET_DOMINATED	TARGET_DOMINATED	TARGET_DOMINATED	TARGET_DOMINATED	False	256;253;75;252;249;129;126;78
7YXA	A	BRIL	Q9H228	INTERNAL_INSERTION	2.2	fpocket	REMOVED	6	0.038	0.052	15.599425000000002	18.044175000000003	11.170925000000002	18	18	1.0	0.0	0.0	39.94	13	0.6842	True	TARGET_DOMINATED	TARGET_DOMINATED	TARGET_DOMINATED	TARGET_DOMINATED	False	267;271;186;116;264;115;268;112;289;292;24;185;119;19;111;108;187;92
7YXA	A	BRIL	Q9H228	INTERNAL_INSERTION	2.2	fpocket	REMOVED	7	0.017	0.0	9.931216216216217	21.680837837837835	19.643864864864863	13	13	1.0	0.0	0.0	48.95	4	0.2105	False	TARGET_DOMINATED	TARGET_DOMINATED	TARGET_DOMINATED	TARGET_DOMINATED	False	27;23;24;30;100;97;28;37;96;289;19;286;111
7YXA	A	BRIL	Q9H228	INTERNAL_INSERTION	2.2	fpocket	REMOVED	8	0.005	0.02	26.86422580645161	7.36216129032258	-6.9889032258064505	8	8	1.0	0.0	0.0	27.48	0	0.0	False	TARGET_DOMINATED	TARGET_DOMINATED	TARGET_DOMINATED	TARGET_DOMINATED	False	161;124;158;157;128;127;154;131
7YXA	A	BRIL	Q9H228	INTERNAL_INSERTION	2.2	fpocket	REMOVED	9	0.0	0.0	32.5831875	15.0930625	-19.775062500000004	5	5	1.0	0.0	0.0	15.17	0	0.0	False	TARGET_DOMINATED	TARGET_DOMINATED	TARGET_DOMINATED	TARGET_DOMINATED	False	134;218;214;215;136
7YXA	A	BRIL	Q9H228	INTERNAL_INSERTION	2.2	fpocket	REMOVED	10	-0.009	0.001	10.451	16.57383870967742	32.08609677419355	10	10	1.0	0.0	0.0	61.41	0	0.0	False	TARGET_DOMINATED	TARGET_DOMINATED	TARGET_DOMINATED	TARGET_DOMINATED	False	17;7;20;16;29;10;8;25;9;101
7YXA	A	BRIL	Q9H228	INTERNAL_INSERTION	2.2	fpocket	REMOVED	11	-0.012	0.031	24.607608695652175	25.27521739130435	1.2654347826086956	9	9	1.0	0.0	0.0	28.6	0	0.0	False	TARGET_DOMINATED	TARGET_DOMINATED	TARGET_DOMINATED	TARGET_DOMINATED	False	202;265;268;269;261;260;266;272;205
7YXA	A	BRIL	Q9H228	INTERNAL_INSERTION	2.2	fpocket	REMOVED	12	-0.035	0.005	5.230578947368421	14.571263157894734	-25.48768421052632	7	7	1.0	0.0	0.0	21.17	0	0.0	False	TARGET_DOMINATED	TARGET_DOMINATED	TARGET_DOMINATED	TARGET_DOMINATED	False	312;66;64;67;315;316;319
7YXA	A	BRIL	Q9H228	INTERNAL_INSERTION	2.2	fpocket	REMOVED	13	-0.045	0.027	1.9132258064516128	19.135193548387093	-11.092419354838707	10	10	1.0	0.0	0.0	27.55	0	0.0	False	TARGET_DOMINATED	TARGET_DOMINATED	TARGET_DOMINATED	TARGET_DOMINATED	False	304;307;303;53;317;57;52;49;321;56
7YXA	A	BRIL	Q9H228	INTERNAL_INSERTION	2.2	fpocket	REMOVED	14	-0.056	0.002	2.2638249999999998	15.485024999999998	27.163725000000007	11	11	1.0	0.0	0.0	59.23	0	0.0	False	TARGET_DOMINATED	TARGET_DOMINATED	TARGET_DOMINATED	TARGET_DOMINATED	False	102;11;10;31;98;33;30;101;29;32;28
7YXA	A	BRIL	Q9H228	INTERNAL_INSERTION	2.2	fpocket	REMOVED	15	-0.058	0.0	27.289210526315788	6.415105263157895	-17.959105263157895	8	8	1.0	0.0	0.0	21.64	0	0.0	False	TARGET_DOMINATED	TARGET_DOMINATED	TARGET_DOMINATED	TARGET_DOMINATED	False	151;150;154;132;147;135;134;131
7YXA	A	BRIL	Q9H228	INTERNAL_INSERTION	2.2	fpocket	REMOVED	16	-0.068	0.002	15.937315789473683	8.984157894736843	32.106	5	5	1.0	0.0	0.0	62.1	0	0.0	False	TARGET_DOMINATED	TARGET_DOMINATED	TARGET_DOMINATED	TARGET_DOMINATED	False	13;6;17;7;14
7YXA	A	BRIL	Q9H228	INTERNAL_INSERTION	2.2	fpocket	REMOVED	17	-0.073	0.04	27.217639999999996	7.26664	3.2925999999999997	10	10	1.0	0.0	0.0	35.85	0	0.0	False	TARGET_DOMINATED	TARGET_DOMINATED	TARGET_DOMINATED	TARGET_DOMINATED	False	124;204;161;196;165;164;168;200;201;120
7YXA	A	BRIL	Q9H228	INTERNAL_INSERTION	2.2	fpocket	REMOVED	18	-0.077	0.002	23.028750000000002	30.149437499999998	10.0814375	6	6	1.0	0.0	0.0	37.67	0	0.0	False	TARGET_DOMINATED	TARGET_DOMINATED	TARGET_DOMINATED	TARGET_DOMINATED	False	273;269;270;284;266;291
7YXA	A	BRIL	Q9H228	INTERNAL_INSERTION	2.2	fpocket	REMOVED	19	-0.089	0.003	25.058736842105265	26.287263157894735	-12.015263157894735	5	5	1.0	0.0	0.0	15.41	0	0.0	False	TARGET_DOMINATED	TARGET_DOMINATED	TARGET_DOMINATED	TARGET_DOMINATED	False	258;212;254;209;257
7YXA	A	BRIL	Q9H228	INTERNAL_INSERTION	2.2	fpocket	REMOVED	20	-0.093	0.001	18.273705882352942	18.113352941176466	32.51588235294117	5	5	1.0	0.0	0.0	60.48	0	0.0	False	TARGET_DOMINATED	TARGET_DOMINATED	TARGET_DOMINATED	TARGET_DOMINATED	False	21;17;20;280;7
7YXA	A	BRIL	Q9H228	INTERNAL_INSERTION	2.2	fpocket	REMOVED	21	-0.124	0.0	28.518	16.377235294117646	-24.57423529411765	8	8	1.0	0.0	0.0	10.89	0	0.0	False	TARGET_DOMINATED	TARGET_DOMINATED	TARGET_DOMINATED	TARGET_DOMINATED	False	218;219;222;136;247;135;133;215
7YXA	A	BRIL	Q9H228	INTERNAL_INSERTION	2.2	fpocket	REMOVED	22	-0.125	0.019	13.698272727272728	4.8998181818181825	7.844363636363638	11	11	1.0	0.0	0.0	41.86	0	0.0	False	TARGET_DOMINATED	TARGET_DOMINATED	TARGET_DOMINATED	TARGET_DOMINATED	False	110;170;167;117;84;109;166;113;163;106;114
7ZL9	A	BRIL	Q8TDS4	TERMINAL_C	2.7	fpocket	ORIGINAL	1	0.13	0.589	12.762999999999998	117.05068292682925	173.79326829268297	11	11	0.0909	0.9091	0.0		0		False	FUSION_DOMINATED	FUSION_DOMINATED	FUSION_DOMINATED	FUSION_DOMINATED	True	1003;1105;1106;1043;1040;1007;1006;222;1010;1065;1102
7ZL9	A	BRIL	Q8TDS4	TERMINAL_C	2.7	fpocket	ORIGINAL	2	0.109	0.114	31.52755172413793	92.07341379310344	180.81672413793106	10	10	1.0	0.0	0.0		0		False	TARGET_DOMINATED	TARGET_DOMINATED	TARGET_DOMINATED	TARGET_DOMINATED	False	301;48;47;51;44;305;291;294;295;292
7ZL9	A	BRIL	Q8TDS4	TERMINAL_C	2.7	fpocket	ORIGINAL	3	0.08	0.044	13.95426666666667	57.736966666666646	186.45163333333332	8	8	1.0	0.0	0.0		0		False	TARGET_DOMINATED	TARGET_DOMINATED	TARGET_DOMINATED	TARGET_DOMINATED	False	19;269;263;258;254;273;183;182
7ZL9	A	BRIL	Q8TDS4	TERMINAL_C	2.7	fpocket	ORIGINAL	4	0.032	0.006	4.0553125	87.39443750000001	189.73775	5	5	1.0	0.0	0.0		0		False	TARGET_DOMINATED	TARGET_DOMINATED	TARGET_DOMINATED	TARGET_DOMINATED	False	203;206;202;199;198
7ZL9	A	BRIL	Q8TDS4	TERMINAL_C	2.7	fpocket	ORIGINAL	5	0.013	0.199	24.46547826086956	54.92543478260868	188.7911956521739	15	15	1.0	0.0	0.0		0		False	TARGET_DOMINATED	TARGET_DOMINATED	TARGET_DOMINATED	TARGET_DOMINATED	False	90;176;171;174;12;14;91;11;15;20;18;22;180;169;175
7ZL9	A	BRIL	Q8TDS4	TERMINAL_C	2.7	fpocket	ORIGINAL	6	0.012	0.001	29.346	60.10713333333333	181.33713333333333	7	7	1.0	0.0	0.0		0		False	TARGET_DOMINATED	TARGET_DOMINATED	TARGET_DOMINATED	TARGET_DOMINATED	False	91;22;90;27;26;23;87
7ZL9	A	BRIL	Q8TDS4	TERMINAL_C	2.7	fpocket	ORIGINAL	7	0.004	0.014	27.3085	92.8684	199.90405000000004	8	8	1.0	0.0	0.0		0		False	TARGET_DOMINATED	TARGET_DOMINATED	TARGET_DOMINATED	TARGET_DOMINATED	False	152;149;148;68;145;64;67;59
7ZL9	A	BRIL	Q8TDS4	TERMINAL_C	2.7	fpocket	ORIGINAL	8	-0.01	0.18	21.5094347826087	90.03239130434783	207.34665217391304	6	6	1.0	0.0	0.0		0		False	TARGET_DOMINATED	TARGET_DOMINATED	TARGET_DOMINATED	TARGET_DOMINATED	False	145;146;149;150;153;154
7ZL9	A	BRIL	Q8TDS4	TERMINAL_C	2.7	fpocket	ORIGINAL	9	-0.012	0.004	9.204526315789474	111.41152631578947	180.52047368421051	9	9	0.1111	0.8889	0.0		0		False	FUSION_DOMINATED	FUSION_DOMINATED	MIXED	FUSION_DOMINATED	True	218;1043;1002;1045;1042;1046;1044;1003;1047
7ZL9	A	BRIL	Q8TDS4	TERMINAL_C	2.7	fpocket	ORIGINAL	10	-0.021	0.739	13.700135135135135	95.15054054054056	195.67789189189185	9	9	1.0	0.0	0.0		0		False	TARGET_DOMINATED	TARGET_DOMINATED	TARGET_DOMINATED	TARGET_DOMINATED	False	136;123;139;120;119;127;147;65;124
7ZL9	A	BRIL	Q8TDS4	TERMINAL_C	2.7	fpocket	ORIGINAL	11	-0.034	0.0	4.13909090909091	113.74454545454546	176.3953636363636	6	6	0.0	1.0	0.0		0		False	FUSION_DOMINATED	FUSION_DOMINATED	FUSION_DOMINATED	FUSION_DOMINATED	True	1042;1039;1043;1002;1006;1005
7ZL9	A	BRIL	Q8TDS4	TERMINAL_C	2.7	fpocket	ORIGINAL	12	-0.047	0.002	2.5924499999999995	102.1534	179.72859999999997	4	4	1.0	0.0	0.0		0		False	UNASSIGNED	UNASSIGNED	UNASSIGNED	UNASSIGNED	False	217;213;210;214
7ZL9	A	BRIL	Q8TDS4	TERMINAL_C	2.7	fpocket	ORIGINAL	13	-0.048	0.657	16.48485714285714	110.54680952380956	170.29733333333337	10	10	0.5	0.5	0.0		0		False	FUSION_DOMINATED	INTERFACE	INTERFACE	INTERFACE	True	223;220;227;1103;219;1003;224;1106;1004;1007
7ZL9	A	BRIL	Q8TDS4	TERMINAL_C	2.7	fpocket	ORIGINAL	14	-0.054	0.024	33.91841176470588	85.78382352941178	195.33882352941174	7	7	1.0	0.0	0.0		0		False	TARGET_DOMINATED	TARGET_DOMINATED	TARGET_DOMINATED	TARGET_DOMINATED	False	78;75;71;74;49;67;70
7ZL9	A	BRIL	Q8TDS4	TERMINAL_C	2.7	fpocket	ORIGINAL	15	-0.063	0.81	3.5546521739130443	64.82019565217392	188.34749999999997	8	8	1.0	0.0	0.0		0		False	TARGET_DOMINATED	TARGET_DOMINATED	TARGET_DOMINATED	TARGET_DOMINATED	False	259;256;258;185;255;186;252;194
7ZL9	A	BRIL	Q8TDS4	TERMINAL_C	2.7	fpocket	ORIGINAL	16	-0.064	0.011	27.226705882352935	83.49352941176473	200.65382352941177	5	5	1.0	0.0	0.0		0		False	TARGET_DOMINATED	TARGET_DOMINATED	TARGET_DOMINATED	TARGET_DOMINATED	False	75;109;71;152;156
7ZL9	A	BRIL	Q8TDS4	TERMINAL_C	2.7	fpocket	ORIGINAL	17	-0.065	0.0	-2.8579375	136.85181249999997	162.1438125	7	7	0.0	1.0	0.0		0		False	FUSION_DOMINATED	FUSION_DOMINATED	FUSION_DOMINATED	FUSION_DOMINATED	True	1023;1082;1080;1024;1022;1079;1027
7ZL9	A	BRIL	Q8TDS4	TERMINAL_C	2.7	fpocket	ORIGINAL	18	-0.069	0.727	23.273373831775704	102.12800934579441	183.651429906542	21	21	0.9524	0.0476	0.0		0		False	TARGET_DOMINATED	TARGET_DOMINATED	TARGET_DOMINATED	TARGET_DOMINATED	False	225;224;299;297;228;221;229;298;128;296;63;125;60;62;66;232;124;121;1048;302;303
7ZL9	A	BRIL	Q8TDS4	TERMINAL_C	2.7	fpocket	ORIGINAL	19	-0.07	0.0	23.58225	55.725958333333345	176.93824999999995	6	6	1.0	0.0	0.0		0		False	TARGET_DOMINATED	TARGET_DOMINATED	TARGET_DOMINATED	TARGET_DOMINATED	False	270;23;22;11;21;24
7ZL9	A	BRIL	Q8TDS4	TERMINAL_C	2.7	fpocket	ORIGINAL	20	-0.083	0.02	10.191714285714287	80.36071428571427	196.5518571428571	9	9	1.0	0.0	0.0		0		False	TARGET_DOMINATED	TARGET_DOMINATED	TARGET_DOMINATED	TARGET_DOMINATED	False	196;192;195;158;116;154;200;199;112
7ZL9	A	BRIL	Q8TDS4	TERMINAL_C	2.7	fpocket	ORIGINAL	21	-0.088	0.003	13.752157894736841	68.14952631578949	193.0035789473684	6	6	1.0	0.0	0.0		0		False	TARGET_DOMINATED	TARGET_DOMINATED	TARGET_DOMINATED	TARGET_DOMINATED	False	181;190;255;193;189;251
7ZL9	A	BRIL	Q8TDS4	TERMINAL_C	2.7	fpocket	ORIGINAL	22	-0.097	0.003	25.049266666666664	74.99473333333334	176.4106	5	5	1.0	0.0	0.0		0		False	TARGET_DOMINATED	TARGET_DOMINATED	TARGET_DOMINATED	TARGET_DOMINATED	False	281;285;282;37;33
7ZL9	A	BRIL	Q8TDS4	TERMINAL_C	2.7	fpocket	ORIGINAL	23	-0.102	0.0	15.648869565217387	106.2399565217391	189.73634782608696	6	6	0.5	0.5	0.0		0		False	FUSION_DOMINATED	INTERFACE	INTERFACE	INTERFACE	True	1046;128;132;1047;1048;137
7ZL9	A	BRIL	Q8TDS4	TERMINAL_C	2.7	fpocket	ORIGINAL	24	-0.132	0.415	34.95770588235295	71.94573529411767	196.5876764705882	7	7	1.0	0.0	0.0		0		False	TARGET_DOMINATED	TARGET_DOMINATED	TARGET_DOMINATED	TARGET_DOMINATED	False	99;82;106;78;102;79;103
7ZL9	A	BRIL	Q8TDS4	TERMINAL_C	2.7	fpocket	ORIGINAL	25	-0.135	0.001	20.421333333333337	111.79793333333332	180.4522666666667	4	4	0.75	0.25	0.0		0		False	UNASSIGNED	UNASSIGNED	UNASSIGNED	UNASSIGNED	False	222;221;225;1105
7ZL9	A	BRIL	Q8TDS4	TERMINAL_C	2.7	fpocket	ORIGINAL	26	-0.218	0.967	20.582245810055856	68.15206145251395	192.4474804469273	37	37	1.0	0.0	0.0		0		False	TARGET_DOMINATED	TARGET_DOMINATED	TARGET_DOMINATED	TARGET_DOMINATED	False	107;111;108;189;190;181;184;179;177;87;83;86;103;91;178;277;192;158;196;251;193;161;284;283;110;176;280;162;104;112;247;276;157;182;20;180;159
7ZL9	A	BRIL	Q8TDS4	TERMINAL_C	2.7	fpocket	ORIGINAL	27	-0.22	0.033	15.043299999999999	120.25697500000004	181.12025	11	11	0.0	1.0	0.0		0		False	FUSION_DOMINATED	FUSION_DOMINATED	FUSION_DOMINATED	FUSION_DOMINATED	True	1063;1062;1066;1041;1044;1061;1065;1105;1058;1040;1043
7ZL9	A	BRIL	Q8TDS4	TERMINAL_C	2.7	fpocket	REMOVED	1	0.109	0.118	31.52755172413794	92.07341379310344	180.81672413793106	10	10	1.0	0.0	0.0	19.02	0		False	TARGET_DOMINATED	TARGET_DOMINATED	TARGET_DOMINATED	TARGET_DOMINATED	False	292;295;291;301;44;305;47;51;294;48
7ZL9	A	BRIL	Q8TDS4	TERMINAL_C	2.7	fpocket	REMOVED	2	0.08	0.045	13.95426666666667	57.736966666666675	186.45163333333338	8	8	1.0	0.0	0.0	56.24	0		False	TARGET_DOMINATED	TARGET_DOMINATED	TARGET_DOMINATED	TARGET_DOMINATED	False	269;19;183;254;182;258;263;273
7ZL9	A	BRIL	Q8TDS4	TERMINAL_C	2.7	fpocket	REMOVED	3	0.032	0.006	4.055312499999999	87.3944375	189.73774999999998	5	5	1.0	0.0	0.0	47.37	0		False	TARGET_DOMINATED	TARGET_DOMINATED	TARGET_DOMINATED	TARGET_DOMINATED	False	199;203;206;202;198
7ZL9	A	BRIL	Q8TDS4	TERMINAL_C	2.7	fpocket	REMOVED	4	0.013	0.207	24.465478260869567	54.92543478260871	188.79119565217388	15	15	1.0	0.0	0.0	53.92	0		False	TARGET_DOMINATED	TARGET_DOMINATED	TARGET_DOMINATED	TARGET_DOMINATED	False	171;12;11;14;18;15;174;176;20;180;90;22;91;175;169
7ZL9	A	BRIL	Q8TDS4	TERMINAL_C	2.7	fpocket	REMOVED	5	0.012	0.001	29.346000000000004	60.10713333333333	181.33713333333336	7	7	1.0	0.0	0.0	45.81	0		False	TARGET_DOMINATED	TARGET_DOMINATED	TARGET_DOMINATED	TARGET_DOMINATED	False	27;22;90;91;26;23;87
7ZL9	A	BRIL	Q8TDS4	TERMINAL_C	2.7	fpocket	REMOVED	6	0.004	0.015	27.3085	92.8684	199.90404999999998	8	8	1.0	0.0	0.0	33.03	0		False	TARGET_DOMINATED	TARGET_DOMINATED	TARGET_DOMINATED	TARGET_DOMINATED	False	68;149;152;64;67;59;148;145
7ZL9	A	BRIL	Q8TDS4	TERMINAL_C	2.7	fpocket	REMOVED	7	-0.01	0.184	21.509434782608697	90.03239130434783	207.34665217391304	6	6	1.0	0.0	0.0	42.88	0		False	TARGET_DOMINATED	TARGET_DOMINATED	TARGET_DOMINATED	TARGET_DOMINATED	False	150;149;153;154;145;146
7ZL9	A	BRIL	Q8TDS4	TERMINAL_C	2.7	fpocket	REMOVED	8	-0.021	0.75	13.700135135135136	95.15054054054058	195.6778918918919	9	9	1.0	0.0	0.0	39.57	0		False	TARGET_DOMINATED	TARGET_DOMINATED	TARGET_DOMINATED	TARGET_DOMINATED	False	123;136;139;65;127;124;147;120;119
7ZL9	A	BRIL	Q8TDS4	TERMINAL_C	2.7	fpocket	REMOVED	9	-0.04	0.005	13.649166666666666	109.67594444444444	175.61177777777777	5	5	1.0	0.0	0.0	33.73	0		False	TARGET_DOMINATED	TARGET_DOMINATED	TARGET_DOMINATED	TARGET_DOMINATED	False	218;219;222;226;223
7ZL9	A	BRIL	Q8TDS4	TERMINAL_C	2.7	fpocket	REMOVED	10	-0.047	0.002	2.5924499999999995	102.1534	179.7286	4	4	1.0	0.0	0.0	44.2	0		False	UNASSIGNED	UNASSIGNED	UNASSIGNED	UNASSIGNED	False	213;214;210;217
7ZL9	A	BRIL	Q8TDS4	TERMINAL_C	2.7	fpocket	REMOVED	11	-0.054	0.025	33.91841176470589	85.78382352941175	195.33882352941177	7	7	1.0	0.0	0.0	29.18	0		False	TARGET_DOMINATED	TARGET_DOMINATED	TARGET_DOMINATED	TARGET_DOMINATED	False	74;71;75;78;70;67;49
7ZL9	A	BRIL	Q8TDS4	TERMINAL_C	2.7	fpocket	REMOVED	12	-0.063	0.818	3.554652173913043	64.82019565217392	188.34749999999997	8	8	1.0	0.0	0.0	58.47	0		False	TARGET_DOMINATED	TARGET_DOMINATED	TARGET_DOMINATED	TARGET_DOMINATED	False	186;259;185;255;256;252;258;194
7ZL9	A	BRIL	Q8TDS4	TERMINAL_C	2.7	fpocket	REMOVED	13	-0.064	0.011	27.226705882352935	83.4935294117647	200.6538235294118	5	5	1.0	0.0	0.0	37.32	0		False	TARGET_DOMINATED	TARGET_DOMINATED	TARGET_DOMINATED	TARGET_DOMINATED	False	152;156;109;71;75
7ZL9	A	BRIL	Q8TDS4	TERMINAL_C	2.7	fpocket	REMOVED	14	-0.07	0.0	23.582250000000002	55.725958333333345	176.93825	6	6	1.0	0.0	0.0	51.74	0		False	TARGET_DOMINATED	TARGET_DOMINATED	TARGET_DOMINATED	TARGET_DOMINATED	False	11;270;22;23;24;21
7ZL9	A	BRIL	Q8TDS4	TERMINAL_C	2.7	fpocket	REMOVED	15	-0.083	0.02	10.191714285714285	80.36071428571428	196.5518571428572	9	9	1.0	0.0	0.0	47.63	0		False	TARGET_DOMINATED	TARGET_DOMINATED	TARGET_DOMINATED	TARGET_DOMINATED	False	196;116;154;158;192;195;199;112;200
7ZL9	A	BRIL	Q8TDS4	TERMINAL_C	2.7	fpocket	REMOVED	16	-0.088	0.003	13.752157894736845	68.14952631578949	193.00357894736845	6	6	1.0	0.0	0.0	50.59	0		False	TARGET_DOMINATED	TARGET_DOMINATED	TARGET_DOMINATED	TARGET_DOMINATED	False	181;190;193;251;189;255
7ZL9	A	BRIL	Q8TDS4	TERMINAL_C	2.7	fpocket	REMOVED	17	-0.097	0.003	25.049266666666664	74.99473333333334	176.41060000000002	5	5	1.0	0.0	0.0	34.58	0		False	TARGET_DOMINATED	TARGET_DOMINATED	TARGET_DOMINATED	TARGET_DOMINATED	False	285;281;282;33;37
7ZL9	A	BRIL	Q8TDS4	TERMINAL_C	2.7	fpocket	REMOVED	18	-0.132	0.428	34.95770588235294	71.94573529411765	196.58767647058824	7	7	1.0	0.0	0.0	39.01	0		False	TARGET_DOMINATED	TARGET_DOMINATED	TARGET_DOMINATED	TARGET_DOMINATED	False	102;82;78;99;106;103;79
7ZL9	A	BRIL	Q8TDS4	TERMINAL_C	2.7	fpocket	REMOVED	19	-0.136	0.603	22.658224137931057	102.22912931034485	183.64591379310343	24	24	1.0	0.0	0.0	25.48	0		False	TARGET_DOMINATED	TARGET_DOMINATED	TARGET_DOMINATED	TARGET_DOMINATED	False	229;222;226;215;225;129;221;299;121;125;124;128;302;303;297;228;63;298;62;60;224;232;296;66
7ZL9	A	BRIL	Q8TDS4	TERMINAL_C	2.7	fpocket	REMOVED	20	-0.218	0.969	20.58224581005586	68.15206145251398	192.44748044692722	37	37	1.0	0.0	0.0	46.24	0		False	TARGET_DOMINATED	TARGET_DOMINATED	TARGET_DOMINATED	TARGET_DOMINATED	False	177;91;178;86;20;182;180;104;284;179;107;276;181;280;87;158;157;189;161;162;108;184;190;251;196;192;83;103;277;193;111;112;176;159;247;283;110
9JRT	A	BRIL	P43116	INTERNAL_INSERTION	3.28	fpocket	ORIGINAL	1	0.184	0.989	112.65233939393934	122.61510909090909	148.2882484848484	36	36	1.0	0.0	0.0		15	0.9375	True	TARGET_DOMINATED	TARGET_DOMINATED	TARGET_DOMINATED	TARGET_DOMINATED	False	382;27;386;31;116;119;186;387;120;384;28;86;32;112;357;124;204;183;19;23;24;22;20;185;385;85;89;123;98;93;82;81;389;353;388;77
9JRT	A	BRIL	P43116	INTERNAL_INSERTION	3.28	fpocket	ORIGINAL	2	0.033	0.001	107.13473333333334	97.09479999999999	100.72286666666668	7	7	0.0	0.8571	0.1429		0	0.0	False	FUSION_DOMINATED	FUSION_DOMINATED	MIXED	FUSION_DOMINATED	True	236;232;288;269;325;329;239
9JRT	A	BRIL	P43116	INTERNAL_INSERTION	3.28	fpocket	ORIGINAL	3	0.018	0.001	103.18161111111112	105.00344444444447	109.67477777777779	7	7	0.1429	0.2857	0.5714		0	0.0	False	LINKER	LINKER	LINKER	LINKER	True	226;230;407;229;336;333;233
9JRT	A	BRIL	P43116	INTERNAL_INSERTION	3.28	fpocket	ORIGINAL	4	-0.002	0.004	115.97377777777774	140.4775185185185	139.0995555555556	9	9	1.0	0.0	0.0		0	0.0	False	TARGET_DOMINATED	TARGET_DOMINATED	TARGET_DOMINATED	TARGET_DOMINATED	False	371;367;366;370;374;376;363;375;362
9JRT	A	BRIL	P43116	INTERNAL_INSERTION	3.28	fpocket	ORIGINAL	5	-0.002	0.001	118.90156896551724	140.27315517241374	148.3386724137931	17	17	1.0	0.0	0.0		0	0.0	False	TARGET_DOMINATED	TARGET_DOMINATED	TARGET_DOMINATED	TARGET_DOMINATED	False	372;16;373;14;368;374;377;182;375;181;369;371;191;363;378;190;179
9JRT	A	BRIL	P43116	INTERNAL_INSERTION	3.28	fpocket	ORIGINAL	6	-0.017	0.002	111.18533333333333	90.92453333333333	80.12413333333333	6	6	0.0	1.0	0.0		0	0.0	False	FUSION_DOMINATED	FUSION_DOMINATED	FUSION_DOMINATED	FUSION_DOMINATED	True	300;303;304;296;299;263
9JRT	A	BRIL	P43116	INTERNAL_INSERTION	3.28	fpocket	ORIGINAL	7	-0.021	0.002	120.82900000000001	102.95746666666666	140.58240000000004	7	7	1.0	0.0	0.0		0	0.0	False	TARGET_DOMINATED	TARGET_DOMINATED	TARGET_DOMINATED	TARGET_DOMINATED	False	154;50;72;73;76;157;43
9JRT	A	BRIL	P43116	INTERNAL_INSERTION	3.28	fpocket	ORIGINAL	8	-0.031	0.001	125.1972962962963	130.029962962963	156.9521851851852	9	9	1.0	0.0	0.0		0	0.0	False	TARGET_DOMINATED	TARGET_DOMINATED	TARGET_DOMINATED	TARGET_DOMINATED	False	15;100;178;106;180;99;109;187;110
9JRT	A	BRIL	P43116	INTERNAL_INSERTION	3.28	fpocket	ORIGINAL	9	-0.038	0.0	96.50704347826085	82.77573913043477	91.97378260869567	6	6	0.0	1.0	0.0		0	0.0	False	FUSION_DOMINATED	FUSION_DOMINATED	FUSION_DOMINATED	FUSION_DOMINATED	True	312;308;247;315;318;311
9JRT	A	BRIL	P43116	INTERNAL_INSERTION	3.28	fpocket	ORIGINAL	10	-0.058	0.0	91.04693333333334	85.26846666666667	84.99919999999999	6	6	0.0	1.0	0.0		0	0.0	False	FUSION_DOMINATED	FUSION_DOMINATED	FUSION_DOMINATED	FUSION_DOMINATED	True	247;248;250;249;311;308
9JRT	A	BRIL	P43116	INTERNAL_INSERTION	3.28	fpocket	ORIGINAL	11	-0.079	0.003	104.08695238095238	105.16238095238097	115.17099999999999	8	8	0.5	0.0	0.5		0	0.0	False	LINKER	LINKER	LINKER	LINKER	True	336;337;406;340;333;229;226;407
9JRT	A	BRIL	P43116	INTERNAL_INSERTION	3.28	fpocket	ORIGINAL	12	-0.086	0.128	127.885447368421	117.14531578947371	150.22755263157896	9	9	1.0	0.0	0.0		1	0.0625	False	TARGET_DOMINATED	TARGET_DOMINATED	TARGET_DOMINATED	TARGET_DOMINATED	False	118;165;114;119;172;115;84;110;111
9JRT	A	BRIL	P43116	INTERNAL_INSERTION	3.28	fpocket	ORIGINAL	13	-0.087	0.0	107.65537499999999	129.235625	163.8255625	8	8	1.0	0.0	0.0		2	0.125	False	TARGET_DOMINATED	TARGET_DOMINATED	TARGET_DOMINATED	TARGET_DOMINATED	False	96;20;23;19;21;95;93;94
9JRT	A	BRIL	P43116	INTERNAL_INSERTION	3.28	fpocket	ORIGINAL	14	-0.096	0.004	108.15312500000003	102.2222083333333	127.10591666666664	15	15	1.0	0.0	0.0		0	0.0	False	TARGET_DOMINATED	TARGET_DOMINATED	TARGET_DOMINATED	TARGET_DOMINATED	False	338;342;400;345;49;341;402;399;68;398;339;65;395;64;48
9JRT	A	BRIL	P43116	INTERNAL_INSERTION	3.28	fpocket	ORIGINAL	15	-0.101	0.001	116.25086363636363	122.49536363636362	165.0937727272727	7	7	1.0	0.0	0.0		0	0.0	False	TARGET_DOMINATED	TARGET_DOMINATED	TARGET_DOMINATED	TARGET_DOMINATED	False	102;95;91;94;88;92;98
9JRT	A	BRIL	P43116	INTERNAL_INSERTION	3.28	fpocket	ORIGINAL	16	-0.107	0.0	98.04470588235297	109.92164705882352	129.58552941176472	6	6	1.0	0.0	0.0		0	0.0	False	TARGET_DOMINATED	TARGET_DOMINATED	TARGET_DOMINATED	TARGET_DOMINATED	False	404;405;401;397;402;399
9JRT	A	BRIL	P43116	INTERNAL_INSERTION	3.28	fpocket	ORIGINAL	17	-0.129	0.02	128.73404761904763	120.89504761904763	132.71995238095238	9	9	1.0	0.0	0.0		0	0.0	False	TARGET_DOMINATED	TARGET_DOMINATED	TARGET_DOMINATED	TARGET_DOMINATED	False	206;207;210;167;163;203;121;128;125
9JRT	A	BRIL	P43116	INTERNAL_INSERTION	3.28	fpocket	ORIGINAL	18	-0.136	0.002	115.4731	99.4978	140.22154999999995	5	5	1.0	0.0	0.0		0	0.0	False	TARGET_DOMINATED	TARGET_DOMINATED	TARGET_DOMINATED	TARGET_DOMINATED	False	72;50;43;47;46
9JRT	A	BRIL	P43116	INTERNAL_INSERTION	3.28	fpocket	ORIGINAL	19	-0.149	0.0	128.74717647058822	142.8285294117647	142.25935294117645	6	6	1.0	0.0	0.0		0	0.0	False	TARGET_DOMINATED	TARGET_DOMINATED	TARGET_DOMINATED	TARGET_DOMINATED	False	367;192;193;191;368;369
9JRT	A	BRIL	P43116	INTERNAL_INSERTION	3.28	fpocket	ORIGINAL	20	-0.176	0.01	125.83225925925927	106.1126666666667	128.1178888888889	11	11	1.0	0.0	0.0		0	0.0	False	TARGET_DOMINATED	TARGET_DOMINATED	TARGET_DOMINATED	TARGET_DOMINATED	False	129;132;156;70;133;136;152;153;148;66;149
9JRT	A	BRIL	P43116	INTERNAL_INSERTION	3.28	fpocket	ORIGINAL	21	-0.341	0.001	121.6462419354839	101.62282258064518	121.62325806451612	15	15	0.9333	0.0	0.0667		0	0.0	False	TARGET_DOMINATED	TARGET_DOMINATED	TARGET_DOMINATED	TARGET_DOMINATED	False	144;335;338;339;133;136;66;134;137;65;143;148;147;145;146
9JRT	A	BRIL	P43116	INTERNAL_INSERTION	3.28	fpocket	ORIGINAL	22	-0.477	0.023	114.3449319727891	102.77874829931973	109.10648979591836	28	28	0.3214	0.4286	0.25		0	0.0	False	INTERFACE	INTERFACE	INTERFACE	INTERFACE	True	331;335;280;144;271;228;268;231;328;285;281;332;336;224;221;225;339;137;279;278;232;269;138;229;222;284;145;141
9JRT	A	BRIL	P43116	INTERNAL_INSERTION	3.28	fpocket	REMOVED	1	0.184	0.989	112.65233939393941	122.61510909090909	148.28824848484854	36	36	1.0	0.0	0.0	36.21	15	0.9375	True	TARGET_DOMINATED	TARGET_DOMINATED	TARGET_DOMINATED	TARGET_DOMINATED	False	86;28;31;382;386;27;24;389;32;85;385;23;82;186;20;22;116;384;388;81;77;119;124;120;387;353;357;204;112;123;89;183;185;98;19;93
9JRT	A	BRIL	P43116	INTERNAL_INSERTION	3.28	fpocket	REMOVED	2	-0.002	0.004	115.97377777777776	140.4775185185185	139.09955555555553	9	9	1.0	0.0	0.0	41.93	0	0.0	False	TARGET_DOMINATED	TARGET_DOMINATED	TARGET_DOMINATED	TARGET_DOMINATED	False	371;366;376;362;370;375;367;374;363
9JRT	A	BRIL	P43116	INTERNAL_INSERTION	3.28	fpocket	REMOVED	3	-0.002	0.001	118.90156896551726	140.27315517241374	148.33867241379315	17	17	1.0	0.0	0.0	49.22	0	0.0	False	TARGET_DOMINATED	TARGET_DOMINATED	TARGET_DOMINATED	TARGET_DOMINATED	False	16;373;372;181;363;374;190;179;14;368;369;371;377;182;378;375;191
9JRT	A	BRIL	P43116	INTERNAL_INSERTION	3.28	fpocket	REMOVED	4	-0.021	0.002	120.82900000000001	102.95746666666666	140.58239999999998	7	7	1.0	0.0	0.0	26.4	0	0.0	False	TARGET_DOMINATED	TARGET_DOMINATED	TARGET_DOMINATED	TARGET_DOMINATED	False	154;157;73;50;72;76;43
9JRT	A	BRIL	P43116	INTERNAL_INSERTION	3.28	fpocket	REMOVED	5	-0.031	0.001	125.1972962962963	130.02996296296297	156.95218518518516	9	9	1.0	0.0	0.0	50.55	0	0.0	False	TARGET_DOMINATED	TARGET_DOMINATED	TARGET_DOMINATED	TARGET_DOMINATED	False	178;106;109;110;180;100;15;99;187
9JRT	A	BRIL	P43116	INTERNAL_INSERTION	3.28	fpocket	REMOVED	6	-0.086	0.128	127.88544736842105	117.14531578947368	150.22755263157893	9	9	1.0	0.0	0.0	40.77	1	0.0625	False	TARGET_DOMINATED	TARGET_DOMINATED	TARGET_DOMINATED	TARGET_DOMINATED	False	118;165;114;119;115;84;111;172;110
9JRT	A	BRIL	P43116	INTERNAL_INSERTION	3.28	fpocket	REMOVED	7	-0.087	0.0	107.65537500000002	129.235625	163.8255625	8	8	1.0	0.0	0.0	52.45	2	0.125	False	TARGET_DOMINATED	TARGET_DOMINATED	TARGET_DOMINATED	TARGET_DOMINATED	False	23;93;21;94;95;96;20;19
9JRT	A	BRIL	P43116	INTERNAL_INSERTION	3.28	fpocket	REMOVED	8	-0.096	0.004	108.15312500000003	102.22220833333331	127.10591666666666	15	15	1.0	0.0	0.0	9.01	0	0.0	False	TARGET_DOMINATED	TARGET_DOMINATED	TARGET_DOMINATED	TARGET_DOMINATED	False	64;65;342;338;339;341;400;68;49;345;395;398;399;402;48
9JRT	A	BRIL	P43116	INTERNAL_INSERTION	3.28	fpocket	REMOVED	9	-0.101	0.001	116.25086363636365	122.49536363636366	165.09377272727272	7	7	1.0	0.0	0.0	51.51	0	0.0	False	TARGET_DOMINATED	TARGET_DOMINATED	TARGET_DOMINATED	TARGET_DOMINATED	False	91;102;92;88;95;94;98
9JRT	A	BRIL	P43116	INTERNAL_INSERTION	3.28	fpocket	REMOVED	10	-0.107	0.0	98.04470588235293	109.92164705882352	129.58552941176472	6	6	1.0	0.0	0.0	15.74	0	0.0	False	TARGET_DOMINATED	TARGET_DOMINATED	TARGET_DOMINATED	TARGET_DOMINATED	False	404;405;397;401;402;399
9JRT	A	BRIL	P43116	INTERNAL_INSERTION	3.28	fpocket	REMOVED	11	-0.129	0.02	128.73404761904763	120.89504761904763	132.7199523809524	9	9	1.0	0.0	0.0	30.53	0	0.0	False	TARGET_DOMINATED	TARGET_DOMINATED	TARGET_DOMINATED	TARGET_DOMINATED	False	203;167;163;121;125;207;128;210;206
9JRT	A	BRIL	P43116	INTERNAL_INSERTION	3.28	fpocket	REMOVED	12	-0.136	0.002	115.47309999999997	99.49779999999998	140.22155000000004	5	5	1.0	0.0	0.0	23.93	0	0.0	False	TARGET_DOMINATED	TARGET_DOMINATED	TARGET_DOMINATED	TARGET_DOMINATED	False	72;50;43;46;47
9JRT	A	BRIL	P43116	INTERNAL_INSERTION	3.28	fpocket	REMOVED	13	-0.149	0.0	128.74717647058822	142.82852941176472	142.25935294117647	6	6	1.0	0.0	0.0	48.6	0	0.0	False	TARGET_DOMINATED	TARGET_DOMINATED	TARGET_DOMINATED	TARGET_DOMINATED	False	192;193;367;191;369;368
9JRT	A	BRIL	P43116	INTERNAL_INSERTION	3.28	fpocket	REMOVED	14	-0.176	0.01	125.83225925925926	106.11266666666667	128.1178888888889	11	11	1.0	0.0	0.0	21.69	0	0.0	False	TARGET_DOMINATED	TARGET_DOMINATED	TARGET_DOMINATED	TARGET_DOMINATED	False	70;129;156;66;132;133;136;153;152;148;149
9JRT	A	BRIL	P43116	INTERNAL_INSERTION	3.28	fpocket	REMOVED	15	-0.277	0.0	120.5806823529412	101.98102352941177	119.80158823529408	16	16	1.0	0.0	0.0	14.0	0	0.0	False	TARGET_DOMINATED	TARGET_DOMINATED	TARGET_DOMINATED	TARGET_DOMINATED	False	141;144;145;339;137;138;146;148;143;147;338;65;133;136;134;66
3N94	A	MBP	P41586	TERMINAL_N	1.8	p2rank	ORIGINAL	1	34.08	0.949	4.0198	2.292	-9.9964	24	24	0.0417	0.9583	0.0		0		False	FUSION_DOMINATED	FUSION_DOMINATED	FUSION_DOMINATED	FUSION_DOMINATED	True	-11;-118;-138;-18;-192;-193;-195;-198;-237;-282;-283;-285;-286;-303;-304;-306;-333;-334;-336;-4;-7;-8;-86;60
3N94	A	MBP	P41586	TERMINAL_N	1.8	p2rank	ORIGINAL	2	10.21	0.549	0.99	16.8865	-4.5859	12	12	0.5	0.5	0.0		0		False	FUSION_DOMINATED	INTERFACE	INTERFACE	INTERFACE	True	-3;-4;-7;0;1;105;108;109;110;6;61;81
3N94	A	MBP	P41586	TERMINAL_N	1.8	p2rank	ORIGINAL	3	4.43	0.187	14.5611	-6.521	-22.8855	9	9	0.0	1.0	0.0		0		False	FUSION_DOMINATED	FUSION_DOMINATED	FUSION_DOMINATED	FUSION_DOMINATED	True	-23;-238;-24;-255;-256;-258;-27;-28;-47
3N94	A	MBP	P41586	TERMINAL_N	1.8	p2rank	ORIGINAL	4	4.04	0.162	12.4844	6.6981	-0.9475	15	15	0.2667	0.6667	0.0667		0		False	FUSION_DOMINATED	INTERFACE	INTERFACE	INTERFACE	True	-11;-14;-275;-278;-279;-282;-299;-300;-303;-304;24;27;28;31;60
3N94	A	MBP	P41586	TERMINAL_N	1.8	p2rank	ORIGINAL	5	2.46	0.067	22.1095	3.2063	-15.0691	14	14	0.0	1.0	0.0		0		False	FUSION_DOMINATED	FUSION_DOMINATED	FUSION_DOMINATED	FUSION_DOMINATED	True	-15;-16;-17;-172;-173;-174;-177;-18;-19;-248;-249;-250;-252;-253
3OAI	A	MBP	P25189	TERMINAL_N	2.1	p2rank	ORIGINAL	1	29.19	0.929	-9.9984	-4.9297	51.1234	22	22	0.0	1.0	0.0		0		False	FUSION_DOMINATED	FUSION_DOMINATED	FUSION_DOMINATED	FUSION_DOMINATED	True	111;12;14;15;150;153;155;156;210;230;330;337;340;341;344;42;44;45;62;63;65;66
3OAI	A	MBP	P25189	TERMINAL_N	2.1	p2rank	ORIGINAL	2	3.16	0.108	-1.0401	-9.1243	64.543	16	16	0.0	1.0	0.0		0		False	FUSION_DOMINATED	FUSION_DOMINATED	FUSION_DOMINATED	FUSION_DOMINATED	True	158;162;165;166;167;168;169;170;171;176;256;258;327;328;329;331
3OAI	A	MBP	P25189	TERMINAL_N	2.1	p2rank	ORIGINAL	3	3.13	0.106	-3.8851	-19.5276	57.4203	7	7	0.0	1.0	0.0		0		False	FUSION_DOMINATED	FUSION_DOMINATED	FUSION_DOMINATED	FUSION_DOMINATED	True	259;321;324;325;328;329;92
3OAI	A	MBP	P25189	TERMINAL_N	2.1	p2rank	ORIGINAL	4	2.12	0.049	-11.011	-14.0276	67.2269	12	12	0.0	1.0	0.0		0		False	FUSION_DOMINATED	FUSION_DOMINATED	FUSION_DOMINATED	FUSION_DOMINATED	True	100;171;174;176;329;330;331;332;333;95;98;99
3OAI	A	MBP	P25189	TERMINAL_N	2.1	p2rank	ORIGINAL	5	2.03	0.044	-4.582	-22.5785	39.8782	10	10	0.0	1.0	0.0		0		False	FUSION_DOMINATED	FUSION_DOMINATED	FUSION_DOMINATED	FUSION_DOMINATED	True	232;236;294;295;298;300;311;314;316;317
3OAI	A	MBP	P25189	TERMINAL_N	2.1	p2rank	ORIGINAL	6	1.93	0.039	-18.5288	-2.5688	60.1735	11	11	0.0	1.0	0.0		0		False	FUSION_DOMINATED	FUSION_DOMINATED	FUSION_DOMINATED	FUSION_DOMINATED	True	334;337;44;45;48;65;66;69;70;73;75
3OAI	A	MBP	P25189	TERMINAL_N	2.1	p2rank	ORIGINAL	7	1.72	0.03	-2.6473	16.7286	63.8892	8	8	0.625	0.375	0.0		0		False	TARGET_DOMINATED	INTERFACE	INTERFACE	INTERFACE	True	1025;1026;1028;1078;1079;355;359;363
3OAI	A	MBP	P25189	TERMINAL_N	2.1	p2rank	ORIGINAL	8	1.27	0.013	6.2097	4.5952	38.807	8	8	0.0	1.0	0.0		0		False	FUSION_DOMINATED	FUSION_DOMINATED	FUSION_DOMINATED	FUSION_DOMINATED	True	140;145;148;202;203;204;205;221
3ODU	A	T4L	P61073	INTERNAL_INSERTION	2.5	p2rank	ORIGINAL	1	37.33	0.958	17.5716	-7.5994	66.8093	40	40	1.0	0.0	0.0		12	1.0	True	TARGET_DOMINATED	TARGET_DOMINATED	TARGET_DOMINATED	TARGET_DOMINATED	False	102;112;113;116;117;120;167;170;171;183;185;186;187;188;190;196;199;200;202;203;204;207;208;248;252;255;256;259;281;284;285;288;32;33;37;41;45;94;97;98
3ODU	A	T4L	P61073	INTERNAL_INSERTION	2.5	p2rank	ORIGINAL	2	3.04	0.101	14.5243	-10.9094	34.4157	12	12	1.0	0.0	0.0		0	0.0	False	TARGET_DOMINATED	TARGET_DOMINATED	TARGET_DOMINATED	TARGET_DOMINATED	False	133;134;137;148;234;236;237;240;71;72;73;74
3ODU	A	T4L	P61073	INTERNAL_INSERTION	2.5	p2rank	ORIGINAL	3	2.84	0.089	4.4031	-11.3062	50.3545	9	9	1.0	0.0	0.0		0	0.0	False	TARGET_DOMINATED	TARGET_DOMINATED	TARGET_DOMINATED	TARGET_DOMINATED	False	208;212;215;216;219;242;245;246;249
3ODU	A	T4L	P61073	INTERNAL_INSERTION	2.5	p2rank	ORIGINAL	4	2.39	0.063	11.0049	2.3314	51.6782	9	9	1.0	0.0	0.0		0	0.0	False	TARGET_DOMINATED	TARGET_DOMINATED	TARGET_DOMINATED	TARGET_DOMINATED	False	121;125;159;160;163;164;167;206;210
3ODU	A	T4L	P61073	INTERNAL_INSERTION	2.5	p2rank	ORIGINAL	5	1.17	0.01	-3.8193	1.9711	9.9482	6	6	0.0	1.0	0.0		0	0.0	False	FUSION_DOMINATED	FUSION_DOMINATED	FUSION_DOMINATED	FUSION_DOMINATED	True	1011;1029;1030;1032;1070;1104
3ODU	A	T4L	P61073	INTERNAL_INSERTION	2.5	p2rank	REMOVED	1	37.33	0.958	17.5716	-7.5994	66.8093	40	40	1.0	0.0	0.0	42.52	12	1.0	True	TARGET_DOMINATED	TARGET_DOMINATED	TARGET_DOMINATED	TARGET_DOMINATED	False	102;112;113;116;117;120;167;170;171;183;185;186;187;188;190;196;199;200;202;203;204;207;208;248;252;255;256;259;281;284;285;288;32;33;37;41;45;94;97;98
3ODU	A	T4L	P61073	INTERNAL_INSERTION	2.5	p2rank	REMOVED	2	3.03	0.1	14.5243	-10.9094	34.4157	12	12	1.0	0.0	0.0	11.81	0	0.0	False	TARGET_DOMINATED	TARGET_DOMINATED	TARGET_DOMINATED	TARGET_DOMINATED	False	133;134;137;148;234;236;237;240;71;72;73;74
3ODU	A	T4L	P61073	INTERNAL_INSERTION	2.5	p2rank	REMOVED	3	2.84	0.089	4.4031	-11.3062	50.3545	9	9	1.0	0.0	0.0	22.45	0	0.0	False	TARGET_DOMINATED	TARGET_DOMINATED	TARGET_DOMINATED	TARGET_DOMINATED	False	208;212;215;216;219;242;245;246;249
3ODU	A	T4L	P61073	INTERNAL_INSERTION	2.5	p2rank	REMOVED	4	2.39	0.063	11.0049	2.3314	51.6782	9	9	1.0	0.0	0.0	28.86	0	0.0	False	TARGET_DOMINATED	TARGET_DOMINATED	TARGET_DOMINATED	TARGET_DOMINATED	False	121;125;159;160;163;164;167;206;210
4DJH	A	T4L	P41145	INTERNAL_INSERTION	2.9	p2rank	ORIGINAL	1	26.14	0.911	3.2187	-23.7453	60.2266	33	33	1.0	0.0	0.0		19	0.95	True	TARGET_DOMINATED	TARGET_DOMINATED	TARGET_DOMINATED	TARGET_DOMINATED	False	108;111;114;115;118;119;122;123;124;134;135;138;139;142;208;209;210;212;223;226;227;231;287;290;291;294;297;309;312;313;316;319;320
4DJH	A	T4L	P41145	INTERNAL_INSERTION	2.9	p2rank	ORIGINAL	2	9.33	0.501	-1.3786	-34.9773	60.0843	16	16	1.0	0.0	0.0		3	0.15	False	TARGET_DOMINATED	TARGET_DOMINATED	TARGET_DOMINATED	TARGET_DOMINATED	False	115;116;119;120;310;313;314;316;317;320;321;62;63;65;66;69
4DJH	A	T4L	P41145	INTERNAL_INSERTION	2.9	p2rank	ORIGINAL	3	4.69	0.205	6.2733	-10.1218	56.1617	12	12	1.0	0.0	0.0		1	0.05	False	TARGET_DOMINATED	TARGET_DOMINATED	TARGET_DOMINATED	TARGET_DOMINATED	False	143;147;185;188;189;192;222;225;226;229;230;233
4DJH	A	T4L	P41145	INTERNAL_INSERTION	2.9	p2rank	ORIGINAL	4	3.96	0.157	3.7474	-10.285	44.9329	10	10	1.0	0.0	0.0		0	0.0	False	TARGET_DOMINATED	TARGET_DOMINATED	TARGET_DOMINATED	TARGET_DOMINATED	False	147;150;151;181;182;185;233;237;238;241
4DJH	A	T4L	P41145	INTERNAL_INSERTION	2.9	p2rank	ORIGINAL	5	3.36	0.119	12.9292	-22.5125	35.57	8	8	1.0	0.0	0.0		0	0.0	False	TARGET_DOMINATED	TARGET_DOMINATED	TARGET_DOMINATED	TARGET_DOMINATED	False	100;176;179;84;85;91;96;99
4DJH	A	T4L	P41145	INTERNAL_INSERTION	2.9	p2rank	ORIGINAL	6	3.34	0.118	2.476	-36.883	37.1213	10	10	1.0	0.0	0.0		0	0.0	False	TARGET_DOMINATED	TARGET_DOMINATED	TARGET_DOMINATED	TARGET_DOMINATED	False	327;328;331;332;338;341;345;75;76;79
4DJH	A	T4L	P41145	INTERNAL_INSERTION	2.9	p2rank	ORIGINAL	7	2.11	0.048	1.5863	-18.9596	27.384	11	11	1.0	0.0	0.0		0	0.0	False	TARGET_DOMINATED	TARGET_DOMINATED	TARGET_DOMINATED	TARGET_DOMINATED	False	155;156;159;166;167;268;269;272;92;93;94
4DJH	A	T4L	P41145	INTERNAL_INSERTION	2.9	p2rank	ORIGINAL	8	2.09	0.047	-23.2718	-12.1193	-5.0752	8	8	0.0	1.0	0.0		0	0.0	False	FUSION_DOMINATED	FUSION_DOMINATED	FUSION_DOMINATED	FUSION_DOMINATED	True	1011;1018;1020;1021;1030;1032;1104;1105
4DJH	A	T4L	P41145	INTERNAL_INSERTION	2.9	p2rank	ORIGINAL	9	1.47	0.02	-22.0174	-3.8481	11.1119	9	9	0.0	1.0	0.0		0	0.0	False	FUSION_DOMINATED	FUSION_DOMINATED	FUSION_DOMINATED	FUSION_DOMINATED	True	1003;1071;1072;1075;1088;1093;1096;1097;1100
4DJH	A	T4L	P41145	INTERNAL_INSERTION	2.9	p2rank	ORIGINAL	10	1.31	0.014	-4.9033	-7.5487	37.5902	6	6	1.0	0.0	0.0		0	0.0	False	TARGET_DOMINATED	TARGET_DOMINATED	TARGET_DOMINATED	TARGET_DOMINATED	False	154;157;241;244;245;248
4DJH	A	T4L	P41145	INTERNAL_INSERTION	2.9	p2rank	ORIGINAL	11	0.96	0.005	-32.5734	-16.816	10.7164	4	4	0.0	1.0	0.0		0	0.0	False	UNASSIGNED	UNASSIGNED	UNASSIGNED	UNASSIGNED	False	1114;1117;1118;1133
4DJH	A	T4L	P41145	INTERNAL_INSERTION	2.9	p2rank	REMOVED	1	26.14	0.911	3.2187	-23.7453	60.2266	33	33	1.0	0.0	0.0	50.38	19	0.95	True	TARGET_DOMINATED	TARGET_DOMINATED	TARGET_DOMINATED	TARGET_DOMINATED	False	108;111;114;115;118;119;122;123;124;134;135;138;139;142;208;209;210;212;223;226;227;231;287;290;291;294;297;309;312;313;316;319;320
4DJH	A	T4L	P41145	INTERNAL_INSERTION	2.9	p2rank	REMOVED	2	9.33	0.501	-1.3786	-34.9773	60.0843	16	16	1.0	0.0	0.0	52.0	3	0.15	False	TARGET_DOMINATED	TARGET_DOMINATED	TARGET_DOMINATED	TARGET_DOMINATED	False	115;116;119;120;310;313;314;316;317;320;321;62;63;65;66;69
4DJH	A	T4L	P41145	INTERNAL_INSERTION	2.9	p2rank	REMOVED	3	4.69	0.205	6.2733	-10.1218	56.1617	12	12	1.0	0.0	0.0	46.54	1	0.05	False	TARGET_DOMINATED	TARGET_DOMINATED	TARGET_DOMINATED	TARGET_DOMINATED	False	143;147;185;188;189;192;222;225;226;229;230;233
4DJH	A	T4L	P41145	INTERNAL_INSERTION	2.9	p2rank	REMOVED	4	3.96	0.157	3.7474	-10.285	44.9329	10	10	1.0	0.0	0.0	35.38	0	0.0	False	TARGET_DOMINATED	TARGET_DOMINATED	TARGET_DOMINATED	TARGET_DOMINATED	False	147;150;151;181;182;185;233;237;238;241
4DJH	A	T4L	P41145	INTERNAL_INSERTION	2.9	p2rank	REMOVED	5	3.36	0.119	12.9292	-22.5125	35.57	8	8	1.0	0.0	0.0	33.95	0	0.0	False	TARGET_DOMINATED	TARGET_DOMINATED	TARGET_DOMINATED	TARGET_DOMINATED	False	100;176;179;84;85;91;96;99
4DJH	A	T4L	P41145	INTERNAL_INSERTION	2.9	p2rank	REMOVED	6	3.34	0.118	2.476	-36.883	37.1213	10	10	1.0	0.0	0.0	34.82	0	0.0	False	TARGET_DOMINATED	TARGET_DOMINATED	TARGET_DOMINATED	TARGET_DOMINATED	False	327;328;331;332;338;341;345;75;76;79
4DJH	A	T4L	P41145	INTERNAL_INSERTION	2.9	p2rank	REMOVED	7	2.11	0.048	1.5863	-18.9596	27.384	11	11	1.0	0.0	0.0	19.8	0	0.0	False	TARGET_DOMINATED	TARGET_DOMINATED	TARGET_DOMINATED	TARGET_DOMINATED	False	155;156;159;166;167;268;269;272;92;93;94
4DJH	A	T4L	P41145	INTERNAL_INSERTION	2.9	p2rank	REMOVED	8	1.31	0.014	-4.9033	-7.5487	37.5902	6	6	1.0	0.0	0.0	25.21	0	0.0	False	TARGET_DOMINATED	TARGET_DOMINATED	TARGET_DOMINATED	TARGET_DOMINATED	False	154;157;241;244;245;248
4JKV	A	BRIL	Q99835	TERMINAL_N	2.45	p2rank	ORIGINAL	1	32.37	0.943	-28.0882	22.542	21.081	33	33	1.0	0.0	0.0		21	1.0	True	TARGET_DOMINATED	TARGET_DOMINATED	TARGET_DOMINATED	TARGET_DOMINATED	False	215;219;221;222;230;274;277;281;301;303;321;324;325;384;386;387;389;391;394;395;400;470;473;477;480;481;484;513;515;518;521;522;525
4JKV	A	BRIL	Q99835	TERMINAL_N	2.45	p2rank	ORIGINAL	2	7.93	0.421	-20.0912	12.6105	34.0339	18	18	0.5556	0.4444	0.0		0	0.0	False	TARGET_DOMINATED	INTERFACE	INTERFACE	INTERFACE	True	100;101;104;216;217;218;290;291;295;296;297;299;385;60;63;64;67;96
4JKV	A	BRIL	Q99835	TERMINAL_N	2.45	p2rank	ORIGINAL	3	7.38	0.386	-61.838	16.8837	16.8618	12	12	1.0	0.0	0.0		0	0.0	False	TARGET_DOMINATED	TARGET_DOMINATED	TARGET_DOMINATED	TARGET_DOMINATED	False	252;258;259;264;448;451;535;536;538;540;541;544
4JKV	A	BRIL	Q99835	TERMINAL_N	2.45	p2rank	ORIGINAL	4	4.8	0.213	-44.7286	9.918	14.683	9	9	1.0	0.0	0.0		0	0.0	False	TARGET_DOMINATED	TARGET_DOMINATED	TARGET_DOMINATED	TARGET_DOMINATED	False	268;269;272;273;276;320;323;324;365
4JKV	A	BRIL	Q99835	TERMINAL_N	2.45	p2rank	ORIGINAL	5	4.28	0.176	-43.6579	22.4319	14.066	10	10	1.0	0.0	0.0		0	0.0	False	TARGET_DOMINATED	TARGET_DOMINATED	TARGET_DOMINATED	TARGET_DOMINATED	False	274;325;328;329;332;459;463;466;525;528
4JKV	A	BRIL	Q99835	TERMINAL_N	2.45	p2rank	ORIGINAL	6	3.12	0.105	-48.4195	17.2414	0.1314	8	8	1.0	0.0	0.0		0	0.0	False	TARGET_DOMINATED	TARGET_DOMINATED	TARGET_DOMINATED	TARGET_DOMINATED	False	330;333;334;337;358;360;363;418
4JKV	A	BRIL	Q99835	TERMINAL_N	2.45	p2rank	ORIGINAL	7	1.93	0.039	-55.8151	19.3628	28.6912	4	4	1.0	0.0	0.0		0	0.0	False	UNASSIGNED	UNASSIGNED	UNASSIGNED	UNASSIGNED	False	243;244;247;537
4JKV	A	BRIL	Q99835	TERMINAL_N	2.45	p2rank	ORIGINAL	8	1.66	0.028	-58.9561	32.4547	7.316	10	10	1.0	0.0	0.0		0	0.0	False	TARGET_DOMINATED	TARGET_DOMINATED	TARGET_DOMINATED	TARGET_DOMINATED	False	339;343;423;426;430;446;450;453;454;457
4JKV	A	BRIL	Q99835	TERMINAL_N	2.45	p2rank	ORIGINAL	9	1.33	0.015	-25.8874	17.2636	33.498	8	8	1.0	0.0	0.0		0	0.0	False	TARGET_DOMINATED	TARGET_DOMINATED	TARGET_DOMINATED	TARGET_DOMINATED	False	217;218;224;227;231;290;295;385
4JKV	A	BRIL	Q99835	TERMINAL_N	2.45	p2rank	REMOVED	1	32.37	0.943	-28.0882	22.542	21.081	33	33	1.0	0.0	0.0	33.14	21	1.0	True	TARGET_DOMINATED	TARGET_DOMINATED	TARGET_DOMINATED	TARGET_DOMINATED	False	215;219;221;222;230;274;277;281;301;303;321;324;325;384;386;387;389;391;394;395;400;470;473;477;480;481;484;513;515;518;521;522;525
4JKV	A	BRIL	Q99835	TERMINAL_N	2.45	p2rank	REMOVED	2	7.38	0.386	-61.838	16.8837	16.8618	12	12	1.0	0.0	0.0	64.65	0	0.0	False	TARGET_DOMINATED	TARGET_DOMINATED	TARGET_DOMINATED	TARGET_DOMINATED	False	252;258;259;264;448;451;535;536;538;540;541;544
4JKV	A	BRIL	Q99835	TERMINAL_N	2.45	p2rank	REMOVED	3	4.8	0.213	-44.7286	9.918	14.683	9	9	1.0	0.0	0.0	50.35	0	0.0	False	TARGET_DOMINATED	TARGET_DOMINATED	TARGET_DOMINATED	TARGET_DOMINATED	False	268;269;272;273;276;320;323;324;365
4JKV	A	BRIL	Q99835	TERMINAL_N	2.45	p2rank	REMOVED	4	4.28	0.176	-43.6579	22.4319	14.066	10	10	1.0	0.0	0.0	49.81	0	0.0	False	TARGET_DOMINATED	TARGET_DOMINATED	TARGET_DOMINATED	TARGET_DOMINATED	False	274;325;328;329;332;459;463;466;525;528
4JKV	A	BRIL	Q99835	TERMINAL_N	2.45	p2rank	REMOVED	5	3.12	0.105	-48.4195	17.2414	0.1314	8	8	1.0	0.0	0.0	61.36	0	0.0	False	TARGET_DOMINATED	TARGET_DOMINATED	TARGET_DOMINATED	TARGET_DOMINATED	False	330;333;334;337;358;360;363;418
4JKV	A	BRIL	Q99835	TERMINAL_N	2.45	p2rank	REMOVED	6	1.93	0.039	-55.8151	19.3628	28.6912	4	4	1.0	0.0	0.0	55.72	0	0.0	False	UNASSIGNED	UNASSIGNED	UNASSIGNED	UNASSIGNED	False	243;244;247;537
4JKV	A	BRIL	Q99835	TERMINAL_N	2.45	p2rank	REMOVED	7	1.66	0.028	-58.9561	32.4547	7.316	10	10	1.0	0.0	0.0	68.05	0	0.0	False	TARGET_DOMINATED	TARGET_DOMINATED	TARGET_DOMINATED	TARGET_DOMINATED	False	339;343;423;426;430;446;450;453;454;457
4JKV	A	BRIL	Q99835	TERMINAL_N	2.45	p2rank	REMOVED	8	1.26	0.013	-25.8874	17.2636	33.498	8	8	1.0	0.0	0.0	25.38	0	0.0	False	TARGET_DOMINATED	TARGET_DOMINATED	TARGET_DOMINATED	TARGET_DOMINATED	False	217;218;224;227;231;290;295;385
4N6H	A	BRIL	P41143	TERMINAL_N	1.8	p2rank	ORIGINAL	1	17.94	0.811	-5.9484	-69.5896	72.5613	20	20	1.0	0.0	0.0		12	0.9231	True	TARGET_DOMINATED	TARGET_DOMINATED	TARGET_DOMINATED	TARGET_DOMINATED	False	105;125;128;129;132;200;202;210;213;214;217;218;274;277;278;281;300;304;307;308
4N6H	A	BRIL	P41143	TERMINAL_N	1.8	p2rank	ORIGINAL	2	3.63	0.136	-11.0152	-76.2016	68.1009	10	10	1.0	0.0	0.0		3	0.2308	False	TARGET_DOMINATED	TARGET_DOMINATED	TARGET_DOMINATED	TARGET_DOMINATED	False	105;108;109;114;124;125;128;198;304;308
4N6H	A	BRIL	P41143	TERMINAL_N	1.8	p2rank	ORIGINAL	3	2.77	0.084	-7.4724	-67.7204	103.4543	8	8	1.0	0.0	0.0		0	0.0	False	TARGET_DOMINATED	TARGET_DOMINATED	TARGET_DOMINATED	TARGET_DOMINATED	False	146;149;160;256;259;82;83;84
4N6H	A	BRIL	P41143	TERMINAL_N	1.8	p2rank	ORIGINAL	4	2.05	0.045	-5.3778	-85.1707	93.0755	8	8	1.0	0.0	0.0		0	0.0	False	TARGET_DOMINATED	TARGET_DOMINATED	TARGET_DOMINATED	TARGET_DOMINATED	False	315;316;319;329;333;62;66;69
4N6H	A	BRIL	P41143	TERMINAL_N	1.8	p2rank	ORIGINAL	5	2.01	0.043	-1.2498	-79.079	62.8005	7	7	1.0	0.0	0.0		0	0.0	False	TARGET_DOMINATED	TARGET_DOMINATED	TARGET_DOMINATED	TARGET_DOMINATED	False	109;297;301;45;48;49;52
4N6H	A	BRIL	P41143	TERMINAL_N	1.8	p2rank	ORIGINAL	6	1.68	0.029	-12.3883	-60.414	87.4572	8	8	1.0	0.0	0.0		0	0.0	False	TARGET_DOMINATED	TARGET_DOMINATED	TARGET_DOMINATED	TARGET_DOMINATED	False	137;140;141;168;171;172;175;228
4N6H	A	BRIL	P41143	TERMINAL_N	1.8	p2rank	ORIGINAL	7	1.34	0.015	-17.698	-72.4278	94.2627	10	10	1.0	0.0	0.0		0	0.0	False	TARGET_DOMINATED	TARGET_DOMINATED	TARGET_DOMINATED	TARGET_DOMINATED	False	166;169;170;173;75;81;86;89;90;93
4N6H	A	BRIL	P41143	TERMINAL_N	1.8	p2rank	ORIGINAL	8	1.29	0.013	-12.65	-60.4635	73.0541	6	6	1.0	0.0	0.0		1	0.0769	False	TARGET_DOMINATED	TARGET_DOMINATED	TARGET_DOMINATED	TARGET_DOMINATED	False	133;178;179;213;216;217
4N6H	A	BRIL	P41143	TERMINAL_N	1.8	p2rank	REMOVED	1	17.94	0.811	-5.9484	-69.5896	72.5613	20	20	1.0	0.0	0.0	33.12	12	0.9231	True	TARGET_DOMINATED	TARGET_DOMINATED	TARGET_DOMINATED	TARGET_DOMINATED	False	105;125;128;129;132;200;202;210;213;214;217;218;274;277;278;281;300;304;307;308
4N6H	A	BRIL	P41143	TERMINAL_N	1.8	p2rank	REMOVED	2	3.63	0.136	-11.0152	-76.2016	68.1009	10	10	1.0	0.0	0.0	31.36	3	0.2308	False	TARGET_DOMINATED	TARGET_DOMINATED	TARGET_DOMINATED	TARGET_DOMINATED	False	105;108;109;114;124;125;128;198;304;308
4N6H	A	BRIL	P41143	TERMINAL_N	1.8	p2rank	REMOVED	3	2.77	0.084	-7.4724	-67.7204	103.4543	8	8	1.0	0.0	0.0	59.61	0	0.0	False	TARGET_DOMINATED	TARGET_DOMINATED	TARGET_DOMINATED	TARGET_DOMINATED	False	146;149;160;256;259;82;83;84
4N6H	A	BRIL	P41143	TERMINAL_N	1.8	p2rank	REMOVED	4	2.05	0.045	-5.3778	-85.1707	93.0755	8	8	1.0	0.0	0.0	46.79	0	0.0	False	TARGET_DOMINATED	TARGET_DOMINATED	TARGET_DOMINATED	TARGET_DOMINATED	False	315;316;319;329;333;62;66;69
4N6H	A	BRIL	P41143	TERMINAL_N	1.8	p2rank	REMOVED	5	2.0	0.043	-1.2498	-79.079	62.8005	7	7	1.0	0.0	0.0	20.04	0	0.0	False	TARGET_DOMINATED	TARGET_DOMINATED	TARGET_DOMINATED	TARGET_DOMINATED	False	109;297;301;45;48;49;52
4N6H	A	BRIL	P41143	TERMINAL_N	1.8	p2rank	REMOVED	6	1.68	0.029	-12.3883	-60.414	87.4572	8	8	1.0	0.0	0.0	51.32	0	0.0	False	TARGET_DOMINATED	TARGET_DOMINATED	TARGET_DOMINATED	TARGET_DOMINATED	False	137;140;141;168;171;172;175;228
4N6H	A	BRIL	P41143	TERMINAL_N	1.8	p2rank	REMOVED	7	1.34	0.015	-17.698	-72.4278	94.2627	10	10	1.0	0.0	0.0	55.25	0	0.0	False	TARGET_DOMINATED	TARGET_DOMINATED	TARGET_DOMINATED	TARGET_DOMINATED	False	166;169;170;173;75;81;86;89;90;93
4N6H	A	BRIL	P41143	TERMINAL_N	1.8	p2rank	REMOVED	8	1.29	0.013	-12.65	-60.4635	73.0541	6	6	1.0	0.0	0.0	42.18	1	0.0769	False	TARGET_DOMINATED	TARGET_DOMINATED	TARGET_DOMINATED	TARGET_DOMINATED	False	133;178;179;213;216;217
4Z35	A	BRIL	Q92633	INTERNAL_INSERTION	2.9	p2rank	ORIGINAL	1	34.95	0.952	-3.5286	-27.6019	51.9429	34	34	1.0	0.0	0.0		19	0.76	True	TARGET_DOMINATED	TARGET_DOMINATED	TARGET_DOMINATED	TARGET_DOMINATED	False	102;105;106;109;110;113;124;125;128;129;131;132;198;199;207;210;271;274;277;278;293;294;296;297;300;34;39;40;41;42;46;48;49;52
4Z35	A	BRIL	Q92633	INTERNAL_INSERTION	2.9	p2rank	ORIGINAL	2	18.05	0.814	1.3044	-3.4752	8.5628	22	22	0.3636	0.5909	0.0455		0	0.0	False	FUSION_DOMINATED	INTERFACE	INTERFACE	INTERFACE	True	1003;1006;1007;1010;1037;1040;1061;1064;1065;1068;1098;1101;1105;1106;150;153;231;232;250;253;254;257
4Z35	A	BRIL	Q92633	INTERNAL_INSERTION	2.9	p2rank	ORIGINAL	3	2.24	0.055	-0.0175	-22.0784	15.4629	10	10	1.0	0.0	0.0		0	0.0	False	TARGET_DOMINATED	TARGET_DOMINATED	TARGET_DOMINATED	TARGET_DOMINATED	False	146;155;252;253;256;79;80;82;84;85
4Z35	A	BRIL	Q92633	INTERNAL_INSERTION	2.9	p2rank	ORIGINAL	4	1.37	0.016	5.3018	-34.5051	22.2354	8	8	1.0	0.0	0.0		0	0.0	False	TARGET_DOMINATED	TARGET_DOMINATED	TARGET_DOMINATED	TARGET_DOMINATED	False	165;168;71;74;75;81;86;89
4Z35	A	BRIL	Q92633	INTERNAL_INSERTION	2.9	p2rank	ORIGINAL	5	0.98	0.005	-1.8576	-26.921	38.7929	5	5	1.0	0.0	0.0		1	0.04	False	TARGET_DOMINATED	TARGET_DOMINATED	TARGET_DOMINATED	TARGET_DOMINATED	False	131;135;271;304;98
4Z35	A	BRIL	Q92633	INTERNAL_INSERTION	2.9	p2rank	REMOVED	1	34.95	0.952	-3.5286	-27.6019	51.9429	34	34	1.0	0.0	0.0	40.58	19	0.76	True	TARGET_DOMINATED	TARGET_DOMINATED	TARGET_DOMINATED	TARGET_DOMINATED	False	102;105;106;109;110;113;124;125;128;129;131;132;198;199;207;210;271;274;277;278;293;294;296;297;300;34;39;40;41;42;46;48;49;52
4Z35	A	BRIL	Q92633	INTERNAL_INSERTION	2.9	p2rank	REMOVED	2	2.24	0.055	-0.0175	-22.0784	15.4629	10	10	1.0	0.0	0.0	12.76	0	0.0	False	TARGET_DOMINATED	TARGET_DOMINATED	TARGET_DOMINATED	TARGET_DOMINATED	False	146;155;252;253;256;79;80;82;84;85
4Z35	A	BRIL	Q92633	INTERNAL_INSERTION	2.9	p2rank	REMOVED	3	1.37	0.016	5.3018	-34.5051	22.2354	8	8	1.0	0.0	0.0	27.44	0	0.0	False	TARGET_DOMINATED	TARGET_DOMINATED	TARGET_DOMINATED	TARGET_DOMINATED	False	165;168;71;74;75;81;86;89
4Z35	A	BRIL	Q92633	INTERNAL_INSERTION	2.9	p2rank	REMOVED	4	0.98	0.005	-1.8576	-26.921	38.7929	5	5	1.0	0.0	0.0	29.85	1	0.04	False	TARGET_DOMINATED	TARGET_DOMINATED	TARGET_DOMINATED	TARGET_DOMINATED	False	131;135;271;304;98
5AZA	A	MBP	I6V0B8	TERMINAL_N	2.08	p2rank	ORIGINAL	1	34.62	0.951	10.4675	14.8885	40.7205	24	24	0.0	1.0	0.0		0		False	FUSION_DOMINATED	FUSION_DOMINATED	FUSION_DOMINATED	FUSION_DOMINATED	True	11;111;12;14;15;150;153;155;156;210;230;262;330;337;340;344;42;44;45;61;62;63;65;66
5AZA	A	MBP	I6V0B8	TERMINAL_N	2.08	p2rank	ORIGINAL	2	10.25	0.55	37.8477	11.2049	-1.7749	21	21	1.0	0.0	0.0		0		False	TARGET_DOMINATED	TARGET_DOMINATED	TARGET_DOMINATED	TARGET_DOMINATED	False	401;403;404;459;460;461;462;621;622;623;719;720;721;752;754;755;757;851;852;853;854
5AZA	A	MBP	I6V0B8	TERMINAL_N	2.08	p2rank	ORIGINAL	3	7.62	0.403	22.5284	-3.5339	24.7846	18	18	0.6667	0.3333	0.0		0		False	TARGET_DOMINATED	INTERFACE	INTERFACE	INTERFACE	True	1;438;478;479;485;488;49;50;53;54;55;770;778;779;781;785;837;839
5AZA	A	MBP	I6V0B8	TERMINAL_N	2.08	p2rank	ORIGINAL	4	4.82	0.214	9.3232	30.3606	34.1132	13	13	0.0	1.0	0.0		0		False	FUSION_DOMINATED	FUSION_DOMINATED	FUSION_DOMINATED	FUSION_DOMINATED	True	110;259;261;301;302;308;321;329;90;92;93;95;96
5AZA	A	MBP	I6V0B8	TERMINAL_N	2.08	p2rank	ORIGINAL	5	4.15	0.168	44.3865	-2.7955	38.4325	11	11	1.0	0.0	0.0		0		False	TARGET_DOMINATED	TARGET_DOMINATED	TARGET_DOMINATED	TARGET_DOMINATED	False	499;502;516;518;531;534;556;561;562;564;575
5AZA	A	MBP	I6V0B8	TERMINAL_N	2.08	p2rank	ORIGINAL	6	3.38	0.12	31.331	-0.2924	-3.3687	13	13	1.0	0.0	0.0		0		False	TARGET_DOMINATED	TARGET_DOMINATED	TARGET_DOMINATED	TARGET_DOMINATED	False	454;457;660;661;663;715;716;717;718;764;791;793;848
5AZA	A	MBP	I6V0B8	TERMINAL_N	2.08	p2rank	ORIGINAL	7	2.47	0.068	-6.4283	23.7119	34.3833	9	9	0.0	1.0	0.0		0		False	FUSION_DOMINATED	FUSION_DOMINATED	FUSION_DOMINATED	FUSION_DOMINATED	True	232;236;294;295;298;311;314;316;317
5AZA	A	MBP	I6V0B8	TERMINAL_N	2.08	p2rank	ORIGINAL	8	2.21	0.053	10.2819	11.3069	7.3857	14	14	0.3571	0.6429	0.0		0		False	FUSION_DOMINATED	INTERFACE	INTERFACE	INTERFACE	True	271;272;274;275;278;31;33;4;5;732;733;734;737;740
5AZA	A	MBP	I6V0B8	TERMINAL_N	2.08	p2rank	ORIGINAL	9	2.0	0.043	48.7325	-9.868	23.908	10	10	1.0	0.0	0.0		0		False	TARGET_DOMINATED	TARGET_DOMINATED	TARGET_DOMINATED	TARGET_DOMINATED	False	539;540;542;565;578;581;582;594;595;596
5AZA	A	MBP	I6V0B8	TERMINAL_N	2.08	p2rank	ORIGINAL	10	1.84	0.036	23.1124	12.4116	34.5389	9	9	0.0	1.0	0.0		0		False	FUSION_DOMINATED	FUSION_DOMINATED	FUSION_DOMINATED	FUSION_DOMINATED	True	334;337;44;48;66;69;70;72;73
5AZA	A	MBP	I6V0B8	TERMINAL_N	2.08	p2rank	ORIGINAL	11	1.69	0.029	22.8646	2.9483	18.6844	7	7	0.7143	0.2857	0.0		0		False	TARGET_DOMINATED	TARGET_DOMINATED	INTERFACE	TARGET_DOMINATED	False	269;435;437;438;479;54;839
5AZA	A	MBP	I6V0B8	TERMINAL_N	2.08	p2rank	ORIGINAL	12	1.66	0.028	29.1389	24.6102	36.3518	12	12	0.0	0.6667	0.3333		0		False	FUSION_DOMINATED	MIXED	MIXED	MIXED	False	100;172;175;177;333;334;335;372;375;376;379;99
5AZA	A	MBP	I6V0B8	TERMINAL_N	2.08	p2rank	ORIGINAL	13	1.56	0.024	19.0694	25.6294	52.8074	10	10	0.0	1.0	0.0		0		False	FUSION_DOMINATED	FUSION_DOMINATED	FUSION_DOMINATED	FUSION_DOMINATED	True	158;162;166;167;168;179;182;183;185;188
5AZA	A	MBP	I6V0B8	TERMINAL_N	2.08	p2rank	ORIGINAL	14	1.54	0.023	61.0751	-1.4536	28.5857	10	10	1.0	0.0	0.0		0		False	TARGET_DOMINATED	TARGET_DOMINATED	TARGET_DOMINATED	TARGET_DOMINATED	False	506;509;511;522;543;544;546;568;569;570
5AZA	A	MBP	I6V0B8	TERMINAL_N	2.08	p2rank	ORIGINAL	15	0.97	0.005	13.8963	1.2494	29.2729	6	6	0.0	1.0	0.0		0		False	FUSION_DOMINATED	FUSION_DOMINATED	FUSION_DOMINATED	FUSION_DOMINATED	True	10;38;40;46;50;56
5AZA	A	MBP	I6V0B8	TERMINAL_N	2.08	p2rank	REMOVED	1	10.25	0.55	37.8477	11.2049	-1.7749	21	21	1.0	0.0	0.0	23.06	0		False	TARGET_DOMINATED	TARGET_DOMINATED	TARGET_DOMINATED	TARGET_DOMINATED	False	401;403;404;459;460;461;462;621;622;623;719;720;721;752;754;755;757;851;852;853;854
5AZA	A	MBP	I6V0B8	TERMINAL_N	2.08	p2rank	REMOVED	2	4.15	0.168	44.3865	-2.7955	38.4325	11	11	1.0	0.0	0.0	29.88	0		False	TARGET_DOMINATED	TARGET_DOMINATED	TARGET_DOMINATED	TARGET_DOMINATED	False	499;502;516;518;531;534;556;561;562;564;575
5AZA	A	MBP	I6V0B8	TERMINAL_N	2.08	p2rank	REMOVED	3	3.38	0.12	31.331	-0.2924	-3.3687	13	13	1.0	0.0	0.0	31.64	0		False	TARGET_DOMINATED	TARGET_DOMINATED	TARGET_DOMINATED	TARGET_DOMINATED	False	454;457;660;661;663;715;716;717;718;764;791;793;848
5AZA	A	MBP	I6V0B8	TERMINAL_N	2.08	p2rank	REMOVED	4	2.0	0.043	48.7325	-9.868	23.908	10	10	1.0	0.0	0.0	31.37	0		False	TARGET_DOMINATED	TARGET_DOMINATED	TARGET_DOMINATED	TARGET_DOMINATED	False	539;540;542;565;578;581;582;594;595;596
5AZA	A	MBP	I6V0B8	TERMINAL_N	2.08	p2rank	REMOVED	5	1.54	0.023	61.0751	-1.4536	28.5857	10	10	1.0	0.0	0.0	31.48	0		False	TARGET_DOMINATED	TARGET_DOMINATED	TARGET_DOMINATED	TARGET_DOMINATED	False	506;509;511;522;543;544;546;568;569;570
5AZA	A	MBP	I6V0B8	TERMINAL_N	2.08	p2rank	REMOVED	6	1.39	0.017	24.2641	-3.6316	23.1808	8	8	1.0	0.0	0.0	28.38	0		False	TARGET_DOMINATED	TARGET_DOMINATED	TARGET_DOMINATED	TARGET_DOMINATED	False	438;478;479;770;778;785;837;839
5GPP	A	MBP	Q9I9N6	TERMINAL_N	2.0	p2rank	ORIGINAL	1	26.14	0.911	-7.4067	-20.9073	40.9972	22	22	0.0	1.0	0.0		0		False	FUSION_DOMINATED	FUSION_DOMINATED	FUSION_DOMINATED	FUSION_DOMINATED	True	112;13;15;151;154;156;157;16;211;231;263;331;341;342;345;45;46;62;63;64;66;67
5GPP	A	MBP	Q9I9N6	TERMINAL_N	2.0	p2rank	ORIGINAL	2	6.52	0.33	-15.24	-9.1573	44.7473	11	11	0.0	1.0	0.0		0		False	FUSION_DOMINATED	FUSION_DOMINATED	FUSION_DOMINATED	FUSION_DOMINATED	True	109;12;16;17;21;263;285;291;294;300;62
5GPP	A	MBP	Q9I9N6	TERMINAL_N	2.0	p2rank	ORIGINAL	3	4.24	0.174	-5.7793	-33.815	48.7034	11	11	0.0	1.0	0.0		0		False	FUSION_DOMINATED	FUSION_DOMINATED	FUSION_DOMINATED	FUSION_DOMINATED	True	130;150;157;158;160;161;162;193;196;227;248
5GPP	A	MBP	Q9I9N6	TERMINAL_N	2.0	p2rank	ORIGINAL	4	3.3	0.116	2.5385	-34.04	40.3358	8	8	0.0	0.75	0.25		0		False	FUSION_DOMINATED	FUSION_DOMINATED	MIXED	FUSION_DOMINATED	True	159;162;184;344;347;348;362;365
5GPP	A	MBP	Q9I9N6	TERMINAL_N	2.0	p2rank	ORIGINAL	5	2.68	0.079	-9.7506	-36.1052	54.719	7	7	0.0	1.0	0.0		0		False	FUSION_DOMINATED	FUSION_DOMINATED	FUSION_DOMINATED	FUSION_DOMINATED	True	116;127;130;148;225;227;249
5GPP	A	MBP	Q9I9N6	TERMINAL_N	2.0	p2rank	ORIGINAL	6	2.23	0.055	2.9946	-33.2791	30.65	12	12	0.4167	0.3333	0.25		0		False	INTERFACE	INTERFACE	INTERFACE	INTERFACE	True	342;343;346;347;365;368;374;375;378;425;428;429
5GPP	A	MBP	Q9I9N6	TERMINAL_N	2.0	p2rank	ORIGINAL	7	2.05	0.045	6.4396	-25.3804	46.7642	12	12	0.0	1.0	0.0		0		False	FUSION_DOMINATED	FUSION_DOMINATED	FUSION_DOMINATED	FUSION_DOMINATED	True	159;163;167;168;169;170;172;177;257;259;329;332
5GPP	A	MBP	Q9I9N6	TERMINAL_N	2.0	p2rank	ORIGINAL	8	1.52	0.022	-3.1691	-15.0944	55.444	7	7	0.0	1.0	0.0		0		False	FUSION_DOMINATED	FUSION_DOMINATED	FUSION_DOMINATED	FUSION_DOMINATED	True	111;260;322;325;326;330;93
5GPP	A	MBP	Q9I9N6	TERMINAL_N	2.0	p2rank	ORIGINAL	9	1.04	0.006	9.5102	-14.794	47.4352	7	7	0.0	1.0	0.0		0		False	FUSION_DOMINATED	FUSION_DOMINATED	FUSION_DOMINATED	FUSION_DOMINATED	True	172;175;177;330;331;332;333
5GPP	A	MBP	Q9I9N6	TERMINAL_N	2.0	p2rank	ORIGINAL	10	0.79	0.002	-16.3738	-14.3133	55.6292	7	7	0.0	1.0	0.0		0		False	FUSION_DOMINATED	FUSION_DOMINATED	FUSION_DOMINATED	FUSION_DOMINATED	True	233;295;299;312;315;317;318
5GPP	A	MBP	Q9I9N6	TERMINAL_N	2.0	p2rank	ORIGINAL	11	0.78	0.002	-13.2551	-24.0532	53.9615	5	5	0.0	1.0	0.0		0		False	FUSION_DOMINATED	FUSION_DOMINATED	FUSION_DOMINATED	FUSION_DOMINATED	True	115;228;233;245;321
5H7Q	A	MBP	P41218	TERMINAL_N	1.451	p2rank	ORIGINAL	1	35.47	0.953	9.6663	22.0346	198.5154	20	20	0.0	1.0	0.0		0		False	FUSION_DOMINATED	FUSION_DOMINATED	FUSION_DOMINATED	FUSION_DOMINATED	True	112;13;15;151;154;155;156;157;16;211;231;263;331;341;345;45;63;64;66;67
5H7Q	A	MBP	P41218	TERMINAL_N	1.451	p2rank	ORIGINAL	2	6.43	0.324	7.6358	7.3082	202.0767	22	22	0.2273	0.6364	0.1364		0		False	FUSION_DOMINATED	INTERFACE	INTERFACE	INTERFACE	True	334;335;336;338;339;372;375;376;379;423;426;427;430;45;46;49;53;66;67;70;71;74
5H7Q	A	MBP	P41218	TERMINAL_N	1.451	p2rank	ORIGINAL	3	3.42	0.123	2.1471	41.2461	199.1701	11	11	0.0	1.0	0.0		0		False	FUSION_DOMINATED	FUSION_DOMINATED	FUSION_DOMINATED	FUSION_DOMINATED	True	233;234;237;295;296;299;311;312;315;317;318
5H7Q	A	MBP	P41218	TERMINAL_N	1.451	p2rank	ORIGINAL	4	2.76	0.084	-6.4693	14.0421	193.2147	12	12	0.0	1.0	0.0		0		False	FUSION_DOMINATED	FUSION_DOMINATED	FUSION_DOMINATED	FUSION_DOMINATED	True	100;172;175;177;330;331;332;333;334;96;97;99
5H7Q	A	MBP	P41218	TERMINAL_N	1.451	p2rank	ORIGINAL	5	2.7	0.08	-6.7341	31.6234	193.7086	8	8	0.0	1.0	0.0		0		False	FUSION_DOMINATED	FUSION_DOMINATED	FUSION_DOMINATED	FUSION_DOMINATED	True	302;303;309;313;322;326;91;93
5H7Q	A	MBP	P41218	TERMINAL_N	1.451	p2rank	ORIGINAL	6	2.48	0.068	1.7674	16.4669	185.9849	12	12	0.0	1.0	0.0		0		False	FUSION_DOMINATED	FUSION_DOMINATED	FUSION_DOMINATED	FUSION_DOMINATED	True	159;163;168;169;170;172;177;257;259;329;330;332
5H7Q	A	MBP	P41218	TERMINAL_N	1.451	p2rank	ORIGINAL	7	2.19	0.053	-5.225	26.8592	191.0566	7	7	0.0	1.0	0.0		0		False	FUSION_DOMINATED	FUSION_DOMINATED	FUSION_DOMINATED	FUSION_DOMINATED	True	111;260;322;325;326;330;93
5H7Q	A	MBP	P41218	TERMINAL_N	1.451	p2rank	ORIGINAL	8	1.18	0.01	9.2974	18.2234	218.7734	6	6	0.0	1.0	0.0		0		False	FUSION_DOMINATED	FUSION_DOMINATED	FUSION_DOMINATED	FUSION_DOMINATED	True	11;39;51;56;57;9
5JQE	A	MBP	Q14790	TERMINAL_N	3.157	p2rank	ORIGINAL	1	11.67	0.621	161.0643	17.7762	0.4466	21	21	0.0	1.0	0.0		0		False	FUSION_DOMINATED	FUSION_DOMINATED	FUSION_DOMINATED	FUSION_DOMINATED	True	121;122;123;165;166;167;168;24;242;26;27;272;273;274;310;311;342;352;74;75;77
5JQE	A	MBP	Q14790	TERMINAL_N	3.157	p2rank	ORIGINAL	2	1.99	0.042	170.3558	37.9158	1.4906	10	10	0.4	0.5	0.1		0		False	FUSION_DOMINATED	INTERFACE	INTERFACE	INTERFACE	True	1004;1042;1046;1049;346;347;349;350;353;379
5JQE	A	MBP	Q14790	TERMINAL_N	3.157	p2rank	ORIGINAL	3	1.31	0.014	163.8518	6.784	-3.393	4	4	0.0	1.0	0.0		0		False	UNASSIGNED	UNASSIGNED	UNASSIGNED	UNASSIGNED	False	120;305;311;73
5K94	A	MBP	P10408	COMPLEX	2.1	p2rank	ORIGINAL	1	9.31	0.499	-39.4725	9.6557	27.5481	19	19	0.0	1.0	0.0		0		False	FUSION_DOMINATED	FUSION_DOMINATED	FUSION_DOMINATED	FUSION_DOMINATED	True	109;110;111;112;12;1230;1258;1260;1262;1299;1330;14;15;155;156;61;62;63;65
5K94	A	MBP	P10408	COMPLEX	2.1	p2rank	ORIGINAL	2	5.36	0.254	-13.8666	12.4182	19.6861	13	13	0.8462	0.1538	0.0		0		False	TARGET_DOMINATED	TARGET_DOMINATED	MIXED	TARGET_DOMINATED	False	1176;1177;229;232;236;305;308;309;351;352;355;367;368
5K94	A	MBP	P10408	COMPLEX	2.1	p2rank	ORIGINAL	3	1.24	0.012	-41.3446	0.3419	30.7848	4	4	0.0	1.0	0.0		0		False	UNASSIGNED	UNASSIGNED	UNASSIGNED	UNASSIGNED	False	1210;1230;150;156
5K94	A	MBP	P10408	COMPLEX	2.1	p2rank	ORIGINAL	4	1.06	0.007	-34.4598	0.5202	24.4823	4	4	0.0	1.0	0.0		0		False	UNASSIGNED	UNASSIGNED	UNASSIGNED	UNASSIGNED	False	1340;1344;153;155
5K94	A	MBP	P10408	COMPLEX	2.1	p2rank	ORIGINAL	5	1.02	0.006	-37.3502	-13.8666	42.8807	9	9	0.0	1.0	0.0		0		False	FUSION_DOMINATED	FUSION_DOMINATED	FUSION_DOMINATED	FUSION_DOMINATED	True	1202;1203;1204;1205;1208;1221;140;145;148
5K94	A	MBP	P10408	COMPLEX	2.1	p2rank	ORIGINAL	6	0.78	0.002	-44.035	21.3406	30.4669	7	7	0.0	1.0	0.0		0		False	FUSION_DOMINATED	FUSION_DOMINATED	FUSION_DOMINATED	FUSION_DOMINATED	True	108;11;1284;1293;1299;20;61
5K94	A	MBP	P10408	COMPLEX	2.1	p2rank	REMOVED	1	2.55	0.072	-13.5208	13.1004	18.9049	11	11	1.0	0.0	0.0	7.8	0		False	TARGET_DOMINATED	TARGET_DOMINATED	TARGET_DOMINATED	TARGET_DOMINATED	False	229;232;236;305;308;309;351;352;355;367;368
5YQR	A	T4L	Q08001	TERMINAL_N	2.402	p2rank	ORIGINAL	1	3.74	0.143	30.4085	70.2173	56.8829	13	13	0.0	1.0	0.0		0		False	FUSION_DOMINATED	FUSION_DOMINATED	FUSION_DOMINATED	FUSION_DOMINATED	True	10;103;104;105;106;107;11;18;20;21;26;30;32
5ZBQ	A	T4L	P25929	TERMINAL_C	2.7	p2rank	ORIGINAL	1	61.49	0.988	-44.5154	-20.1675	67.8839	43	43	1.0	0.0	0.0		19	0.95	True	TARGET_DOMINATED	TARGET_DOMINATED	TARGET_DOMINATED	TARGET_DOMINATED	False	100;101;104;116;117;120;124;173;177;184;197;198;199;200;202;208;211;212;215;216;219;220;26;276;279;28;280;282;283;284;286;287;290;294;295;298;299;30;302;306;31;33;97
5ZBQ	A	T4L	P25929	TERMINAL_C	2.7	p2rank	ORIGINAL	2	11.39	0.609	-57.2369	9.7481	120.0899	11	11	0.0	1.0	0.0		0	0.0	False	FUSION_DOMINATED	FUSION_DOMINATED	FUSION_DOMINATED	FUSION_DOMINATED	True	1101;1113;1116;1117;1120;1128;1129;1131;1137;1149;1152
5ZBQ	A	T4L	P25929	TERMINAL_C	2.7	p2rank	ORIGINAL	3	2.2	0.053	-55.058	-28.3203	83.8788	7	7	1.0	0.0	0.0		1	0.05	False	TARGET_DOMINATED	TARGET_DOMINATED	TARGET_DOMINATED	TARGET_DOMINATED	False	125;129;162;165;169;218;219
5ZBQ	A	T4L	P25929	TERMINAL_C	2.7	p2rank	ORIGINAL	4	1.76	0.032	-42.413	-21.7313	84.1048	9	9	1.0	0.0	0.0		2	0.1	False	TARGET_DOMINATED	TARGET_DOMINATED	TARGET_DOMINATED	TARGET_DOMINATED	False	120;124;127;272;276;312;313;316;86
5ZBQ	A	T4L	P25929	TERMINAL_C	2.7	p2rank	ORIGINAL	5	1.24	0.012	-67.3649	-4.5519	123.7134	7	7	0.0	1.0	0.0		0	0.0	False	FUSION_DOMINATED	FUSION_DOMINATED	FUSION_DOMINATED	FUSION_DOMINATED	True	1029;1030;1031;1069;1073;1102;1103
5ZBQ	A	T4L	P25929	TERMINAL_C	2.7	p2rank	ORIGINAL	6	1.03	0.006	-43.8858	-33.7198	79.3235	6	6	1.0	0.0	0.0		0	0.0	False	TARGET_DOMINATED	TARGET_DOMINATED	TARGET_DOMINATED	TARGET_DOMINATED	False	118;119;122;163;167;88
5ZBQ	A	T4L	P25929	TERMINAL_C	2.7	p2rank	ORIGINAL	7	0.97	0.005	-55.2316	-13.0443	86.1972	5	5	1.0	0.0	0.0		0	0.0	False	TARGET_DOMINATED	TARGET_DOMINATED	TARGET_DOMINATED	TARGET_DOMINATED	False	220;221;224;225;228
5ZBQ	A	T4L	P25929	TERMINAL_C	2.7	p2rank	ORIGINAL	8	0.92	0.004	-46.3279	-9.1695	67.1787	6	6	1.0	0.0	0.0		3	0.15	False	TARGET_DOMINATED	TARGET_DOMINATED	TARGET_DOMINATED	TARGET_DOMINATED	False	282;285;286;292;298;301
5ZBQ	A	T4L	P25929	TERMINAL_C	2.7	p2rank	REMOVED	1	61.49	0.988	-44.5154	-20.1675	67.8839	43	43	1.0	0.0	0.0	40.93	19	0.95	True	TARGET_DOMINATED	TARGET_DOMINATED	TARGET_DOMINATED	TARGET_DOMINATED	False	100;101;104;116;117;120;124;173;177;184;197;198;199;200;202;208;211;212;215;216;219;220;26;276;279;28;280;282;283;284;286;287;290;294;295;298;299;30;302;306;31;33;97
5ZBQ	A	T4L	P25929	TERMINAL_C	2.7	p2rank	REMOVED	2	2.2	0.053	-55.058	-28.3203	83.8788	7	7	1.0	0.0	0.0	40.17	1	0.05	False	TARGET_DOMINATED	TARGET_DOMINATED	TARGET_DOMINATED	TARGET_DOMINATED	False	125;129;162;165;169;218;219
5ZBQ	A	T4L	P25929	TERMINAL_C	2.7	p2rank	REMOVED	3	1.76	0.032	-42.413	-21.7313	84.1048	9	9	1.0	0.0	0.0	29.42	2	0.1	False	TARGET_DOMINATED	TARGET_DOMINATED	TARGET_DOMINATED	TARGET_DOMINATED	False	120;124;127;272;276;312;313;316;86
5ZBQ	A	T4L	P25929	TERMINAL_C	2.7	p2rank	REMOVED	4	1.03	0.006	-43.8858	-33.7198	79.3235	6	6	1.0	0.0	0.0	41.78	0	0.0	False	TARGET_DOMINATED	TARGET_DOMINATED	TARGET_DOMINATED	TARGET_DOMINATED	False	118;119;122;163;167;88
5ZBQ	A	T4L	P25929	TERMINAL_C	2.7	p2rank	REMOVED	5	0.97	0.005	-55.2316	-13.0443	86.1972	5	5	1.0	0.0	0.0	30.35	0	0.0	False	TARGET_DOMINATED	TARGET_DOMINATED	TARGET_DOMINATED	TARGET_DOMINATED	False	220;221;224;225;228
5ZBQ	A	T4L	P25929	TERMINAL_C	2.7	p2rank	REMOVED	6	0.92	0.004	-46.3279	-9.1695	67.1787	6	6	1.0	0.0	0.0	38.12	3	0.15	False	TARGET_DOMINATED	TARGET_DOMINATED	TARGET_DOMINATED	TARGET_DOMINATED	False	282;285;286;292;298;301
6A73	A	T4L	P61201	TERMINAL_C	2.447	p2rank	ORIGINAL	1	3.3	0.116	-9.0443	9.3922	-72.5564	13	13	0.2308	0.7692	0.0		0	0.0	False	FUSION_DOMINATED	FUSION_DOMINATED	INTERFACE	FUSION_DOMINATED	True	157;160;161;164;229;232;233;236;249;254;257;258;261
6A73	A	T4L	P61201	TERMINAL_C	2.447	p2rank	ORIGINAL	2	1.7	0.03	-7.4898	0.6639	-78.5616	9	9	0.6667	0.3333	0.0		0	0.0	False	TARGET_DOMINATED	INTERFACE	INTERFACE	INTERFACE	True	120;122;125;128;158;161;226;229;233
6A73	A	T4L	P61201	TERMINAL_C	2.447	p2rank	ORIGINAL	3	1.43	0.019	2.4943	-18.0026	-77.8489	6	6	1.0	0.0	0.0		4	0.5	True	TARGET_DOMINATED	TARGET_DOMINATED	TARGET_DOMINATED	TARGET_DOMINATED	False	114;115;118;73;74;77
6A73	A	T4L	P61201	TERMINAL_C	2.447	p2rank	REMOVED	1	1.43	0.019	2.4943	-18.0026	-77.8489	6	6	1.0	0.0	0.0	28.93	4	0.5	True	TARGET_DOMINATED	TARGET_DOMINATED	TARGET_DOMINATED	TARGET_DOMINATED	False	114;115;118;73;74;77
6BG3	A	T4L	Q96GG9	TERMINAL_N	1.05	p2rank	ORIGINAL	1	12.32	0.646	14.3788	-11.2534	-5.0541	19	19	1.0	0.0	0.0		16	0.8421	True	TARGET_DOMINATED	TARGET_DOMINATED	TARGET_DOMINATED	TARGET_DOMINATED	False	1083;1086;1089;1090;1093;1097;1098;1102;1103;1105;1106;1111;1113;1114;1116;1117;1164;1181;1184
6BG3	A	T4L	Q96GG9	TERMINAL_N	1.05	p2rank	ORIGINAL	2	3.52	0.129	22.4852	-15.4079	12.5873	11	11	0.6364	0.3636	0.0		0	0.0	False	TARGET_DOMINATED	INTERFACE	INTERFACE	INTERFACE	True	1062;1065;1119;1120;1123;1124;1127;13;164;8;9
6BG3	A	T4L	Q96GG9	TERMINAL_N	1.05	p2rank	ORIGINAL	3	2.15	0.05	23.2651	-13.3213	30.9947	11	11	0.0	1.0	0.0		0	0.0	False	FUSION_DOMINATED	FUSION_DOMINATED	FUSION_DOMINATED	FUSION_DOMINATED	True	100;158;2;3;68;71;72;75;88;93;97
6BG3	A	T4L	Q96GG9	TERMINAL_N	1.05	p2rank	ORIGINAL	4	1.36	0.016	19.168	-2.6041	7.5206	6	6	0.3333	0.6667	0.0		0	0.0	False	FUSION_DOMINATED	INTERFACE	INTERFACE	INTERFACE	True	1110;1124;14;15;16;17
6BG3	A	T4L	Q96GG9	TERMINAL_N	1.05	p2rank	ORIGINAL	5	1.16	0.009	9.9317	-16.4917	15.455	11	11	0.3636	0.6364	0.0		0	0.0	False	FUSION_DOMINATED	INTERFACE	INTERFACE	INTERFACE	True	10;1127;1128;1129;1130;141;142;143;144;145;148
6BG3	A	T4L	Q96GG9	TERMINAL_N	1.05	p2rank	ORIGINAL	6	0.82	0.003	0.8439	-6.4627	-4.5164	5	5	1.0	0.0	0.0		0	0.0	False	TARGET_DOMINATED	TARGET_DOMINATED	TARGET_DOMINATED	TARGET_DOMINATED	False	1100;1104;1145;1148;1189
6BG3	A	T4L	Q96GG9	TERMINAL_N	1.05	p2rank	REMOVED	1	12.32	0.646	14.3788	-11.2534	-5.0541	19	19	1.0	0.0	0.0	22.73	16	0.8421	True	TARGET_DOMINATED	TARGET_DOMINATED	TARGET_DOMINATED	TARGET_DOMINATED	False	1083;1086;1089;1090;1093;1097;1098;1102;1103;1105;1106;1111;1113;1114;1116;1117;1164;1181;1184
6BG3	A	T4L	Q96GG9	TERMINAL_N	1.05	p2rank	REMOVED	2	0.82	0.003	0.8439	-6.4627	-4.5164	5	5	1.0	0.0	0.0	31.9	0	0.0	False	TARGET_DOMINATED	TARGET_DOMINATED	TARGET_DOMINATED	TARGET_DOMINATED	False	1100;1104;1145;1148;1189
6CM4	A	T4L	P14416	INTERNAL_INSERTION	2.867	p2rank	ORIGINAL	1	36.25	0.955	9.3287	5.8816	-10.373	25	25	1.0	0.0	0.0		15	0.8824	True	TARGET_DOMINATED	TARGET_DOMINATED	TARGET_DOMINATED	TARGET_DOMINATED	False	100;110;114;115;118;119;184;189;190;193;197;198;386;389;390;393;396;408;409;412;413;416;91;94;95
6CM4	A	T4L	P14416	INTERNAL_INSERTION	2.867	p2rank	ORIGINAL	2	3.32	0.117	16.9421	5.8133	5.1099	13	13	1.0	0.0	0.0		3	0.1765	False	TARGET_DOMINATED	TARGET_DOMINATED	TARGET_DOMINATED	TARGET_DOMINATED	False	122;125;198;201;202;205;206;209;376;379;380;382;383
6CM4	A	T4L	P14416	INTERNAL_INSERTION	2.867	p2rank	ORIGINAL	3	2.0	0.043	14.4423	15.8242	6.047	11	11	1.0	0.0	0.0		0	0.0	False	TARGET_DOMINATED	TARGET_DOMINATED	TARGET_DOMINATED	TARGET_DOMINATED	False	123;126;127;130;155;158;159;162;200;201;204
6CM4	A	T4L	P14416	INTERNAL_INSERTION	2.867	p2rank	ORIGINAL	4	1.8	0.034	7.5147	5.0354	-0.7275	8	8	1.0	0.0	0.0		3	0.1765	False	TARGET_DOMINATED	TARGET_DOMINATED	TARGET_DOMINATED	TARGET_DOMINATED	False	118;121;382;386;415;418;419;80
6CM4	A	T4L	P14416	INTERNAL_INSERTION	2.867	p2rank	ORIGINAL	5	1.66	0.028	31.2219	-4.6352	26.8909	11	11	0.1818	0.8182	0.0		0	0.0	False	FUSION_DOMINATED	FUSION_DOMINATED	MIXED	FUSION_DOMINATED	True	1003;1071;1072;1075;1088;1093;1096;1097;1100;220;221
6CM4	A	T4L	P14416	INTERNAL_INSERTION	2.867	p2rank	ORIGINAL	6	1.49	0.021	7.5032	3.0459	20.0544	11	11	1.0	0.0	0.0		0	0.0	False	TARGET_DOMINATED	TARGET_DOMINATED	TARGET_DOMINATED	TARGET_DOMINATED	False	367;368;370;371;374;430;432;64;67;69;70
6CM4	A	T4L	P14416	INTERNAL_INSERTION	2.867	p2rank	REMOVED	1	36.25	0.955	9.3287	5.8816	-10.373	25	25	1.0	0.0	0.0	46.1	15	0.8824	True	TARGET_DOMINATED	TARGET_DOMINATED	TARGET_DOMINATED	TARGET_DOMINATED	False	100;110;114;115;118;119;184;189;190;193;197;198;386;389;390;393;396;408;409;412;413;416;91;94;95
6CM4	A	T4L	P14416	INTERNAL_INSERTION	2.867	p2rank	REMOVED	2	3.32	0.117	16.9421	5.8133	5.1099	13	13	1.0	0.0	0.0	28.86	3	0.1765	False	TARGET_DOMINATED	TARGET_DOMINATED	TARGET_DOMINATED	TARGET_DOMINATED	False	122;125;198;201;202;205;206;209;376;379;380;382;383
6CM4	A	T4L	P14416	INTERNAL_INSERTION	2.867	p2rank	REMOVED	3	2.0	0.043	14.4423	15.8242	6.047	11	11	1.0	0.0	0.0	31.35	0	0.0	False	TARGET_DOMINATED	TARGET_DOMINATED	TARGET_DOMINATED	TARGET_DOMINATED	False	123;126;127;130;155;158;159;162;200;201;204
6CM4	A	T4L	P14416	INTERNAL_INSERTION	2.867	p2rank	REMOVED	4	1.8	0.034	7.5147	5.0354	-0.7275	8	8	1.0	0.0	0.0	37.98	3	0.1765	False	TARGET_DOMINATED	TARGET_DOMINATED	TARGET_DOMINATED	TARGET_DOMINATED	False	118;121;382;386;415;418;419;80
6CM4	A	T4L	P14416	INTERNAL_INSERTION	2.867	p2rank	REMOVED	5	1.49	0.021	7.5032	3.0459	20.0544	11	11	1.0	0.0	0.0	19.08	0	0.0	False	TARGET_DOMINATED	TARGET_DOMINATED	TARGET_DOMINATED	TARGET_DOMINATED	False	367;368;370;371;374;430;432;64;67;69;70
6RZ4	A	BRIL	Q9Y271	INTERNAL_INSERTION	2.7	p2rank	ORIGINAL	1	26.02	0.91	41.5183	26.5841	58.8872	32	32	1.0	0.0	0.0		17	0.8095	True	TARGET_DOMINATED	TARGET_DOMINATED	TARGET_DOMINATED	TARGET_DOMINATED	False	100;104;108;154;155;157;158;161;162;164;174;175;176;177;182;185;186;189;190;193;22;249;252;253;256;257;26;277;278;281;79;83
6RZ4	A	BRIL	Q9Y271	INTERNAL_INSERTION	2.7	p2rank	ORIGINAL	2	5.51	0.263	37.2469	24.4411	24.7669	14	14	1.0	0.0	0.0		0	0.0	False	TARGET_DOMINATED	TARGET_DOMINATED	TARGET_DOMINATED	TARGET_DOMINATED	False	117;120;121;124;125;131;133;136;227;230;299;56;57;58
6RZ4	A	BRIL	Q9Y271	INTERNAL_INSERTION	2.7	p2rank	ORIGINAL	3	4.86	0.218	20.4258	19.6933	5.4867	6	6	0.0	0.8333	0.1667		0	0.0	False	FUSION_DOMINATED	FUSION_DOMINATED	MIXED	FUSION_DOMINATED	True	1003;1007;1040;1061;1065;1106
6RZ4	A	BRIL	Q9Y271	INTERNAL_INSERTION	2.7	p2rank	ORIGINAL	4	4.32	0.179	35.9188	22.7558	69.3893	11	11	1.0	0.0	0.0		3	0.1429	False	TARGET_DOMINATED	TARGET_DOMINATED	TARGET_DOMINATED	TARGET_DOMINATED	False	15;175;176;18;22;256;259;260;265;270;274
6RZ4	A	BRIL	Q9Y271	INTERNAL_INSERTION	2.7	p2rank	ORIGINAL	5	4.05	0.162	38.0646	34.5552	40.1199	11	11	1.0	0.0	0.0		1	0.0476	False	TARGET_DOMINATED	TARGET_DOMINATED	TARGET_DOMINATED	TARGET_DOMINATED	False	112;115;116;143;146;147;150;196;200;201;204
6RZ4	A	BRIL	Q9Y271	INTERNAL_INSERTION	2.7	p2rank	ORIGINAL	6	3.69	0.14	44.5203	17.0023	70.5064	10	10	1.0	0.0	0.0		1	0.0476	False	TARGET_DOMINATED	TARGET_DOMINATED	TARGET_DOMINATED	TARGET_DOMINATED	False	15;166;172;175;176;19;22;86;87;88
6RZ4	A	BRIL	Q9Y271	INTERNAL_INSERTION	2.7	p2rank	ORIGINAL	7	2.7	0.081	40.8679	34.0123	48.2306	10	10	1.0	0.0	0.0		7	0.3333	True	TARGET_DOMINATED	TARGET_DOMINATED	TARGET_DOMINATED	TARGET_DOMINATED	False	108;112;150;151;154;155;189;192;193;196
6RZ4	A	BRIL	Q9Y271	INTERNAL_INSERTION	2.7	p2rank	ORIGINAL	8	1.25	0.012	27.9185	24.3627	20.6132	8	8	0.875	0.125	0.0		0	0.0	False	TARGET_DOMINATED	TARGET_DOMINATED	MIXED	TARGET_DOMINATED	False	1049;124;125;128;216;219;227;228
6RZ4	A	BRIL	Q9Y271	INTERNAL_INSERTION	2.7	p2rank	ORIGINAL	9	1.1	0.007	51.1558	26.8566	46.4559	7	7	1.0	0.0	0.0		0	0.0	False	TARGET_DOMINATED	TARGET_DOMINATED	TARGET_DOMINATED	TARGET_DOMINATED	False	101;102;105;148;152;68;71
6RZ4	A	BRIL	Q9Y271	INTERNAL_INSERTION	2.7	p2rank	REMOVED	1	26.02	0.91	41.5183	26.5841	58.8872	32	32	1.0	0.0	0.0	44.32	17	0.8095	True	TARGET_DOMINATED	TARGET_DOMINATED	TARGET_DOMINATED	TARGET_DOMINATED	False	100;104;108;154;155;157;158;161;162;164;174;175;176;177;182;185;186;189;190;193;22;249;252;253;256;257;26;277;278;281;79;83
6RZ4	A	BRIL	Q9Y271	INTERNAL_INSERTION	2.7	p2rank	REMOVED	2	4.93	0.222	37.1645	24.4419	24.8037	14	14	1.0	0.0	0.0	12.94	0	0.0	False	TARGET_DOMINATED	TARGET_DOMINATED	TARGET_DOMINATED	TARGET_DOMINATED	False	117;120;121;124;125;131;133;136;227;230;299;56;57;58
6RZ4	A	BRIL	Q9Y271	INTERNAL_INSERTION	2.7	p2rank	REMOVED	3	4.32	0.179	35.9188	22.7558	69.3893	11	11	1.0	0.0	0.0	52.81	3	0.1429	False	TARGET_DOMINATED	TARGET_DOMINATED	TARGET_DOMINATED	TARGET_DOMINATED	False	15;175;176;18;22;256;259;260;265;270;274
6RZ4	A	BRIL	Q9Y271	INTERNAL_INSERTION	2.7	p2rank	REMOVED	4	4.05	0.162	38.0646	34.5552	40.1199	11	11	1.0	0.0	0.0	29.86	1	0.0476	False	TARGET_DOMINATED	TARGET_DOMINATED	TARGET_DOMINATED	TARGET_DOMINATED	False	112;115;116;143;146;147;150;196;200;201;204
6RZ4	A	BRIL	Q9Y271	INTERNAL_INSERTION	2.7	p2rank	REMOVED	5	3.69	0.14	44.5203	17.0023	70.5064	10	10	1.0	0.0	0.0	55.37	1	0.0476	False	TARGET_DOMINATED	TARGET_DOMINATED	TARGET_DOMINATED	TARGET_DOMINATED	False	15;166;172;175;176;19;22;86;87;88
6RZ4	A	BRIL	Q9Y271	INTERNAL_INSERTION	2.7	p2rank	REMOVED	6	2.7	0.081	40.8679	34.0123	48.2306	10	10	1.0	0.0	0.0	36.97	7	0.3333	True	TARGET_DOMINATED	TARGET_DOMINATED	TARGET_DOMINATED	TARGET_DOMINATED	False	108;112;150;151;154;155;189;192;193;196
6RZ4	A	BRIL	Q9Y271	INTERNAL_INSERTION	2.7	p2rank	REMOVED	7	1.1	0.007	51.1558	26.8566	46.4559	7	7	1.0	0.0	0.0	37.65	0	0.0	False	TARGET_DOMINATED	TARGET_DOMINATED	TARGET_DOMINATED	TARGET_DOMINATED	False	101;102;105;148;152;68;71
6RZ7	A	BRIL	Q9NS75	INTERNAL_INSERTION	2.43	p2rank	ORIGINAL	1	26.56	0.915	-21.3221	-18.5088	-18.2003	30	30	1.0	0.0	0.0		14	0.6087	True	TARGET_DOMINATED	TARGET_DOMINATED	TARGET_DOMINATED	TARGET_DOMINATED	False	115;118;119;173;188;189;190;194;198;263;267;270;271;273;274;275;278;279;280;284;287;288;291;31;34;37;41;45;94;98
6RZ7	A	BRIL	Q9NS75	INTERNAL_INSERTION	2.43	p2rank	ORIGINAL	2	13.09	0.673	-19.4382	-28.5053	-8.9868	16	16	1.0	0.0	0.0		12	0.5217	True	TARGET_DOMINATED	TARGET_DOMINATED	TARGET_DOMINATED	TARGET_DOMINATED	False	119;123;127;165;166;169;170;172;173;198;201;204;205;208;209;267
6RZ7	A	BRIL	Q9NS75	INTERNAL_INSERTION	2.43	p2rank	ORIGINAL	3	4.11	0.166	-12.6467	-23.9862	-17.5846	15	15	1.0	0.0	0.0		5	0.2174	False	TARGET_DOMINATED	TARGET_DOMINATED	TARGET_DOMINATED	TARGET_DOMINATED	False	108;111;112;115;119;172;173;175;183;184;187;191;193;194;198
6RZ7	A	BRIL	Q9NS75	INTERNAL_INSERTION	2.43	p2rank	ORIGINAL	4	2.47	0.068	-23.6941	-7.0025	-4.9916	8	8	1.0	0.0	0.0		0	0.0	False	TARGET_DOMINATED	TARGET_DOMINATED	TARGET_DOMINATED	TARGET_DOMINATED	False	293;296;299;300;44;47;48;51
6RZ7	A	BRIL	Q9NS75	INTERNAL_INSERTION	2.43	p2rank	ORIGINAL	5	2.11	0.048	-11.3125	-22.7428	-1.6358	9	9	1.0	0.0	0.0		0	0.0	False	TARGET_DOMINATED	TARGET_DOMINATED	TARGET_DOMINATED	TARGET_DOMINATED	False	116;117;120;121;163;167;83;86;87
6RZ7	A	BRIL	Q9NS75	INTERNAL_INSERTION	2.43	p2rank	ORIGINAL	6	1.8	0.034	-39.3491	-18.0886	38.1651	10	10	0.0	1.0	0.0		0	0.0	False	FUSION_DOMINATED	FUSION_DOMINATED	FUSION_DOMINATED	FUSION_DOMINATED	True	1006;1010;1033;1036;1037;1066;1068;1094;1098;1101
6RZ7	A	BRIL	Q9NS75	INTERNAL_INSERTION	2.43	p2rank	ORIGINAL	7	1.78	0.033	-10.2262	-24.7366	6.4235	7	7	1.0	0.0	0.0		0	0.0	False	TARGET_DOMINATED	TARGET_DOMINATED	TARGET_DOMINATED	TARGET_DOMINATED	False	156;160;163;167;79;82;86
6RZ7	A	BRIL	Q9NS75	INTERNAL_INSERTION	2.43	p2rank	ORIGINAL	8	1.17	0.01	-36.1393	-23.3431	30.3306	6	6	0.0	1.0	0.0		0	0.0	False	FUSION_DOMINATED	FUSION_DOMINATED	FUSION_DOMINATED	FUSION_DOMINATED	True	1006;1039;1060;1062;1101;1105
6RZ7	A	BRIL	Q9NS75	INTERNAL_INSERTION	2.43	p2rank	ORIGINAL	9	1.11	0.008	-28.2708	-11.3499	2.7186	6	6	1.0	0.0	0.0		0	0.0	False	TARGET_DOMINATED	TARGET_DOMINATED	TARGET_DOMINATED	TARGET_DOMINATED	False	251;254;255;258;300;303
6RZ7	A	BRIL	Q9NS75	INTERNAL_INSERTION	2.43	p2rank	ORIGINAL	10	0.9	0.004	-19.7855	-17.0944	-6.7687	8	8	1.0	0.0	0.0		0	0.0	False	TARGET_DOMINATED	TARGET_DOMINATED	TARGET_DOMINATED	TARGET_DOMINATED	False	118;121;122;291;294;295;45;87
6RZ7	A	BRIL	Q9NS75	INTERNAL_INSERTION	2.43	p2rank	REMOVED	1	26.56	0.915	-21.3221	-18.5088	-18.2003	30	30	1.0	0.0	0.0	42.89	14	0.6087	True	TARGET_DOMINATED	TARGET_DOMINATED	TARGET_DOMINATED	TARGET_DOMINATED	False	115;118;119;173;188;189;190;194;198;263;267;270;271;273;274;275;278;279;280;284;287;288;291;31;34;37;41;45;94;98
6RZ7	A	BRIL	Q9NS75	INTERNAL_INSERTION	2.43	p2rank	REMOVED	2	13.09	0.673	-19.4382	-28.5053	-8.9868	16	16	1.0	0.0	0.0	37.23	12	0.5217	True	TARGET_DOMINATED	TARGET_DOMINATED	TARGET_DOMINATED	TARGET_DOMINATED	False	119;123;127;165;166;169;170;172;173;198;201;204;205;208;209;267
6RZ7	A	BRIL	Q9NS75	INTERNAL_INSERTION	2.43	p2rank	REMOVED	3	4.11	0.166	-12.6467	-23.9862	-17.5846	15	15	1.0	0.0	0.0	46.19	5	0.2174	False	TARGET_DOMINATED	TARGET_DOMINATED	TARGET_DOMINATED	TARGET_DOMINATED	False	108;111;112;115;119;172;173;175;183;184;187;191;193;194;198
6RZ7	A	BRIL	Q9NS75	INTERNAL_INSERTION	2.43	p2rank	REMOVED	4	2.47	0.068	-23.6941	-7.0025	-4.9916	8	8	1.0	0.0	0.0	30.43	0	0.0	False	TARGET_DOMINATED	TARGET_DOMINATED	TARGET_DOMINATED	TARGET_DOMINATED	False	293;296;299;300;44;47;48;51
6RZ7	A	BRIL	Q9NS75	INTERNAL_INSERTION	2.43	p2rank	REMOVED	5	2.11	0.048	-11.3125	-22.7428	-1.6358	9	9	1.0	0.0	0.0	33.6	0	0.0	False	TARGET_DOMINATED	TARGET_DOMINATED	TARGET_DOMINATED	TARGET_DOMINATED	False	116;117;120;121;163;167;83;86;87
6RZ7	A	BRIL	Q9NS75	INTERNAL_INSERTION	2.43	p2rank	REMOVED	6	1.78	0.033	-10.2262	-24.7366	6.4235	7	7	1.0	0.0	0.0	29.68	0	0.0	False	TARGET_DOMINATED	TARGET_DOMINATED	TARGET_DOMINATED	TARGET_DOMINATED	False	156;160;163;167;79;82;86
6RZ7	A	BRIL	Q9NS75	INTERNAL_INSERTION	2.43	p2rank	REMOVED	7	1.11	0.008	-28.2708	-11.3499	2.7186	6	6	1.0	0.0	0.0	21.04	0	0.0	False	TARGET_DOMINATED	TARGET_DOMINATED	TARGET_DOMINATED	TARGET_DOMINATED	False	251;254;255;258;300;303
6RZ7	A	BRIL	Q9NS75	INTERNAL_INSERTION	2.43	p2rank	REMOVED	8	0.9	0.004	-19.7855	-17.0944	-6.7687	8	8	1.0	0.0	0.0	32.53	0	0.0	False	TARGET_DOMINATED	TARGET_DOMINATED	TARGET_DOMINATED	TARGET_DOMINATED	False	118;121;122;291;294;295;45;87
6WSK	A	T4L	Q5M7A7	TERMINAL_N	1.55	p2rank	ORIGINAL	1	3.49	0.127	46.1994	32.7141	48.2219	14	14	0.3571	0.5714	0.0714		0		False	FUSION_DOMINATED	INTERFACE	INTERFACE	INTERFACE	True	-1;-153;-154;-155;-156;-17;-20;-21;-23;146;148;159;3;7
6WSK	A	T4L	Q5M7A7	TERMINAL_N	1.55	p2rank	ORIGINAL	2	1.47	0.02	51.1741	-0.6222	62.4135	8	8	1.0	0.0	0.0		0		False	TARGET_DOMINATED	TARGET_DOMINATED	TARGET_DOMINATED	TARGET_DOMINATED	False	100;124;126;130;133;26;39;99
6WSK	A	T4L	Q5M7A7	TERMINAL_N	1.55	p2rank	ORIGINAL	3	1.13	0.009	36.2765	8.8217	62.2388	8	8	1.0	0.0	0.0		0		False	TARGET_DOMINATED	TARGET_DOMINATED	TARGET_DOMINATED	TARGET_DOMINATED	False	103;105;125;64;65;67;89;94
6WSK	A	T4L	Q5M7A7	TERMINAL_N	1.55	p2rank	ORIGINAL	4	0.92	0.004	60.9125	33.7364	34.5197	3	3	0.0	1.0	0.0		0		False	UNASSIGNED	UNASSIGNED	UNASSIGNED	UNASSIGNED	False	-32;-44;-63
6WSK	A	T4L	Q5M7A7	TERMINAL_N	1.55	p2rank	REMOVED	1	1.47	0.02	51.1741	-0.6222	62.4135	8	8	1.0	0.0	0.0	44.36	0		False	TARGET_DOMINATED	TARGET_DOMINATED	TARGET_DOMINATED	TARGET_DOMINATED	False	100;124;126;130;133;26;39;99
6WSK	A	T4L	Q5M7A7	TERMINAL_N	1.55	p2rank	REMOVED	2	1.13	0.009	36.2765	8.8217	62.2388	8	8	1.0	0.0	0.0	34.35	0		False	TARGET_DOMINATED	TARGET_DOMINATED	TARGET_DOMINATED	TARGET_DOMINATED	False	103;105;125;64;65;67;89;94
7UAJ	A	MBP	P03126	TERMINAL_N	3.25	p2rank	ORIGINAL	1	27.73	0.922	-22.949	26.1568	-26.4929	23	23	0.0	1.0	0.0		0		False	FUSION_DOMINATED	FUSION_DOMINATED	FUSION_DOMINATED	FUSION_DOMINATED	True	112;13;15;151;154;155;156;157;16;211;231;261;263;331;341;342;345;45;46;63;64;66;67
7UAJ	A	MBP	P03126	TERMINAL_N	3.25	p2rank	ORIGINAL	2	3.53	0.13	-26.9298	23.922	-10.4475	7	7	0.0	1.0	0.0		0		False	FUSION_DOMINATED	FUSION_DOMINATED	FUSION_DOMINATED	FUSION_DOMINATED	True	111;260;322;325;326;330;93
7UAJ	A	MBP	P03126	TERMINAL_N	3.25	p2rank	ORIGINAL	3	1.98	0.042	-33.0486	10.6036	-20.2295	10	10	0.0	1.0	0.0		0		False	FUSION_DOMINATED	FUSION_DOMINATED	FUSION_DOMINATED	FUSION_DOMINATED	True	237;295;296;299;308;312;314;315;317;318
7UAJ	A	MBP	P03126	TERMINAL_N	3.25	p2rank	ORIGINAL	4	1.68	0.029	-31.7009	20.5241	-10.4473	5	5	0.0	1.0	0.0		0		False	FUSION_DOMINATED	FUSION_DOMINATED	FUSION_DOMINATED	FUSION_DOMINATED	True	303;309;322;91;93
7UAJ	A	MBP	P03126	TERMINAL_N	3.25	p2rank	ORIGINAL	5	1.4	0.017	-22.8485	33.6965	-9.3205	8	8	0.0	1.0	0.0		0		False	FUSION_DOMINATED	FUSION_DOMINATED	FUSION_DOMINATED	FUSION_DOMINATED	True	172;175;177;329;330;331;333;96
7UAJ	A	MBP	P03126	TERMINAL_N	3.25	p2rank	ORIGINAL	6	0.97	0.005	-12.4894	69.3587	-39.0437	5	5	1.0	0.0	0.0		0		False	TARGET_DOMINATED	TARGET_DOMINATED	TARGET_DOMINATED	TARGET_DOMINATED	False	391;394;401;424;425
7UAJ	A	MBP	P03126	TERMINAL_N	3.25	p2rank	REMOVED	1	0.97	0.005	-12.4894	69.3587	-39.0437	5	5	1.0	0.0	0.0	17.77	0		False	TARGET_DOMINATED	TARGET_DOMINATED	TARGET_DOMINATED	TARGET_DOMINATED	False	391;394;401;424;425
7YXA	A	BRIL	Q9H228	INTERNAL_INSERTION	2.2	p2rank	ORIGINAL	1	31.31	0.938	13.5679	18.1584	11.0782	37	37	1.0	0.0	0.0		18	0.9474	True	TARGET_DOMINATED	TARGET_DOMINATED	TARGET_DOMINATED	TARGET_DOMINATED	False	100;108;111;112;115;116;119;185;186;19;194;197;198;201;24;264;267;268;27;271;28;286;289;292;293;295;296;30;37;39;40;43;89;92;93;96;97
7YXA	A	BRIL	Q9H228	INTERNAL_INSERTION	2.2	p2rank	ORIGINAL	2	3.67	0.139	26.528	25.5523	-41.2863	12	12	0.0	1.0	0.0		0	0.0	False	FUSION_DOMINATED	FUSION_DOMINATED	FUSION_DOMINATED	FUSION_DOMINATED	True	1003;1007;1010;1040;1061;1064;1065;1068;1097;1098;1099;1100
7YXA	A	BRIL	Q9H228	INTERNAL_INSERTION	2.2	p2rank	ORIGINAL	3	1.58	0.024	14.3619	16.648	-0.2075	9	9	1.0	0.0	0.0		2	0.1053	False	TARGET_DOMINATED	TARGET_DOMINATED	TARGET_DOMINATED	TARGET_DOMINATED	False	115;118;119;122;264;298;82;85;89
7YXA	A	BRIL	Q9H228	INTERNAL_INSERTION	2.2	p2rank	ORIGINAL	4	1.42	0.018	26.5779	9.7605	1.9827	6	6	1.0	0.0	0.0		0	0.0	False	TARGET_DOMINATED	TARGET_DOMINATED	TARGET_DOMINATED	TARGET_DOMINATED	False	120;161;165;196;200;204
7YXA	A	BRIL	Q9H228	INTERNAL_INSERTION	2.2	p2rank	ORIGINAL	5	0.76	0.002	17.3033	17.4578	-5.5235	7	7	1.0	0.0	0.0		0	0.0	False	TARGET_DOMINATED	TARGET_DOMINATED	TARGET_DOMINATED	TARGET_DOMINATED	False	122;126;256;260;298;302;78
7YXA	A	BRIL	Q9H228	INTERNAL_INSERTION	2.2	p2rank	REMOVED	1	31.31	0.938	13.5679	18.1584	11.0782	37	37	1.0	0.0	0.0	40.27	18	0.9474	True	TARGET_DOMINATED	TARGET_DOMINATED	TARGET_DOMINATED	TARGET_DOMINATED	False	100;108;111;112;115;116;119;185;186;19;194;197;198;201;24;264;267;268;27;271;28;286;289;292;293;295;296;30;37;39;40;43;89;92;93;96;97
7YXA	A	BRIL	Q9H228	INTERNAL_INSERTION	2.2	p2rank	REMOVED	2	1.58	0.024	14.3619	16.648	-0.2075	9	9	1.0	0.0	0.0	29.87	2	0.1053	False	TARGET_DOMINATED	TARGET_DOMINATED	TARGET_DOMINATED	TARGET_DOMINATED	False	115;118;119;122;264;298;82;85;89
7YXA	A	BRIL	Q9H228	INTERNAL_INSERTION	2.2	p2rank	REMOVED	3	1.42	0.018	26.5779	9.7605	1.9827	6	6	1.0	0.0	0.0	33.42	0	0.0	False	TARGET_DOMINATED	TARGET_DOMINATED	TARGET_DOMINATED	TARGET_DOMINATED	False	120;161;165;196;200;204
7YXA	A	BRIL	Q9H228	INTERNAL_INSERTION	2.2	p2rank	REMOVED	4	0.76	0.002	17.3033	17.4578	-5.5235	7	7	1.0	0.0	0.0	23.98	0	0.0	False	TARGET_DOMINATED	TARGET_DOMINATED	TARGET_DOMINATED	TARGET_DOMINATED	False	122;126;256;260;298;302;78
7ZL9	A	BRIL	Q8TDS4	TERMINAL_C	2.7	p2rank	ORIGINAL	1	36.43	0.956	22.0446	67.6762	190.4356	35	35	1.0	0.0	0.0		0		False	TARGET_DOMINATED	TARGET_DOMINATED	TARGET_DOMINATED	TARGET_DOMINATED	False	103;104;107;108;111;112;158;159;161;162;176;177;178;179;181;182;189;190;193;196;20;244;247;248;251;255;276;277;280;283;284;83;86;87;91
7ZL9	A	BRIL	Q8TDS4	TERMINAL_C	2.7	p2rank	ORIGINAL	2	2.55	0.072	33.258	92.6523	181.0414	8	8	1.0	0.0	0.0		0		False	TARGET_DOMINATED	TARGET_DOMINATED	TARGET_DOMINATED	TARGET_DOMINATED	False	291;294;295;301;305;44;47;51
7ZL9	A	BRIL	Q8TDS4	TERMINAL_C	2.7	p2rank	ORIGINAL	3	2.3	0.058	34.3488	71.9036	195.5662	7	7	1.0	0.0	0.0		0		False	TARGET_DOMINATED	TARGET_DOMINATED	TARGET_DOMINATED	TARGET_DOMINATED	False	102;103;106;78;79;82;99
7ZL9	A	BRIL	Q8TDS4	TERMINAL_C	2.7	p2rank	ORIGINAL	4	1.92	0.039	29.2006	94.3769	197.9405	6	6	1.0	0.0	0.0		0		False	TARGET_DOMINATED	TARGET_DOMINATED	TARGET_DOMINATED	TARGET_DOMINATED	False	145;53;59;64;67;68
7ZL9	A	BRIL	Q8TDS4	TERMINAL_C	2.7	p2rank	ORIGINAL	5	1.78	0.033	14.7603	117.1934	176.6145	11	11	0.0909	0.9091	0.0		0		False	FUSION_DOMINATED	FUSION_DOMINATED	FUSION_DOMINATED	FUSION_DOMINATED	True	1003;1006;1040;1041;1043;1044;1061;1065;1105;1106;222
7ZL9	A	BRIL	Q8TDS4	TERMINAL_C	2.7	p2rank	ORIGINAL	6	1.45	0.019	14.8738	95.4587	197.563	8	8	1.0	0.0	0.0		0		False	TARGET_DOMINATED	TARGET_DOMINATED	TARGET_DOMINATED	TARGET_DOMINATED	False	120;123;124;136;139;147;151;65
7ZL9	A	BRIL	Q8TDS4	TERMINAL_C	2.7	p2rank	ORIGINAL	7	1.37	0.016	24.477	56.5552	187.8816	8	8	1.0	0.0	0.0		0		False	TARGET_DOMINATED	TARGET_DOMINATED	TARGET_DOMINATED	TARGET_DOMINATED	False	11;12;14;171;176;180;20;91
7ZL9	A	BRIL	Q8TDS4	TERMINAL_C	2.7	p2rank	ORIGINAL	8	1.12	0.008	6.6131	94.4166	191.9919	7	7	1.0	0.0	0.0		0		False	TARGET_DOMINATED	TARGET_DOMINATED	TARGET_DOMINATED	TARGET_DOMINATED	False	123;126;127;131;203;206;207
7ZL9	A	BRIL	Q8TDS4	TERMINAL_C	2.7	p2rank	REMOVED	1	36.43	0.956	22.0446	67.6762	190.4356	35	35	1.0	0.0	0.0	45.05	0		False	TARGET_DOMINATED	TARGET_DOMINATED	TARGET_DOMINATED	TARGET_DOMINATED	False	103;104;107;108;111;112;158;159;161;162;176;177;178;179;181;182;189;190;193;196;20;244;247;248;251;255;276;277;280;283;284;83;86;87;91
7ZL9	A	BRIL	Q8TDS4	TERMINAL_C	2.7	p2rank	REMOVED	2	2.55	0.072	33.258	92.6523	181.0414	8	8	1.0	0.0	0.0	17.46	0		False	TARGET_DOMINATED	TARGET_DOMINATED	TARGET_DOMINATED	TARGET_DOMINATED	False	291;294;295;301;305;44;47;51
7ZL9	A	BRIL	Q8TDS4	TERMINAL_C	2.7	p2rank	REMOVED	3	2.3	0.058	34.3488	71.9036	195.5662	7	7	1.0	0.0	0.0	38.66	0		False	TARGET_DOMINATED	TARGET_DOMINATED	TARGET_DOMINATED	TARGET_DOMINATED	False	102;103;106;78;79;82;99
7ZL9	A	BRIL	Q8TDS4	TERMINAL_C	2.7	p2rank	REMOVED	4	1.92	0.039	29.2006	94.3769	197.9405	6	6	1.0	0.0	0.0	30.02	0		False	TARGET_DOMINATED	TARGET_DOMINATED	TARGET_DOMINATED	TARGET_DOMINATED	False	145;53;59;64;67;68
7ZL9	A	BRIL	Q8TDS4	TERMINAL_C	2.7	p2rank	REMOVED	5	1.45	0.019	14.8738	95.4587	197.563	8	8	1.0	0.0	0.0	39.61	0		False	TARGET_DOMINATED	TARGET_DOMINATED	TARGET_DOMINATED	TARGET_DOMINATED	False	120;123;124;136;139;147;151;65
7ZL9	A	BRIL	Q8TDS4	TERMINAL_C	2.7	p2rank	REMOVED	6	1.37	0.016	24.477	56.5552	187.8816	8	8	1.0	0.0	0.0	52.26	0		False	TARGET_DOMINATED	TARGET_DOMINATED	TARGET_DOMINATED	TARGET_DOMINATED	False	11;12;14;171;176;180;20;91
7ZL9	A	BRIL	Q8TDS4	TERMINAL_C	2.7	p2rank	REMOVED	7	1.12	0.008	6.6131	94.4166	191.9919	7	7	1.0	0.0	0.0	44.16	0		False	TARGET_DOMINATED	TARGET_DOMINATED	TARGET_DOMINATED	TARGET_DOMINATED	False	123;126;127;131;203;206;207
9JRT	A	BRIL	P43116	INTERNAL_INSERTION	3.28	p2rank	ORIGINAL	1	17.44	0.802	112.9296	122.2923	149.8143	26	26	1.0	0.0	0.0		16	1.0	True	TARGET_DOMINATED	TARGET_DOMINATED	TARGET_DOMINATED	TARGET_DOMINATED	False	112;116;119;120;123;183;185;186;23;27;28;31;382;384;385;386;387;388;389;78;81;82;85;86;89;93
9JRT	A	BRIL	P43116	INTERNAL_INSERTION	3.28	p2rank	ORIGINAL	2	2.72	0.082	119.6735	138.3694	147.8029	11	11	1.0	0.0	0.0		0	0.0	False	TARGET_DOMINATED	TARGET_DOMINATED	TARGET_DOMINATED	TARGET_DOMINATED	False	14;16;181;182;190;191;363;368;372;374;377
9JRT	A	BRIL	P43116	INTERNAL_INSERTION	3.28	p2rank	ORIGINAL	3	2.08	0.047	108.2532	102.019	128.2098	9	9	1.0	0.0	0.0		0	0.0	False	TARGET_DOMINATED	TARGET_DOMINATED	TARGET_DOMINATED	TARGET_DOMINATED	False	338;341;342;345;395;400;402;49;68
9JRT	A	BRIL	P43116	INTERNAL_INSERTION	3.28	p2rank	ORIGINAL	4	1.55	0.023	127.5989	114.4537	147.8722	8	8	1.0	0.0	0.0		1	0.0625	False	TARGET_DOMINATED	TARGET_DOMINATED	TARGET_DOMINATED	TARGET_DOMINATED	False	111;114;118;119;161;165;80;84
9JRT	A	BRIL	P43116	INTERNAL_INSERTION	3.28	p2rank	ORIGINAL	5	1.34	0.015	115.719	100.5319	110.4333	7	7	0.0	0.5714	0.4286		0	0.0	False	FUSION_DOMINATED	MIXED	MIXED	MIXED	False	228;278;280;281;328;332;335
9JRT	A	BRIL	P43116	INTERNAL_INSERTION	3.28	p2rank	REMOVED	1	17.44	0.802	112.9296	122.2923	149.8143	26	26	1.0	0.0	0.0	37.37	16	1.0	True	TARGET_DOMINATED	TARGET_DOMINATED	TARGET_DOMINATED	TARGET_DOMINATED	False	112;116;119;120;123;183;185;186;23;27;28;31;382;384;385;386;387;388;389;78;81;82;85;86;89;93
9JRT	A	BRIL	P43116	INTERNAL_INSERTION	3.28	p2rank	REMOVED	2	2.72	0.082	119.6735	138.3694	147.8029	11	11	1.0	0.0	0.0	47.68	0	0.0	False	TARGET_DOMINATED	TARGET_DOMINATED	TARGET_DOMINATED	TARGET_DOMINATED	False	14;16;181;182;190;191;363;368;372;374;377
9JRT	A	BRIL	P43116	INTERNAL_INSERTION	3.28	p2rank	REMOVED	3	1.89	0.038	108.2736	101.5728	128.6028	8	8	1.0	0.0	0.0	10.58	0	0.0	False	TARGET_DOMINATED	TARGET_DOMINATED	TARGET_DOMINATED	TARGET_DOMINATED	False	338;341;342;345;395;400;49;68
9JRT	A	BRIL	P43116	INTERNAL_INSERTION	3.28	p2rank	REMOVED	4	1.55	0.023	127.5989	114.4537	147.8722	8	8	1.0	0.0	0.0	37.92	1	0.0625	False	TARGET_DOMINATED	TARGET_DOMINATED	TARGET_DOMINATED	TARGET_DOMINATED	False	111;114;118;119;161;165;80;84
