TREE	DETECTOR	RUN_KEY	SHA256
results/raw_detector	fpocket	3N94_A_ORIGINAL	b6f826ebe08055754c6315f53a5fb5efd853e7c0c19f17be88e4b2a6682b95a5
results/raw_detector	fpocket	3N94_A_REMOVED	6a109714e115980070b315ce7434ee0f5211f7219592abf2acc64bd91ee5a39b
results/raw_detector	fpocket	3OAI_A_ORIGINAL	ac3885f96a937a99f2000ed10da20adad89540fdf9a0f19aa46fa01381a5906a
results/raw_detector	fpocket	3OAI_A_REMOVED	e7457cd152268869f14c825c84110eba2d18cd1814d0c5016aeea627f561ba39
results/raw_detector	fpocket	3ODU_A_ORIGINAL	a008839d2d0bb46a4a05ca7883e80dd3950a0f200c6d50163e76589d3b37cac1
results/raw_detector	fpocket	3ODU_A_REMOVED	e0ec7939e9e939b02754690fbcbfb313960a6c51fd2fc6e764ed8bc12575a305
results/raw_detector	fpocket	4DJH_A_ORIGINAL	e8221fbe7a5cd2c28cb1ffb6bfc5f07c1a3c33eff4b9cfbde898be49294837ad
results/raw_detector	fpocket	4DJH_A_REMOVED	7d134a129a9bb5e2366e11cbb10f8ec30fb61c7af4ad38065c8ffc07b399e762
results/raw_detector	fpocket	4JKV_A_ORIGINAL	fdc2491ea7b58cf0daa3f69b54e862aa2993e445833c93ee52410b4eb7479bb4
results/raw_detector	fpocket	4JKV_A_REMOVED	3688e3e00b132047bf74d09d87bf3b2f4fa8076cba71564912f306df24bd1a5f
results/raw_detector	fpocket	4N6H_A_ORIGINAL	82ec30358c5280cfa2c2e68622c44575d752214bcbc6aaaa2621bd7e1aaa9e05
results/raw_detector	fpocket	4N6H_A_REMOVED	f304615e70044ae86b9c10614738fc725ca8f65fd6367a158c0649a3acdff5a3
results/raw_detector	fpocket	4Z35_A_ORIGINAL	07a67db3b7f891699bb8baaf62421484befbcef131fa59e4f933af821310e7bd
results/raw_detector	fpocket	4Z35_A_REMOVED	dd021fa250e762b68e2db04c6f4a7b6d2c03806f64a2ab5d809341b1c3c8e36c
results/raw_detector	fpocket	5AZA_A_ORIGINAL	34b744c01e2f91296fa3ce907cfad49f35d95bdb1060a914e6bdfe2a34155a66
results/raw_detector	fpocket	5AZA_A_REMOVED	70b740833b741c3d5e69eef90bd7220be05fb7a2996b0fee9192aa54cc4ef0a0
results/raw_detector	fpocket	5GPP_A_ORIGINAL	238e38e00de06dd0f0be4d949d39ad2f03ccb347ab179d43013f1db0894df51b
results/raw_detector	fpocket	5GPP_A_REMOVED	b9ff677ba5886d9e6c4bf3a579164001898be5b75cecd9b32d2d4207cc079451
results/raw_detector	fpocket	5H7Q_A_ORIGINAL	31e5280b8c007908a758ba240de020948b7baa754e51f3e282ab80df6fd2b16b
results/raw_detector	fpocket	5H7Q_A_REMOVED	2a84fdf06410be31c21f87378b8c747b748599d3baf17eae8b707f28fe7cd15b
results/raw_detector	fpocket	5JQE_A_ORIGINAL	3787eccdfecf8f6e87538a56e2de3ec7401c66db0633c48e837ab323868f0e13
results/raw_detector	fpocket	5JQE_A_REMOVED	f1442940ffcbc0a6f6359a8c4ea4cda23a74e37d784b8ede0f815de3a11e3476
results/raw_detector	fpocket	5K94_A_ORIGINAL	98867029b4890c6c190add5c9dc1b7e35b861dc445b4dc77a275ca1640cb6d95
results/raw_detector	fpocket	5K94_A_REMOVED	b1f9360925aa98c4d4f710c4bcc47b2a2649b2c6d0864d7b3683bca19bcf833b
results/raw_detector	fpocket	5YQR_A_ORIGINAL	e67d458d0f916f889e20b3632daea8a53816c82ac91dba19fe04e4195252c1bc
results/raw_detector	fpocket	5YQR_A_REMOVED	7e5987e745124c85ea014aede1db74b2b9a6b50523869903fc3bc0964df351c3
results/raw_detector	fpocket	5ZBQ_A_ORIGINAL	f24165a0899e22bbdfd0663860ec6704ac4ddb949e62134c5111bb9cdda0ee54
results/raw_detector	fpocket	5ZBQ_A_REMOVED	fbeb9eae63e0344a13795a8e75f5638c260e205f4ba66d5f8e60f60fc06d5bd6
results/raw_detector	fpocket	6A73_A_ORIGINAL	1880e8505ec7f7650b84032aec267b3df4e13c2901dba37b7f2329cafca9793d
results/raw_detector	fpocket	6A73_A_REMOVED	bcf05c6ccd9b515153c2d0ff6d15d7d29f7ecb7da611a3f1e3afa1131e9ae851
results/raw_detector	fpocket	6BG3_A_ORIGINAL	604b7e34e851b38e5657f1cae354d1c099305386d66a3db4569992a8839471e3
results/raw_detector	fpocket	6BG3_A_REMOVED	676777cefa8187dc199ec7b874666b631f45d4a0257ace6af3f0a71d3ea96790
results/raw_detector	fpocket	6CM4_A_ORIGINAL	5c3f51a882a3d602ced60e0d7b5bc1b82e95729fb7af48ef3dc1ca76b75eb160
results/raw_detector	fpocket	6CM4_A_REMOVED	0b97c38ec9db862b4f90055ab03bb41c43294c769329605398896792eaa5dc05
results/raw_detector	fpocket	6RZ4_A_ORIGINAL	ae6a53833b6e25c07f1c2948163af56b9dbf970f88d0ce3bcae6d9535ffef8b3
results/raw_detector	fpocket	6RZ4_A_REMOVED	766d2d0275c26107751eac4c63471132b7a8e26d307b33fa581e90b0103d746a
results/raw_detector	fpocket	6RZ7_A_ORIGINAL	431ffce13de4b8d2d13128472eb23ba36feb5c7fc10dda88fb366bb0ae68a5ed
results/raw_detector	fpocket	6RZ7_A_REMOVED	359caf6df0ca1e9f71cc6da6d46cbff422bc189b17e29e1b780701240ccaeff0
results/raw_detector	fpocket	6WSK_A_ORIGINAL	ca6c03f8944b05e811e9d299bac7239bd5c849c377478c5fd127e156a3d8a70d
results/raw_detector	fpocket	6WSK_A_REMOVED	e32d03053d59dc63ffd0b4994745300b4b2d44eef5fecbf1da12b717a4a98ef6
results/raw_detector	fpocket	7UAJ_A_ORIGINAL	0df07bd5faf4ed7f93972b84afed1e44b0b581ac289dabc841d385504e49045b
results/raw_detector	fpocket	7UAJ_A_REMOVED	5eccec8de7f960644e65acccaa19cd1505ed8ddd82af50f419e3aa1736bea304
results/raw_detector	fpocket	7YXA_A_ORIGINAL	6196a5badabc43c83683d55039611d3fc00e4c0acbccd29676e694d49bd9ac30
results/raw_detector	fpocket	7YXA_A_REMOVED	5ea8acfd1e02fa418ea9aa1f1f0e362deaa6b256645ece489e522f1739886e61
results/raw_detector	fpocket	7ZL9_A_ORIGINAL	1f3588dba72ade26b62e32bd0dc7e40474a8468ad15ccc1028010678b6363207
results/raw_detector	fpocket	7ZL9_A_REMOVED	083cb178062e8dd73c746167da7ee6a6eb9e3914068143796d42cf0c53f7d4e2
results/raw_detector	fpocket	9JRT_A_ORIGINAL	a39f92a6eb73a01e3def48605566ea2cf0f4354007a3cfbb1841ec162afe673f
results/raw_detector	fpocket	9JRT_A_REMOVED	40837ec08db32eadb8da81546ba0d713f20cfa302b527b9da41436a37eb6c1aa
results/raw_detector	p2rank	3N94_A_ORIGINAL	c365a6f211b1dfd94cde83e51eb1c8d6d96aaa89d678e91205573ee2cbdfdeab
results/raw_detector	p2rank	3N94_A_REMOVED	d1411330d6834e4aa3d03beb3f87d819f19a5e23ed2e464e0e1f805a82537073
results/raw_detector	p2rank	3OAI_A_ORIGINAL	11a1d9e2bbe495c0f17b8e3108fca9ce534f518f690a0c8e97fa60dade92060f
results/raw_detector	p2rank	3OAI_A_REMOVED	c69a34e6f95d4e0cebc4e6c854e9f9cf0d7feeab5785fa1c36075a332e7eda9f
results/raw_detector	p2rank	3ODU_A_ORIGINAL	9dba1000a5fe9ccb38e466dc0409c4d3b58ebfd027a9e4e7cc105c1f8ec09fb7
results/raw_detector	p2rank	3ODU_A_REMOVED	147403ef8d29e6565d55a150f06424218fb91d6d01c7f446981125177ff2698e
results/raw_detector	p2rank	4DJH_A_ORIGINAL	f64b1d9434f7dfbf570b4c0847dff521a3011f0ca53eb8080b620532cceb748c
results/raw_detector	p2rank	4DJH_A_REMOVED	47efb07110e9cebc03ced5e004c2b4f4f446c904a389da912e1cf41262b53aff
results/raw_detector	p2rank	4JKV_A_ORIGINAL	f36ab1a1d7e26fc02101e425c2318c2332b8884a8bd510256f43b23e78f4089c
results/raw_detector	p2rank	4JKV_A_REMOVED	df5520ae3f32294b4f9db174a66f0068b70b43856fa36ab5e86887a7b11ac90c
results/raw_detector	p2rank	4N6H_A_ORIGINAL	f30020a1e523dc96b81a7f4cb6be3ad94ca1b322be19e037ce49010313fc1729
results/raw_detector	p2rank	4N6H_A_REMOVED	39353b6ea1f7651b6f4a7afc9fe11a91794f11adf48cd9718345af5591f33b45
results/raw_detector	p2rank	4Z35_A_ORIGINAL	ef0a94301990023a62ceeb8cc30d95194486bbc00517661648e6a14554ba9c27
results/raw_detector	p2rank	4Z35_A_REMOVED	02af033b20bee7cf6a713aabf63e50af2050a5e74fa93f0d70858d63490d04bb
results/raw_detector	p2rank	5AZA_A_ORIGINAL	eb5803fcaad8532af5f1420b21b852618032cb575bcaa6ab9bba2f56c237e528
results/raw_detector	p2rank	5AZA_A_REMOVED	6bf859dfef4e81e1c0880d8a5039de147923838bc8c109431062723d99e81c5c
results/raw_detector	p2rank	5GPP_A_ORIGINAL	29f67319d893edfd0ec63195b43db757c52cec33a9cba712b301721563a440cf
results/raw_detector	p2rank	5GPP_A_REMOVED	f2e1ee0a069b7cebf7c61b0717f6846695f6ecce4b0abd76ed09a7feba6bfd4b
results/raw_detector	p2rank	5H7Q_A_ORIGINAL	168e8af0d795efb8f116f39a051c239a6d82ac37f1a285ee98bb6501e6249f07
results/raw_detector	p2rank	5H7Q_A_REMOVED	f8dcff77b0e38c46a9cf1be4b592b4c5abf1373989cab4252395bfd59870b012
results/raw_detector	p2rank	5JQE_A_ORIGINAL	21031da343e9af24d4e16468146174678a47694bab953a5726c184ede7e7a2d3
results/raw_detector	p2rank	5JQE_A_REMOVED	84f5413833f3c3229ed27c88fa51cfbd77584f2f5f5b760f0629332c3c09f9a5
results/raw_detector	p2rank	5K94_A_ORIGINAL	ba6808c7dc6f309edde9c8c9430b81d04f224e8246245732024f9f5f804b8f10
results/raw_detector	p2rank	5K94_A_REMOVED	ee44b44d28a02c1413e346670e03bed742cf48391a242a7f5f8af2688be3a6b9
results/raw_detector	p2rank	5YQR_A_ORIGINAL	b7a2c896e1e8553fe0721186d1c0c678e1fc9436b58538d6e70027a9290f5a68
results/raw_detector	p2rank	5YQR_A_REMOVED	4a03f2de256e2893159386deabc7801c2d53e41e3bba9c01dab489012baa59b7
results/raw_detector	p2rank	5ZBQ_A_ORIGINAL	bf184627b7027344f71532962a0ec783a581edd99145d490952a4bfee1132c35
results/raw_detector	p2rank	5ZBQ_A_REMOVED	f616ab2b9b644196bafc1cd7e3e3b40060224d48881ebc24892e53c05fb188c9
results/raw_detector	p2rank	6A73_A_ORIGINAL	2ddb3ba103dc067d1f636a7107b19e1818e643192ebc306a8e9aa06e7406c09e
results/raw_detector	p2rank	6A73_A_REMOVED	a781396385229321eb32afba46b5291405373a4a7546eb4f0514de6b7579cc2e
results/raw_detector	p2rank	6BG3_A_ORIGINAL	254c8b16cdf48f746846461b337de162174d6677620d59043ca12bc3eeeb12da
results/raw_detector	p2rank	6BG3_A_REMOVED	0dc70734784b6bda59cc7880b521cba792e4f044aedabb828d5d86d10f7a4cec
results/raw_detector	p2rank	6CM4_A_ORIGINAL	42551e8dad593e1994f978ea0300f9384eab0eebdb1fc3acd688a2ae08dc8b1d
results/raw_detector	p2rank	6CM4_A_REMOVED	98fd87db9998cdbfc839c2e6ee061a7e17d68cc2347138e761480266576a9318
results/raw_detector	p2rank	6RZ4_A_ORIGINAL	681d3a984ebb0722b4e2a248bd645871f38dc293e31786763db1d8056e7a0d3b
results/raw_detector	p2rank	6RZ4_A_REMOVED	f6c0fce3d58019dfc28e61e32014550f956d620d7c387fd4820da26b4e59fa60
results/raw_detector	p2rank	6RZ7_A_ORIGINAL	92a5f596896120de025546808316f6c585315cb619efa4f78d9f492e1247017e
results/raw_detector	p2rank	6RZ7_A_REMOVED	3f0dc6c157669c95c72afbb61a22b794943d7cca9440705105160fb197ecf0a3
results/raw_detector	p2rank	6WSK_A_ORIGINAL	99b37ff0ec9e20e2eaa4f2f0ba7302691792b63346082f1551652e6c9fa6b823
results/raw_detector	p2rank	6WSK_A_REMOVED	3004107c7ca80100a17922d85549bf90f8cc0aaf85195c97b04cf09d1b7a45b0
results/raw_detector	p2rank	7UAJ_A_ORIGINAL	2e368c196fbb70f88e63247dbeba20028a5ac64ae4357610412b82be3de79c02
results/raw_detector	p2rank	7UAJ_A_REMOVED	b77a736debfd565ac4afcb6274f15e32f430df8161e6b49934470806e971be4f
results/raw_detector	p2rank	7YXA_A_ORIGINAL	1e1bb981706303ae6d73ad08c2910c400f33ca8b2883bf4984e7f0126dfe0708
results/raw_detector	p2rank	7YXA_A_REMOVED	388d875e78e6ee199186375f44a11b0318994bdbb443ae2d5ccf3a535b6db79e
results/raw_detector	p2rank	7ZL9_A_ORIGINAL	27014110119881df7e6efff13e41a5874cb08495eed27eda9de1bf58800d5466
results/raw_detector	p2rank	7ZL9_A_REMOVED	6ba9f3dfc7fdf3a813efef5e56f9deaccbb511f3263dc3021c4773c88b48a375
results/raw_detector	p2rank	9JRT_A_ORIGINAL	c232f77d63223cab926cc7eed77c4835add3d1495f6656db194188899bc6c46a
results/raw_detector	p2rank	9JRT_A_REMOVED	7b3c5029bdf7501c288f0491e80837c1b8e3a388cd26e69fe4c47c9a19767497
results/confirmatory/primary/raw_detector	fpocket	11TF_R_ORIGINAL	2ba08296eb5a0aaa9e695378256e33225ad1bd9c5bcec1adce1a33805915e2a2
results/confirmatory/primary/raw_detector	fpocket	11TF_R_REMOVED	24a543459195515f7c21841bdd1c9eb2d2b122bfec197f732ad69dfe6cc621a1
results/confirmatory/primary/raw_detector	fpocket	1HSJ_A_ORIGINAL	1f4c84f56a2d333d0a12691682b1a0289e7c2437190d6fff53121e25694997b8
results/confirmatory/primary/raw_detector	fpocket	1HSJ_A_REMOVED	b16fb488972c9a19ea8458c7ff6e470907bde37f55f10113fcb6f087391a321e
results/confirmatory/primary/raw_detector	fpocket	1R6Z_A_ORIGINAL	5df9dd7534ef33eef7715d0bc1b371a89223f7f5cde0edb606b567d3ce26d54c
results/confirmatory/primary/raw_detector	fpocket	1R6Z_A_REMOVED	73be78a2038cbb1357cbddaf43cacd30754d16c735b729fb7bda27e2ac5897f8
results/confirmatory/primary/raw_detector	fpocket	29AJ_D_ORIGINAL	169c86ede21505127327633b2ded3ce24536883902fee50135cc6e53a3a1b8b0
results/confirmatory/primary/raw_detector	fpocket	29AJ_D_REMOVED	fc5c50fc9e7078338fc12062c5c720242220e5d921fe474a8f30c4e956d147a7
results/confirmatory/primary/raw_detector	fpocket	2RH1_A_ORIGINAL	61de15ec82d5dd12bfe4e6264cbaaf7e0f4de0370b3089a90b05fa4bcdfe48cb
results/confirmatory/primary/raw_detector	fpocket	2RH1_A_REMOVED	e6f7fd117f3e9b9890a9a08fb2bf03ff8b18300021a476c92d4861c476c5cce5
results/confirmatory/primary/raw_detector	fpocket	2VGQ_A_ORIGINAL	008526359cd0aa78c7cdf6212059b65c79afa63af851ab32c6d4b41ac9447a95
results/confirmatory/primary/raw_detector	fpocket	2VGQ_A_REMOVED	61a97d5a3e7284d6e919af9b6e5449b939fb6c22e929a2294d8accdd55ec15bf
results/confirmatory/primary/raw_detector	fpocket	3A3C_A_ORIGINAL	2641a362839c38e97272ea13aee7996fab710bdb2b4d4780e045c0a970b11d46
results/confirmatory/primary/raw_detector	fpocket	3A3C_A_REMOVED	15b973705a32734f310d1fba8d97dc99e35b560d03062133f1546628d4a3e22f
results/confirmatory/primary/raw_detector	fpocket	3DM0_A_ORIGINAL	94bdc5a6bd9b6fba19261b20bd4a207cea0058e7f2cf172dd55ccfaeda8ef915
results/confirmatory/primary/raw_detector	fpocket	3DM0_A_REMOVED	66a9e35681333f176203fb8bb8f423dab035ca7e53ac94fcdbd0d1134e3ac9c7
results/confirmatory/primary/raw_detector	fpocket	3EHS_A_ORIGINAL	103088d0a0fa8e26e8d700bb6723bc9c93dd5580ffb8996a631e0195b51316a2
results/confirmatory/primary/raw_detector	fpocket	3EHS_A_REMOVED	eba4afe502612931bb256e3088b33209d5e54cf9773297169c99fdead8f8216a
results/confirmatory/primary/raw_detector	fpocket	3EML_A_ORIGINAL	3080ac7306cffb666dbc648b8b558b56aa9852a75e989240e74775f42e3b1336
results/confirmatory/primary/raw_detector	fpocket	3EML_A_REMOVED	0544d7d0066bf604c2d518bff018a57d59a769e33fa16d9409f066b4a723a041
results/confirmatory/primary/raw_detector	fpocket	3F5F_A_ORIGINAL	429b90884f38fff336241dac7f892964f3a5249975c959617b1315ed191904c9
results/confirmatory/primary/raw_detector	fpocket	3F5F_A_REMOVED	235859e9b6bf60ad3acf6afbf75b3c5b575e0af3d7bab3334ca4064f7abd29e8
results/confirmatory/primary/raw_detector	fpocket	3H4Z_A_ORIGINAL	7581e0c7a6380f38818b24c41a17ba8fe4ac7e753b4d91cd595071eb3efa6484
results/confirmatory/primary/raw_detector	fpocket	3H4Z_A_REMOVED	2ea1022fd77f8188ebd67f6539e9ed9fc0572fbe347d8c35e515bd9af17818ef
results/confirmatory/primary/raw_detector	fpocket	3MP6_A_ORIGINAL	f3d1d722a3a9a36658c0fba94dcbe8935c3e65c7e2b2d076f8e53254eac839d2
results/confirmatory/primary/raw_detector	fpocket	3MP6_A_REMOVED	32551fa70d902a239a8f5a05495392265562a69f160460b1d548ada1b037d61a
results/confirmatory/primary/raw_detector	fpocket	3N93_A_ORIGINAL	ed164b0bd89496deb6c15f90c3bbe2f6c4bced278fed33db5cc68e2ff83ab3c8
results/confirmatory/primary/raw_detector	fpocket	3N93_A_REMOVED	09befa7df36bb266e9aa4f741bd671bf4bda7a8c953667808a9654268d35113a
results/confirmatory/primary/raw_detector	fpocket	3O3U_N_ORIGINAL	c298faca04629be321bf54176dc455ab5e5c530e3f897a60b9608994394f8673
results/confirmatory/primary/raw_detector	fpocket	3O3U_N_REMOVED	ccfcd31bac064ec6179130fedf40ab19bd3a2f4f046659f8a28fa2f093e1275c
results/confirmatory/primary/raw_detector	fpocket	3OB4_A_ORIGINAL	adaf86ab3d61382f6423f72d15eccb0881081a98db742501900063d4cdba671f
results/confirmatory/primary/raw_detector	fpocket	3OB4_A_REMOVED	4810d787ce953694c1bd4b43b0701f6e72d3450c255e5f9be456a937499e7ef9
results/confirmatory/primary/raw_detector	fpocket	3PBL_A_ORIGINAL	f9b34e27d04f74b173814b23b7fd6c99fdedd3c9d46538a022dd51b36abeb553
results/confirmatory/primary/raw_detector	fpocket	3PBL_A_REMOVED	da6d13844783a996b9617f3c74f1b6e80ac384b21d3762d69234c7bad5dcf9e5
results/confirmatory/primary/raw_detector	fpocket	3PY7_A_ORIGINAL	d56ce111eb469ef57aa8b72f61f2a73ce8983206a5a0ac6dc1ed3d384ad6a9d3
results/confirmatory/primary/raw_detector	fpocket	3PY7_A_REMOVED	c225d15d33b1ea854ae46f6d74646b5c4a2a176c1d556486047f7e0f71c149c5
results/confirmatory/primary/raw_detector	fpocket	3RZE_A_ORIGINAL	13b515273232322c9d898d079146d29090c5dcb2134f73ea50fd5c65acb0a6e2
results/confirmatory/primary/raw_detector	fpocket	3RZE_A_REMOVED	efc1e9ae3acb82153ac7afdbfcd073fd1218ec550563050a521aeca9c1a3733b
results/confirmatory/primary/raw_detector	fpocket	3U8P_A_ORIGINAL	94b2f9df04e2571819e9f97ae7008702997a0e38a500a671a75f70e095915dbc
results/confirmatory/primary/raw_detector	fpocket	3U8P_A_REMOVED	30361664ebf82104a0ea401e5b8bfc65ff821e09544178335cc96b0b8df43f4c
results/confirmatory/primary/raw_detector	fpocket	3UON_A_ORIGINAL	167f248424ee414545fe59b3387849eb42c909a7d8153a76918ad6e09c38baab
results/confirmatory/primary/raw_detector	fpocket	3UON_A_REMOVED	e3b3821208c6c8530da11a99ecc4bd122cda9dc6a6140c3eb758155e54ab3db6
results/confirmatory/primary/raw_detector	fpocket	3V2Y_A_ORIGINAL	9f077854d40e818ceaadc2c60fb38a8885bfd002371740a2d00320fde02884da
results/confirmatory/primary/raw_detector	fpocket	3V2Y_A_REMOVED	605c41c40a337c83d4e04d621713dc516c6ff205a6fb82aa86cf4a0ddf0bb4e9
results/confirmatory/primary/raw_detector	fpocket	3VW7_A_ORIGINAL	1b54eccbea38809aba6f0496a2d29a8909be02f2e2f415063e8e29f1af85651d
results/confirmatory/primary/raw_detector	fpocket	3VW7_A_REMOVED	aaea689be8b5e189af8dcdaedc364a5d1d6bc616fbb3252f9cc92f29bdc06ec1
results/confirmatory/primary/raw_detector	fpocket	3WAI_A_ORIGINAL	62d443ce30a76ddf632be204d2928979ffc1be51e280e3eb8c06a86d8a9e4b0a
results/confirmatory/primary/raw_detector	fpocket	3WAI_A_REMOVED	b7c1b178698a2ee99ac562ff3d7f35b379465fa0ca19de6106f284ccec2dce8d
results/confirmatory/primary/raw_detector	fpocket	4B3N_A_ORIGINAL	1b5d61f7c36393609d94bb74ccabe54f084a14dd04b800a505499d24dfbf1fb9
results/confirmatory/primary/raw_detector	fpocket	4B3N_A_REMOVED	7a437a899c0891da77f78e7b52e5e094805de34a8a336000869a1e060057eb67
results/confirmatory/primary/raw_detector	fpocket	4BL9_A_ORIGINAL	adc7d25af46a19b9bc47291af5566ece109f2624ff1b47811db18783cc1a045c
results/confirmatory/primary/raw_detector	fpocket	4BL9_A_REMOVED	e10fbe6c365723287a4ed16249e22b3f4be8abfa68749c2523ad6e40412cbf76
results/confirmatory/primary/raw_detector	fpocket	4DKL_A_ORIGINAL	37a6ceb39b0dcc17cf75b7fac2095fa184a6c24635502451578b4bff55dcdf10
results/confirmatory/primary/raw_detector	fpocket	4DKL_A_REMOVED	4c1aeddbd433c3ec29aede46104e2d4e5968aea683cc4eac5d2352ad7b4393f8
results/confirmatory/primary/raw_detector	fpocket	4DXB_A_ORIGINAL	a5d033f91e8b51a7bee99056e5081ad202c6da8789770e8b18be83ceae890c6f
results/confirmatory/primary/raw_detector	fpocket	4DXB_A_REMOVED	c07f9e98ecd10acfaab4e154f85d0eb2a1025f089dc2709d4e69ba53c7795534
results/confirmatory/primary/raw_detector	fpocket	4EDQ_A_ORIGINAL	b0d6b210d31f45dbb40318f9cb984dc47f14ee5e6d0003375924085f3175ae55
results/confirmatory/primary/raw_detector	fpocket	4EDQ_A_REMOVED	21d5f4c3e42a984eea041e1e05e182ee6909164c6fbb15e5af5087e86d84ce4e
results/confirmatory/primary/raw_detector	fpocket	4EGC_A_ORIGINAL	2c98108247551528d855d9a2aff8c5c8a9f3d21926c2cdc51f3fdb0f27773fad
results/confirmatory/primary/raw_detector	fpocket	4EGC_A_REMOVED	08a05be9a24b0b5aebec1dc554acf5a583363fe51c76a8c31d9000e6abc42db4
results/confirmatory/primary/raw_detector	fpocket	4EJ4_A_ORIGINAL	e6808909a4919c853ba970ef92c3ac513f0dbd7f9e849a2c839cca466a189457
results/confirmatory/primary/raw_detector	fpocket	4EJ4_A_REMOVED	9ca6778e4658dfb02e69a392d0b048efc6800b3dcbf508e239fa39966566f598
results/confirmatory/primary/raw_detector	fpocket	4EPI_A_ORIGINAL	f90e46eea23ec13e2e5d3f90590bb7fd422c3e562e2a3319d991c18dd01b8891
results/confirmatory/primary/raw_detector	fpocket	4EPI_A_REMOVED	e85c055cee4a7396d4e359868d390a9c10e3d8e7c316cb4ef358f6bb471bec75
results/confirmatory/primary/raw_detector	fpocket	4EXK_A_ORIGINAL	ce6b67de594fe61aab0850334a0915948550c43fc23819490b0b2efbfeed8b1e
results/confirmatory/primary/raw_detector	fpocket	4EXK_A_REMOVED	57c3afdfb6364110a60cc61a7978ec14ffe7d1a05e37bb2516b397b1231d3b02
results/confirmatory/primary/raw_detector	fpocket	4H1G_A_ORIGINAL	ac633a6e29178dd18cc28a65e88ba6e8de57d74282e4951888273cf55a96f93b
results/confirmatory/primary/raw_detector	fpocket	4H1G_A_REMOVED	13023b6d85315b9a4b1073bc4172d4ef82b5e5340a8d8f0f2bd93065d72d9ba3
results/confirmatory/primary/raw_detector	fpocket	4IAR_A_ORIGINAL	10e6b4ff927fbe5fb23235e08f75fe862a54854946e6f9370464a52c649f0be2
results/confirmatory/primary/raw_detector	fpocket	4IAR_A_REMOVED	bf57c3bd6583abf7189f4905d56e2e12eec4bfc714d88f9459303b2f12c5543b
results/confirmatory/primary/raw_detector	fpocket	4IB4_A_ORIGINAL	e5f13c176ee3b22b4daa9ffcd4f422b7fbca37720272566d39864b8910f9f2e2
results/confirmatory/primary/raw_detector	fpocket	4IB4_A_REMOVED	a1bbb11f7c6ca09f80274957d4f39ef9f395c206456911c31bc8229eb6a415ea
results/confirmatory/primary/raw_detector	fpocket	4IFP_A_ORIGINAL	855caa21567e6d9d97656ab84c6eef007a2e7340693b0bb3cdb5d9098436b6ad
results/confirmatory/primary/raw_detector	fpocket	4IFP_A_REMOVED	a731102ec1ccad3d1d5a6b6386ad515a29c1c6fb553ee6f522468826b83e496d
results/confirmatory/primary/raw_detector	fpocket	4IKM_A_ORIGINAL	dd0047107da0ad6999d3a268879997c36f05961f0ea328a88bca6001a63d20f3
results/confirmatory/primary/raw_detector	fpocket	4IKM_A_REMOVED	b06b540817e2a902dd37b0314d1e127f3b9888e34a3d689f544f6a687bc1e360
results/confirmatory/primary/raw_detector	fpocket	4IRL_A_ORIGINAL	268f01293ea4b18645d0dcf1c8dba16c7ba070505058b7db7e750250591cdbfd
results/confirmatory/primary/raw_detector	fpocket	4IRL_A_REMOVED	e6783b8abc9ca8b7cf2fb6f289c522c2137151eccbc2286d73192765bb5af4d8
results/confirmatory/primary/raw_detector	fpocket	4K5Y_A_ORIGINAL	56e9407bb6c7f22353900b8b7d4bae147b3ed7ea338c706111837fb9c717dc3b
results/confirmatory/primary/raw_detector	fpocket	4K5Y_A_REMOVED	6d9580f713f94cea652447f2105c643580b705ccccfb86248cd0220f89d87765
results/confirmatory/primary/raw_detector	fpocket	4L6R_A_ORIGINAL	2231709025d1fdd037ccf7b2e371352b39375794beb9aab2830b23f88f0838e7
results/confirmatory/primary/raw_detector	fpocket	4L6R_A_REMOVED	d622700ce3c971a6bdcf36908c9e4f26d545384aa045045f8f2fff93f361504e
results/confirmatory/primary/raw_detector	fpocket	4LOG_A_ORIGINAL	d44f83312e2dadab5cbba59e702703c5358b6306328d9441d21b159fcac48166
results/confirmatory/primary/raw_detector	fpocket	4LOG_A_REMOVED	31db360cf2834b8c60ce21c22e43e566d58783da9abf23ea0b63c8015a2564ee
results/confirmatory/primary/raw_detector	fpocket	4N9N_A_ORIGINAL	580cc332360f4ce1b4bca77f75dac7aa4b18d06b3a3d170b3ae1c50059bd005b
results/confirmatory/primary/raw_detector	fpocket	4N9N_A_REMOVED	3b182d893141bc24572bf5877446b03beb8bc7014b3388fa9f243aa296ca9ad2
results/confirmatory/primary/raw_detector	fpocket	4NUF_A_ORIGINAL	69b5f0ab53f98daec88270243afdfd8995195736bde2bdc9245a379973b6f773
results/confirmatory/primary/raw_detector	fpocket	4NUF_A_REMOVED	0df31f8e16ea29c10f52d656834e9e72def77a9697135935df3be7138d777af8
results/confirmatory/primary/raw_detector	fpocket	4OR2_A_ORIGINAL	05406f85bb7de3dd0e8cc184b0dae48deec6a6c276ce5d47e562715a29778802
results/confirmatory/primary/raw_detector	fpocket	4OR2_A_REMOVED	9907b10a8e0d218600d4e96eb47a0d457e59cccca13bb25a2ddbe8f2bb5f287d
results/confirmatory/primary/raw_detector	fpocket	4PQK_A_ORIGINAL	7183002de66af45d566883e7db1b3b0cadd9070adfdbb543a5d898eec23dd640
results/confirmatory/primary/raw_detector	fpocket	4PQK_A_REMOVED	6b3733b461926ce9d572a0454baeaec0f6d7e84bdd3ef60887d4071a4b93fde2
results/confirmatory/primary/raw_detector	fpocket	4PXZ_A_ORIGINAL	e4b5b8d7546856fd44f77ae5c918a30696368c5ecf29d3b957efacc9a294a2b2
results/confirmatory/primary/raw_detector	fpocket	4PXZ_A_REMOVED	1d06df0a47a6f1553f73a6caea1e13f244dfbfdd5480679d3ef76b6dab16759a
results/confirmatory/primary/raw_detector	fpocket	4QSZ_A_ORIGINAL	8f4f30c9a69a1bf86191f752108a7290b16ef5b263c2bb9183875554a1bf7ff0
results/confirmatory/primary/raw_detector	fpocket	4QSZ_A_REMOVED	b7139727b91b412fda862390cb6456c79b82dde2f6a7b8fc6065df12b7825447
results/confirmatory/primary/raw_detector	fpocket	4QVH_A_ORIGINAL	da6b64ed985cc8a4900cf4342d296d86526700aa3907e83bac29ceb06c261fe7
results/confirmatory/primary/raw_detector	fpocket	4QVH_A_REMOVED	928fd99f3cc04816f6d5963d6a05649e754140af736cbf3c132bd01baee19008
results/confirmatory/primary/raw_detector	fpocket	4TN3_A_ORIGINAL	8569f3b48fc112ccb49cab21e7c77b6a1d0b71021983c69f6bb826b80449a51b
results/confirmatory/primary/raw_detector	fpocket	4TN3_A_REMOVED	995d5b656865ca4c17fe10d1bf0d5676437a5c9dad1d68e15016bed2781afd18
results/confirmatory/primary/raw_detector	fpocket	4WTV_A_ORIGINAL	187604e80aebf846142ba4df86ff606a9acc1316b3b33de953e84b9d9bf64977
results/confirmatory/primary/raw_detector	fpocket	4WTV_A_REMOVED	92d292de1b8708e8d4d79c5061111147f84deb74af8d72a73f31fd974caf2ebd
results/confirmatory/primary/raw_detector	fpocket	4XES_A_ORIGINAL	11e5f23c7ade9c105207d96439883fef0c9939f0141877e5d290d75117e37149
results/confirmatory/primary/raw_detector	fpocket	4XES_A_REMOVED	b2227a5a3952c9b3bf6ba3d3437bfec3c22a5601a2ea1491eedb3bbe6c61b211
results/confirmatory/primary/raw_detector	fpocket	4ZUD_A_ORIGINAL	db3c53c3e6f5904f9a635a60087b13a036007cbe18e9df88906c29b9484db307
results/confirmatory/primary/raw_detector	fpocket	4ZUD_A_REMOVED	2bd43defe3ccfe4cf9a9bd539bd2670a821ab95dd4cef1807532752e35ba8f6b
results/confirmatory/primary/raw_detector	fpocket	5B2G_A_ORIGINAL	a13eab93e1ee3559671ece8b00436401e17b9d86f47a5e08428e3e80c514a015
results/confirmatory/primary/raw_detector	fpocket	5B2G_A_REMOVED	9f2984bea89a405cfb35f5502c338919f376439059a3c9348344a73d72418a67
results/confirmatory/primary/raw_detector	fpocket	5DSG_A_ORIGINAL	54a5c56dc49c4cc2ed1e696d266efa72e056f05123d3d7e653edf4d5073f9a5b
results/confirmatory/primary/raw_detector	fpocket	5DSG_A_REMOVED	343758aed3e1c0717eaf3e84e53597557d255cdff789012f05a9320433f4c29c
results/confirmatory/primary/raw_detector	fpocket	5EDU_A_ORIGINAL	43caa6b168c000de08276f1f602143060f964e2be36da9169329cc61a2722bc8
results/confirmatory/primary/raw_detector	fpocket	5EDU_A_REMOVED	034a1a8bf7ff47644ef499e4bd611367231ca01f7eeafd2bca2705e2eec6742c
results/confirmatory/primary/raw_detector	fpocket	5EE7_A_ORIGINAL	5d62de25080f991206c756c5b9de023ff039be9b45bc73d1c2106ddfed104854
results/confirmatory/primary/raw_detector	fpocket	5EE7_A_REMOVED	9a7cc05c0f82a5a4d466d4537fbdb32cb8237842590a226c6ba9f70a1a50b80f
results/confirmatory/primary/raw_detector	fpocket	5EUT_A_ORIGINAL	2160af36a4c78e815170b1beac78c9fb201fc8449c6e18340ed2bb1f3f5daf76
results/confirmatory/primary/raw_detector	fpocket	5EUT_A_REMOVED	11946860e0b8be61c9eef0df05850c8ba21bf355ef6c2124817d2643ab595712
results/confirmatory/primary/raw_detector	fpocket	5FSG_A_ORIGINAL	6089ebaabb618cf5450e52d6e5dc8b2c366b84ec9d55d059bff92b023897bc8c
results/confirmatory/primary/raw_detector	fpocket	5FSG_A_REMOVED	aec827c169572e1131abe9df81159271873602702b00f39e14f6c7029898724e
results/confirmatory/primary/raw_detector	fpocket	5H7N_A_ORIGINAL	e4ee2e388aa4c03ab4b2b222833aee551118822a5a3707a681a1fdb12f1675e4
results/confirmatory/primary/raw_detector	fpocket	5H7N_A_REMOVED	01f2d00cadc9dcddd20a06d8d222fe398a92b0023f86774e8daf80b29cf8da96
results/confirmatory/primary/raw_detector	fpocket	5I04_A_ORIGINAL	e35cee53dc58c15334b980209ec34c57396afdd946b58977f2f45b4a55e2c374
results/confirmatory/primary/raw_detector	fpocket	5I04_A_REMOVED	bb773b5697663616d68fdd31aa69bbf2fb6aa773cd55e5d21d7eacbd973115e5
results/confirmatory/primary/raw_detector	fpocket	5II5_A_ORIGINAL	f7f168eed325168cf2badc328c7ced016b97e153426a43907a883764d9d931f0
results/confirmatory/primary/raw_detector	fpocket	5II5_A_REMOVED	187c76975e63ea25aab99ea5a1ed8ea4c73219ac2c5a25a95cee3bbfa2683e1e
results/confirmatory/primary/raw_detector	fpocket	5N2S_A_ORIGINAL	2a07b79bd66bc89aa35cbca590cdfe4f1eecaf727bcc9d9a6b20df39cf352af4
results/confirmatory/primary/raw_detector	fpocket	5N2S_A_REMOVED	831df1f8c9cacf944bd197931f5935d298c5e1e3d2f38493c1fd1ccc48151438
results/confirmatory/primary/raw_detector	fpocket	5NM4_A_ORIGINAL	ea6de59113d810a233a150b3fdb7606201052b9d46607b130f60936525009dba
results/confirmatory/primary/raw_detector	fpocket	5NM4_A_REMOVED	5fdcc16243d92b15dcc7598cd0f235ae79a9f9cbc3adde8849a5729fae273a13
results/confirmatory/primary/raw_detector	fpocket	5OSQ_A_ORIGINAL	2bc0d68604ab3ca9e696b5f91fe4ec60dcb32194a6d89c1e22f047939b5b24e2
results/confirmatory/primary/raw_detector	fpocket	5OSQ_A_REMOVED	c9f5d01a15907b748e192ae5ba0c24fc3336ab8cfd4e05bfe5c7941ee16a82f9
results/confirmatory/primary/raw_detector	fpocket	5T1A_A_ORIGINAL	0344137584b4d4c58a8a396e7b9a32401477f2979681e66c7f22b9e7fd6d4119
results/confirmatory/primary/raw_detector	fpocket	5T1A_A_REMOVED	83eeb3088da9044134580452bb8d86727b5ad313fa715e432d939cf49ef261ba
results/confirmatory/primary/raw_detector	fpocket	5TTD_A_ORIGINAL	3dda51277fb24c546f7c711bd51c296d68d0aef53ae079e499379ed86d2a7cdf
results/confirmatory/primary/raw_detector	fpocket	5TTD_A_REMOVED	d2f709a6a1cc9186e84f9a92966e8577a7120119ef55364d0b0add04ed642c7a
results/confirmatory/primary/raw_detector	fpocket	5TZR_A_ORIGINAL	d1963e27aed0dd0fca3ada56da2bece5ba5cf54eb941014dd5b5e3ea09f9a201
results/confirmatory/primary/raw_detector	fpocket	5TZR_A_REMOVED	0dc2cd5d9233754d4c95f7ae642192b8639df801ad0687cac72e90b5bd4bd168
results/confirmatory/primary/raw_detector	fpocket	5UNF_A_ORIGINAL	ef3b7b8052909ca51df15880bee03fcb78d488d06ae4c4ac0a99db2f2f9a5e9c
results/confirmatory/primary/raw_detector	fpocket	5UNF_A_REMOVED	18333439fee7b090b6853dcd22a383f6922d33f11bdbc558d22ae2b4b1285f6f
results/confirmatory/primary/raw_detector	fpocket	5VAW_A_ORIGINAL	da0db85acae028add902587c748ffd9ffb1ba7996b6ebe92d3368600b8e5d3b4
results/confirmatory/primary/raw_detector	fpocket	5VAW_A_REMOVED	0ea6949798521acc45e518752ecbd33ef036f1de156bcddedbd5ac8a1d3efbc9
results/confirmatory/primary/raw_detector	fpocket	5VEW_A_ORIGINAL	d2763f86462835a4ea4f92fd2d417601bd323f863808dfc76a635c49ad4c0c73
results/confirmatory/primary/raw_detector	fpocket	5VEW_A_REMOVED	e14e4e15d98f4968e4d6ff6067618ba475235f852e347a5c9add3a42149877c8
results/confirmatory/primary/raw_detector	fpocket	5W0R_A_ORIGINAL	2996f33c9a5fbd41cb8526b899e46cad5b6a3f143358cb866356b090d2ce1c53
results/confirmatory/primary/raw_detector	fpocket	5W0R_A_REMOVED	68489b6af20a9275459bb9d80a3f04deb0f0915f9a0be4c85503d6ff00c51c96
results/confirmatory/primary/raw_detector	fpocket	5WIU_A_ORIGINAL	7f504144b19d3684644047aaab770740f85d30bc9e76fcda40caff3edc25bf08
results/confirmatory/primary/raw_detector	fpocket	5WIU_A_REMOVED	daafa17ae7a67fb39d986f67eef520b5feccce7ab596cf85208ec90953646599
results/confirmatory/primary/raw_detector	fpocket	5X93_A_ORIGINAL	78a8a8f7b3f186b7f110de4fb63f027472e687ce9eb7820cef72d921a90e0561
results/confirmatory/primary/raw_detector	fpocket	5X93_A_REMOVED	9eba76db25526658b3be77a5f82665f141f70d0405191787d5e897666e0a92ec
results/confirmatory/primary/raw_detector	fpocket	5XSZ_A_ORIGINAL	42af839c200115f5a1ca89051744ce15822e68a9c0317614e116817d77db176e
results/confirmatory/primary/raw_detector	fpocket	5XSZ_A_REMOVED	2fb7145ddac13e2fb7e80e4ca61210a563bd2f833954be7000f5184f1997b82e
results/confirmatory/primary/raw_detector	fpocket	5Y2G_A_ORIGINAL	2c3148e961dd5117ade5e97cf396d9b65f9f1bd28334d10c3e5982bf7781e3c8
results/confirmatory/primary/raw_detector	fpocket	5Y2G_A_REMOVED	875b1be7de68ee86cb82d016082fefdedc80a61862ef17fe4165de71b445f4c4
results/confirmatory/primary/raw_detector	fpocket	5YGP_A_ORIGINAL	6cf5fa19fef88cc0fbed0c0db8f4c4d6aeec019266393470bb08c856dc078c83
results/confirmatory/primary/raw_detector	fpocket	5YGP_A_REMOVED	042d51ffa9f97eaacb2af101009ff6054106af3e086fa3df38f95aa25fe08168
results/confirmatory/primary/raw_detector	fpocket	5ZHP_A_ORIGINAL	01e70fc48c149ca34e481371bdb39440af7c9a730170e1b8879e03c14ac40a7f
results/confirmatory/primary/raw_detector	fpocket	5ZHP_A_REMOVED	f9b09f17f7127e585f15e6450787832f0b935a7d0d6305e4a11ee4e17f525984
results/confirmatory/primary/raw_detector	fpocket	5ZKC_A_ORIGINAL	0b90bf583501c7919d2cd5a5e9209f0942e5dee0f2ec2a27ec945e695eb71b4b
results/confirmatory/primary/raw_detector	fpocket	5ZKC_A_REMOVED	a2e69f31ec9e336be6a284f031b930d478c99509157a001878ae0bd1aabff90e
results/confirmatory/primary/raw_detector	fpocket	6BQG_A_ORIGINAL	60d5366693f8d29599ca491ea5ce4166ab3e0e46dda9e0a15e316cba8b690491
results/confirmatory/primary/raw_detector	fpocket	6BQG_A_REMOVED	697d55235b26422856d3b62f2a537c4adbf6b369dcdca3a1be8c340e9bdb1332
results/confirmatory/primary/raw_detector	fpocket	6C1Q_B_ORIGINAL	fcf6a39634fcc71e00e6ccb56b9054c2cc65b60c04dbc4c8fc7392950c0e0f52
results/confirmatory/primary/raw_detector	fpocket	6C1Q_B_REMOVED	6c7d82780fd32283a1990d7b229917b6e7b59d2f716ec75a5d3228c3c0f96668
results/confirmatory/primary/raw_detector	fpocket	6CC4_A_ORIGINAL	8b15c2cf11f149d41954e9270952287abceb5f65a4005545c5a49de554d777f3
results/confirmatory/primary/raw_detector	fpocket	6CC4_A_REMOVED	62eb8cc6ba19ce109544aced329c8cb05508e0d074fa0ac9affd8a18899f147e
results/confirmatory/primary/raw_detector	fpocket	6D27_A_ORIGINAL	ce5bddc0017627e41712ee1a0b530529b8d05e2dec8d8c8aa65b12586973012f
results/confirmatory/primary/raw_detector	fpocket	6D27_A_REMOVED	bc121e78d7e57123421322b47f61a6b5cb6c28bbcbf8ce4ddfecf94caf8a371e
results/confirmatory/primary/raw_detector	fpocket	6D66_A_ORIGINAL	0f8085ad174d1674b8958f8a21444f5745a20cc61e6dc3185ca80dc365d464b1
results/confirmatory/primary/raw_detector	fpocket	6D66_A_REMOVED	5bcf5de11c83290c3090fb29a955044999c9bf0ffb4f305337a94ace3b298ad8
results/confirmatory/primary/raw_detector	fpocket	6D9M_A_ORIGINAL	a2fd2b68153b6de64629e96244ce3d0da6b3f37cc6d9cef5ad6dae0b84e0c28c
results/confirmatory/primary/raw_detector	fpocket	6D9M_A_REMOVED	1e6e8c263d30d184b5022abdfa9d15cc517e8743986bb835a0a2861546316204
results/confirmatory/primary/raw_detector	fpocket	6DD5_A_ORIGINAL	c9f0b555e6376d28ef34117ed44b311388c2d4967f1f5c6024d42f2d5af93f1b
results/confirmatory/primary/raw_detector	fpocket	6DD5_A_REMOVED	172fbb01b24607d50f5067770550cc8cf115c87ac4d39e6d8e90a0705fcdd480
results/confirmatory/primary/raw_detector	fpocket	6DM8_A_ORIGINAL	b12ae8c755f25ee862285e835fc6eb70af94bcf4f6f208f4bb3f72ecb6772530
results/confirmatory/primary/raw_detector	fpocket	6DM8_A_REMOVED	41578500c9ce2b75081652af41dff55451539178cfa2c72dedee132e669ae190
results/confirmatory/primary/raw_detector	fpocket	6EG3_A_ORIGINAL	b95a51bd2461c04470c1951167ac028b6f50fc3102642a70811d51b1e93242b1
results/confirmatory/primary/raw_detector	fpocket	6EG3_A_REMOVED	272d1b3647d732757a941e3599f41850211b692f606f4bb1a9a29b1962792d3f
results/confirmatory/primary/raw_detector	fpocket	6FFI_A_ORIGINAL	893cfe470bf95216c05bfd4b4d3256da1953714b92ec413212d520dfa995ee71
results/confirmatory/primary/raw_detector	fpocket	6FFI_A_REMOVED	7a384664f12b45a4c4ebe548a047fbc3af869e31dec83af08fc8f505d4cc666f
results/confirmatory/primary/raw_detector	fpocket	6G7O_A_ORIGINAL	c81eb8a288d73ef766f3afe93ee63314bb90eae59b4b3da75f52229a2b3b1a73
results/confirmatory/primary/raw_detector	fpocket	6G7O_A_REMOVED	818d191f442ce54ba4da15256f873ebd34176801986779afbc48e661d876b415
results/confirmatory/primary/raw_detector	fpocket	6IIH_A_ORIGINAL	6d6b746169444a6ba8eb23ba4a29e30414673b99fc18261d17cad78d01bc3651
results/confirmatory/primary/raw_detector	fpocket	6IIH_A_REMOVED	606b1eec5e1dde609c99d88cf6420661d2d06bb83afaabaaf6bd9d2b3740a4e7
results/confirmatory/primary/raw_detector	fpocket	6IQL_A_ORIGINAL	214c2452ef8770c8ce8b913e856b2cc539de99236ea0ce27dae8341f21956706
results/confirmatory/primary/raw_detector	fpocket	6IQL_A_REMOVED	b8e4c377ea926d01271b3e8cbb73870649d1f2f3f0cf207c1ccd1a57c6669a2d
results/confirmatory/primary/raw_detector	fpocket	6J20_A_ORIGINAL	90f2e347015d21ecbac57d8787f14436a7f1725d189df35947f2fa1875332c7b
results/confirmatory/primary/raw_detector	fpocket	6J20_A_REMOVED	d34adb726d4cbcab13096d7643b6e7a847550098fc8f996a07bcbb82384d03fe
results/confirmatory/primary/raw_detector	fpocket	6K7E_A_ORIGINAL	441464b1a98aa3de7207bbae1ff3e96a4d1e72c28ea9225aea9c6a45cd5a1a7c
results/confirmatory/primary/raw_detector	fpocket	6K7E_A_REMOVED	d967c407a33ffe24f4023391321957f19cc55cdd7fc91b21c1e2dd2790e421e6
results/confirmatory/primary/raw_detector	fpocket	6KI0_A_ORIGINAL	165823235dd47eb368bd9e0ebd62f863dd5618c8d15665cab11726093660c95b
results/confirmatory/primary/raw_detector	fpocket	6KI0_A_REMOVED	6bfc4ca52059f832f6b7e400b0a0475d57c9cf6bfc53ad5853d79facf6bab636
results/confirmatory/primary/raw_detector	fpocket	6KO5_A_ORIGINAL	20603c9bb0a78347138616000c4daa2737ae2abc8b6ab1f18a68447c3f924c83
results/confirmatory/primary/raw_detector	fpocket	6KO5_A_REMOVED	bffa2fda59e1bbab732768741878ed4aac223b0415e20764189b31f97ea58745
results/confirmatory/primary/raw_detector	fpocket	6KPC_A_ORIGINAL	ecd693087037ffdcf0d49bdbe686e4f5008ae4210890fa8b705606cda31fc5b8
results/confirmatory/primary/raw_detector	fpocket	6KPC_A_REMOVED	2b99b578bf732eba66bdaa51262de3dbaca8805e36b4190d331727243367fb7e
results/confirmatory/primary/raw_detector	fpocket	6LW5_A_ORIGINAL	bd3173fd6cbbc885294a7c46bd5edef31602829e61d579a5b18c8b1bde0c0032
results/confirmatory/primary/raw_detector	fpocket	6LW5_A_REMOVED	be8303085b9c2d9bccc69f8a1dc6ac8008b781d78eea0100c2e20802cbbec628
results/confirmatory/primary/raw_detector	fpocket	6M97_A_ORIGINAL	2188c16a24accce6fe07008efe36735d63b9333ecc6b1832a5647ffb2b23fb39
results/confirmatory/primary/raw_detector	fpocket	6M97_A_REMOVED	04da42ea612d00df580a65d276ea9705059ab34e0f7b02a4931ee265e13a345d
results/confirmatory/primary/raw_detector	fpocket	6M9T_A_ORIGINAL	bea9e23716b6591bf579a76621c4857ba291d52ea271fc8580157dbc75dcd974
results/confirmatory/primary/raw_detector	fpocket	6M9T_A_REMOVED	ca1b1e21ec49b1596d0a95847bb3bfc4985c2f0a0c1563f24e30912b4b19c74d
results/confirmatory/primary/raw_detector	fpocket	6VLS_A_ORIGINAL	dcd77d6947dd804fc716eebf2084770e9fdd5ea0548b839a89358f8bdea18a88
results/confirmatory/primary/raw_detector	fpocket	6VLS_A_REMOVED	5f1b34f534b33a1b3536a46d717af447922108551ff101ada15e10e69bf585b8
results/confirmatory/primary/raw_detector	fpocket	6XDS_A_ORIGINAL	385d761fe0cc596e3d30b02f0bb4118824376ab791fe301ba0fa332ee93cdcbc
results/confirmatory/primary/raw_detector	fpocket	6XDS_A_REMOVED	99abfdae0c0f3a46bcff6838081734b2152ac6a5eed3289e4020130ec9fc9d5b
results/confirmatory/primary/raw_detector	fpocket	6XRX_A_ORIGINAL	5d02a8d44a1e5f5d07e172b445a76d4fbedea7262958f6f074e00f41cd6d05b2
results/confirmatory/primary/raw_detector	fpocket	6XRX_A_REMOVED	ee357c997414db03e8dfb91b3c546c0b7b91ec9badfe3dc15688ff814bb88a72
results/confirmatory/primary/raw_detector	fpocket	6XYR_A_ORIGINAL	473e3830555a2166abe02f9e5e4714695be2a1cd278bc40c523464a925adc0b6
results/confirmatory/primary/raw_detector	fpocket	6XYR_A_REMOVED	3d06ca59e46a6190ed5cd68fb7f963440544487901e0bf9c49d389c10f303b7b
results/confirmatory/primary/raw_detector	fpocket	6ZFZ_A_ORIGINAL	cd1cd21f31ccdc621e64fcd316fb40b0952ddfef0e7a3d860b6a652bc2ca97f9
results/confirmatory/primary/raw_detector	fpocket	6ZFZ_A_REMOVED	bf4fe2828dd6dd99c7be262871d6b9ba263c9059577abb62a031bf17c67a734e
results/confirmatory/primary/raw_detector	fpocket	6ZX9_C_ORIGINAL	3359271a8df54ba28f6cd5f4227c7fad3a6ef4d8d40bcf013104f4e53d1c0bc1
results/confirmatory/primary/raw_detector	fpocket	6ZX9_C_REMOVED	fef64f6e3bc7002dac5f65906dbd2b2574bc47c425f7f407989a41a747644bf7
results/confirmatory/primary/raw_detector	fpocket	7B01_A_ORIGINAL	7429229c1573ebcdcf0f25ad11723f243eae2878936f1103811928b55a1943a1
results/confirmatory/primary/raw_detector	fpocket	7B01_A_REMOVED	9c670e2ad8d572d8360584b4ebcbed9569118b07095942909679ff56f066dc7c
results/confirmatory/primary/raw_detector	fpocket	7CY6_A_ORIGINAL	c0273969dc9c96e6d3b05b2ba711ed257aea660c45702979507277a0a7239184
results/confirmatory/primary/raw_detector	fpocket	7CY6_A_REMOVED	e72b53cd2b7551181eb3e9c2de10487a63df0a8837638026cd58cc2d274f451a
results/confirmatory/primary/raw_detector	fpocket	7F8Y_A_ORIGINAL	cd28044d9810334da1acbc8eb90f0b4f39d45654b71a83f17b8c5d2e02ff8e26
results/confirmatory/primary/raw_detector	fpocket	7F8Y_A_REMOVED	d59f0f643c00d3db6f9f3ab0db0935c156583bf6265328aa7c050ebef716ba1b
results/confirmatory/primary/raw_detector	fpocket	7MHW_A_ORIGINAL	1dc3a450642e4e7c040d0b0da7a512f4858a3f2572b6667dd69f09af52e7ae83
results/confirmatory/primary/raw_detector	fpocket	7MHW_A_REMOVED	fec80da67ee2a89c1a7d344bf3624a9bb2c6c87ae4d5111d35f695b0eb8430a4
results/confirmatory/primary/raw_detector	fpocket	7T31_A_ORIGINAL	ad07543a661b0ae38a71e4c16647d05bdfe2144012d2f043e3b50e73f4a28657
results/confirmatory/primary/raw_detector	fpocket	7T31_A_REMOVED	a6d880baa27aedb28b75e5f8322f4cb55ddd4bbe7b17898147a9abce3bf5f0e2
results/confirmatory/primary/raw_detector	fpocket	7WC8_A_ORIGINAL	b093d617eea0a1e92560f4f8e9460c98788378a33c95efeb795a410cb285ba06
results/confirmatory/primary/raw_detector	fpocket	7WC8_A_REMOVED	cb669d9f1f3425f34ac05b7f224aaa427fd13fc898ea343bcdf16726006e5493
results/confirmatory/primary/raw_detector	fpocket	7WR3_A_ORIGINAL	403729ccf9880401cdbf1347034034714debb645df522d90f21699d6b2783198
results/confirmatory/primary/raw_detector	fpocket	7WR3_A_REMOVED	e25b47b5571e301a1bb85092999bf1a26414166384a30d9ddb96d1ddc40be536
results/confirmatory/primary/raw_detector	fpocket	7Z36_A_ORIGINAL	78f374a62e23d1fb8b5972e4854c31c81d2484777e5c018f134827b3d541696b
results/confirmatory/primary/raw_detector	fpocket	7Z36_A_REMOVED	069556777176b22290d6cc9ee47074e8c968d89ef0dbeb814d2fd9d359b33785
results/confirmatory/primary/raw_detector	fpocket	8C5L_A_ORIGINAL	9e12e511252e04a44b9ae2a82c4b2b076681da1351ba9252996a7e50cb1b7d8a
results/confirmatory/primary/raw_detector	fpocket	8C5L_A_REMOVED	0a5697a37251a735e840a7123fbc55c7f26b2d51e22a37180f9fdd7d389f3429
results/confirmatory/primary/raw_detector	fpocket	8DEI_A_ORIGINAL	2509a043c7c0dfcc048c70a01377634158fe7a97935f73b1221920a70ab0809c
results/confirmatory/primary/raw_detector	fpocket	8DEI_A_REMOVED	50b6eab797aa5dccfbfe2055a789703e76890c3c0a2872bf1afe9501b77fe574
results/confirmatory/primary/raw_detector	fpocket	8DX4_A_ORIGINAL	ab9ae820f5f099bd8b650168cfc4d38b6c5aa6c04895cd6b58b0e4bfd8f260fa
results/confirmatory/primary/raw_detector	fpocket	8DX4_A_REMOVED	806c4c584e5d322fef1b4787f3dbb0606cd9fab6e41023172ed1f50a6c81058d
results/confirmatory/primary/raw_detector	fpocket	8H68_A_ORIGINAL	677ab721393c0ec21a473215913621cdc88cd19e79247037df9f5f1c467564ff
results/confirmatory/primary/raw_detector	fpocket	8H68_A_REMOVED	c8aff1d416af5fa774c71ebca367d59cd86727c83affa786e113059909c7f00a
results/confirmatory/primary/raw_detector	fpocket	8IIZ_A_ORIGINAL	cdfcd9e28465277b6bf3939b12a764f3e64c6aa2ca4e725ea9ceb3d0b4e30f42
results/confirmatory/primary/raw_detector	fpocket	8IIZ_A_REMOVED	1d3e285294c18ddcd06028683f935d8d5c21bb3ec8e2db2d7ae794c353f68380
results/confirmatory/primary/raw_detector	fpocket	8JJ8_F_ORIGINAL	e0829f09266911a15916bf149e0085f2b55d84ea8404dd46e38b32fa05fb4eeb
results/confirmatory/primary/raw_detector	fpocket	8JJ8_F_REMOVED	945a832d498bb64ab1f05dad7f80dd5dbe5346e9bb8a0ed8330975fb94bd39eb
results/confirmatory/primary/raw_detector	fpocket	8S4D_A_ORIGINAL	a0b16fb39ff162d214beff7ad25ce9bd237d730214f1e222e7d91675b841c625
results/confirmatory/primary/raw_detector	fpocket	8S4D_A_REMOVED	394ef35ddd00d88a666881dabedf8cf560fac937cd0018e8f06580c263a1a130
results/confirmatory/primary/raw_detector	fpocket	8SBU_A_ORIGINAL	4927f50626514643df6513d39b6cccf30252d6436cab192b85ad4ac4dd903263
results/confirmatory/primary/raw_detector	fpocket	8SBU_A_REMOVED	780062db27330d9036e15e19798784d5890d9de419f162dc05ea478352e2510d
results/confirmatory/primary/raw_detector	fpocket	8SVY_A_ORIGINAL	e5bd39ced49a5526017c622b67246d615ef7868f6c2f5473de3fcd7030c63820
results/confirmatory/primary/raw_detector	fpocket	8SVY_A_REMOVED	d4527bc7300191423b307889cb4be64fbdd89cd1e4b92765814e5122b3c18f84
results/confirmatory/primary/raw_detector	fpocket	8TF5_A_ORIGINAL	0b201b7fd6ec7ba71715c0f6355cf714207249f8936440ef34b225650145c070
results/confirmatory/primary/raw_detector	fpocket	8TF5_A_REMOVED	6c440c86ff3c8fd9cf7c88e11a50a6c78e053918a48ac5d45a37c57be36b8260
results/confirmatory/primary/raw_detector	fpocket	9CUG_A_ORIGINAL	b312e001ea50a2594a4126b630e79672473ed1a01f4bafef462ab9193ded572c
results/confirmatory/primary/raw_detector	fpocket	9CUG_A_REMOVED	1ce245a2db38ed2a49f4cfbbc30f2f91b15298787b327f9ab86e6dead3cd54f7
results/confirmatory/primary/raw_detector	fpocket	9IYA_A_ORIGINAL	d8c6f69e1c1040e2f0e07fe6a3b3efaefb247c3486e51a2b5924864ae34b6708
results/confirmatory/primary/raw_detector	fpocket	9IYA_A_REMOVED	547442e8edb6783999390d9412ec1b46bd7fe7d85c7e78068160381bfb3e105a
results/confirmatory/primary/raw_detector	fpocket	9QP4_A_ORIGINAL	bdd4f4b21199aab1662a9625d100f8d3d44354ba9814d5b87b0e9ad463d9e8ba
results/confirmatory/primary/raw_detector	fpocket	9QP4_A_REMOVED	d79ba31c008429f7dc5e5573c8149f2eb4b5daece0c4af85bfcb91fcb5ed1649
results/confirmatory/primary/raw_detector	fpocket	9W32_A_ORIGINAL	93f6b7e5544d68d23f3e9cd1875f2d9041a7fe3f495ee15afcbede7092786828
results/confirmatory/primary/raw_detector	fpocket	9W32_A_REMOVED	09f2cc3f9c4f827a3595a09dd306422e2fa8b77cef4757682c17ce5eec450dde
results/confirmatory/primary/raw_detector	p2rank	11TF_R_ORIGINAL	904ead14188328ade1e25052d370f0d474c58cc19c7b2b48feabe33ee90ea264
results/confirmatory/primary/raw_detector	p2rank	11TF_R_REMOVED	f931b84550bb2b7c5c1e1bfa2a0bfd2247a9573efb2b50505996d8d5781ad1a2
results/confirmatory/primary/raw_detector	p2rank	1HSJ_A_ORIGINAL	ffa13bc401a01d04cf2a6d282285003f678907ed469e5a208e126907dc407b7a
results/confirmatory/primary/raw_detector	p2rank	1HSJ_A_REMOVED	95316d60e20c7a8530e97abaa095b38bc4a099a82040aed8217214f99a8a92e6
results/confirmatory/primary/raw_detector	p2rank	1R6Z_A_ORIGINAL	e246e7147ba15db031d4f10875a2aa27d74872b366697e72131b974a57ed2e27
results/confirmatory/primary/raw_detector	p2rank	1R6Z_A_REMOVED	cfd7dbe5bfa3142fee78424283b682a4a8a222fa7390aa2d7ec800170fa5dcc7
results/confirmatory/primary/raw_detector	p2rank	29AJ_D_ORIGINAL	e79b8da2f9c496cbdf56330ebd352f6737a0df656c7ba543aafd2f38abb0779f
results/confirmatory/primary/raw_detector	p2rank	29AJ_D_REMOVED	8dfbd68102f4a4701ab94a36ab8b6fed2ccb315dffbb271f68801b23368411ae
results/confirmatory/primary/raw_detector	p2rank	2RH1_A_ORIGINAL	0f7d5be04e565e041865e1a3841162c60fcb3eb6b1452836447011f47d38dfe5
results/confirmatory/primary/raw_detector	p2rank	2RH1_A_REMOVED	9057c7edb4127772c5025fa03be41715eb003d935f9e5f6f248184ac6ba7cf62
results/confirmatory/primary/raw_detector	p2rank	2VGQ_A_ORIGINAL	8a3402f88dc9f393bf63244d4af01bcec825816eed6668e80f74c616b6235ea0
results/confirmatory/primary/raw_detector	p2rank	2VGQ_A_REMOVED	fe703717d0127e06708c9afb94adf7224ff0e6bcd52f181f36eac687d34d7aa8
results/confirmatory/primary/raw_detector	p2rank	3A3C_A_ORIGINAL	3f91b7f9a7cf6756be6cfc71d611449ef1c2e39a6093f8a2b2c97ba85c83e4d6
results/confirmatory/primary/raw_detector	p2rank	3A3C_A_REMOVED	55915450e2feb36aecf9fc0234a79c9cf2cc67ee07783f10e04394523e92277d
results/confirmatory/primary/raw_detector	p2rank	3DM0_A_ORIGINAL	022ce83f5b316ea57ad4ab49150df833550310f5c69d4c8c9ac71eb19c0417c2
results/confirmatory/primary/raw_detector	p2rank	3DM0_A_REMOVED	d7ddcba6a2867ab1fa5ceb0de32ab6f31e1600a8be8252f3274fa988f5c3373d
results/confirmatory/primary/raw_detector	p2rank	3EHS_A_ORIGINAL	39f7c0cd020e84d608d50c1356b81c7206c8002c52e6b3c40337b66206e7886d
results/confirmatory/primary/raw_detector	p2rank	3EHS_A_REMOVED	37d04fc8fa509ffe4e952f1972119bedb042241d3092b51b9e31e2583ff046bc
results/confirmatory/primary/raw_detector	p2rank	3EML_A_ORIGINAL	2b5aa83e04e5ebbc871c28c77879cecc427d947aa270b43f8153ffcdada284cd
results/confirmatory/primary/raw_detector	p2rank	3EML_A_REMOVED	720756b087b017a4552e069dbcff68411f14f6f7d721170ef0f07f381616ed17
results/confirmatory/primary/raw_detector	p2rank	3F5F_A_ORIGINAL	21b098fb8af351a259e164775a60faeb2cebb8030e417922014c889ed97c1f27
results/confirmatory/primary/raw_detector	p2rank	3F5F_A_REMOVED	c7012be236aaa90d979bf654a99d150ded7cf637546598fc84d54f67dadd16ea
results/confirmatory/primary/raw_detector	p2rank	3H4Z_A_ORIGINAL	d2625f452bae1750a6eeb84294f5514d21c30f081b3564c3c24b4d3a630a21b7
results/confirmatory/primary/raw_detector	p2rank	3H4Z_A_REMOVED	dc6e0996cda1c4721736a32924f83f457924084f3858fb2972dd32f9eb328329
results/confirmatory/primary/raw_detector	p2rank	3MP6_A_ORIGINAL	61ef48764f9d19fe5b3c318abb96a9d88f85b6fcbd2d275f65bedd5ca0692f18
results/confirmatory/primary/raw_detector	p2rank	3MP6_A_REMOVED	a863b58ef56979f0d59b9aa80b3b80427ab005738b149862e6ce4e53326d4319
results/confirmatory/primary/raw_detector	p2rank	3N93_A_ORIGINAL	f7818bf1a1e5ae82fc8d7b6acdda0770ad369b8584eaf50709e01b76e2c803ac
results/confirmatory/primary/raw_detector	p2rank	3N93_A_REMOVED	48d74fbad44a25ae59909a9b6a71f8a1cbdcdb030499fc323a35c010fd2e6312
results/confirmatory/primary/raw_detector	p2rank	3O3U_N_ORIGINAL	ed6171a6896d837dd0279bc0cff279923f005c97bdedbcd689be874c612663ce
results/confirmatory/primary/raw_detector	p2rank	3O3U_N_REMOVED	73e19a7806c9441081fe6d72afb0176b4454aa1f2f2a39abc4ceac377be2f9e0
results/confirmatory/primary/raw_detector	p2rank	3OB4_A_ORIGINAL	37d63982364834fea6bf2e33395aaf52818872db2ed04269b8e1ba527b0ff8e4
results/confirmatory/primary/raw_detector	p2rank	3OB4_A_REMOVED	7b5a20fbd26c85e9feedc96f8700ca3a8efe32b07e887a1796498c2efcdb5f0d
results/confirmatory/primary/raw_detector	p2rank	3PBL_A_ORIGINAL	fa688df18603b14de71e318fe3bed37038af9c0a30e1807999560006c785fb68
results/confirmatory/primary/raw_detector	p2rank	3PBL_A_REMOVED	91f8f8db789f571d967f56795e472c9284f626b74b3285a2c001082cca296307
results/confirmatory/primary/raw_detector	p2rank	3PY7_A_ORIGINAL	703644f5e670dababc11e408d703117cb2aaa560ac45978053a56442b6df49a0
results/confirmatory/primary/raw_detector	p2rank	3PY7_A_REMOVED	208df6320df8ab6c6ad81656c81757a89bc3f9724d8f02db5c2727dd4820a541
results/confirmatory/primary/raw_detector	p2rank	3RZE_A_ORIGINAL	e3d474e3c70f55167952a4973a21eb80eb2714513380f41a8ef04c672a7741eb
results/confirmatory/primary/raw_detector	p2rank	3RZE_A_REMOVED	b3785e3f7bc34ec35f72d800e86064dfe3e81433a10a41c4debdfc7cfd28403f
results/confirmatory/primary/raw_detector	p2rank	3U8P_A_ORIGINAL	9b85813a967fb7f68f258f0bedfd14ba868ae49cbe51165b2c54bc6aff124917
results/confirmatory/primary/raw_detector	p2rank	3U8P_A_REMOVED	252961aae76023de542d9edf04b26dd2fc4a452b6dc9db3c18e751b7380cef00
results/confirmatory/primary/raw_detector	p2rank	3UON_A_ORIGINAL	d85aceb3ecaf2e7c02c577591d237be1a9b12c405086f34d23792858f4972b27
results/confirmatory/primary/raw_detector	p2rank	3UON_A_REMOVED	2fca4687dcab022b1e0a61032171c3a53e272be4c111a0671c23f0cf68616642
results/confirmatory/primary/raw_detector	p2rank	3V2Y_A_ORIGINAL	ef7aa6ca57502b6042ea88f2ad4f5093888278414f91aaa7414c032eb8efb80e
results/confirmatory/primary/raw_detector	p2rank	3V2Y_A_REMOVED	5112c2a576ca04d42b74779b8b22ea000e4b0fe172e8544baed7383d3bbb0422
results/confirmatory/primary/raw_detector	p2rank	3VW7_A_ORIGINAL	da772d23aea95c89fa52f3ea1114d46ca6457fccd497f5b394f2a9f93a5604ec
results/confirmatory/primary/raw_detector	p2rank	3VW7_A_REMOVED	fbcb1f6dfa7149f1939359f5e06f9f6d7f5be2509035ac07e4b4a7bc906c6c2c
results/confirmatory/primary/raw_detector	p2rank	3WAI_A_ORIGINAL	441b9031710151f279a66ea6451a3b57150d1c50039de8b6fb5ac421a0bb5dcb
results/confirmatory/primary/raw_detector	p2rank	3WAI_A_REMOVED	ff34a388eb00cc5aab3f6bcf26c946f3c7696a7021ec419fef3091301e7b11a1
results/confirmatory/primary/raw_detector	p2rank	4B3N_A_ORIGINAL	ba514169b651c01ef98a521cfbbc339e106ceb729e57ad9d3e2d830bde6fe4ed
results/confirmatory/primary/raw_detector	p2rank	4B3N_A_REMOVED	0bc5fcf0462b71c03d22ee72423f3e8a11cf97a2eca176a6d367cd88e383575c
results/confirmatory/primary/raw_detector	p2rank	4BL9_A_ORIGINAL	6acb529844a4e5bfd866a3dd60416f02abbb835868f8e0700c99c439248ffab2
results/confirmatory/primary/raw_detector	p2rank	4BL9_A_REMOVED	2a9ab69911e5d1eeefecf13e9ea6c2fd583e8b75328795965f192a9e54e2a071
results/confirmatory/primary/raw_detector	p2rank	4DKL_A_ORIGINAL	4b44679b5b3501140f9be7f7cdce4ef374568a85f1afb7fe95f93b582433b991
results/confirmatory/primary/raw_detector	p2rank	4DKL_A_REMOVED	5a36c6b64377bc177dffc0b99b850881d522f04bddcfb17575b589372bc4ac58
results/confirmatory/primary/raw_detector	p2rank	4DXB_A_ORIGINAL	eceb19b63e1eb73c9d0a338ff7999505cb4f8bbae4e5d4073256719204d0aa8e
results/confirmatory/primary/raw_detector	p2rank	4DXB_A_REMOVED	90e0c7891b689d6b7b74879a75f4c4725fabba6a7a55d50d495b30bde8f0f84f
results/confirmatory/primary/raw_detector	p2rank	4EDQ_A_ORIGINAL	b4baa186a9a98b9b7dd550a3ffc1b804cc0e655486b454bf18dfdeb87f8d2927
results/confirmatory/primary/raw_detector	p2rank	4EDQ_A_REMOVED	604b52e2a2c1077da63dada158e03eda1e7cf6278a2c50c3d8926cf19d457cc1
results/confirmatory/primary/raw_detector	p2rank	4EGC_A_ORIGINAL	b1a1aae6466497b531398a248da7520def946838f43bf236ca7e9b463c103bb1
results/confirmatory/primary/raw_detector	p2rank	4EGC_A_REMOVED	da09bef44ce7e1090680ec458e8ec743ffcd44eea331de4a4b333932616bec09
results/confirmatory/primary/raw_detector	p2rank	4EJ4_A_ORIGINAL	545b6f9eb619a03dfc51d0c887b14dcfbc0e236b0758f7f77979f645006b0f8b
results/confirmatory/primary/raw_detector	p2rank	4EJ4_A_REMOVED	fd264c8d4c0c38a10aa0ae1b24d285a80ec217b3c4366ac21991af3665a72d15
results/confirmatory/primary/raw_detector	p2rank	4EPI_A_ORIGINAL	ed0fc64a3fe4e7bed3744425874dc541ee53cd7d8cdbbc51b870a0c4c12b73c0
results/confirmatory/primary/raw_detector	p2rank	4EPI_A_REMOVED	0aa830256536d6b41527de3835e60778e0aa94fa0c961aab5bf4aec50f615dca
results/confirmatory/primary/raw_detector	p2rank	4EXK_A_ORIGINAL	35d69696d35fc6847c0985be124de785f33e3b1d1582a0f205641baf308b7e46
results/confirmatory/primary/raw_detector	p2rank	4EXK_A_REMOVED	8b30737401e0cfec4f0c93765d5a223f25a2c917795934ebe8c48512a9c5505f
results/confirmatory/primary/raw_detector	p2rank	4H1G_A_ORIGINAL	7ef8f46ceb4901901ee2f5a55ae32b5b9f592446d3e53307a4c510ddc5451495
results/confirmatory/primary/raw_detector	p2rank	4H1G_A_REMOVED	38f1ad12682b63efb21441e02e838eeaf6a2b3581b8f38761cd3212b46e84fa1
results/confirmatory/primary/raw_detector	p2rank	4IAR_A_ORIGINAL	c02485d9de354bc32d79c24a55dc8745323a97d7c1cb1c495ba235cb2929a1be
results/confirmatory/primary/raw_detector	p2rank	4IAR_A_REMOVED	5382c658a7d663440e596231045893f72d4ccdef6d5368aaf24dbc643bf28e68
results/confirmatory/primary/raw_detector	p2rank	4IB4_A_ORIGINAL	f2a3f1118104d39b441e32adaf1baa0cd4b676cb46ac48e2d2e393f0f3d79747
results/confirmatory/primary/raw_detector	p2rank	4IB4_A_REMOVED	fbbe920e3dd78eca35da4952f473709488b7039351f416ad622126b05ce06842
results/confirmatory/primary/raw_detector	p2rank	4IFP_A_ORIGINAL	11b4729d427afd2a39f36a08eac6d8697ce72d54cfbf0dfcaa3ae3bd4184b75d
results/confirmatory/primary/raw_detector	p2rank	4IFP_A_REMOVED	a704c7667b31d47cefc836b7c0b357c418af1234eb60142e9f7a3d6e27bf1167
results/confirmatory/primary/raw_detector	p2rank	4IKM_A_ORIGINAL	d992134a608af087bd42e9b540c9f61a79a452b65f7690b722dd58da683fe726
results/confirmatory/primary/raw_detector	p2rank	4IKM_A_REMOVED	49ed0746a61ca43980a5eebc650b94fce14c303259f52ad15db3508e75aa5d0f
results/confirmatory/primary/raw_detector	p2rank	4IRL_A_ORIGINAL	83a0006ee159c2ca06c741fe6b8736e6fe8ba7d196716448686dac01d694956f
results/confirmatory/primary/raw_detector	p2rank	4IRL_A_REMOVED	6da8c0d4d9f364d2bbf17f81abfa6bcb0801939f6c28b12b10cacd5975cb1f1f
results/confirmatory/primary/raw_detector	p2rank	4K5Y_A_ORIGINAL	80c00b0e8a4d77d67130ab53b260e146340711400529f65795726c5b4401d7eb
results/confirmatory/primary/raw_detector	p2rank	4K5Y_A_REMOVED	5239bdfee7dabf01ceff01b7dd7213b06b85b52359d386720ad1e2ce25a6b9fc
results/confirmatory/primary/raw_detector	p2rank	4L6R_A_ORIGINAL	fa32ecc14f307522c26b02eec454e7ac4ca5e5daf6ff89dc3c20e1292ea6d5b0
results/confirmatory/primary/raw_detector	p2rank	4L6R_A_REMOVED	ebeba6b63475b8f8e9c610603a9b5510df9d04063c8624e3118cff5ffd5d2722
results/confirmatory/primary/raw_detector	p2rank	4LOG_A_ORIGINAL	12e9de24f173bd2878b38275ec26e723f90a980928c347bb35f1d86a9d50b05e
results/confirmatory/primary/raw_detector	p2rank	4LOG_A_REMOVED	3ccafcdbb2db906cc3ebc79d25c050e32712cb68e14cd1496d1a2e79e9c63ca1
results/confirmatory/primary/raw_detector	p2rank	4N9N_A_ORIGINAL	7ce9d8d9ec3e4d872b63096233dfb0295cf05f6b1801bfb9193e7bb628d5aacd
results/confirmatory/primary/raw_detector	p2rank	4N9N_A_REMOVED	95be7da175d67071a23b1d037d1652ed7c366d727ecf584e88e6aac408de067d
results/confirmatory/primary/raw_detector	p2rank	4NUF_A_ORIGINAL	24027991a7d581228d8aeadf6a17537ae437ec152294fe6af736514d2679d117
results/confirmatory/primary/raw_detector	p2rank	4NUF_A_REMOVED	6350d8f601f3f99f2da2f355de0097cba789bb53205ea605cc2ed33ffd02b846
results/confirmatory/primary/raw_detector	p2rank	4OR2_A_ORIGINAL	731aef53920d5cfddf18cf839a59efd54d2be43c599e5f996b71209cb66c8145
results/confirmatory/primary/raw_detector	p2rank	4OR2_A_REMOVED	1f084f210aedfc8c9009e614237e0cb3bd31dafb0458913c8906e517787ad184
results/confirmatory/primary/raw_detector	p2rank	4PQK_A_ORIGINAL	ec65e0dcde81f3222b7fe3a5f4b5c119d394405f8f3c8272a67c5b81de15e244
results/confirmatory/primary/raw_detector	p2rank	4PQK_A_REMOVED	6259cf3b848d97c1dff93b3eaa94c1d9cfed221a419b1ae6a2c09909f5855950
results/confirmatory/primary/raw_detector	p2rank	4PXZ_A_ORIGINAL	ff2a82c2d2a2b5c660acd4ee781fba914a6a449a5e87693eb1f9a397e093e9b0
results/confirmatory/primary/raw_detector	p2rank	4PXZ_A_REMOVED	0034f3f8c4ba56af5b938e50454ff2ac9f398855fd8ae84a9a3dc2e6ee419635
results/confirmatory/primary/raw_detector	p2rank	4QSZ_A_ORIGINAL	9ef4b1ba942594d873a4a31bdc6aa5241d85ffe63f9db84e5afc728eca743f47
results/confirmatory/primary/raw_detector	p2rank	4QSZ_A_REMOVED	e4303b7fc8e6ad16bfec4bd63e897d3544f1e3ba2b962b682f9790e5d81d316a
results/confirmatory/primary/raw_detector	p2rank	4QVH_A_ORIGINAL	0eed03165e343d017eaec38b6aaeec6414bebb5e7fbaa4214b17e3fb823ced24
results/confirmatory/primary/raw_detector	p2rank	4QVH_A_REMOVED	f87805f5e41336eccd84b009c5bd4fcbb7d4f26f4c75d131b0098c78ee4915d4
results/confirmatory/primary/raw_detector	p2rank	4TN3_A_ORIGINAL	9a497e973646f9f917d8eda25d29f5e6cf829693dab8b65306d1aa65a6a6e92b
results/confirmatory/primary/raw_detector	p2rank	4TN3_A_REMOVED	3bdd61c380cc5dbaa3972fb0bb3b14c835193e8bf41b8b5c2255df6f486ce780
results/confirmatory/primary/raw_detector	p2rank	4WTV_A_ORIGINAL	15da462f0e2dc6725633476277ac37c5a112d0674bb73fabf050a98fe88c5fcb
results/confirmatory/primary/raw_detector	p2rank	4WTV_A_REMOVED	f6c052b58760d1fec143acc3f42503e9b3c4913eb56dee5ef506ff3002caf8df
results/confirmatory/primary/raw_detector	p2rank	4XES_A_ORIGINAL	50e100e2737bff6b22fcdc77c7daa34450ccf90e73aaa7176ef9146a71406f4e
results/confirmatory/primary/raw_detector	p2rank	4XES_A_REMOVED	4d8c6dcbcbfc71d2414e743696896abebfed04ddeb6a8a4c8223afbfd086ee25
results/confirmatory/primary/raw_detector	p2rank	4ZUD_A_ORIGINAL	da9774fe1dc674e14c2a8d1efae3945091c54d7e19433f2e82bb3b553851a0d1
results/confirmatory/primary/raw_detector	p2rank	4ZUD_A_REMOVED	1f558aab7036533fac3253af211074269e27df15cecbb4bc8ffa8cd166796b6a
results/confirmatory/primary/raw_detector	p2rank	5B2G_A_ORIGINAL	7ec87941b3d417f028f80196da7b287d698f1d6f44bc40b8365572b151748385
results/confirmatory/primary/raw_detector	p2rank	5B2G_A_REMOVED	0a5972e299be7d432d839dd5ca594efaec7fb56a573c48cdfe62d10c9e145dc2
results/confirmatory/primary/raw_detector	p2rank	5DSG_A_ORIGINAL	1fe6d9495f42664da4f03102c81053ce60e0986e6748da51718d0b73b0361b8c
results/confirmatory/primary/raw_detector	p2rank	5DSG_A_REMOVED	f8750b7becc60a33a93a8e251dd923503f3c19ded952559d83e0b8d9b5ec5acd
results/confirmatory/primary/raw_detector	p2rank	5EDU_A_ORIGINAL	8bb4b308cc960bfea86597ed756a0828c3b917b0251d69f81d1e21beeefe49ef
results/confirmatory/primary/raw_detector	p2rank	5EDU_A_REMOVED	3f17fc16787992a588d65f1a7375f6b6880ee20dd38893832e693f69c9ea4740
results/confirmatory/primary/raw_detector	p2rank	5EE7_A_ORIGINAL	6e70f255f0c87c75f9cb7e4c412e8c57a513e80cb36359f55c9018f72451e82b
results/confirmatory/primary/raw_detector	p2rank	5EE7_A_REMOVED	9da4308b242bb1147b67aee7bce8653b4125ea3432df90b9c8ef79469d9dfc46
results/confirmatory/primary/raw_detector	p2rank	5EUT_A_ORIGINAL	b61e919758b6ad1b7d23a200ccb3ee5db158a112f58b69538d2d344adcccc2a1
results/confirmatory/primary/raw_detector	p2rank	5EUT_A_REMOVED	00d2b00bf49f1b419a376300059802fd62cf37aa58f9e1adfa509f8b4d68409b
results/confirmatory/primary/raw_detector	p2rank	5FSG_A_ORIGINAL	e37236d803e6eb9fe3f3b83046bb0fc1b689d20bd74b70f6e12296de2f303de2
results/confirmatory/primary/raw_detector	p2rank	5FSG_A_REMOVED	66375d584c1cfd04aed7086466e2a84b6ea203258888e3c3034dd56f7642bc23
results/confirmatory/primary/raw_detector	p2rank	5H7N_A_ORIGINAL	a9c2f1f29e1e50fed7972866d94f112c05d26f837b4019c0fa098e74c12ec308
results/confirmatory/primary/raw_detector	p2rank	5H7N_A_REMOVED	c63d9bc5d7cde1b59999fa1875d9808f9cac55a57f93234d9811657b80d0aefc
results/confirmatory/primary/raw_detector	p2rank	5I04_A_ORIGINAL	cf54e00ff341338a7e8711cdab33ee820c9acb8f9605ac76935d679bc1dd13f7
results/confirmatory/primary/raw_detector	p2rank	5I04_A_REMOVED	eeba17257dc175d3d6fa6d68517746962a4f3e3c926740e34e31ea8b4f186e9b
results/confirmatory/primary/raw_detector	p2rank	5II5_A_ORIGINAL	3c1003bdfb9b20e365d422f53fcb02f80e61ec3a01b40f07aab6d40c1b2168e0
results/confirmatory/primary/raw_detector	p2rank	5II5_A_REMOVED	362daabd74cd5c4eb876bdad3633b67f3815ba8cb593a6817b27d2f09cc06467
results/confirmatory/primary/raw_detector	p2rank	5N2S_A_ORIGINAL	c4c9190f43cc9de8a9f76194f9dbaa3bf86f2e30fef5feb96f17161114c86f7d
results/confirmatory/primary/raw_detector	p2rank	5N2S_A_REMOVED	6063edf02f68f9e5d98121f2736ebcff4bb66dbb3d3b2f834bbc044ddee4fc4b
results/confirmatory/primary/raw_detector	p2rank	5NM4_A_ORIGINAL	93a5e248a188b75ae184bcc245d472e06b0f3a2093df764562b2334674e79259
results/confirmatory/primary/raw_detector	p2rank	5NM4_A_REMOVED	eb75a0b65eb5a73b1b80224f45c4a8d5647c8f499b9b9322e5b92e404731a1c8
results/confirmatory/primary/raw_detector	p2rank	5OSQ_A_ORIGINAL	959170c8f9c2eeeda15f38569d6f2899a864d56a58e018f7f3090b03d056fff6
results/confirmatory/primary/raw_detector	p2rank	5OSQ_A_REMOVED	3f2ee03f888c121c4f6564fba411bf9c2a4f0141bd437f559b4f4ce7ed055349
results/confirmatory/primary/raw_detector	p2rank	5T1A_A_ORIGINAL	3dfd60db9a0441bd4f1b938ae6cb6c23ec8b59248c2c122fbce95a248e57ec2a
results/confirmatory/primary/raw_detector	p2rank	5T1A_A_REMOVED	c7669008e990699b1baa2fade49b211d4effa4c83bc3646c938b617c419bc84d
results/confirmatory/primary/raw_detector	p2rank	5TTD_A_ORIGINAL	3aaab4f1dd2de249be10fa41557fb792b1b0443731409113e35ea6c82801d7a0
results/confirmatory/primary/raw_detector	p2rank	5TTD_A_REMOVED	28d9beda29ff610a958063aaa1307fe3694fe72cf9d7b4b6b9297812a13f567e
results/confirmatory/primary/raw_detector	p2rank	5TZR_A_ORIGINAL	4f2e8de764689a395e77c56545c00a6e86937be5b504195f380148af1ad36620
results/confirmatory/primary/raw_detector	p2rank	5TZR_A_REMOVED	999e3b865fcb1bea5e2f2261d983c99b07cd27072fc693fa378789f4063a74bd
results/confirmatory/primary/raw_detector	p2rank	5UNF_A_ORIGINAL	b9541b0cbcb0bb84e2fa87593ba862338971e020fe2b399817eccd658fd993ad
results/confirmatory/primary/raw_detector	p2rank	5UNF_A_REMOVED	3630d4045d6d4fa809f205579b2500c697c653e73a8f061b3b232da9f42a38c2
results/confirmatory/primary/raw_detector	p2rank	5VAW_A_ORIGINAL	319d8f5d71d8ecb6927777c8555aa1f124da37f7a35d820e92b85d21849fffd0
results/confirmatory/primary/raw_detector	p2rank	5VAW_A_REMOVED	e6968a2ac461a7b6b80e1b9ee1b333ff93e6f452682b05301c6cd91f1a72736d
results/confirmatory/primary/raw_detector	p2rank	5VEW_A_ORIGINAL	c56406b4237548c8033a0d7c7d563e1fc540df092691afe053f290a72cd2e2b4
results/confirmatory/primary/raw_detector	p2rank	5VEW_A_REMOVED	caeedd6c01ab75295c3ba0a4a0dd3cc18a5c1e04b1f4bbe2dc33de243704bcac
results/confirmatory/primary/raw_detector	p2rank	5W0R_A_ORIGINAL	89e5d869b7e17804b9acd6e1ca5f88a3db975a4870afe526540269976b61f46e
results/confirmatory/primary/raw_detector	p2rank	5W0R_A_REMOVED	bafb879c7f7e0a059e230e75408d2db555f0f6aaad549850d0408be16d33dbc7
results/confirmatory/primary/raw_detector	p2rank	5WIU_A_ORIGINAL	8f847a9b0bc6ff47ee1f68d25fc65e9b5ff184a138d38a1ee7b41094c996ba20
results/confirmatory/primary/raw_detector	p2rank	5WIU_A_REMOVED	a36df3d7a22ed301f8b152d02b0120ee1624a2318e537ef384dfd01e76f3a20a
results/confirmatory/primary/raw_detector	p2rank	5X93_A_ORIGINAL	a2a04bca83116a8608615eb94397ecb85c51e4d22efb1dca958e3dab4a85965f
results/confirmatory/primary/raw_detector	p2rank	5X93_A_REMOVED	53c72e55336e00ff8eac674d81eb2932d8737388d5ebac2922b6fac5e253566e
results/confirmatory/primary/raw_detector	p2rank	5XSZ_A_ORIGINAL	0330b92d5bd6f90d6148d8257270959f8c824ba3a6b659f6ff7e43f5c0675031
results/confirmatory/primary/raw_detector	p2rank	5XSZ_A_REMOVED	bfc30d3c16e2bc4c6073ebeeb118de18a94d7651aabd74e26b6e8639df74807a
results/confirmatory/primary/raw_detector	p2rank	5Y2G_A_ORIGINAL	a82d1b5868a2f664711f9f725e64b13ccedaf6dd8d452474f3fc7359f848056d
results/confirmatory/primary/raw_detector	p2rank	5Y2G_A_REMOVED	5e01186c559844c215ffb983024a5a409d5e71bf708fb4025d742d2ceb512549
results/confirmatory/primary/raw_detector	p2rank	5YGP_A_ORIGINAL	c170bb812be43038dffaca1a2d282f5c5603c70f42e401b8437299ae783250cb
results/confirmatory/primary/raw_detector	p2rank	5YGP_A_REMOVED	d8be740b0dc685d31c69d2b75ae42aed9dac2ac2e52e9f30be7175c775a3945d
results/confirmatory/primary/raw_detector	p2rank	5ZHP_A_ORIGINAL	5efe186cee96c7f083740bb631ed29082c5cbe0cb0148c61bc626bda40a1d2c1
results/confirmatory/primary/raw_detector	p2rank	5ZHP_A_REMOVED	a019e44135c0bb4f6bb13d915a48718305af572c7484ff851574622c5df3e004
results/confirmatory/primary/raw_detector	p2rank	5ZKC_A_ORIGINAL	e9892dcc58f80575e90f44d8fa7cd52ee1d04d82cd300c3c00973d31ea9b8772
results/confirmatory/primary/raw_detector	p2rank	5ZKC_A_REMOVED	588cbb0640c9eb0b6bc17f769d9450133a4b0c25ec4da4cd2c87fe183cd3b04b
results/confirmatory/primary/raw_detector	p2rank	6BQG_A_ORIGINAL	75bd75a664f45f3cc4c58c7b41ec6efb1c5093aa2ef79ad09cc362e5c5650a97
results/confirmatory/primary/raw_detector	p2rank	6BQG_A_REMOVED	af5bd694e19d524b484387e0336c87b97abb6e8fe56a9e5f7f14caad3f1064c6
results/confirmatory/primary/raw_detector	p2rank	6C1Q_B_ORIGINAL	8aa6b21629bb713b2b46fcf6e296ddaff71a338229620e62d10b7f08540f7d9f
results/confirmatory/primary/raw_detector	p2rank	6C1Q_B_REMOVED	425d21d8c0d468043c969183efa80b4d2244e55e9d7299693d30302008515f02
results/confirmatory/primary/raw_detector	p2rank	6CC4_A_ORIGINAL	5f62ef3f277be60de7b57002d342ec303712cfa25637d111f4af471fe881eb50
results/confirmatory/primary/raw_detector	p2rank	6CC4_A_REMOVED	6069adb7499a6cfdecd1d6542972e6a1d6c5d485d9542c6f6296b1e771b56a60
results/confirmatory/primary/raw_detector	p2rank	6D27_A_ORIGINAL	10cff04d30636eae0ecfc6d77ee4b876793da0c63d955c088a5c2b3e3e96ccee
results/confirmatory/primary/raw_detector	p2rank	6D27_A_REMOVED	b52a5dac33cc951f88414426bd28704a7487f11afd0adc7c15e28a03240dc3f7
results/confirmatory/primary/raw_detector	p2rank	6D66_A_ORIGINAL	dd304bbe8ded771ba4e150effb83e1b60dba4018fc23413d7425a13d34a36dab
results/confirmatory/primary/raw_detector	p2rank	6D66_A_REMOVED	4660139df04a5f1d4378d26fe13a33ec3a4fe00f7bdf73bc54d8ba8060e2c30b
results/confirmatory/primary/raw_detector	p2rank	6D9M_A_ORIGINAL	9f166b10ab1223f432ab22fd9b1067d6c0c93f219269931d2d1ec7032a9299a6
results/confirmatory/primary/raw_detector	p2rank	6D9M_A_REMOVED	38c00a21f884e973a2b28bb115c8f5e262a60a9cfcb79691cf09862fb471e7ce
results/confirmatory/primary/raw_detector	p2rank	6DD5_A_ORIGINAL	e5c98d86d3767756387885a1e7ef4d62d2ed67532e01c33aeb6cd3d88677908a
results/confirmatory/primary/raw_detector	p2rank	6DD5_A_REMOVED	2428b319f600c2773a5ad5855490f748f77573061935c716632cea94b7b4ac7d
results/confirmatory/primary/raw_detector	p2rank	6DM8_A_ORIGINAL	1b7be45fc3bcbe5c8bc7cbad70820205490767ec1a5e8313092d096e17d9db49
results/confirmatory/primary/raw_detector	p2rank	6DM8_A_REMOVED	b9b0562a84a15a22efd6bcc9426ce5d6ab6bcf134ffb9aa138d0c29905d5939c
results/confirmatory/primary/raw_detector	p2rank	6EG3_A_ORIGINAL	d08cd2d982228a04a19ff26d6de31760a4e329fe472a5eb67219f41e6be9f93f
results/confirmatory/primary/raw_detector	p2rank	6EG3_A_REMOVED	3f35569a0c72dd3a3aed0a63e95aded1cf567bf9b6ec78b1161b2f64b3c783f8
results/confirmatory/primary/raw_detector	p2rank	6FFI_A_ORIGINAL	65cd9047cc7240b0d1afc9b623313ec439ffa2eacba39bcaff34212bb09bd4fc
results/confirmatory/primary/raw_detector	p2rank	6FFI_A_REMOVED	f4aab1ee675a88aec717f9f8b25ef49ac407e0e65d12aa4a9e6ac56488547ef7
results/confirmatory/primary/raw_detector	p2rank	6G7O_A_ORIGINAL	ceb9461a8cf62e7d34574fbb7e0549dd0b971497656916947b747fd17b605770
results/confirmatory/primary/raw_detector	p2rank	6G7O_A_REMOVED	7593802b6f46ca51ed39355eacd9c0c89173058b3f25c56c1d739f3ebe8b08b0
results/confirmatory/primary/raw_detector	p2rank	6IIH_A_ORIGINAL	b48d256e51cc53c8b4a343dec9bc73b462035ff751188ce1e390200570efd495
results/confirmatory/primary/raw_detector	p2rank	6IIH_A_REMOVED	773eae1c3032964484f98a1c2508914d5bfe0d3061c6f123d4766854349571c2
results/confirmatory/primary/raw_detector	p2rank	6IQL_A_ORIGINAL	9588bcd5c2b493cffa07d4430e922f3d4e0064d086800017a088a4607cb2a7f6
results/confirmatory/primary/raw_detector	p2rank	6IQL_A_REMOVED	b661d579e9100dcfc632922fb86e400f13f7f7d41ed968ce129ce65e9abe4ee4
results/confirmatory/primary/raw_detector	p2rank	6J20_A_ORIGINAL	aba415857ac628276a3e71adbdb66a97c9da5d33220bd7070b2c9dfc5a480f32
results/confirmatory/primary/raw_detector	p2rank	6J20_A_REMOVED	beaecbc92f38415c9c14277ebc257a12dd3853db3c0db51757b000a3c8ab9a8d
results/confirmatory/primary/raw_detector	p2rank	6K7E_A_ORIGINAL	e3cf5e8350731e13b41828f6ab2def34899fe5dea9e493ba7ef45f51841c1885
results/confirmatory/primary/raw_detector	p2rank	6K7E_A_REMOVED	7711d97320cd12ba01c3d0412d7694a5acf53456a5d6ee02ddeb60346c8e6706
results/confirmatory/primary/raw_detector	p2rank	6KI0_A_ORIGINAL	e81de92d6db13a1b07f8fb45cd85cc463f81c5a1cf9d932b711458e1ed821f80
results/confirmatory/primary/raw_detector	p2rank	6KI0_A_REMOVED	6ca66c3566889ef152ebf2aeed767f9e1037422510f78aff84802236837e1a2c
results/confirmatory/primary/raw_detector	p2rank	6KO5_A_ORIGINAL	4f8f7060909788467526dad2df9bf89d044e6d2d590a6feacf887a0306ec0079
results/confirmatory/primary/raw_detector	p2rank	6KO5_A_REMOVED	e53a8c9fa0d8fc9edd0def539a039d14a4556cba2a51bd8b209eeb6fe738a4bd
results/confirmatory/primary/raw_detector	p2rank	6KPC_A_ORIGINAL	95efb3634dd74097d3f931f21f25229c8104126920d1749ed08151c44ad65c97
results/confirmatory/primary/raw_detector	p2rank	6KPC_A_REMOVED	67f166c4ec1511941a7c3c4c7553b4c7418e578830b1a8381b89ba3f2b986882
results/confirmatory/primary/raw_detector	p2rank	6LW5_A_ORIGINAL	0bff3ed74ca31d6bb0982b7ee95e2e47d8aa4d39400fd177471e53af2b259f20
results/confirmatory/primary/raw_detector	p2rank	6LW5_A_REMOVED	9733d66c809ce769c2ff06f60a3b13ba257909551547c2fc094f00d37c60a3ab
results/confirmatory/primary/raw_detector	p2rank	6M97_A_ORIGINAL	8dc68bf927460fa5b95499e46a0c9c02ffae6f7b6217f3c7081000d365eb74e5
results/confirmatory/primary/raw_detector	p2rank	6M97_A_REMOVED	a3fc89b84564c959bede3db408b73480a6277fffef5b8934fd272bef557ebff8
results/confirmatory/primary/raw_detector	p2rank	6M9T_A_ORIGINAL	9104941ad1b89fa2800225cea1ad0a37a4d5f157ded052d7fa402a2d348328e7
results/confirmatory/primary/raw_detector	p2rank	6M9T_A_REMOVED	8a9827f5f6bd12b163039aea5ead8216a6ede93e5c602fa53d575866f5c6dca8
results/confirmatory/primary/raw_detector	p2rank	6VLS_A_ORIGINAL	2f3bc6ad64581482c2209f7f0e8f9e5109695d3ddd61546da461b7c73da8d46b
results/confirmatory/primary/raw_detector	p2rank	6VLS_A_REMOVED	7d956e690bf888932d19ad53436beaa99f1e2c09993f19bcff6d195c5ce79a25
results/confirmatory/primary/raw_detector	p2rank	6XDS_A_ORIGINAL	197bbaf9df2cf7e8bc7c15c9eebbf21468cb7350ec76bd981d01c132b6ed2371
results/confirmatory/primary/raw_detector	p2rank	6XDS_A_REMOVED	97aae73c22313522714a5df91ceb43ff6f5270f3ab9461289c81c4eca672f530
results/confirmatory/primary/raw_detector	p2rank	6XRX_A_ORIGINAL	db306ac11ab583455fa5057cacdc630a9b6334cfab2b3225c1eada5a7dc0e11a
results/confirmatory/primary/raw_detector	p2rank	6XRX_A_REMOVED	3eb8772e2f175aa1702d32b8a238320708700a3dbb22cb44c5f7f4d2718b56d7
results/confirmatory/primary/raw_detector	p2rank	6XYR_A_ORIGINAL	dd2140d9b5b399d9d9624f59b9d0c9b7d1a58780f48d29661410749d23302bfb
results/confirmatory/primary/raw_detector	p2rank	6XYR_A_REMOVED	f4585caa8192d9a8b33fa88a4981e8eca43c5c57296ef3ea555a62471f3077ad
results/confirmatory/primary/raw_detector	p2rank	6ZFZ_A_ORIGINAL	f1c7d97e8656fefff7076164c63911430a43a5d2e4ac60dd39d5e08673c72e94
results/confirmatory/primary/raw_detector	p2rank	6ZFZ_A_REMOVED	af8845daeb0a232cef01f94d53ec9ad95a28aaa4f9f0a9a07f01efe0bc74e79a
results/confirmatory/primary/raw_detector	p2rank	6ZX9_C_ORIGINAL	3804b5a3565ec47ce3b8b77ee92f709a380069e2abb13d3f091fcad10cb61ac1
results/confirmatory/primary/raw_detector	p2rank	6ZX9_C_REMOVED	01e331b0290f2a60072a5f550a4536488d0d8272e4f798d4bbffff389658eee4
results/confirmatory/primary/raw_detector	p2rank	7B01_A_ORIGINAL	420732c85ae82c56a5921044299518902b9aaa4d9be9d7e9ab784f67819389b1
results/confirmatory/primary/raw_detector	p2rank	7B01_A_REMOVED	37f2d415b4abd5575c4a5c528db5cc2426059a2846718336bb6c59d0371885a9
results/confirmatory/primary/raw_detector	p2rank	7CY6_A_ORIGINAL	3024d1842acdcb64c0def4000852e794fa635d275876b61f116ca4399a7d934f
results/confirmatory/primary/raw_detector	p2rank	7CY6_A_REMOVED	8c67f958394b5f7720a5706a7de2f6235d1fbec5a0bf7744637764f92e33139a
results/confirmatory/primary/raw_detector	p2rank	7F8Y_A_ORIGINAL	ae8c33f77f8df08d1fe9831e40064452a20ffbdeb2d244a132fd7009457ea9ae
results/confirmatory/primary/raw_detector	p2rank	7F8Y_A_REMOVED	ab9fe26e28a42be8354326d333f4df815e7b6df7cf65e799643c81f797d53c44
results/confirmatory/primary/raw_detector	p2rank	7MHW_A_ORIGINAL	44ac86f7534bf28e3d65690f9569e2cce3ad3de8c6f5dc4cc1f6582e09a37697
results/confirmatory/primary/raw_detector	p2rank	7MHW_A_REMOVED	a9f61f70c568eb36262106bc121fc2e2d2db6db2ee3a1b9f5b4785d1450f6aa2
results/confirmatory/primary/raw_detector	p2rank	7T31_A_ORIGINAL	358de773df1704c82149d7afc638ac7ec60d50f6a59e71e5e168a5ac43c73c20
results/confirmatory/primary/raw_detector	p2rank	7T31_A_REMOVED	162819122668a0ead62a193aa21432e7f387dcc6466c0f33fd1e901421619c8d
results/confirmatory/primary/raw_detector	p2rank	7WC8_A_ORIGINAL	94421e766b4e3a53a3366cfcdc6216db58156e107656bfb3ae27a9fdef05b3d3
results/confirmatory/primary/raw_detector	p2rank	7WC8_A_REMOVED	25021f67fcf883a21876ea5fbed047d670d79078800290110c9f302b37302468
results/confirmatory/primary/raw_detector	p2rank	7WR3_A_ORIGINAL	46d22700582438b68f8b15e1a4d8540fa2e0014641691c8e524c2bb8839944b6
results/confirmatory/primary/raw_detector	p2rank	7WR3_A_REMOVED	49e7edd55184d85c6dfb15603f60612e06372cc91e08a6f3af69e4e961d7f895
results/confirmatory/primary/raw_detector	p2rank	7Z36_A_ORIGINAL	1fbc7cfa2c930cb23b3a8770555cca0ac09b4b3b9be01cfb4d3c8658ab679c51
results/confirmatory/primary/raw_detector	p2rank	7Z36_A_REMOVED	dbddaed6c1776907cb6b8a94e5dc072adc6c2fb38fc336e6cbc683f9e3571376
results/confirmatory/primary/raw_detector	p2rank	8C5L_A_ORIGINAL	66eaa9e81ed023702a072cd1301d255494b39e79d377e1780d9c43762e1c1816
results/confirmatory/primary/raw_detector	p2rank	8C5L_A_REMOVED	46fba13875f05f56c720f4e60e7a1a153ba975a0cb5de554bca37a11ca670166
results/confirmatory/primary/raw_detector	p2rank	8DEI_A_ORIGINAL	3a52078fa9cdf95d96e98ddcfbaa71a9deae7f91341021e26fc7198e86a7317f
results/confirmatory/primary/raw_detector	p2rank	8DEI_A_REMOVED	6e435e1ac3324aac2d65388777f65b5e592e160de4b8676508838a4804b6dad9
results/confirmatory/primary/raw_detector	p2rank	8DX4_A_ORIGINAL	ff24e032dc7e05c5a2313d88184d288ce62daf9a0264d8dce20df044d3df7709
results/confirmatory/primary/raw_detector	p2rank	8DX4_A_REMOVED	198b42dc600f7942be915e492b1b98f4b5ce46a0a76f43229dfe4bf801d1db3a
results/confirmatory/primary/raw_detector	p2rank	8H68_A_ORIGINAL	aae346f28b44c07c97c08ddcfc0b7b3093b33bcb5ce20eb765162171684b7eb0
results/confirmatory/primary/raw_detector	p2rank	8H68_A_REMOVED	53e18edf222979463faec708b9278716122559e7fd5d858c1381f9f83039db55
results/confirmatory/primary/raw_detector	p2rank	8IIZ_A_ORIGINAL	bb3b643980c83d6354acb96e8274fd63c54b974fa468df8e51def2e1f1bb8ce8
results/confirmatory/primary/raw_detector	p2rank	8IIZ_A_REMOVED	5d77fe8cefe13e89ca155980f31ff525983e290d7c337e87aa372b20a7c7eafd
results/confirmatory/primary/raw_detector	p2rank	8JJ8_F_ORIGINAL	4a333d7a7a316a8daeb43c959da9839b7af1503f0d2ad14f24ea388c18f0da3f
results/confirmatory/primary/raw_detector	p2rank	8JJ8_F_REMOVED	b3a3336798a58e3d30b23753b85299d4b997ef70d49e1e5261346c78b929d76a
results/confirmatory/primary/raw_detector	p2rank	8S4D_A_ORIGINAL	03bfb53cde2e92c9be1762a9b2883ebfaad86ed9fce499f8ffb27af4011d4fb4
results/confirmatory/primary/raw_detector	p2rank	8S4D_A_REMOVED	827990fefa8743744c21c7aa95f168b77237bf85c82a15df1a5970cd4875f142
results/confirmatory/primary/raw_detector	p2rank	8SBU_A_ORIGINAL	9df91671f7a8cb2a1dc67e0dc435a867ecc7bcd9d79cb84665743558fa441379
results/confirmatory/primary/raw_detector	p2rank	8SBU_A_REMOVED	05bb810bf1bea96b06621e4c82609655c569e5e06b64da7f435005277bf7e28e
results/confirmatory/primary/raw_detector	p2rank	8SVY_A_ORIGINAL	f9d398f6800454c9f33f376dbcc778d19b61b2f1d6ff6b8bd1ef2d4b9aa8d649
results/confirmatory/primary/raw_detector	p2rank	8SVY_A_REMOVED	8b960e99c829bc33703aeab947984cfe70e4fd97308e783b7e8e4e129b40ecad
results/confirmatory/primary/raw_detector	p2rank	8TF5_A_ORIGINAL	18464cb0c1e652bbc3fe260e915ef42330249de108b6dcfc7c2c5de5418d16cd
results/confirmatory/primary/raw_detector	p2rank	8TF5_A_REMOVED	0c6db30541897be0a099da4a9f9a5114f0168477a742e1a659693367d2101443
results/confirmatory/primary/raw_detector	p2rank	9CUG_A_ORIGINAL	93a06a56ed21b6fb3d11ffd71810842e39fb75a87d982068122803f84725b699
results/confirmatory/primary/raw_detector	p2rank	9CUG_A_REMOVED	b3cd69e1d8875b9ea2da603ca632f0036819d7390b3c94dfcb7b2272a5dfb54e
results/confirmatory/primary/raw_detector	p2rank	9IYA_A_ORIGINAL	176397c46098bb13392256478916239e720b62555344f6af93c85e954c12a6c2
results/confirmatory/primary/raw_detector	p2rank	9IYA_A_REMOVED	8e58795daf0e29d46d49ed18babb67e089eb89b4612cdf359090bb886d387b88
results/confirmatory/primary/raw_detector	p2rank	9QP4_A_ORIGINAL	3f131413fe7fe7adcccb7f94cee9028ee216accecabc9687075f46f1c04f0bd6
results/confirmatory/primary/raw_detector	p2rank	9QP4_A_REMOVED	3b7100f0dc65cfa07543281df2786873be4616cbf13b349d5403994838039a46
results/confirmatory/primary/raw_detector	p2rank	9W32_A_ORIGINAL	9ba0864d463b8853a80a787b9b950df88db4d57c3617f6579f0285113c13cd20
results/confirmatory/primary/raw_detector	p2rank	9W32_A_REMOVED	7c614c4d041f324cf3708a9f95351bf54c3a39dacd5fe5fcaae0a0aff4b75264
results/confirmatory/ions/raw_detector	fpocket	11TF_R_ORIGINAL	524b011299620a5d85371c8613be011de52daa210b352c5556ccc09b678a6f24
results/confirmatory/ions/raw_detector	fpocket	11TF_R_REMOVED	5da403e9680433bd26b46093bf07465192cd70f504605c6f676e24de301067cf
results/confirmatory/ions/raw_detector	fpocket	1HSJ_A_ORIGINAL	62705186b996bad53dea208d39fe939dc4655835800c1c23d59af3d48fa77f3f
results/confirmatory/ions/raw_detector	fpocket	1HSJ_A_REMOVED	0c1c09aa645394011a8a3cecf335938b8665c2aca8fd48720e9d958c10929c70
results/confirmatory/ions/raw_detector	fpocket	1R6Z_A_ORIGINAL	be344369c28fb21ad7180d76b72fb8a3e54e39411b25d15332de1b7ad56c299c
results/confirmatory/ions/raw_detector	fpocket	1R6Z_A_REMOVED	e909cf28906f81aeb618b67c7c3a099dea0856f50045f5a968f66d7bc88d6132
results/confirmatory/ions/raw_detector	fpocket	29AJ_D_ORIGINAL	9e205ddbfc6393deff6453f0ecacb31e2fa29f0b094157b49d22f234368fbfa0
results/confirmatory/ions/raw_detector	fpocket	29AJ_D_REMOVED	18192921c0af7c1026ffaee30179f8eff61e52379c6b7a5cbf95876000bc5a53
results/confirmatory/ions/raw_detector	fpocket	2RH1_A_ORIGINAL	83cf4180dab8266b4478ff2bd23623a3b01035914da551196c3fa94191a44e45
results/confirmatory/ions/raw_detector	fpocket	2RH1_A_REMOVED	ee58d13a2f337b70fa670245c5eed5444b53b8e81b35769fe2e3f3bfac982c17
results/confirmatory/ions/raw_detector	fpocket	2VGQ_A_ORIGINAL	fbc1157f01668b61fbe2e59a9a072b141a1f0633db6c0f4c8272bf7818144878
results/confirmatory/ions/raw_detector	fpocket	2VGQ_A_REMOVED	e213f083e7424e621f80d811e97c333360e79e00ea43946cbdcadc4b1e6fcd3b
results/confirmatory/ions/raw_detector	fpocket	3A3C_A_ORIGINAL	7f22c5c6029c70f432ef4a0cf951c888ffa3ea59eae75803e40ec53764b8fe1f
results/confirmatory/ions/raw_detector	fpocket	3A3C_A_REMOVED	566d7614c4e8c6305c55cf965deffd6732b53f2459e7266e2e797644ce3cd2a8
results/confirmatory/ions/raw_detector	fpocket	3DM0_A_ORIGINAL	7a0a10a821ec60cb14623f75203c2b8e2e4e934462d61335a498faa9915887fe
results/confirmatory/ions/raw_detector	fpocket	3DM0_A_REMOVED	b89ff5658bbeb8b104f7c514f3969dc140822d65d4349d00ea4a5d24f3de76c9
results/confirmatory/ions/raw_detector	fpocket	3EHS_A_ORIGINAL	6c96d3e5fb6a708a5056dfa9c7630a85361e6e215a359c95b1628000a0001a02
results/confirmatory/ions/raw_detector	fpocket	3EHS_A_REMOVED	c94b452d191f6dd4ff5e967e986ac0402d5c4309648b12361e79634c4c86aeaf
results/confirmatory/ions/raw_detector	fpocket	3EML_A_ORIGINAL	ecef31f335ac6a172714b9f040452e89cf751bd0af8a8f0eb56f80a6bbf0fbe7
results/confirmatory/ions/raw_detector	fpocket	3EML_A_REMOVED	46c1065c07e62ef42834152a3c4bcda9230993321206561272e821c07448f8fa
results/confirmatory/ions/raw_detector	fpocket	3F5F_A_ORIGINAL	441212b3b16a24b2fea266c9dc0a4136391a5495c9b70c033823f44fbad5e663
results/confirmatory/ions/raw_detector	fpocket	3F5F_A_REMOVED	f9c9e344f9e45191863f1a66e2c7823cb8c60e25248eda70b34e05fd73cd95b7
results/confirmatory/ions/raw_detector	fpocket	3H4Z_A_ORIGINAL	783e2c7f8134b0c967d724a03e166dbd0f85ae58550e36d729b550858b6eb001
results/confirmatory/ions/raw_detector	fpocket	3H4Z_A_REMOVED	c2b34bf0ceebbf7c5c4b4cd89a1c32adecafc6745ef5888c27f22e132284ccbd
results/confirmatory/ions/raw_detector	fpocket	3MP6_A_ORIGINAL	d20934b51c18d6597bb668ca405a1e3a95ec3183cb833563dfc9a7079f23e3c7
results/confirmatory/ions/raw_detector	fpocket	3MP6_A_REMOVED	76cba200f475255be593b6ecb3b3454d3d97f80f95798df9910ba747661acc28
results/confirmatory/ions/raw_detector	fpocket	3N93_A_ORIGINAL	4cdb5ca60986244632b5acd3ae1b694b22152347d581310c707dd4ecab3b87bf
results/confirmatory/ions/raw_detector	fpocket	3N93_A_REMOVED	9ac2bf6b3e54caac020aa0bce333e182a4269d3a8c41d8ec15ea84eb86fe1964
results/confirmatory/ions/raw_detector	fpocket	3O3U_N_ORIGINAL	3078128d390bc9ead5949d66b2b76e7856395b1b667bb18642ede8947a85f7e0
results/confirmatory/ions/raw_detector	fpocket	3O3U_N_REMOVED	efff5c3478e3f56b5f58231dc6c1ffb463574c457443b204410784bf8d9dfb0a
results/confirmatory/ions/raw_detector	fpocket	3OB4_A_ORIGINAL	bf03501f3890e956d11e6a524f2dcc287f15f6c2a2dd68075010ce5138df72d2
results/confirmatory/ions/raw_detector	fpocket	3OB4_A_REMOVED	2f334c9bdd666dcdffc542e605b01349807c33738edd17491a1542a1a933e033
results/confirmatory/ions/raw_detector	fpocket	3PBL_A_ORIGINAL	543bc61d631d2293ee83af37f5a79ab8f473c1066e42439904e4e2b6d2ef7cbc
results/confirmatory/ions/raw_detector	fpocket	3PBL_A_REMOVED	df39bb462f8dfe1ef494a8ecb11ddb208c1be6e5876b560c1400b5a9db196342
results/confirmatory/ions/raw_detector	fpocket	3PY7_A_ORIGINAL	5319c0388275442cf3de8238e61026b608a81c439d259ec7371f49cf3ca94598
results/confirmatory/ions/raw_detector	fpocket	3PY7_A_REMOVED	287b9ad628596d506f811dc0c4ef0fd81a8c4727c4132a1626c983f344b68366
results/confirmatory/ions/raw_detector	fpocket	3RZE_A_ORIGINAL	e666206f101530606934da922a7ad8ad27398c8719d18785a5151e6cc02ea2b0
results/confirmatory/ions/raw_detector	fpocket	3RZE_A_REMOVED	e9b88546c59c54c66f37a1f47b151a40dcbd7cc70ed1a631edbea467a41551b0
results/confirmatory/ions/raw_detector	fpocket	3U8P_A_ORIGINAL	55f3415a82241a190919c1d59cd5a2002e895e319fc6236521eebc0ce03aea92
results/confirmatory/ions/raw_detector	fpocket	3U8P_A_REMOVED	d2472e7cb08c2f79ca5a381ab524f69b932b878909fb62f3d21733cb60353eda
results/confirmatory/ions/raw_detector	fpocket	3UON_A_ORIGINAL	71313b55bd20bee85d0284ac46869949204022073c100eb5c3c9d7cf1f94f452
results/confirmatory/ions/raw_detector	fpocket	3UON_A_REMOVED	ab4855e1a61c89c5fecc7456c69d5989de5eef7d0b9027d8b96463293189fb4c
results/confirmatory/ions/raw_detector	fpocket	3V2Y_A_ORIGINAL	e53286fb1a5fbae286e94b185d1aa398b816c4276ff8a3a16a84fe0915faa8db
results/confirmatory/ions/raw_detector	fpocket	3V2Y_A_REMOVED	afcc5a7e827b8ca0f3d002636f9e7a8226499dbdf7250d9190ef379e0740c241
results/confirmatory/ions/raw_detector	fpocket	3VW7_A_ORIGINAL	78bb81bc37eb54ec2f880d28e083cbee1121f4bc821280753a0cd3dc47794b55
results/confirmatory/ions/raw_detector	fpocket	3VW7_A_REMOVED	00810f861f7e2b110b33aa8697999d760ccadbd08b95fc523aa5cecc1ea3d073
results/confirmatory/ions/raw_detector	fpocket	3WAI_A_ORIGINAL	caa4eb2a29411630d3790c174c81912f639e1d3cf111894f433219e61daf237f
results/confirmatory/ions/raw_detector	fpocket	3WAI_A_REMOVED	e6d03116c98742f3a079a2afc9e209d9098384d610684a6998490818b96e2fba
results/confirmatory/ions/raw_detector	fpocket	4B3N_A_ORIGINAL	a4f7bca211b148bdf3254e05f84414cbd4692a971517657f1bfb45ecbbf0e477
results/confirmatory/ions/raw_detector	fpocket	4B3N_A_REMOVED	5121f517c34b8ac8ce3bdabc79d3628767fbf9dbc4e54889877a0ef0c2ca9377
results/confirmatory/ions/raw_detector	fpocket	4BL9_A_ORIGINAL	4d3fc37f3cabb5ac5eeee9f85251a5a307809c2b750c915ae31d18f95a180fde
results/confirmatory/ions/raw_detector	fpocket	4BL9_A_REMOVED	e863dc66289e803cbf15cab555ba0784b6b9ae83c147049cfc9be2d17505022c
results/confirmatory/ions/raw_detector	fpocket	4DKL_A_ORIGINAL	d063572cdf3bb2eef9e4d73f3009a2f8a7e16a6c4afbe822fe7285df222f96ed
results/confirmatory/ions/raw_detector	fpocket	4DKL_A_REMOVED	bcb0f84f6a18ec45d9e1669ba1069386c252fc447439adf61e428b651fc93d92
results/confirmatory/ions/raw_detector	fpocket	4DXB_A_ORIGINAL	eac22503f0d16a816b10d7ff9f53e34aee74b87e29c7aa73b454a9aefe8aa46f
results/confirmatory/ions/raw_detector	fpocket	4DXB_A_REMOVED	da80de0d1fbf71f073f4727ea106410bd78d405164dc0f3beeff6bccec97ad5a
results/confirmatory/ions/raw_detector	fpocket	4EDQ_A_ORIGINAL	aa418f91713eeacfc0aac70b363abbb109ec0171963c5229a6441a3503bc3601
results/confirmatory/ions/raw_detector	fpocket	4EDQ_A_REMOVED	1f8db421f0eabc866c19cf94b4684fb9e81b79d131f666a4bb334875fd3d12ea
results/confirmatory/ions/raw_detector	fpocket	4EGC_A_ORIGINAL	39f2b2ccbf913a9d2c68d7901320d3a6dcc2beb9a57138c8489a9ab362ffc659
results/confirmatory/ions/raw_detector	fpocket	4EGC_A_REMOVED	763f74a9f21cdb3b71742317645e04024fab68837a6c38f67b235b2d1378f9ef
results/confirmatory/ions/raw_detector	fpocket	4EJ4_A_ORIGINAL	742a3d54cb8c0eac1ca4f57e7a069e858adf342122e460312e4dd7e97af04459
results/confirmatory/ions/raw_detector	fpocket	4EJ4_A_REMOVED	0f534f336d1da4d7962142d6679fd3d477738ec7045721c0798ffc0c2fc57d16
results/confirmatory/ions/raw_detector	fpocket	4EPI_A_ORIGINAL	73897998be022282bceccaa63bd7e4df8bb1dde5ef4ea446d967c71f27b1d40f
results/confirmatory/ions/raw_detector	fpocket	4EPI_A_REMOVED	b3f66e5dcdd00bfe8c36570b1dbb897ae74d368d27db0d748ea78a5937347771
results/confirmatory/ions/raw_detector	fpocket	4EXK_A_ORIGINAL	dccb69d21383100083ef3e50b4cf6ec6c8fee4d11dd49987299f8f35bf4e2eb2
results/confirmatory/ions/raw_detector	fpocket	4EXK_A_REMOVED	35a573acd5f246f2bf62d3bdf078726257e8425ff285873ef90ae7d2939f9261
results/confirmatory/ions/raw_detector	fpocket	4H1G_A_ORIGINAL	4dd465d1da490f17450f362887218482618395c70952397c398ce161093f8871
results/confirmatory/ions/raw_detector	fpocket	4H1G_A_REMOVED	6a7208ed65b690623220adfdc222b810231a3c7ffea432245164cb37fa3ea746
results/confirmatory/ions/raw_detector	fpocket	4IAR_A_ORIGINAL	2d3f6bce784db53c4ab0aa2ffd144d4826a30e7a4fc1aee7dde6faa92d1f0cf3
results/confirmatory/ions/raw_detector	fpocket	4IAR_A_REMOVED	b3207e96780b9b945ba93e9a11d54991e80a70b6217b5065b9ff5314485f8a9b
results/confirmatory/ions/raw_detector	fpocket	4IB4_A_ORIGINAL	89808e9f3aa5663fa1fc64847f6695c5a9300d68985516f7cdee7bee3c1670d3
results/confirmatory/ions/raw_detector	fpocket	4IB4_A_REMOVED	ce1d1177a71aeb71652b5ec15640564fbe2a6a6c68fe5de77304a86cd3e8d2ae
results/confirmatory/ions/raw_detector	fpocket	4IFP_A_ORIGINAL	2bf6366fe428a1b3ff4095eaa881110056043b9c375013701c55940996e67059
results/confirmatory/ions/raw_detector	fpocket	4IFP_A_REMOVED	ae8d877b7a054050c73254edaeae3cc30635535b00abab6ba2e6bbbe298e8d82
results/confirmatory/ions/raw_detector	fpocket	4IKM_A_ORIGINAL	9d811f5248119a1619af237565204f9cdd9061aa56a648f71316c6b839edd033
results/confirmatory/ions/raw_detector	fpocket	4IKM_A_REMOVED	5bd6aed0edb9a7de0851fd28757b39178b657f6f6150f6a2aefd6921c4156fd7
results/confirmatory/ions/raw_detector	fpocket	4IRL_A_ORIGINAL	349031aa6eb679e14e85f4081af8be76272d246d2245e9bb0fc6c444209a90e2
results/confirmatory/ions/raw_detector	fpocket	4IRL_A_REMOVED	1c6b3df56e4ca1f2fb6f202d58c030ffa36e5716ac125da3777aee26abec29a3
results/confirmatory/ions/raw_detector	fpocket	4K5Y_A_ORIGINAL	3b08dca2f7b7c97bf9ff60141cc5ef3b9bac185cd10fbd07e47d1d7c43060d76
results/confirmatory/ions/raw_detector	fpocket	4K5Y_A_REMOVED	74214d7ab204c06bf39998571757b42e7fa9df586d9d6a84060cb4dd955c72bd
results/confirmatory/ions/raw_detector	fpocket	4L6R_A_ORIGINAL	145d4795ae2f233f98eacd8f55cbf91fff6f0c565b6f23c14cc6dc0b4d6bfb9f
results/confirmatory/ions/raw_detector	fpocket	4L6R_A_REMOVED	f45060182a1b1903cb06895bdd1ae09aed2ef90d2cef2423d75dc192a266b0ba
results/confirmatory/ions/raw_detector	fpocket	4LOG_A_ORIGINAL	6fdc70015d4a6ccb0fee7c098cb0190cbafd61618b55c0059ca2425ffdb22ebd
results/confirmatory/ions/raw_detector	fpocket	4LOG_A_REMOVED	84b7c5bc5c0d66ad51edf6c840d726cfe2bf87b48e0fa5f02184fd0b1571c655
results/confirmatory/ions/raw_detector	fpocket	4N9N_A_ORIGINAL	7e945c47432125c1ee72c802a9f0c7f2f49e2e78c98c894e8d9ae3e32923d8cd
results/confirmatory/ions/raw_detector	fpocket	4N9N_A_REMOVED	5af5fdb26f2e472585b11e02658e7ecf6ca29e951bce6f34ed2d916bf3824929
results/confirmatory/ions/raw_detector	fpocket	4NUF_A_ORIGINAL	c809bf49466e236a7e706523a4f9cbf4a70e1f986f5a8b9deb5e4d8923005f54
results/confirmatory/ions/raw_detector	fpocket	4NUF_A_REMOVED	dd68f786dfb52142044554ef10fe9a1a17aba0f5c25ace743eb92f817738b964
results/confirmatory/ions/raw_detector	fpocket	4OR2_A_ORIGINAL	53a3464d628f734e3452cd7e5945b0a5d93b9f11fd1f161cac849200b486a973
results/confirmatory/ions/raw_detector	fpocket	4OR2_A_REMOVED	d8e378c33d4f37def6661e4c5ee49856df2c09c926f4a20c3aab308ecd70e57b
results/confirmatory/ions/raw_detector	fpocket	4PQK_A_ORIGINAL	e40037c6598128586e29a3f6932c05c1538f275ae14c694b7076c8715a971ef3
results/confirmatory/ions/raw_detector	fpocket	4PQK_A_REMOVED	c8de681a2cb83ae066cd100fb3d6168e3f24e97ca75c26e2e4485c92c7edf660
results/confirmatory/ions/raw_detector	fpocket	4PXZ_A_ORIGINAL	7f5cbfd99c8f453f601f871b556e7cce8e4968d128b947950bb11646bcc87edb
results/confirmatory/ions/raw_detector	fpocket	4PXZ_A_REMOVED	2e302cacc9e5d1e2768f30d02035592256309c08cd2c26925b47f22ddf94502e
results/confirmatory/ions/raw_detector	fpocket	4QSZ_A_ORIGINAL	084b5692b4b7c41388bcc138db8c318ecd99e7a0ce060b83047836b26fd752d7
results/confirmatory/ions/raw_detector	fpocket	4QSZ_A_REMOVED	225148802281be5c686f869a4818c242edce87fcaa36157c981f3dbdcbaaf8a4
results/confirmatory/ions/raw_detector	fpocket	4QVH_A_ORIGINAL	98be70a1113c8df851120d65f4911dcd6ff72f6be67cb5efd5d5a8f529d17143
results/confirmatory/ions/raw_detector	fpocket	4QVH_A_REMOVED	0c46e066e34036e520db01afd2e718265b788a149cd7a82c62dbfaac1a6fd1d6
results/confirmatory/ions/raw_detector	fpocket	4TN3_A_ORIGINAL	80cc0344afea5cba6b944f54d3e56fd01e0b4e3e1a54fe7aea142484cb493488
results/confirmatory/ions/raw_detector	fpocket	4TN3_A_REMOVED	44379776404ea3161f886a84d3ef3971a845460013a9a9cc5300aadbb3e3f539
results/confirmatory/ions/raw_detector	fpocket	4WTV_A_ORIGINAL	6fb85edfbbc1d1710d49f2a3343ce0c3bd907c063742f3eeb9d34e30e4d4f12c
results/confirmatory/ions/raw_detector	fpocket	4WTV_A_REMOVED	bee87541fdbb2e49a8bc0283e742c16cc96b0803ec6f1b92f99815195dc4a8bc
results/confirmatory/ions/raw_detector	fpocket	4XES_A_ORIGINAL	e2305635c38cf37865bf34ea29f41cc1069878116502afba9c6b956b63a682ce
results/confirmatory/ions/raw_detector	fpocket	4XES_A_REMOVED	e496657a6b23b159b398344bfa749de300e422689e7afa04db6b3576dcef2e8f
results/confirmatory/ions/raw_detector	fpocket	4ZUD_A_ORIGINAL	745ae19e10a1209779cb1228c62ff94b866f966fba478c4aff1d720fc25d3192
results/confirmatory/ions/raw_detector	fpocket	4ZUD_A_REMOVED	510e93af86a88d0a77a60068a6044fa8938a4cbbac49378df77baa1405f9c51d
results/confirmatory/ions/raw_detector	fpocket	5B2G_A_ORIGINAL	2461abe31b8699e0432269cd74fc6fbf1c6594fa83bae1a912f0979563079588
results/confirmatory/ions/raw_detector	fpocket	5B2G_A_REMOVED	6b680c06e9dc73fde42dbd264c8452afbead6700a03856b1cfd459ab7452a0f2
results/confirmatory/ions/raw_detector	fpocket	5DSG_A_ORIGINAL	cd42bcfc1421defdf9918bf1ad3be42bdd82650d655ade60e2fc094873b3d54a
results/confirmatory/ions/raw_detector	fpocket	5DSG_A_REMOVED	f2e5b5bd5795ebb7a8fb16bebbe748b80c441ee0d538866dac49e19742b588ee
results/confirmatory/ions/raw_detector	fpocket	5EDU_A_ORIGINAL	2bc2c4764eba398b0b96af9fde35f1a684d1752d33c33dae0fc220ff33bddf43
results/confirmatory/ions/raw_detector	fpocket	5EDU_A_REMOVED	4e9edefe548e75c42a8d6191735fc707920a7bd08a7573ab76088db233bdca06
results/confirmatory/ions/raw_detector	fpocket	5EE7_A_ORIGINAL	e2ceaf57ecbba88344ebd8fc1644d07c9a3e507016e9936088dd315a68848142
results/confirmatory/ions/raw_detector	fpocket	5EE7_A_REMOVED	989873727b7a462c93340744faaa545a77b77cd91764ef45f531c67f7c360566
results/confirmatory/ions/raw_detector	fpocket	5EUT_A_ORIGINAL	869eca1ee430d0ef539f20572bd04cc0696fb34b24e6000e6b7c8804caea604b
results/confirmatory/ions/raw_detector	fpocket	5EUT_A_REMOVED	a3e0e0311a1f55855d2f5110e81d85df8b5f42486c5334a13334ad4e892b7d62
results/confirmatory/ions/raw_detector	fpocket	5FSG_A_ORIGINAL	aff54d7927f69f0b879e64247ae74999434d3a3cace50037ad39c4a9ad54fa5a
results/confirmatory/ions/raw_detector	fpocket	5FSG_A_REMOVED	e85be96fcd6672aea3d14019c0464212abeaff821eab7e5b2a49a7c478d31320
results/confirmatory/ions/raw_detector	fpocket	5H7N_A_ORIGINAL	c722afb58de390a7d83690a7054c07224c97bd34c8f8f42e88d57e3adbc2c84d
results/confirmatory/ions/raw_detector	fpocket	5H7N_A_REMOVED	68d906f853c53c6a2e2af5ec7150673a8724e65fd23243d52425342ce6b6bcea
results/confirmatory/ions/raw_detector	fpocket	5I04_A_ORIGINAL	481d0927f0326b8ff5a2face7d43b8844c2f6a3b16a7d4ce04f09bed9de7de8f
results/confirmatory/ions/raw_detector	fpocket	5I04_A_REMOVED	d32b3986f22bf08366be40b0a52dac13644f9a274ea8a25dfaebacf14e5dcb7c
results/confirmatory/ions/raw_detector	fpocket	5II5_A_ORIGINAL	029d15915e735bfcf52104c0ca7f39f01805094e5212cf1fd335a0d5c098891c
results/confirmatory/ions/raw_detector	fpocket	5II5_A_REMOVED	2337b7f3bffd8d7d83b991fd00a48169c5f9fbc0f93c53762d8c9fa33be2497b
results/confirmatory/ions/raw_detector	fpocket	5N2S_A_ORIGINAL	ad7965fe20905fcc219153383469912edc5d6b3b69c3d7b7dca432a5a50226d5
results/confirmatory/ions/raw_detector	fpocket	5N2S_A_REMOVED	c5d975ba322111bbde31c5ecbc0994cf78e3b029dc2672c9bbab4ec6022e96fa
results/confirmatory/ions/raw_detector	fpocket	5NM4_A_ORIGINAL	0c0152421b8b3d95cd204cf5d84cbb8256fd6160fc05cbf183bb6843aefdf32a
results/confirmatory/ions/raw_detector	fpocket	5NM4_A_REMOVED	6d181b13c72ed1f7191bd6bcdb8c36d5538b59203a19cb8318b74c33c808ef89
results/confirmatory/ions/raw_detector	fpocket	5OSQ_A_ORIGINAL	821f23c7eb6aca72cd2a51ca640de945a3d2e4cec8efe41d358d60bbcd1d969b
results/confirmatory/ions/raw_detector	fpocket	5OSQ_A_REMOVED	e0a931169e543fd35f8c421dc79b3455371593848c4f0d8b33f1b795d9c6e08b
results/confirmatory/ions/raw_detector	fpocket	5T1A_A_ORIGINAL	00b81b8200a665badb5ae8786e4ba0d60cf1510f6cdcf4d01521b30c2587018e
results/confirmatory/ions/raw_detector	fpocket	5T1A_A_REMOVED	975cb54100d00649a5801c01c5eed61d226fbaaa56d6bfbd0eac202962c0f5f5
results/confirmatory/ions/raw_detector	fpocket	5TTD_A_ORIGINAL	e793ad8e8e719eb3b966d1464ae97d1490cd360ebd9f2a45a49a1ea6863b3337
results/confirmatory/ions/raw_detector	fpocket	5TTD_A_REMOVED	1a485425aaf0193dab30f380cb629eff1cdaa34995db0fb4d5eaf624207a307a
results/confirmatory/ions/raw_detector	fpocket	5TZR_A_ORIGINAL	2c5c9ebcc36b376e54b91f408f24375b5d0b1e80b9152045c4c9297c5014a356
results/confirmatory/ions/raw_detector	fpocket	5TZR_A_REMOVED	42e18aaa5cfe62028a2539ef33b2ff887bf5c3a090f753c5ff9f47fa4564b0cd
results/confirmatory/ions/raw_detector	fpocket	5UNF_A_ORIGINAL	0b8563158e89fa072e9edfb573296854a12612885a1020d89356bd05064fb174
results/confirmatory/ions/raw_detector	fpocket	5UNF_A_REMOVED	4813f694e7723adeee5ace0154b8f479b4fca552d4b2b17c1367d99424a993cd
results/confirmatory/ions/raw_detector	fpocket	5VAW_A_ORIGINAL	c845ca3da0772035e5f31750e1bde77b8ff403bc5553cc2a412dba185a06e306
results/confirmatory/ions/raw_detector	fpocket	5VAW_A_REMOVED	fc4c59e97c3ae81160519e76b359486c997d813eae804df5b28301d85daf2d47
results/confirmatory/ions/raw_detector	fpocket	5VEW_A_ORIGINAL	972b4cea40b23fec82d99c20c39e8433cf6386bde6b40e67a954c557fb5c356e
results/confirmatory/ions/raw_detector	fpocket	5VEW_A_REMOVED	502288c597aa50ebfab134a810f70e9f0a60dc660290e8d9fc855a4507da336f
results/confirmatory/ions/raw_detector	fpocket	5W0R_A_ORIGINAL	970a6017745eeba4a3ab7a18dfc7fe49c9c4d91177168542e0b4e66fa8e9e1c2
results/confirmatory/ions/raw_detector	fpocket	5W0R_A_REMOVED	7e5f18f5e4e1a88d32f032a4b6481d61f9aff64e298ec9031a4c34a603b5cc00
results/confirmatory/ions/raw_detector	fpocket	5WIU_A_ORIGINAL	72d5980bd29fe2503339251e904d225eb279ca49ef15d431b08db1643bfe1cf6
results/confirmatory/ions/raw_detector	fpocket	5WIU_A_REMOVED	7a9607594c1cd2fd1cbbe8384bf2fe90bd7ee44cfe5ccc0b6bdf83db01ee96ae
results/confirmatory/ions/raw_detector	fpocket	5X93_A_ORIGINAL	6c4f9d22123d9758784adbb004848e9e11ed2e50fe4a97f6d050441243b47dbe
results/confirmatory/ions/raw_detector	fpocket	5X93_A_REMOVED	5cde008f2cecad1b55561ce16be6f989490aca7598962d008aa2193e8c9ddd93
results/confirmatory/ions/raw_detector	fpocket	5XSZ_A_ORIGINAL	6aaceeb088721aca488d9ca93019d8636908b97f86f63b59ae21eaa3a71b6599
results/confirmatory/ions/raw_detector	fpocket	5XSZ_A_REMOVED	9827023a02407057bef63b4eda8740d18b729bf110c84fd7e0274a15c43a362b
results/confirmatory/ions/raw_detector	fpocket	5Y2G_A_ORIGINAL	9ad1b6b4d546a6b20a87c7bd4eb281f1f175daa6bab51b1ee8ae9c55fb5a08e5
results/confirmatory/ions/raw_detector	fpocket	5Y2G_A_REMOVED	6a63ccf850bc6cc974a872633c2ceb7d749c51c348f48a9e3c527956e2f2e1af
results/confirmatory/ions/raw_detector	fpocket	5YGP_A_ORIGINAL	c55dc3d91c4e9fe88166a8a0a0d98e7c166a4bab5f731ca5406825d57b41cc71
results/confirmatory/ions/raw_detector	fpocket	5YGP_A_REMOVED	6ebfa1d43cf82ecdc122e38588f645d1e7210121f5701819e31ae29ca455ba55
results/confirmatory/ions/raw_detector	fpocket	5ZHP_A_ORIGINAL	edadeb571cdfbcb35d2bcc4591c58ef97ae2c72b0d67595bb363ee5f1d02ba31
results/confirmatory/ions/raw_detector	fpocket	5ZHP_A_REMOVED	01c97084378dc31d9b6c68045d98b8631cdc0bf2d8ac54f649a5f3b99af23333
results/confirmatory/ions/raw_detector	fpocket	5ZKC_A_ORIGINAL	b693e81cff29cbd0d14eb676afb542547d568c960ebf631e7496f1155afb8b66
results/confirmatory/ions/raw_detector	fpocket	5ZKC_A_REMOVED	53cd6a8db1752d7ff67f2a26019dbabfacc99d608aac19a0ebbf28c651facb7a
results/confirmatory/ions/raw_detector	fpocket	6BQG_A_ORIGINAL	6a3122469fca41adfbd4ef563d3213a4c8ed9bd08cbe6e0a572958f2867bfe60
results/confirmatory/ions/raw_detector	fpocket	6BQG_A_REMOVED	695bee3ba30bb53d78c4795ed8ee4de6e24b4dda9a67c8767be111009527edf5
results/confirmatory/ions/raw_detector	fpocket	6C1Q_B_ORIGINAL	ea768fc6d9e9b864346c34df54616a88f512927a586e51a8d15e826096d8f9a5
results/confirmatory/ions/raw_detector	fpocket	6C1Q_B_REMOVED	b02ed0731b47769833173073fc687a74446aa5c001718bb060de1484693a7817
results/confirmatory/ions/raw_detector	fpocket	6CC4_A_ORIGINAL	343e40fd539dcbaf20881b5d0fdca012c3dc15c6baae248fa41dd2096d2a2828
results/confirmatory/ions/raw_detector	fpocket	6CC4_A_REMOVED	78a1910e93ac5ebcb2d44b574dacc558abd75e5aebf9d863b03c1aae59a509b5
results/confirmatory/ions/raw_detector	fpocket	6D27_A_ORIGINAL	44fb1f5d78535fe152f9cea65d0e532e3587d11c3d20ca47b617096f8aa9f827
results/confirmatory/ions/raw_detector	fpocket	6D27_A_REMOVED	c52fe53946b23a7c0235810603eb60eaa9b32a5ecc434aa337e0842672a4d372
results/confirmatory/ions/raw_detector	fpocket	6D66_A_ORIGINAL	0f6e880a1fa48f8ff528c06ddb24bbd6cb77fd0f0caaa2a41247327a784233b0
results/confirmatory/ions/raw_detector	fpocket	6D66_A_REMOVED	b57687741789c83c6be736fa727df13af51fb020c76f100f3333220b029a56b8
results/confirmatory/ions/raw_detector	fpocket	6D9M_A_ORIGINAL	d803106602ba0672600fbd1910c60f57c14c4761256eeee3e8d7ea0e8303edc5
results/confirmatory/ions/raw_detector	fpocket	6D9M_A_REMOVED	970f0f405ca642ab48c8c397e3b4945a6d57dbb8b9318023f5b0b0ebd1f954db
results/confirmatory/ions/raw_detector	fpocket	6DD5_A_ORIGINAL	176c7a516849597eb2a1dfd23bd55c831564f419e4938a7463efe016e8d0e94b
results/confirmatory/ions/raw_detector	fpocket	6DD5_A_REMOVED	fc64f4dbb2ea553e148cc8bf54a0bac3a47c8aa61a134ebafa627d9dc3edae34
results/confirmatory/ions/raw_detector	fpocket	6DM8_A_ORIGINAL	dc8fdd8ffcabfec90eef1e15cfb35af38af0d6fb2e3d7b4f51b16623038ba5e5
results/confirmatory/ions/raw_detector	fpocket	6DM8_A_REMOVED	1b94c4705501b1b5e659982c9402a4c13c64267a40bb270a40c7b807ee5d1ffa
results/confirmatory/ions/raw_detector	fpocket	6EG3_A_ORIGINAL	c6b1fcf550582318852cbe0466067c0fef6d5ae4d76ea1ea6aeaece3e18b0567
results/confirmatory/ions/raw_detector	fpocket	6EG3_A_REMOVED	aeb100f068c4b63d0a6c32752cf2ef757bae2dfc9b826af5d2fc4764ef18c42e
results/confirmatory/ions/raw_detector	fpocket	6FFI_A_ORIGINAL	07d1df0a7b082d058475e181d1ee9e520727bd9b14f6dc73fde8b5eed8f5c3df
results/confirmatory/ions/raw_detector	fpocket	6FFI_A_REMOVED	f1c011ccd4f4b311d0593c48d07957fbbd6f1c52563c100985d154a6edc0885c
results/confirmatory/ions/raw_detector	fpocket	6G7O_A_ORIGINAL	faf55d3f0b2e4449705479e252283675d8db3160d731d0e6bf02caa5882e1509
results/confirmatory/ions/raw_detector	fpocket	6G7O_A_REMOVED	b7f5285a2c814fd1e21da4b84ca0c5a4b53fbaf03776311e1cd8e535aae052ad
results/confirmatory/ions/raw_detector	fpocket	6IIH_A_ORIGINAL	d466ac72788c5d688755a0f973f9dfdd8691ac164e2377b0550dd7736cfceeaa
results/confirmatory/ions/raw_detector	fpocket	6IIH_A_REMOVED	1a102ec734a35f983d924dcbfd877c624ff2fe657169f3dcbff46a8740b397fe
results/confirmatory/ions/raw_detector	fpocket	6IQL_A_ORIGINAL	04c943245644617437a31d9df5b47cc676a93b89b4de8de11b6f79c938f40a1c
results/confirmatory/ions/raw_detector	fpocket	6IQL_A_REMOVED	c7cbc5503ed647d80a0b7fcb13567cae33b039e0addc361794dfdbcafc270828
results/confirmatory/ions/raw_detector	fpocket	6J20_A_ORIGINAL	c4b4fb333179c0d581fff2d060382eb03cd1dc9402a567eeb5d66dbbd1012617
results/confirmatory/ions/raw_detector	fpocket	6J20_A_REMOVED	b6b4b2da6c71dc549fdf04df525634754cc63966eca2a4c3a64a8130875c8afe
results/confirmatory/ions/raw_detector	fpocket	6K7E_A_ORIGINAL	6ddef43da177a35c575277715cd81b8a9fc88b993b4b7fcea2081b2358aebe12
results/confirmatory/ions/raw_detector	fpocket	6K7E_A_REMOVED	3ed7cc18e2e042952ba354bd9aac77921f8103c4cf49559f5596937bc2c9c284
results/confirmatory/ions/raw_detector	fpocket	6KI0_A_ORIGINAL	3be43bc0e8d19cd827755128e109939321748e4eda731ae5e0a32695701b0b83
results/confirmatory/ions/raw_detector	fpocket	6KI0_A_REMOVED	237849ed66882ddeec44ed2f4fce05846f354d70eb1606baa53e9ea796aff2bf
results/confirmatory/ions/raw_detector	fpocket	6KO5_A_ORIGINAL	f84886b1180dee7ba95f8259e1d00f54f00a878b36d7a05cd522a90a2deaafef
results/confirmatory/ions/raw_detector	fpocket	6KO5_A_REMOVED	67215ea586470cf87d216e013a461bf52140182cf834d5945f60f51838e58409
results/confirmatory/ions/raw_detector	fpocket	6KPC_A_ORIGINAL	bfed6b6dae59ffcab30b600dff7508c90faf07f24fd4390273fd5d75ca6173b0
results/confirmatory/ions/raw_detector	fpocket	6KPC_A_REMOVED	6c01d2ee5aa41f03d2c0218c3c73ad72e7e90c3575748f9a5f3dda2b4e96c8c9
results/confirmatory/ions/raw_detector	fpocket	6LW5_A_ORIGINAL	9e312f64485ccbec40172346f562eb3cb9e46dc623a19fbeef6e79cf6a7b2adf
results/confirmatory/ions/raw_detector	fpocket	6LW5_A_REMOVED	ed3a8d38c570689feaceefaf824c7a29d780c7c7531cce5beb470edb20654c60
results/confirmatory/ions/raw_detector	fpocket	6M97_A_ORIGINAL	1daa0a46e3e29e5b781adedda623ac49d4a86244c90f5a2d40ea06c7df1b235c
results/confirmatory/ions/raw_detector	fpocket	6M97_A_REMOVED	b5fa289e8404df150fbcc6c26d2158ce600a7a19f94ce405f7e8d993d0eb59cd
results/confirmatory/ions/raw_detector	fpocket	6M9T_A_ORIGINAL	9e8eee708d301d4abe73bcf0805c636e2ff768edd6d03bf78c4829c1d340dc6b
results/confirmatory/ions/raw_detector	fpocket	6M9T_A_REMOVED	fc9287e9ed7c6962395621e5a718f06d352df32a01b224bcb5637a5a3cf54f41
results/confirmatory/ions/raw_detector	fpocket	6VLS_A_ORIGINAL	faeb822e5bf74fd0632ee7cca1c43ccb1d4a901c41f348ef2a6e5d4bf0c76ced
results/confirmatory/ions/raw_detector	fpocket	6VLS_A_REMOVED	2528db919d5434587d79b7922d49e8e9f1cd5191f55f65e67c2f6bbfc05d7236
results/confirmatory/ions/raw_detector	fpocket	6XDS_A_ORIGINAL	85a199dc899d58086ef3ddc1eea000594dbef0338195c5f7442ed022a8f82e26
results/confirmatory/ions/raw_detector	fpocket	6XDS_A_REMOVED	fa70a557903ea6858b2f087f5752b85d8f3810ace84685ee6e1d87ede3b97d09
results/confirmatory/ions/raw_detector	fpocket	6XRX_A_ORIGINAL	c643baa46169c354f87a45657145929b5faf2a42930653e5fe0edbe47e2f1a19
results/confirmatory/ions/raw_detector	fpocket	6XRX_A_REMOVED	f373f3b855b713b50eacce6546bc783ef930a7cac8c8b1c7c33c21804bbebc2e
results/confirmatory/ions/raw_detector	fpocket	6XYR_A_ORIGINAL	b55a5a1bb619613a0a72677a4e304e5939a377c82daabd13c38801b1f049bf36
results/confirmatory/ions/raw_detector	fpocket	6XYR_A_REMOVED	acf441966408375cb0317d1de9741d89d3c4618967b450bf8353a6ffd3afe93f
results/confirmatory/ions/raw_detector	fpocket	6ZFZ_A_ORIGINAL	d725bd329646bf340629ea10998270db62dfe5483b882e431915a1753857d918
results/confirmatory/ions/raw_detector	fpocket	6ZFZ_A_REMOVED	9cf5139ae3ae1e183780ddf26d87bcf8c2457317bc51d6d28d6979b86f73c944
results/confirmatory/ions/raw_detector	fpocket	6ZX9_C_ORIGINAL	2d2f67713636ca8d5700d97d79e91459f9240015a46f6c2a3e82faaa63c18556
results/confirmatory/ions/raw_detector	fpocket	6ZX9_C_REMOVED	74ce9415980fe74274d390e9b77c2a00cc139ee21ea8b6991aaf9fb01f07c0fa
results/confirmatory/ions/raw_detector	fpocket	7B01_A_ORIGINAL	3f2eb185ca15e22cafe93a7845cb396efdfd3485411ce2daa3f29c25c1575cb5
results/confirmatory/ions/raw_detector	fpocket	7B01_A_REMOVED	b53fcecbc8c770f185cb75336b17b95a939f6caea378243674e39d73e9e0f36a
results/confirmatory/ions/raw_detector	fpocket	7CY6_A_ORIGINAL	fe37c091fc8bc5fcba2469bd5e8e8903e9d113ffe68f61b8d6d730535257b3d3
results/confirmatory/ions/raw_detector	fpocket	7CY6_A_REMOVED	2fba5b7ec356441e958ef6d0060d01c969a31692496ce45fcdc15b66fa129648
results/confirmatory/ions/raw_detector	fpocket	7F8Y_A_ORIGINAL	ef67e0fbebfd45d664e3930364c1318ae58512877135e1f734672d602de95b4c
results/confirmatory/ions/raw_detector	fpocket	7F8Y_A_REMOVED	a2e6291d35e2fce16288c6fb45f68aa80c5b2ef8fcc7b457ea5bf0ae263b9668
results/confirmatory/ions/raw_detector	fpocket	7MHW_A_ORIGINAL	b324a3c62862dba26422909d0732c75b8e3ca1cd2fa04ad28dda8bac14a0d55a
results/confirmatory/ions/raw_detector	fpocket	7MHW_A_REMOVED	e5991fbb62bf1c7658412047bd1c521b5a45c9109244df270257b876469a919d
results/confirmatory/ions/raw_detector	fpocket	7T31_A_ORIGINAL	fb58100358717951bc2a5a24d918dc7852f0515029cbd269d48574fa70b27c0d
results/confirmatory/ions/raw_detector	fpocket	7T31_A_REMOVED	2397dee9c00d9d4033bce1da4d0bd71b8ce1ad5014bd19a516d91488353294be
results/confirmatory/ions/raw_detector	fpocket	7WC8_A_ORIGINAL	1800e0a91357135719eca85e4524d0766499210a0f073a9f667fc26f6715f6d5
results/confirmatory/ions/raw_detector	fpocket	7WC8_A_REMOVED	5f66b9f3ddf2d5265460ee286c1f52e53fac7f474c572737beb4abc2c09f8f21
results/confirmatory/ions/raw_detector	fpocket	7WR3_A_ORIGINAL	9f4bbe4956421cf61d0e3c7646bdb6a00afe854c5746f7a13b4896f86af9622d
results/confirmatory/ions/raw_detector	fpocket	7WR3_A_REMOVED	dfbd04b6fbb4161d940adfcc51d1eabc0c3b233ad87f3c6c9fb48eb0636e0e99
results/confirmatory/ions/raw_detector	fpocket	7Z36_A_ORIGINAL	8384fede09570df1c0e2cb2b1c00228049724ab2139ba5a33d0e37a13ad5fc86
results/confirmatory/ions/raw_detector	fpocket	7Z36_A_REMOVED	aad818f2ff363b0a7b37fcb64818d86874f6862aa5f3205428b625b8a92b93c3
results/confirmatory/ions/raw_detector	fpocket	8C5L_A_ORIGINAL	c7e15045ee9058be9cca6acc6871bbde96d85fabb4a70ee05e17042995e983ea
results/confirmatory/ions/raw_detector	fpocket	8C5L_A_REMOVED	d1af996f1307d86257b64f30f7925781efff3c0b2a68089ca126abf12902e34c
results/confirmatory/ions/raw_detector	fpocket	8DEI_A_ORIGINAL	7dc1c2f68e5bc299d653cb5040eb791d485fb3327556c005a2f1498e914b8c57
results/confirmatory/ions/raw_detector	fpocket	8DEI_A_REMOVED	a2e1cc8f92d90a150def22eba61cb1f19461bc22e809f146cc9a5897fc136974
results/confirmatory/ions/raw_detector	fpocket	8DX4_A_ORIGINAL	3dad72fef9d11ec89a32efcb89f7fd80fafc75412e11516509c0c2f9d0e5e8a0
results/confirmatory/ions/raw_detector	fpocket	8DX4_A_REMOVED	c0e163debafd0b2cf72e7dd6cd11c8c9007d6c7ead8e5f470b97384ef75fa161
results/confirmatory/ions/raw_detector	fpocket	8H68_A_ORIGINAL	2c7259b4f87392cb961ba59b433bfb2765d17bbf15ff80970a914bc44e99ff1c
results/confirmatory/ions/raw_detector	fpocket	8H68_A_REMOVED	fc25ad3e390744c3e78d16891857c689dffc10929a9329b621eae5e6bf513c99
results/confirmatory/ions/raw_detector	fpocket	8IIZ_A_ORIGINAL	0cce7882ac525bb75768c3f5cdbb96f8b1c873fc92d592bb0703dd25b2042960
results/confirmatory/ions/raw_detector	fpocket	8IIZ_A_REMOVED	475799c04dcb175c7f8e8bffc7ff8dfb917a894866f6b0ca9dffd17ff53d2e1b
results/confirmatory/ions/raw_detector	fpocket	8JJ8_F_ORIGINAL	67309237b8fb05b1e47081812f2f76560b0f7e0d1e0b7054a6f9c4b82a46f0ae
results/confirmatory/ions/raw_detector	fpocket	8JJ8_F_REMOVED	c29f18d202bffccf392a28fd9f8d62482fa7669aa7f771cdf2665880527132e6
results/confirmatory/ions/raw_detector	fpocket	8S4D_A_ORIGINAL	9999a59ff37b3f5a11105ac2e98bec790b702514974c3eb1b3a63f405a56513f
results/confirmatory/ions/raw_detector	fpocket	8S4D_A_REMOVED	cc2ef91c96cd5570a96e7559f340802e273e0aab0deb586a05ed4e266e287018
results/confirmatory/ions/raw_detector	fpocket	8SBU_A_ORIGINAL	ac0a432931ee9ab758aab62422c01490fee350414233e3e739563b311b6389dc
results/confirmatory/ions/raw_detector	fpocket	8SBU_A_REMOVED	13fdf05e743bab060ca38cade18526ed1a0691d71e78c7184589fd0570794770
results/confirmatory/ions/raw_detector	fpocket	8SVY_A_ORIGINAL	a17aefe76df2ff8d30f2d3fa572f3111519327eb48bfbac8402e8b53c8e34aaa
results/confirmatory/ions/raw_detector	fpocket	8SVY_A_REMOVED	8f8e5d30e79a8cdda042a355b47a78753a2a798c49a4801ef00ebeba266f796f
results/confirmatory/ions/raw_detector	fpocket	8TF5_A_ORIGINAL	8c2ec2330954a3e3b2d49716464812c3919cdef3a6e75e0fd794ebab040325f5
results/confirmatory/ions/raw_detector	fpocket	8TF5_A_REMOVED	415e43cec52cb98f4fde371c4f0e30b3e5e24064d0d6458ac02060bb2865497f
results/confirmatory/ions/raw_detector	fpocket	9CUG_A_ORIGINAL	aac201f8b38b51ef1d72ed23a02c8299c90ebd029c2ad98b22c25360338eee8f
results/confirmatory/ions/raw_detector	fpocket	9CUG_A_REMOVED	93e53cd54b34ad0b33e0af47338a0154f973d59280711c0a9814c65e221a9884
results/confirmatory/ions/raw_detector	fpocket	9IYA_A_ORIGINAL	defafb7946d00530169ba53d1383502cf0ef8bbfe3a58722382f69d6e2c6dcce
results/confirmatory/ions/raw_detector	fpocket	9IYA_A_REMOVED	a141a83595aa2d3cadc4d05991c812a232ac5801c466d8519f9d9e1a268a2a12
results/confirmatory/ions/raw_detector	fpocket	9QP4_A_ORIGINAL	5d86488a626f5e3a9cd2a45c76dd871480ef3ab34b0ce5a989d7d2d1e6ea69e4
results/confirmatory/ions/raw_detector	fpocket	9QP4_A_REMOVED	8079f3701f7a4f659091be07610a93140c975d7a9c8e593223e23671a641f327
results/confirmatory/ions/raw_detector	fpocket	9W32_A_ORIGINAL	5ee557ff7d1344a1f6e4a566da6def563274215f24619fce6eaf8e5a9fef533e
results/confirmatory/ions/raw_detector	fpocket	9W32_A_REMOVED	fe345cb403db85d1e0915304b6ea451e337c7e60dadbb2c04880cec2626d1d3e
results/confirmatory/ions/raw_detector	p2rank	11TF_R_ORIGINAL	cdf0a48a057a94dda77b9ccc16d3909dfd399f73d54574cca1ae835c16174555
results/confirmatory/ions/raw_detector	p2rank	11TF_R_REMOVED	87a4abe62bdc9f6f5dc23c78a05420bbeb57fc4961acc26d630e9d8151400de4
results/confirmatory/ions/raw_detector	p2rank	1HSJ_A_ORIGINAL	4a0360ce845e930ae8bfb3a182b053af6e72716f1ab4c1a96c2ae871dbd39ccb
results/confirmatory/ions/raw_detector	p2rank	1HSJ_A_REMOVED	6eb25f41f16e0ed799b7dd7775d3cd87e29ab34feb1c7a8f71e0fb3fa36c4fdd
results/confirmatory/ions/raw_detector	p2rank	1R6Z_A_ORIGINAL	8a5f71d482ff4f2e2e92d28d8ed5fcb3d9571640b44cf5b91d8db6cb4bcd3264
results/confirmatory/ions/raw_detector	p2rank	1R6Z_A_REMOVED	8869de070410373f320f369b9b96ec6423d7ba9c1fe191f0e4250ef3f4094cd4
results/confirmatory/ions/raw_detector	p2rank	29AJ_D_ORIGINAL	8e93a1a1c5cd54683e49709353259eb9cc483b08aae0d03cca4fbef8767bd3f3
results/confirmatory/ions/raw_detector	p2rank	29AJ_D_REMOVED	730f28d352ab2ada708ba6882ab111a0f813d7be8d032cd657e837bb900dea9d
results/confirmatory/ions/raw_detector	p2rank	2RH1_A_ORIGINAL	f7fbeb4cc4bb0afc60f27ec9010a8bf04940de114cbdf1f71f9d061761081f80
results/confirmatory/ions/raw_detector	p2rank	2RH1_A_REMOVED	86c776599e5d1a02438f6009672a94c629e4bf586f78cefcd3457b1849243034
results/confirmatory/ions/raw_detector	p2rank	2VGQ_A_ORIGINAL	3237b926471d533eda5b27381c5b0005cf33f35f754ba75016fd4441361cd568
results/confirmatory/ions/raw_detector	p2rank	2VGQ_A_REMOVED	0fe6c09ef49c6cbcb2336485e019359f7b89f3c4ec46d2bd2eadbc4a03cd66c8
results/confirmatory/ions/raw_detector	p2rank	3A3C_A_ORIGINAL	2d07b789e755c0d4667308979de9dfa85cbc4d0b5a91115fbf343e9b244fa802
results/confirmatory/ions/raw_detector	p2rank	3A3C_A_REMOVED	4b47f1376be7e1e8ff38471e2c2bf783e30f58420599655d77b7a0f88c112b23
results/confirmatory/ions/raw_detector	p2rank	3DM0_A_ORIGINAL	caf08ca75690a1fa6fa12f9cf870db7c3f3f541b131accd5689b873bcc45ef0e
results/confirmatory/ions/raw_detector	p2rank	3DM0_A_REMOVED	d70395faa3008053e2b104adbc10cef5929b5f1eb492bb1516dd78eba402176e
results/confirmatory/ions/raw_detector	p2rank	3EHS_A_ORIGINAL	9353b999285900bcab375e7d020140a77df00a5d7efa92648161d315f2a2aa9f
results/confirmatory/ions/raw_detector	p2rank	3EHS_A_REMOVED	0d16175274bdbdac4c9e41412df216efcebdc72ca393edee07125a1e73d4c48f
results/confirmatory/ions/raw_detector	p2rank	3EML_A_ORIGINAL	4dda25e2acf83c7c2dfaf2080f3e82a776cdc409fa5ba97b942ce2ee6303e116
results/confirmatory/ions/raw_detector	p2rank	3EML_A_REMOVED	750c79c397293ef435fde184e5f42581cb2f10cce2db8814f7dae367b35a775f
results/confirmatory/ions/raw_detector	p2rank	3F5F_A_ORIGINAL	d322f3d9cd3432ac9fb0e1eda637736770b618926e2b35677ff266a47e7f7bf0
results/confirmatory/ions/raw_detector	p2rank	3F5F_A_REMOVED	589a9267af2661693bf662e5f1e5c343712d7b671e70a06379e125a9b7648853
results/confirmatory/ions/raw_detector	p2rank	3H4Z_A_ORIGINAL	9ab64db6eb7cedd65962be09054f0cd04dd00a277710ed702d15991a50380c95
results/confirmatory/ions/raw_detector	p2rank	3H4Z_A_REMOVED	42d5260516c2a1a94ea7cc70f3515c71836e3e91acc83bacf1e6a707f1a249b1
results/confirmatory/ions/raw_detector	p2rank	3MP6_A_ORIGINAL	e108beafaca925cb3600069ee8bf38300216453ec1cc0d54f2e603b6f98bd089
results/confirmatory/ions/raw_detector	p2rank	3MP6_A_REMOVED	ef0dddd8494e6bb1e7027c66fa7e80a39948f271978d8dbf8af8da30647a3cfa
results/confirmatory/ions/raw_detector	p2rank	3N93_A_ORIGINAL	ecd1c51d40a32bc72ee1557af582e8147d7db7d793eed52270a658e8dea1157b
results/confirmatory/ions/raw_detector	p2rank	3N93_A_REMOVED	f4cbed5f450f60ab5b5d2304adf767b8ab5235799a3e47b3c90dcf0fef79341a
results/confirmatory/ions/raw_detector	p2rank	3O3U_N_ORIGINAL	f513a6f6a545eb3b63264a3b7d5af2f431f8eee0eeea70afaa960f80e4632423
results/confirmatory/ions/raw_detector	p2rank	3O3U_N_REMOVED	5f4a192cf8fe2f1346b6e84b715fe5c5aaa3dfaf51b465a32dc5bd1f8edbf8d7
results/confirmatory/ions/raw_detector	p2rank	3OB4_A_ORIGINAL	d644b8dc464833c81c439333879f572f31d28dc9f6c391767f20042b83ead6ff
results/confirmatory/ions/raw_detector	p2rank	3OB4_A_REMOVED	2d544b997f9609c4aab5718b5b334408af3f0a670026b641ed5c2b56fa00ab19
results/confirmatory/ions/raw_detector	p2rank	3PBL_A_ORIGINAL	db5e342040641a4bcbbabe5020b434a5d6c03b814ee8712ccd5653288e7bc151
results/confirmatory/ions/raw_detector	p2rank	3PBL_A_REMOVED	e8924843958fb7ff3ce7fb6d992638d77012ea5b9b3be666d29a6c16856bbf7b
results/confirmatory/ions/raw_detector	p2rank	3PY7_A_ORIGINAL	45b62eed20a8fbc12045fc3bf913787122caee9af81ff1319009f0c5a35146e9
results/confirmatory/ions/raw_detector	p2rank	3PY7_A_REMOVED	018abe9ad39112c142f49e855878cf7158abb67b159421af10abdddb32439181
results/confirmatory/ions/raw_detector	p2rank	3RZE_A_ORIGINAL	a04b5c931c99004b9c98b8494f3c08c536a2dae91007e12512202041d0baca29
results/confirmatory/ions/raw_detector	p2rank	3RZE_A_REMOVED	d10c5170f4743e14f31e8b5749d9e94e6c54625416d05cbc74a715b8817631aa
results/confirmatory/ions/raw_detector	p2rank	3U8P_A_ORIGINAL	bdb91261c32285cef4085d7d0bc6370bd7c1ad34bfa4834113e44351ae9a7e35
results/confirmatory/ions/raw_detector	p2rank	3U8P_A_REMOVED	e3c9194ec90b9868b2dce9f9a891063c265b6549796e1917a91a1dc39b6f64de
results/confirmatory/ions/raw_detector	p2rank	3UON_A_ORIGINAL	aff5b6b734a5e230bf12bd06af3279b97276f9f507d99d8add5a7438266ceb84
results/confirmatory/ions/raw_detector	p2rank	3UON_A_REMOVED	da07d96fe2e0f7e1e4d3d892c6b8768573c6b53afd58bca9a99e5ce91fbd43b1
results/confirmatory/ions/raw_detector	p2rank	3V2Y_A_ORIGINAL	9152dc87fde956b9f987e7cce5af2341b12a2cd1d2592b7dc274b22723a9fab6
results/confirmatory/ions/raw_detector	p2rank	3V2Y_A_REMOVED	4708da37b4d7ea59eae0af77828d84578a55b3b4c376d2e3b6878a7766d4f3d5
results/confirmatory/ions/raw_detector	p2rank	3VW7_A_ORIGINAL	f868ca387bc2c7d993b365d5cc341857b5b7bf932005b57358fef794109b8190
results/confirmatory/ions/raw_detector	p2rank	3VW7_A_REMOVED	a68e4b9239f93a7710b87d7535bb0646e70e33769968e8752570cda742882a73
results/confirmatory/ions/raw_detector	p2rank	3WAI_A_ORIGINAL	7ede76b9955a995ecb45d1bcd81d9777ee94e2aaa6e213b6ecf07bdbd7a876b0
results/confirmatory/ions/raw_detector	p2rank	3WAI_A_REMOVED	5ad02e8c9c6b890617ab3c924e7ca882b56d959a7aab15f7bbd9efa7005c2823
results/confirmatory/ions/raw_detector	p2rank	4B3N_A_ORIGINAL	8d7d8b5be94b9374be378a890c916b72c0de433ab68c01baac00a1bdc7e8aff2
results/confirmatory/ions/raw_detector	p2rank	4B3N_A_REMOVED	a74e3156af4c79c0525f2733409c595b4562f022b6312e47b7756dd4cd929ab0
results/confirmatory/ions/raw_detector	p2rank	4BL9_A_ORIGINAL	7bbc4cb650ef60fed7c75074dc816ceed95cbbe5245b977ac9500308acdbe6cd
results/confirmatory/ions/raw_detector	p2rank	4BL9_A_REMOVED	60de1fba28e3f85c1f9cc1e897c4e58a270dea1c9b4a6834e9d39094a1ef1080
results/confirmatory/ions/raw_detector	p2rank	4DKL_A_ORIGINAL	cd9a864316ff1fd15252ccec481f4d1916f87fe6119c2640fc35192dd56c0d32
results/confirmatory/ions/raw_detector	p2rank	4DKL_A_REMOVED	c6888a8eda08e2f0a586794cd12071cc083cfb64791d024e8f12f89503c43aee
results/confirmatory/ions/raw_detector	p2rank	4DXB_A_ORIGINAL	21cc6d766403eacfef9460963ed6b2f1fa4004cd76c4232545a348f6c636efe8
results/confirmatory/ions/raw_detector	p2rank	4DXB_A_REMOVED	37d66cc46a92adde843735434de35a24372f86637e0056a6c48f1606e1a9e986
results/confirmatory/ions/raw_detector	p2rank	4EDQ_A_ORIGINAL	3686327bd9cbadede34230444659f4434ada5da633c86a63991cad1a76c4f9af
results/confirmatory/ions/raw_detector	p2rank	4EDQ_A_REMOVED	eba9b84ef1bb166ce264901e9775073c408cc518eaf904723e3493834ff23bde
results/confirmatory/ions/raw_detector	p2rank	4EGC_A_ORIGINAL	f74cc60a8b0411c19b55d355b376e8a90883d6726f87d17aaa9b09fe9ec2485e
results/confirmatory/ions/raw_detector	p2rank	4EGC_A_REMOVED	2beb20501fbc054511f6d4a5d3d367275e6f748e6aaa4a1840da2ef4d1ad2e2f
results/confirmatory/ions/raw_detector	p2rank	4EJ4_A_ORIGINAL	0673e051bec60f03832271c84def1258be0a4ea03b936a4b93b3737c8be6ea6c
results/confirmatory/ions/raw_detector	p2rank	4EJ4_A_REMOVED	df87cc00f5273431b9aa19161e79fb2a26d0d9d61152b2f7adcb57b57a7da20d
results/confirmatory/ions/raw_detector	p2rank	4EPI_A_ORIGINAL	759fb0f3762e14b84ffe4b3e15292b856b0b9463d80a24e58b1a817e1b9d3226
results/confirmatory/ions/raw_detector	p2rank	4EPI_A_REMOVED	c16be927c0f5d6d21e9a24c83b37d5bee444cc158383e0f90331d8f8af08882f
results/confirmatory/ions/raw_detector	p2rank	4EXK_A_ORIGINAL	6739d230edf3e774e564e08a37b5c56ff9d3fa0fc6afdddbff04b0690314681a
results/confirmatory/ions/raw_detector	p2rank	4EXK_A_REMOVED	9b331a7ba596b33657c2058ead5ce819b1ca60bf71beca7f5e10dfe8cd7a2aa1
results/confirmatory/ions/raw_detector	p2rank	4H1G_A_ORIGINAL	2e32368c24a04f6e5fde18ececc26cdec66f62e037bddf6e489df923623c2a32
results/confirmatory/ions/raw_detector	p2rank	4H1G_A_REMOVED	fef01ccd065e15836373d09556f57137c41812005f9a21462e4e1a0072417558
results/confirmatory/ions/raw_detector	p2rank	4IAR_A_ORIGINAL	b2dc18fcbf4228def42a9444abcc26578dcae2bef29b33e870867e4ce301cf96
results/confirmatory/ions/raw_detector	p2rank	4IAR_A_REMOVED	02ac351fcc6e1969de115c42d62189c187abb41fd0e71dda21c089af174518e7
results/confirmatory/ions/raw_detector	p2rank	4IB4_A_ORIGINAL	e6de54266f72be6a1b5061ba0ebd945f66ec1f89bc4faad0bc781b6b56a77bd3
results/confirmatory/ions/raw_detector	p2rank	4IB4_A_REMOVED	fa51c51d27511aa0728942a71f650a00706db79ee57455f73f07723c90b8592d
results/confirmatory/ions/raw_detector	p2rank	4IFP_A_ORIGINAL	c376412cd44ca80c91c30d6302a6d04318ce7b0454f7bd1514d48142e49a6010
results/confirmatory/ions/raw_detector	p2rank	4IFP_A_REMOVED	558369be903e0196c21b60bf4e23e9165655cff3cfcd4a4c1d43e316478209eb
results/confirmatory/ions/raw_detector	p2rank	4IKM_A_ORIGINAL	1ba960e49cb24679392f6f0762d116b4a799ecfdf5647b1cb961d6f855accfe4
results/confirmatory/ions/raw_detector	p2rank	4IKM_A_REMOVED	cc36dcaa04b678d87f8eea2e867a0347627315f8a1dcf342ad12ea5145a9b76f
results/confirmatory/ions/raw_detector	p2rank	4IRL_A_ORIGINAL	d6fa24581e902000f271421851859679a38a41f8ab22be23534558fb40126dc9
results/confirmatory/ions/raw_detector	p2rank	4IRL_A_REMOVED	e3616d146698da467b224acd05a157d1219d90a5fabacd665cdb4d0705dd3406
results/confirmatory/ions/raw_detector	p2rank	4K5Y_A_ORIGINAL	ab0857826d16a3f477d0e66a0735885444e0c143c95c6416ee255eae55f49308
results/confirmatory/ions/raw_detector	p2rank	4K5Y_A_REMOVED	2a78a1ee462a6213d2d0054f7f134ba59c4f7df59fddfab35772624011859c16
results/confirmatory/ions/raw_detector	p2rank	4L6R_A_ORIGINAL	86fc975f22342aac66864c120c71d6b627bbd42941194d3c3ac11ca538093cee
results/confirmatory/ions/raw_detector	p2rank	4L6R_A_REMOVED	0da73efe943ef6965d44d37a48d504233cbc20bfab18e1877340f077b924ecce
results/confirmatory/ions/raw_detector	p2rank	4LOG_A_ORIGINAL	1fd102e52199bd7fed21cb7fd25bf38cadf5835d7cd8483080ed964f05c908a6
results/confirmatory/ions/raw_detector	p2rank	4LOG_A_REMOVED	5e1747f5821ffb808493473522a2e1ae6be60ee31b43718e6392bee48942b8dd
results/confirmatory/ions/raw_detector	p2rank	4N9N_A_ORIGINAL	8071dff829f4f2c2b93276da031a8b5283d0f42062833890f4f6e7cb1553c4de
results/confirmatory/ions/raw_detector	p2rank	4N9N_A_REMOVED	525ae9e302afec88a16aa9327a784a95974b602b68b4314c037462322a9c0e32
results/confirmatory/ions/raw_detector	p2rank	4NUF_A_ORIGINAL	12582b1561d85fb4f10e9e9942a15b31f898a65c393f019056565e54227e1f2b
results/confirmatory/ions/raw_detector	p2rank	4NUF_A_REMOVED	3ca78510f02b2fdc81c1556033d1d8913b7d84343f9ac54899133d1ec4bcfead
results/confirmatory/ions/raw_detector	p2rank	4OR2_A_ORIGINAL	5a39acf922e4f1b84226b9519f6b8109615b0a6df31b3205ead82ddc77c24cc1
results/confirmatory/ions/raw_detector	p2rank	4OR2_A_REMOVED	80df35eccb2b1d232dc80b2831079693bcf48811f4fabac759d5beef8f797a38
results/confirmatory/ions/raw_detector	p2rank	4PQK_A_ORIGINAL	d4e610455b5f9ebcfb52c1082a86e2a5061806456fb39594291cf05b7b4e9a88
results/confirmatory/ions/raw_detector	p2rank	4PQK_A_REMOVED	866e64e1ff821e036da81905b2b91f5fbd98d4eab0ef24fbd950ff162c4fdc60
results/confirmatory/ions/raw_detector	p2rank	4PXZ_A_ORIGINAL	f0b8d2c2851575285ff490246f8a523766461baee3ef964b3c4c4a359670884c
results/confirmatory/ions/raw_detector	p2rank	4PXZ_A_REMOVED	04266cabddcd0c80fc77c658ed4516285af13f2d3db1585b0cf2778a0437a41a
results/confirmatory/ions/raw_detector	p2rank	4QSZ_A_ORIGINAL	976aa372da3e1c3f16091aba2a257c8769d07973728543bd1d0096f63890322c
results/confirmatory/ions/raw_detector	p2rank	4QSZ_A_REMOVED	b1b981ad69b2d2a187d37ffa5ad1638fb7fb5ad5b9878bf4f9ec5a406386a347
results/confirmatory/ions/raw_detector	p2rank	4QVH_A_ORIGINAL	48a671be214124f4ae446222fc6c1ca9225013c227fdfe6e3351db29471f3b59
results/confirmatory/ions/raw_detector	p2rank	4QVH_A_REMOVED	661cc60d826813d188d0c17609d8b635f4c8b4384558fad5b57d32186ba64c30
results/confirmatory/ions/raw_detector	p2rank	4TN3_A_ORIGINAL	0df30ad50b4c8c3516f21893a80ef696f096848a86159bf0dbdf4153c29966a2
results/confirmatory/ions/raw_detector	p2rank	4TN3_A_REMOVED	a5d6bd7f2ab3d87b14dc76585cd9f928e025a58f1565023adb67193b2de1564f
results/confirmatory/ions/raw_detector	p2rank	4WTV_A_ORIGINAL	fd5c86edb04b4c9ec1671e3d514eda5062d9ddbabf7f15d2f901d587ee5df138
results/confirmatory/ions/raw_detector	p2rank	4WTV_A_REMOVED	fde0f7a52ce088085c1f1479d47a35f0d8923c7d993cb3e41bb01558a4aafcf2
results/confirmatory/ions/raw_detector	p2rank	4XES_A_ORIGINAL	a415d6ac378e98a04f92665cbb7447779b26fa2687bf98389f5f31c3fa42ac10
results/confirmatory/ions/raw_detector	p2rank	4XES_A_REMOVED	e4dcf1096b3b48378608ea9d2765db8a6ac29b68d629eda64209a5bae85e0983
results/confirmatory/ions/raw_detector	p2rank	4ZUD_A_ORIGINAL	7720fb49a76a1fa3553359a2c0aa6fe1427cfbad6e984489a248728ad1d970e1
results/confirmatory/ions/raw_detector	p2rank	4ZUD_A_REMOVED	b604b7fca564ae797bd1ff763fb36043aa2984399969553463f11d205584ede6
results/confirmatory/ions/raw_detector	p2rank	5B2G_A_ORIGINAL	6a876cc4aa455688bc2d3b7c083919e9dfbef4e6f69a4fd49f4890c6177b14ee
results/confirmatory/ions/raw_detector	p2rank	5B2G_A_REMOVED	522f9f2bf5ccb14debff0bdf8d17ce5550e06d494302bac712511b4270b271e6
results/confirmatory/ions/raw_detector	p2rank	5DSG_A_ORIGINAL	0ee36382b179fe493391da4fde7774f277ded4423ccf79aa67a481293f2f0a0a
results/confirmatory/ions/raw_detector	p2rank	5DSG_A_REMOVED	0ab7eb6d3379b05d93df8ffe1d64684aba7f5654c087c10223157e9c2c8e4719
results/confirmatory/ions/raw_detector	p2rank	5EDU_A_ORIGINAL	1b3d2ae9d9ea64d981ec853327079c26381e4e83b8ba5266370c4c2cef563a81
results/confirmatory/ions/raw_detector	p2rank	5EDU_A_REMOVED	72555fe38841b174606a8e5c2cccac7b2241e69df8cf6cf8425be37bc284531c
results/confirmatory/ions/raw_detector	p2rank	5EE7_A_ORIGINAL	9f52f057b5290de9629eff0d1479825dcf1cf15be9cfdc9ad5e15a7f1bed496a
results/confirmatory/ions/raw_detector	p2rank	5EE7_A_REMOVED	16f6e392c33b705a0686f3f4b9c3d3cbebf42cb1dabf6ae580a76196518ede08
results/confirmatory/ions/raw_detector	p2rank	5EUT_A_ORIGINAL	8a6d13c4e93342c22c3d4a161a024b3df108600584790d07cc0b4e96b7e8ea37
results/confirmatory/ions/raw_detector	p2rank	5EUT_A_REMOVED	6723ffb563eb88b0e21db1de8b448b8f5f18fd091f63a22bd878b6f0a586783c
results/confirmatory/ions/raw_detector	p2rank	5FSG_A_ORIGINAL	0c43d43536443f72a1ef29a3ce2e85a90a6f38f06d4c9141d06159308d776ce8
results/confirmatory/ions/raw_detector	p2rank	5FSG_A_REMOVED	0c8970796061a862bc7bf1f6deb2da4e4bf8186afbc6aa891e0bb1467168ba0b
results/confirmatory/ions/raw_detector	p2rank	5H7N_A_ORIGINAL	31db81793ff45b55db5c2ab55a5b0b9956b18704e483658790a9d2438a8b5090
results/confirmatory/ions/raw_detector	p2rank	5H7N_A_REMOVED	675f3bbda4b6727757c413a9e3883e0beaa524b9a9b968dd82653d1effe702ee
results/confirmatory/ions/raw_detector	p2rank	5I04_A_ORIGINAL	bd81531b11d7e3d2abbad355784c3a9f203518ab355357cca340bf8f6d3cb402
results/confirmatory/ions/raw_detector	p2rank	5I04_A_REMOVED	5be92c62f0ff2ab0c375e693bae89e180fbded9aef948801dc1a7ecd0a4a768b
results/confirmatory/ions/raw_detector	p2rank	5II5_A_ORIGINAL	2626eab3e8ffde47cf27f244de7e3f722409289c8ba0ed8d3d7c22ae09e50687
results/confirmatory/ions/raw_detector	p2rank	5II5_A_REMOVED	9c76c67cac2cc81488746e9ad9f02b56e278915b3f7cca83566511734b70e920
results/confirmatory/ions/raw_detector	p2rank	5N2S_A_ORIGINAL	33133b9358570d34656f2f7ffb243c1cdcdca7f1744de456c0bd13272ab5919c
results/confirmatory/ions/raw_detector	p2rank	5N2S_A_REMOVED	95693f14bcdf84b81521144a73fc651295497d3155ea8105462bfdf755c77fdc
results/confirmatory/ions/raw_detector	p2rank	5NM4_A_ORIGINAL	10d8266c0244ded2ef261881c17f19be71c34ea7f2836e91d90d4b188c5166ed
results/confirmatory/ions/raw_detector	p2rank	5NM4_A_REMOVED	3bca819318033ee8f983d07a36fea6b0a19f9c3d4cc2597a7ff0d1cf0a27df58
results/confirmatory/ions/raw_detector	p2rank	5OSQ_A_ORIGINAL	1d63318d54db7136c98c489af80edb9641926159a2d464aa75e2e0ee2c217bc5
results/confirmatory/ions/raw_detector	p2rank	5OSQ_A_REMOVED	9d2b8d457d3da6549e906f573d302420cfa5c0a87fd36f0bf3b378307d7d73ec
results/confirmatory/ions/raw_detector	p2rank	5T1A_A_ORIGINAL	797931b5738948e09fab5a92056d919b2ea809f08dc99d715cb120fe6a1ddd2f
results/confirmatory/ions/raw_detector	p2rank	5T1A_A_REMOVED	f92547921a40da4528cdd060669d5ad83c6a655dc6e3b51061013761b6db740a
results/confirmatory/ions/raw_detector	p2rank	5TTD_A_ORIGINAL	79e65a34e72d13310400ae58fb29e54ac45fff92f9fb1c3c9c3d931eb069e285
results/confirmatory/ions/raw_detector	p2rank	5TTD_A_REMOVED	2e62f390f9c5af690380ce01f9353a9d47888951b6e4af82d25a9a43b2ebc5b1
results/confirmatory/ions/raw_detector	p2rank	5TZR_A_ORIGINAL	57703c6b857e648605c6d8302c1360daf9fd5024f090ca339dea91f098c26127
results/confirmatory/ions/raw_detector	p2rank	5TZR_A_REMOVED	02951c81b9014d3b7813c6b0111564cf54271d3d218aaf84a687982834ac4c4c
results/confirmatory/ions/raw_detector	p2rank	5UNF_A_ORIGINAL	d8f5d39df47cc3a4edf854cfd595554ed745423edfee74d9a0a3d7caa570372c
results/confirmatory/ions/raw_detector	p2rank	5UNF_A_REMOVED	e300aee23e031a840073512f397390df933421505e477523e32526b44a55a360
results/confirmatory/ions/raw_detector	p2rank	5VAW_A_ORIGINAL	4082457731e13dda215bd10875db1d420d5afe43ea3192d31240aeab6c77745d
results/confirmatory/ions/raw_detector	p2rank	5VAW_A_REMOVED	6077b5db311ad6e4b3120fc5ec2b37a818294249e6ee58cc45fc6c23eba62c25
results/confirmatory/ions/raw_detector	p2rank	5VEW_A_ORIGINAL	f997580e26b93b09bb56197acfd6f0afd7bbec86b6814fda3af00a079cb64a8b
results/confirmatory/ions/raw_detector	p2rank	5VEW_A_REMOVED	7ca886c94cd64b35b47fe56275623b0104440b24a1d494d90d3905ff149957f3
results/confirmatory/ions/raw_detector	p2rank	5W0R_A_ORIGINAL	d4e5171ec3a0d1541419ae52405e93bf160614bef9d92d01fb7cfd29962bff09
results/confirmatory/ions/raw_detector	p2rank	5W0R_A_REMOVED	36ad71bf929d35f54678d50823fe9bba300ab8913ae7d7e57e6563d1490eabb9
results/confirmatory/ions/raw_detector	p2rank	5WIU_A_ORIGINAL	79c0bc8479cd80883428bb18f38985da7e5b572b62e5456d628324392274c149
results/confirmatory/ions/raw_detector	p2rank	5WIU_A_REMOVED	78261239c15dc74b91480f682ca89c35b2859d218f61ff3d540a968f072910a5
results/confirmatory/ions/raw_detector	p2rank	5X93_A_ORIGINAL	53b7f621f04304f8e09770ae8627c33f74ee62b4ae5bb3eaf0e1c595cfebb719
results/confirmatory/ions/raw_detector	p2rank	5X93_A_REMOVED	cd9335bea316b3264e6176a869eef26831c9cb2ac5750b02df81f0bd2ce04411
results/confirmatory/ions/raw_detector	p2rank	5XSZ_A_ORIGINAL	4cd624eb3c8a1b25dfab636485b7af678d1e84b04a9ee43adc7ea5c188e90530
results/confirmatory/ions/raw_detector	p2rank	5XSZ_A_REMOVED	54ee6112820b8555cca760259ace234da2a3879ee55f484df7276607c1b4b83b
results/confirmatory/ions/raw_detector	p2rank	5Y2G_A_ORIGINAL	c48f993f298f501d134e61dbaee9508c0617d7c0af6cba08a388caf0d788ff23
results/confirmatory/ions/raw_detector	p2rank	5Y2G_A_REMOVED	6916f7d45548a53f650556a3101a0a27ac0edf1a5b7470d1c14947c462ce6686
results/confirmatory/ions/raw_detector	p2rank	5YGP_A_ORIGINAL	124c6b5080d33389fa7a8bb9e9c5ff88ec68f826c11fef095aa861f6afb6d134
results/confirmatory/ions/raw_detector	p2rank	5YGP_A_REMOVED	e131d418d54f8daf2255efca1639c1f2fc5f7472c032a4316b2fc19a4e7d2384
results/confirmatory/ions/raw_detector	p2rank	5ZHP_A_ORIGINAL	80736277de6c5d5823f8756e6c33058bccbb266a1acee5119a00583d61f95793
results/confirmatory/ions/raw_detector	p2rank	5ZHP_A_REMOVED	9b331659aa538418c3d2fd0b72b690a6dde99c4ea6c2d710fcfd1107f17ad8e1
results/confirmatory/ions/raw_detector	p2rank	5ZKC_A_ORIGINAL	07c39049f44c44c8b38833a4cd7c3a16828ed3256ffe2e8a6d4e75cedee95c0e
results/confirmatory/ions/raw_detector	p2rank	5ZKC_A_REMOVED	6a1b2636d566909fce6e98c29e3bdc21ff0042803b8e6271d3a3ac24fa9ba850
results/confirmatory/ions/raw_detector	p2rank	6BQG_A_ORIGINAL	e2717754d45d2e836254fafab942866696f92a452c2a3c9043709d6e3c45fc67
results/confirmatory/ions/raw_detector	p2rank	6BQG_A_REMOVED	28ddd2fbe9221e3ea615abcdfe25bbbb7bc3569a55770253f5ae312fb58f2421
results/confirmatory/ions/raw_detector	p2rank	6C1Q_B_ORIGINAL	f3e4618d1145c7d0bde7b9fe7d777e8f8cd7f8b302bd7d84d5dc97ac894d8acb
results/confirmatory/ions/raw_detector	p2rank	6C1Q_B_REMOVED	677f327ac46d3d15b288697a174628f8182190f6d3861b7bda77eeee0bf07c2e
results/confirmatory/ions/raw_detector	p2rank	6CC4_A_ORIGINAL	801978ac373a38d84aeae1de776a5c1e0a565d3f99a2dd46b098e4ea9321841a
results/confirmatory/ions/raw_detector	p2rank	6CC4_A_REMOVED	e34a4cc59422625176323d4164066d205d2815be600e8eae54d059aaf9292024
results/confirmatory/ions/raw_detector	p2rank	6D27_A_ORIGINAL	55ae2cba2f639e2378c9f4dd09a90d5927a65321207f74171599951853ecfbd0
results/confirmatory/ions/raw_detector	p2rank	6D27_A_REMOVED	49dfa54206fa54fab9e51d4af9108428471623b5a67d7e9b42bba1f642ed4d5f
results/confirmatory/ions/raw_detector	p2rank	6D66_A_ORIGINAL	f4141dadbedd28fe6dff00fd60071eeadaf5d7f37e1a56baa4bf64ad3ddbc798
results/confirmatory/ions/raw_detector	p2rank	6D66_A_REMOVED	51ac8831724e8223f779aca02cfff4b9174026a0d121f9823aa5fcad4a244154
results/confirmatory/ions/raw_detector	p2rank	6D9M_A_ORIGINAL	008c6995ff3be92f7b0274fc3b2ba6e53cb5c1d635ee0730a4ab0e85b5633b46
results/confirmatory/ions/raw_detector	p2rank	6D9M_A_REMOVED	1e49f838c1a9433a127e5b5f19f3885ad8d4af055baec7daba9fe00422afb982
results/confirmatory/ions/raw_detector	p2rank	6DD5_A_ORIGINAL	a0545e4abe80ef6246e9b94ecad865ac6c79bfe4a22f602848bae92a8e6a0eaf
results/confirmatory/ions/raw_detector	p2rank	6DD5_A_REMOVED	d07da7c725d56edc882562d47c056b3e3735c83465860c5edb887a4bd0dc2ead
results/confirmatory/ions/raw_detector	p2rank	6DM8_A_ORIGINAL	0b7d8281d24e71ac23ad3a2dcb3c104758f70f6f23ee55f54ab1a1e306d1b2ec
results/confirmatory/ions/raw_detector	p2rank	6DM8_A_REMOVED	401af0177d821e355d714b33c31fb4d269705dc59ca886228c6bafe08176c099
results/confirmatory/ions/raw_detector	p2rank	6EG3_A_ORIGINAL	8d502adf3670ad4a8ae1ee67ea33aa60056a41dba0e62d0efaabba12da8c8921
results/confirmatory/ions/raw_detector	p2rank	6EG3_A_REMOVED	864bf191fd807a01cadd2ce072de6703cd30fad0cd98ed879d0833655e5473f1
results/confirmatory/ions/raw_detector	p2rank	6FFI_A_ORIGINAL	335e71d07e3f5af37a40e654b283c1fdfdf3a617a0c08b55e969b96af0359367
results/confirmatory/ions/raw_detector	p2rank	6FFI_A_REMOVED	ce7762b9a64d2d04c8d689aa5085da6a45ff1efbc6aa9e2ed045ce16fb7339c5
results/confirmatory/ions/raw_detector	p2rank	6G7O_A_ORIGINAL	df4eeb6c2ee0ea8909e936e5db7b39c85288b25ce1df4a16a1884e9b857a0aee
results/confirmatory/ions/raw_detector	p2rank	6G7O_A_REMOVED	c063935e115f4b4ff9ac606081ae90b0948d5e2556aeb41a42414e89d9bea518
results/confirmatory/ions/raw_detector	p2rank	6IIH_A_ORIGINAL	8d601e1587eec5de06615c0b29e93b32d0ff037591920101f1de8af4a3166bd9
results/confirmatory/ions/raw_detector	p2rank	6IIH_A_REMOVED	3437b911a0c3cb84779b3b0fec47b5a3d5106f80e2a01bcd8726df63b2c841b7
results/confirmatory/ions/raw_detector	p2rank	6IQL_A_ORIGINAL	7c058cb771b08d2204e8ae171e29c691ceb988550589488984d17929f2662474
results/confirmatory/ions/raw_detector	p2rank	6IQL_A_REMOVED	9e13cd9d62931daccb12d3d8de603c1d61ddf7fcb904e1f05b35d87787455fe9
results/confirmatory/ions/raw_detector	p2rank	6J20_A_ORIGINAL	9bebf1a51d29b042d790779f784838e7d6e9169bce63c21c67ec3779f2e9df15
results/confirmatory/ions/raw_detector	p2rank	6J20_A_REMOVED	1eb17c82a2ad823e184da04c6741ed7f501fd4232a568f5c89bfd146a86a5cba
results/confirmatory/ions/raw_detector	p2rank	6K7E_A_ORIGINAL	132abecf8db12c258a480fff6d44b9dd999441bd00b9c3b138a6a5aacdacd313
results/confirmatory/ions/raw_detector	p2rank	6K7E_A_REMOVED	879f544baf16200a36a4ce695dc735c2dcd159dadaabc530dea52c5e08d11be4
results/confirmatory/ions/raw_detector	p2rank	6KI0_A_ORIGINAL	5969d21532316cf5237ebb57af864ccb322834214ea82d48be568f427d63d162
results/confirmatory/ions/raw_detector	p2rank	6KI0_A_REMOVED	92b3bf579b78916e6070480816f19d95d7c6c4f36385cf418750a3a9d4861d67
results/confirmatory/ions/raw_detector	p2rank	6KO5_A_ORIGINAL	534db337968d137aa11a9ee218e8039d58381aa598ab899fc94c718857fc9e42
results/confirmatory/ions/raw_detector	p2rank	6KO5_A_REMOVED	b23953c3d4a44bd16b93b881dcfffcd6874d3b2cc516920f495e54549f6e8357
results/confirmatory/ions/raw_detector	p2rank	6KPC_A_ORIGINAL	d44a73ca9c0d24604e445df5ef44c438fa9342aa5cf43e581466f12292203be6
results/confirmatory/ions/raw_detector	p2rank	6KPC_A_REMOVED	5de39bce746c7183cf87c08a0407feec19d51e7935f4f7938ae5d40cf362af35
results/confirmatory/ions/raw_detector	p2rank	6LW5_A_ORIGINAL	1ae889f8a0e91dbb5a9514068afe98b4107f4b561f56e553acf2f38807ca8293
results/confirmatory/ions/raw_detector	p2rank	6LW5_A_REMOVED	9a71a457fcb51b7a5c5462d30d50cac59c87b1cf371ad077c4c63bd782e1bece
results/confirmatory/ions/raw_detector	p2rank	6M97_A_ORIGINAL	c4b500d6b83fb69a85866a1d5a8cc417d684f08f998759a568f95cc05ebf526a
results/confirmatory/ions/raw_detector	p2rank	6M97_A_REMOVED	a0883329074c866750da215425f93476ace9855b4dfb0cc95492371fdf3ad45f
results/confirmatory/ions/raw_detector	p2rank	6M9T_A_ORIGINAL	7382f985a2e68f2da74f982758d87208535b19d29230c61164efa7e79a967a9e
results/confirmatory/ions/raw_detector	p2rank	6M9T_A_REMOVED	c187692e789f4ce9b47d8cb2f4ba78f4f64cb143379dddfc20591158b75044c2
results/confirmatory/ions/raw_detector	p2rank	6VLS_A_ORIGINAL	8bf60f20669ff11a1b51a026b43ab24069888144635abb8fbf8471cecee64b5a
results/confirmatory/ions/raw_detector	p2rank	6VLS_A_REMOVED	0c45dfc3aca6bf5b284cc739357b1ce157165616e7d6224a5555ec00d0097b9e
results/confirmatory/ions/raw_detector	p2rank	6XDS_A_ORIGINAL	b76bdf3137f5bc2f9fbef6eca28a5cbc37f7fb3707f9e4b92ee870d7a607cd36
results/confirmatory/ions/raw_detector	p2rank	6XDS_A_REMOVED	de0b864d2c7900be7616d56838c279717b8cc88ebf32ceec0ea18c5a0d692ea7
results/confirmatory/ions/raw_detector	p2rank	6XRX_A_ORIGINAL	dfe5d3aa6b8eb9b52a951e8299bd6dece8bb5a66110d3513d41098f61b19bcc8
results/confirmatory/ions/raw_detector	p2rank	6XRX_A_REMOVED	89f1597a050f6329e8551ba8b92a2b8e50399a12bca0304cedb9023489f633f7
results/confirmatory/ions/raw_detector	p2rank	6XYR_A_ORIGINAL	f24bb7b8700756026d654171f029c16016671b9f0f16cdc78ce62da0286065ff
results/confirmatory/ions/raw_detector	p2rank	6XYR_A_REMOVED	b01185a21ca5850d8c2d017c0165c53de214fb1afde5c9c11f65fce20fb84840
results/confirmatory/ions/raw_detector	p2rank	6ZFZ_A_ORIGINAL	93e6d65071bf1bf6e584628a99a7420d7ff36a710fd3c1772a1366a0fc885130
results/confirmatory/ions/raw_detector	p2rank	6ZFZ_A_REMOVED	3b69d9da48beacd84856bdecb8a6c3c391be0c5d359f303c3fea967482274a4b
results/confirmatory/ions/raw_detector	p2rank	6ZX9_C_ORIGINAL	6f922f548044bba2c676ca0f9cf0e482f4611a1b79edef2a5447f57fbd036490
results/confirmatory/ions/raw_detector	p2rank	6ZX9_C_REMOVED	57f915abefe5f88df308cb68ccf0b39819d7c5dec2e438db8f85dd74cc2b6876
results/confirmatory/ions/raw_detector	p2rank	7B01_A_ORIGINAL	9c1afd433729f7e649fe7eceb9382cd2a6af36a05f07dbed59a38b224febdd32
results/confirmatory/ions/raw_detector	p2rank	7B01_A_REMOVED	8dd9c3e6cd58805f467eed0ba72b7ae8dabf194127574d04f7b1e3f87f920df0
results/confirmatory/ions/raw_detector	p2rank	7CY6_A_ORIGINAL	2bac97b120d8d0fe566043ba96376bbb1ed34fa79f7d019b8af1aa725f6f69ca
results/confirmatory/ions/raw_detector	p2rank	7CY6_A_REMOVED	9b7b524d16f40148dc1dcc8cf7e232770c6b4016326fdb64a85ce7ae74eb3c4c
results/confirmatory/ions/raw_detector	p2rank	7F8Y_A_ORIGINAL	d817e6cd527b3e13d4926c437cde7160583658e72965a725bffd7c0e1dec1454
results/confirmatory/ions/raw_detector	p2rank	7F8Y_A_REMOVED	8e3a3726501120902955305a0d0e8114e03e499493f7f68af459da10a7ada9be
results/confirmatory/ions/raw_detector	p2rank	7MHW_A_ORIGINAL	0cbe85a548a51c09d51f15fda5df7396128f23bac5195c8824b8a306bb411c4c
results/confirmatory/ions/raw_detector	p2rank	7MHW_A_REMOVED	5b794b4fbb5050c8d41788537319897bf482f8b475416a0bc10b1106c28aebc6
results/confirmatory/ions/raw_detector	p2rank	7T31_A_ORIGINAL	3587d5e7123cd1fb209805df418a61fb60d7b762c07cc8fad2acae190f71b9c8
results/confirmatory/ions/raw_detector	p2rank	7T31_A_REMOVED	a6fae864ec878acf574e70d470157f56ced9dc31e6082e28d5df1c2511c62706
results/confirmatory/ions/raw_detector	p2rank	7WC8_A_ORIGINAL	18f204b4707c830ac5857d61cd688fac44d5f0448b105be71c5a4e17519ae10b
results/confirmatory/ions/raw_detector	p2rank	7WC8_A_REMOVED	06f777c6eecf1008977c1991b69f47bf661c3b14bcf2fa33797a2c28d075c451
results/confirmatory/ions/raw_detector	p2rank	7WR3_A_ORIGINAL	cec7a495859f268729d54ef00cbfafc6cbb07fb9d1262a2c84cd58e9775dc6c4
results/confirmatory/ions/raw_detector	p2rank	7WR3_A_REMOVED	ad6080d07e645a0388754518e2b9b1ff894a207f15788407f123929f049c7742
results/confirmatory/ions/raw_detector	p2rank	7Z36_A_ORIGINAL	4ee7a4abd96227276d8aff3e525542580fd5b75453f9e5ec05e0213bd69489fc
results/confirmatory/ions/raw_detector	p2rank	7Z36_A_REMOVED	4e69622dcb0441f72f0f1b0d33f4317c2a3555922f902359df79cd80330b1dfb
results/confirmatory/ions/raw_detector	p2rank	8C5L_A_ORIGINAL	3d63fe94702038ed50ee48d9a5d8adaf06d34f384cd31b96a4445c400440c0e2
results/confirmatory/ions/raw_detector	p2rank	8C5L_A_REMOVED	aa999afa48e5e8e45999d8bf5e6fe94a3fd24720f4ca0774391dd23abcfc9656
results/confirmatory/ions/raw_detector	p2rank	8DEI_A_ORIGINAL	c0f6a61eaf80a1274f5287466e7e6b92e6743c47b3bb150b4434a7e5a782463d
results/confirmatory/ions/raw_detector	p2rank	8DEI_A_REMOVED	af1f59a172b24c92d3eb50efa55248b571a3b6230cb230f45c1605b275c4b7c7
results/confirmatory/ions/raw_detector	p2rank	8DX4_A_ORIGINAL	933e6cb64ca89b8eeb0a9ba3265de5660611d0c8d47cf6a46cde06952de7f68c
results/confirmatory/ions/raw_detector	p2rank	8DX4_A_REMOVED	12386a4e4a6a93def2b2ddc91410c1b34509e0902eb87737ae0a73048a12ad95
results/confirmatory/ions/raw_detector	p2rank	8H68_A_ORIGINAL	1408979f27a840114e3acd0e3fb68ec1f059e1d94296a4041c7bc005810a5f3b
results/confirmatory/ions/raw_detector	p2rank	8H68_A_REMOVED	6c7011f55a483c1ff01dc5e5de009ea7b27686fdf7a266e6530e38fa9bded6e6
results/confirmatory/ions/raw_detector	p2rank	8IIZ_A_ORIGINAL	638c88c73282076a1d4f2fdcc0c699f362c2e0d237f8dbb539caab31e8733b8d
results/confirmatory/ions/raw_detector	p2rank	8IIZ_A_REMOVED	d24960c3cbe66e363dc4ed832fe6af33d57adef13609ca09bc7028b839514031
results/confirmatory/ions/raw_detector	p2rank	8JJ8_F_ORIGINAL	130e9aa175eddb3e9637ad3c8bb76883204b41a6f86318db290e4eb1c50e733d
results/confirmatory/ions/raw_detector	p2rank	8JJ8_F_REMOVED	d7b7a4146674b0a8b672f36fc245796c2ba3efe90ee780e4510bfb88359048e7
results/confirmatory/ions/raw_detector	p2rank	8S4D_A_ORIGINAL	a2ae98a69b9ac2b3a3e09ee74f2c2acda6ed43a6355b45e6e887fa5c2f6601d6
results/confirmatory/ions/raw_detector	p2rank	8S4D_A_REMOVED	b0609d32613129439f1e55c15be8b64fdd48ca91a8f689d1c70570d848cb33d2
results/confirmatory/ions/raw_detector	p2rank	8SBU_A_ORIGINAL	af9538b1f61944e39e489337dacfe6d7f9c1be30f83c8dca7b595c274be712e1
results/confirmatory/ions/raw_detector	p2rank	8SBU_A_REMOVED	228f566f86942aa3e79da526272f948cd51ee26541a8a9ff8535153acd53cf1b
results/confirmatory/ions/raw_detector	p2rank	8SVY_A_ORIGINAL	47ea501fde12827352be5083470b90ebdfcd0fbcbcece0a2145a80d8249f31da
results/confirmatory/ions/raw_detector	p2rank	8SVY_A_REMOVED	907883368e0bf3874f894f2363cdded08049887025efd6c7999b20f6c93c6000
results/confirmatory/ions/raw_detector	p2rank	8TF5_A_ORIGINAL	409d4ccb62ac8c4921fa11c3858034c58935c853afa598c3a02acf9ec49e8c60
results/confirmatory/ions/raw_detector	p2rank	8TF5_A_REMOVED	08364e37fa47d8ebfe75d9c9b22f2af7873895b45ca420cd7637273e5543f5a9
results/confirmatory/ions/raw_detector	p2rank	9CUG_A_ORIGINAL	9f4a13632c6500d392df920b6d05bec2be8933e0465e6c70ea93cbbae8b27491
results/confirmatory/ions/raw_detector	p2rank	9CUG_A_REMOVED	64234bc59021a26c41237b7ccde502bc4c077919da6b9d125f6cbd7e19a313b7
results/confirmatory/ions/raw_detector	p2rank	9IYA_A_ORIGINAL	5e1b9436f9bb51bd54efaa89abf4b99466a5b7cd208d4f0fc36ee8da828979f5
results/confirmatory/ions/raw_detector	p2rank	9IYA_A_REMOVED	acf847e923d733f094a1b90d8c205a023416fb108ad0733969b23a64269f1ebc
results/confirmatory/ions/raw_detector	p2rank	9QP4_A_ORIGINAL	8f1b39bf4a7f1b21e640d02dfe789608e656e299274c907c2ebb7ff43bc3b62f
results/confirmatory/ions/raw_detector	p2rank	9QP4_A_REMOVED	6ed517e5aa351ac7cac6ff81436bc050a58e9b1b288202779298eabd71204a03
results/confirmatory/ions/raw_detector	p2rank	9W32_A_ORIGINAL	2e54ff4f190d97af1e5a42b8041fcf287f25d45dfcdb5cb43465d1a7dd47ab40
results/confirmatory/ions/raw_detector	p2rank	9W32_A_REMOVED	e483bf9fdb282ec7ed67c8b4babe8204a293dc6227d5933b1d0cea26911d78ed
results/confirmatory/assembly1/raw_detector	fpocket	11TF_R_ORIGINAL	3ab0abe1b4772d487b2799cec1251e9990581e64b463045ed9b96bf650553ada
results/confirmatory/assembly1/raw_detector	fpocket	11TF_R_REMOVED	a4724cd09359968b969868532919efbf6ef0921a022d1867c43d71080a954ebc
results/confirmatory/assembly1/raw_detector	fpocket	1HSJ_A_ORIGINAL	31271c3f2178344f45393ae5a20012ac655782c00a8b5b1e17a92928b3379088
results/confirmatory/assembly1/raw_detector	fpocket	1HSJ_A_REMOVED	25737ee6d52aff64c0f0ac885ae433e85fde71b82aeeec238d4e114553e051ad
results/confirmatory/assembly1/raw_detector	fpocket	1R6Z_A_ORIGINAL	d2d34ffc25130e267966c57f533cfe7bcedf9616c4b65e9691ad5b2f821d8d8a
results/confirmatory/assembly1/raw_detector	fpocket	1R6Z_A_REMOVED	f172235b5e6482b75419f5e64e019cc8749f68d3ca53c9061fd32eb3dec81e3e
results/confirmatory/assembly1/raw_detector	fpocket	29AJ_D_ORIGINAL	ac23e27edb1e1f6ab60254743bb13ffcf55ecaa1e6fae18acc706c89f7d98ee0
results/confirmatory/assembly1/raw_detector	fpocket	29AJ_D_REMOVED	0a2892ab32d1885ad39d5d1ad6259e3cbf02e57c784e33a0a0e14750a57f050b
results/confirmatory/assembly1/raw_detector	fpocket	2RH1_A_ORIGINAL	93ec19e349b57c34bb4cf7d4439ab92c7fad0487ef7473108f812d069c8d4f14
results/confirmatory/assembly1/raw_detector	fpocket	2RH1_A_REMOVED	2c0fccbf7304c65653b5756eab7172e023b236896395e67b9360984316c62cca
results/confirmatory/assembly1/raw_detector	fpocket	2VGQ_A_ORIGINAL	f4cbe9f98a0548472476566c857bc4c2e9c3ce4deea423df25d6f4364d122590
results/confirmatory/assembly1/raw_detector	fpocket	2VGQ_A_REMOVED	7df3096b4fcf77bb206429491861a8305fdaa47cce8b3a5fb96c2a358e3903c1
results/confirmatory/assembly1/raw_detector	fpocket	3A3C_A_ORIGINAL	5eb8552b23d92980bf00c07f70d86eb60f1b2abc7212173c955a4ab9e77d9dca
results/confirmatory/assembly1/raw_detector	fpocket	3A3C_A_REMOVED	b29df6ff5271773e2fd7ffc587c38df62ac9e76da2220988e5af400f2509bbd9
results/confirmatory/assembly1/raw_detector	fpocket	3DM0_A_ORIGINAL	d54cada2fa534e959892e276c8ae9699bcbc0de7fcfd088299af12074dc7aab1
results/confirmatory/assembly1/raw_detector	fpocket	3DM0_A_REMOVED	1111890491db941501884c6f1eb08d03a43a6235a265a7205e9a3ffba8f085a5
results/confirmatory/assembly1/raw_detector	fpocket	3EHS_A_ORIGINAL	9505099725ae53f2cf111280a26bbc642d70c08eb18625bf52a7baac21742b43
results/confirmatory/assembly1/raw_detector	fpocket	3EHS_A_REMOVED	4ef9935c6f3a2b023dfaa6f5bf08b68366cce393cc432df351a101ef745ffb3c
results/confirmatory/assembly1/raw_detector	fpocket	3EML_A_ORIGINAL	daa2f9d8ddddaf71d4c8aec85e772a72f3219de8eb005d470ef0533c3c3c8580
results/confirmatory/assembly1/raw_detector	fpocket	3EML_A_REMOVED	ea9584798133160fc4b50a8c0f144d44720cb422729e2369823fa9e04c9c4a01
results/confirmatory/assembly1/raw_detector	fpocket	3F5F_A_ORIGINAL	5aa16d58647e5e5487d3d3c34e66f0440148e7db74e949523974ab2c85b8c85f
results/confirmatory/assembly1/raw_detector	fpocket	3F5F_A_REMOVED	c25e98b1b437d741a5ed6eb2a03b347d44b7c334725a30dedc87340c7d8f95e4
results/confirmatory/assembly1/raw_detector	fpocket	3H4Z_A_ORIGINAL	9d88209e5cada3ebf702fd8c6a87cac279ef82eae1fe6ec35daeca45fc47eb1b
results/confirmatory/assembly1/raw_detector	fpocket	3H4Z_A_REMOVED	e1431eb6566fccb90e67eba1a8165eeb1a55b3012d09e9a72ad15cd884d06cbb
results/confirmatory/assembly1/raw_detector	fpocket	3MP6_A_ORIGINAL	2720c8850707c439563eac1612ff10d88be5b54ed0e6cf256a365da105ef45b0
results/confirmatory/assembly1/raw_detector	fpocket	3MP6_A_REMOVED	da70bd593c2441a8b6db2f22ab575f1f8f6c7bbecfa7e9fbd647d9c72fb2e990
results/confirmatory/assembly1/raw_detector	fpocket	3N93_A_ORIGINAL	126677239aa35b8d72f0ecdf5c97e3c95e8c0a71a8b71722990cfb9e2760bb10
results/confirmatory/assembly1/raw_detector	fpocket	3N93_A_REMOVED	ce0aca6856a03c74434229a5938cf6d36951bee7654b837832172bf2a5b14a35
results/confirmatory/assembly1/raw_detector	fpocket	3O3U_N_ORIGINAL	7eccbebef590e147b9f5cb392159c3638ac955527848d13c8efbdb6b45ddda9d
results/confirmatory/assembly1/raw_detector	fpocket	3O3U_N_REMOVED	7191168aa5427a89568178cb1c682c2fa41eb2e96c4a7ddc737d7f945fb97f36
results/confirmatory/assembly1/raw_detector	fpocket	3OB4_A_ORIGINAL	730041c6795fec1ebb2ec003c4be4915ccf0db8000dfde6041d4ed4cac3b644e
results/confirmatory/assembly1/raw_detector	fpocket	3OB4_A_REMOVED	34d8b4ea300673b9a720a2214b1b17e276dec9140864d7e90185b6aac3a7f339
results/confirmatory/assembly1/raw_detector	fpocket	3PBL_A_ORIGINAL	70648b875db4d0f99462db06dc8f330becdf832cc229fd9993dc355befb2e382
results/confirmatory/assembly1/raw_detector	fpocket	3PBL_A_REMOVED	fa788e145444c0b6b5e5988408dfc9cdb6356d265869cac07a42cc6efd33fbb1
results/confirmatory/assembly1/raw_detector	fpocket	3PY7_A_ORIGINAL	5e918c608aa2a0b8f3b90ca0f6b47f49a9deed2454e03b965cd837872969c8fa
results/confirmatory/assembly1/raw_detector	fpocket	3PY7_A_REMOVED	7e7b0a180896f8f11b4890f7edce35d328bbb48e277acd0dec57a50ca72fa574
results/confirmatory/assembly1/raw_detector	fpocket	3RZE_A_ORIGINAL	8bb463759832a2dd4f944b8a079dadf4d3a02867b709569b3a7098054c754dc2
results/confirmatory/assembly1/raw_detector	fpocket	3RZE_A_REMOVED	746bf890ba900a09c0842d2417f164f7269f042450cad224f8a1e00573b4dc38
results/confirmatory/assembly1/raw_detector	fpocket	3U8P_A_ORIGINAL	3b476bd5daf10cbf779d9818440cfd411876e750df76fdc0e1b39e262d595dfb
results/confirmatory/assembly1/raw_detector	fpocket	3U8P_A_REMOVED	3ad037b4ea3b74e0bcbe345e5c4bed575012d246b142eb9cdee08d339bf11a0c
results/confirmatory/assembly1/raw_detector	fpocket	3UON_A_ORIGINAL	aef856db42498396313308fed16930924e6b9be40409bdf40c7f50e11447ecfd
results/confirmatory/assembly1/raw_detector	fpocket	3UON_A_REMOVED	b6919842615d51dd9cad571e88f1058fcf73dfcbe42c11944c55dcac49b4e4c2
results/confirmatory/assembly1/raw_detector	fpocket	3V2Y_A_ORIGINAL	2aef4e9c366826e1911f577fc866eec242754a8c8bf8a485129ad9e5bb1681d9
results/confirmatory/assembly1/raw_detector	fpocket	3V2Y_A_REMOVED	3ff1a4d0af38d9703068e3659a5134140124b4a466ba0d0731fdf1b5db2df22d
results/confirmatory/assembly1/raw_detector	fpocket	3VW7_A_ORIGINAL	866f94bee05d5e3a848d456865da70335b9fa71f1376fcb3a75f84c85100acad
results/confirmatory/assembly1/raw_detector	fpocket	3VW7_A_REMOVED	b8abc77b8328a169de31e8bfc048aee23b76edadd14690a022aa049c08d5a65d
results/confirmatory/assembly1/raw_detector	fpocket	3WAI_A_ORIGINAL	b46b016580c7971a829b87b53b1ea0de6a608e1ab3f9ef01562335c9e6c1cff0
results/confirmatory/assembly1/raw_detector	fpocket	3WAI_A_REMOVED	97a5fd00262de3782ed521c507ee00eeb93ec5dd39242523d1ba28fe708308d5
results/confirmatory/assembly1/raw_detector	fpocket	4B3N_A_ORIGINAL	69a4be4e51ff3ce3c38285582a5c4de096471711aff8f8a3b189dca37989daee
results/confirmatory/assembly1/raw_detector	fpocket	4B3N_A_REMOVED	9dc63c8e91c99d0945d395cc860f7b1d69b6c3490cea0bfbc35a79582597eea9
results/confirmatory/assembly1/raw_detector	fpocket	4BL9_A_ORIGINAL	22f737c3336be1ff45d13bb1783a2da4ff9f23bd36cc05677dde6e4ec0102a76
results/confirmatory/assembly1/raw_detector	fpocket	4BL9_A_REMOVED	68a63494a8c4309efb05ec827093fbea51761975283b8ea984f00a80e5bd3240
results/confirmatory/assembly1/raw_detector	fpocket	4DKL_A_ORIGINAL	4f27b0ddb4ea0d8c9c022338fbe727f5e3e7841b647ba4ae5bde8e45520f6660
results/confirmatory/assembly1/raw_detector	fpocket	4DKL_A_REMOVED	58357c984beac6ad01bf79a8aa81bfa922ee4ecd39894328121d3b94b0efb65f
results/confirmatory/assembly1/raw_detector	fpocket	4DXB_A_ORIGINAL	4f555520a92c2c96338171f738ecd984412a345d0f579bb22e3fe4385c267c21
results/confirmatory/assembly1/raw_detector	fpocket	4DXB_A_REMOVED	b9b23d00fc76ed3b28d66d7855f89b61223501493360422414fdb75bae486885
results/confirmatory/assembly1/raw_detector	fpocket	4EDQ_A_ORIGINAL	78cb1dcab5d698e23c07b2fdfc34e261ca926af4da4b25fcff8a43e43d8be5b1
results/confirmatory/assembly1/raw_detector	fpocket	4EDQ_A_REMOVED	e6f6d0577d76b64f02a20ddd7880311a1a29923d118d977901f1bbd1cbf0eb1c
results/confirmatory/assembly1/raw_detector	fpocket	4EGC_A_ORIGINAL	818d864f83b05f4c7b3350822810e35a99cfb983fe843eb45b9a25c3cf787bec
results/confirmatory/assembly1/raw_detector	fpocket	4EGC_A_REMOVED	a41dde4d0fb54f8d09c3381a89e39cc9aabf6cb4cac6403671321de42948e311
results/confirmatory/assembly1/raw_detector	fpocket	4EJ4_A_ORIGINAL	4478ad5948a9f3f3195f52b7a60a9f3ec25610b0d042fda38a025146c647df1e
results/confirmatory/assembly1/raw_detector	fpocket	4EJ4_A_REMOVED	b87e8e07c272a287fc0ec43ab85164924a4f689cefd0dc0fa3eefa3f11cbb2b1
results/confirmatory/assembly1/raw_detector	fpocket	4EPI_A_ORIGINAL	df951cf44018fd63e9b4f08dbed05f4a913550d9130a5519481fe02b133b85a8
results/confirmatory/assembly1/raw_detector	fpocket	4EPI_A_REMOVED	cf0cd0bf42251edc01121fc08d5b83649bfade37d1752a8e94d2ab56ec0283cd
results/confirmatory/assembly1/raw_detector	fpocket	4EXK_A_ORIGINAL	710393fef365aa8e27e1b3ef4ca9b1201351e4f08324aa8258f853c0727a8a8a
results/confirmatory/assembly1/raw_detector	fpocket	4EXK_A_REMOVED	fa57e68f2dcd01d498bb5bb5d30ae93cb70d0807fd74a3220c601dd4c77b4581
results/confirmatory/assembly1/raw_detector	fpocket	4H1G_A_ORIGINAL	2b5fc2e95bf9bdd4dbfc7683ac2d22bdb9d3e095f34b878a36a2db3c3e49595a
results/confirmatory/assembly1/raw_detector	fpocket	4H1G_A_REMOVED	5b135b80763bddc2c3f77208cd827017f7fc7d23c3720776cd97f1d05f196145
results/confirmatory/assembly1/raw_detector	fpocket	4IAR_A_ORIGINAL	5fd65c7c280b06924ce82050ad735d3131eb25631c1e676a5b24862145b9041f
results/confirmatory/assembly1/raw_detector	fpocket	4IAR_A_REMOVED	253c8c454b8fd43921ee95497075a4b9e5346852f5c59aa70cdff6fa9964adae
results/confirmatory/assembly1/raw_detector	fpocket	4IB4_A_ORIGINAL	7e17ad50e3ca1e1bb9e18a7d51ddd7221e2a67d7cbb3bf50d749ac0e46ec8c67
results/confirmatory/assembly1/raw_detector	fpocket	4IB4_A_REMOVED	026d5187978255746a004d6c5fba0af2f33f31ce78037bdfe6b080261df96d02
results/confirmatory/assembly1/raw_detector	fpocket	4IFP_A_ORIGINAL	0c031bff82a9f932717bf0eab7c8f2b1218f39c3688fc4c25241cdbe20076161
results/confirmatory/assembly1/raw_detector	fpocket	4IFP_A_REMOVED	8ef08349ed737b0b00fb0631913b2ad32087284d1618d03a0bed6809e975a877
results/confirmatory/assembly1/raw_detector	fpocket	4IKM_A_ORIGINAL	d5f694febdb51859254c725dc5f1ceff9669c3bec8b97b06a0e8ce859fffbc5e
results/confirmatory/assembly1/raw_detector	fpocket	4IKM_A_REMOVED	3413f7590c61f83c411693666bf5eeb7e005e92e5e449017d4d677ae7aa30da4
results/confirmatory/assembly1/raw_detector	fpocket	4IRL_A_ORIGINAL	fd98a11ce45ce3eaa5115134eda68fe883bcc2be486b4e0547006e0a3093c8b8
results/confirmatory/assembly1/raw_detector	fpocket	4IRL_A_REMOVED	82299d37486e5a82098997b96beda55bdfb2617b6732116ca98e1ad254dfb67c
results/confirmatory/assembly1/raw_detector	fpocket	4K5Y_A_ORIGINAL	c924815daa3f15b69dcfc497c7ba69252ffef6aba4ec6f03eee5835a8e402a73
results/confirmatory/assembly1/raw_detector	fpocket	4K5Y_A_REMOVED	04a2fbf1f5ad1fdf51e80d8cd3b6a8863ac211546381f56a722fbe01c7fe324e
results/confirmatory/assembly1/raw_detector	fpocket	4L6R_A_ORIGINAL	71107180b5b121789d09ff00107857b3658860852c36c8400d4776b39f1f8ffd
results/confirmatory/assembly1/raw_detector	fpocket	4L6R_A_REMOVED	4296a1d7bd967a0d79caadd78afdbde76e1b5fe5e8f8ea61e3f128dc248e1386
results/confirmatory/assembly1/raw_detector	fpocket	4LOG_A_ORIGINAL	030dbfe6caab798deb585030ac6f4351fb53a870ac178e98a56f1db559507dfd
results/confirmatory/assembly1/raw_detector	fpocket	4LOG_A_REMOVED	9acebe782114ad7783d2a343c06d4c99bf06a43a14ce8ad82606d5e371b36eb5
results/confirmatory/assembly1/raw_detector	fpocket	4N9N_A_ORIGINAL	7d6a473e3d265c1c2bb60facc177821dc47683ff3ed69d758d0d5a0c0c8f4f82
results/confirmatory/assembly1/raw_detector	fpocket	4N9N_A_REMOVED	a5045a9c929a72a15cd78ca3f06c69c49f04bae9456ee6e2af5b4e59a9c43b6f
results/confirmatory/assembly1/raw_detector	fpocket	4NUF_A_ORIGINAL	952bf18cfbdc6a41fb6d1dad5cd094faade058e64a5ecfd04668b0706ae73c48
results/confirmatory/assembly1/raw_detector	fpocket	4NUF_A_REMOVED	8147a21f5103f22bb67db84f7dfbcf7d87d2a614e422ce3f3d8b54e490e795aa
results/confirmatory/assembly1/raw_detector	fpocket	4OR2_A_ORIGINAL	0eaac126109ec96abf4531f95c6e62d26a97dd4234d1bf5e63e04d3679ea1d9f
results/confirmatory/assembly1/raw_detector	fpocket	4OR2_A_REMOVED	ef18d739b135bd985efac49cf08b426d91683a7e9976440292ffe9639d936b9a
results/confirmatory/assembly1/raw_detector	fpocket	4PQK_A_ORIGINAL	577f3d757a1687059a078ed4638d84b0ef282cfcf624965aca01e217ea214980
results/confirmatory/assembly1/raw_detector	fpocket	4PQK_A_REMOVED	f12deab9c9a764e0c418a7e3a2f73756b4c6c2dbdcaf248675f0ef656539c465
results/confirmatory/assembly1/raw_detector	fpocket	4PXZ_A_ORIGINAL	88a35437e5b83f64eaff6a9ba27d05e7d08c402b644e4d0be873df5fa7f86960
results/confirmatory/assembly1/raw_detector	fpocket	4PXZ_A_REMOVED	dfb3999023889ae15ade62b6594c10e29e1e8070e5b75b7d02d3b7b7a7ba5cf0
results/confirmatory/assembly1/raw_detector	fpocket	4QSZ_A_ORIGINAL	6984c3dbaab01ab6e51d4e4bd01f04e4164cf55fda6e3b28969b2d7712478e53
results/confirmatory/assembly1/raw_detector	fpocket	4QSZ_A_REMOVED	d6c9f06940b24a9f810f266701a4860cffc8913dfaf64f8e2e35490e303ec5bb
results/confirmatory/assembly1/raw_detector	fpocket	4QVH_A_ORIGINAL	3446246239872390700c72425a66bc900ae89de667d5dc438cba91d4355e5cfc
results/confirmatory/assembly1/raw_detector	fpocket	4QVH_A_REMOVED	d7aadee77eb0862654b8818a21eb02777dcf9dfe371d6b4a57f9a60effd2f49c
results/confirmatory/assembly1/raw_detector	fpocket	4TN3_A_ORIGINAL	4d8dcd965fe290aa99fcd406350c5a19c5d30a91818bf89ee36e893ec78d2a3e
results/confirmatory/assembly1/raw_detector	fpocket	4TN3_A_REMOVED	3b19bb21b580cd6183a313d159a64176d079c612ccb2020165afea9f4d3f7df8
results/confirmatory/assembly1/raw_detector	fpocket	4WTV_A_ORIGINAL	30c5dac976a31e2ad36d6a0e9334177ea99c703ca05b6ad3e0be3abc5a58a188
results/confirmatory/assembly1/raw_detector	fpocket	4WTV_A_REMOVED	2c2fec0c660d9331e4297b0777293778c6281cd95e0f849eabf09c287150059d
results/confirmatory/assembly1/raw_detector	fpocket	4XES_A_ORIGINAL	1af781ef2857094c8074deaee9aa54cf629525ece8a26d6a09908ca4d9199fbf
results/confirmatory/assembly1/raw_detector	fpocket	4XES_A_REMOVED	7a0b40f5ec51763fbf7daf038600e3bafa4fd4f29df898aa86ca100a6a158dc3
results/confirmatory/assembly1/raw_detector	fpocket	4ZUD_A_ORIGINAL	3836c78746c162ea4b136151deac8e4ae3ce103cbc0ae9fcb75a715e949fac10
results/confirmatory/assembly1/raw_detector	fpocket	4ZUD_A_REMOVED	5bd4ac75074e906f64c73f2cb0f662e7df3a6f6a77d62652af5ac7d35b2a5590
results/confirmatory/assembly1/raw_detector	fpocket	5B2G_A_ORIGINAL	863f9b85541ea8bfa0ab659741d9ecc357e75e568865eefad03d888e3ea815db
results/confirmatory/assembly1/raw_detector	fpocket	5B2G_A_REMOVED	e9538da756c780712ee1f7354ec10798e850e211813c4b7649ce46af2b7d3669
results/confirmatory/assembly1/raw_detector	fpocket	5DSG_A_ORIGINAL	958e03877fb4561438b2727386772d51a813d5e3abae2c44c985a50da2d6b278
results/confirmatory/assembly1/raw_detector	fpocket	5DSG_A_REMOVED	31b84382447ba5f231cdfc84e66f26906aab14720c0ecebd581946d49120bff2
results/confirmatory/assembly1/raw_detector	fpocket	5EE7_A_ORIGINAL	26aa68ede7ba548436b9f0a06d93bc2f27dd23566ad235170f335c3fe98a2407
results/confirmatory/assembly1/raw_detector	fpocket	5EE7_A_REMOVED	b3b4155af884df15d38e40592e7d4fc4d726f1602357cf7b1c43fe69df7e5adf
results/confirmatory/assembly1/raw_detector	fpocket	5EUT_A_ORIGINAL	eac3b7564ff7c9f1820a8e97f60fd7e71f83649addc2aad9f749022b441a7c0f
results/confirmatory/assembly1/raw_detector	fpocket	5EUT_A_REMOVED	3407bb380faabe72946f248a7027b34ee1b914a34376a704ba7f84d8ffefdd75
results/confirmatory/assembly1/raw_detector	fpocket	5FSG_A_ORIGINAL	12918284de3625de564dde9fb0bee247323dbb9b626ec85132a35741923d323f
results/confirmatory/assembly1/raw_detector	fpocket	5FSG_A_REMOVED	ec8499e939a0879cee6ab2872273f993f3770edc87f07c74628640f287a72712
results/confirmatory/assembly1/raw_detector	fpocket	5H7N_A_ORIGINAL	76773b3350f6a09b309b793c4a1a041ce7da38085770902fc068b8914c1de6a2
results/confirmatory/assembly1/raw_detector	fpocket	5H7N_A_REMOVED	5cef7f628c8b1afd3ad4805bf053305cc66ee923277e29dd9af7e84759fae245
results/confirmatory/assembly1/raw_detector	fpocket	5I04_A_ORIGINAL	aed3d6cf0b3660223ee4327f79bc92fdb57a671ca4c27088b9bdd8d5ee758940
results/confirmatory/assembly1/raw_detector	fpocket	5I04_A_REMOVED	a45e297c8aa312fc374e6a77911d6b547a758ee0ff6673c8ca6c9094b500ea23
results/confirmatory/assembly1/raw_detector	fpocket	5II5_A_ORIGINAL	65ebbe98489287827ce2678167f1dacbcd780d66b3b58375631581324863961f
results/confirmatory/assembly1/raw_detector	fpocket	5II5_A_REMOVED	25f16ccd49523678b66cebc6aa3fd0370eaae9bf21bd14c99ec200317cffdc50
results/confirmatory/assembly1/raw_detector	fpocket	5N2S_A_ORIGINAL	5e023a4a5c1a6804b854952a8027c14fb9abc56dd5a0c85607430807e85d0763
results/confirmatory/assembly1/raw_detector	fpocket	5N2S_A_REMOVED	0c87ff770f8c92ed4ca12e47ab4f8945c5317dfac4c403a717d08a92605e9afc
results/confirmatory/assembly1/raw_detector	fpocket	5NM4_A_ORIGINAL	075450d2d8df63d9e9bfdaa3289b61d6a739c502bbeb36115c0063205f809bb4
results/confirmatory/assembly1/raw_detector	fpocket	5NM4_A_REMOVED	376a26169db6301581aee5c55ab7cdf11d98d1bbb0577d2a40008b6d1b272288
results/confirmatory/assembly1/raw_detector	fpocket	5OSQ_A_ORIGINAL	fa14a9a0a627476f678f623f981dc134f90220ae76216f261fbeff70fff648f8
results/confirmatory/assembly1/raw_detector	fpocket	5OSQ_A_REMOVED	9cef4c8381b70db739573f97804b44297019a1f046c7842b73733a34c06d898a
results/confirmatory/assembly1/raw_detector	fpocket	5T1A_A_ORIGINAL	72a84247f9b68acf095d0a59640d5ad22f1bd01638134efd4dbaaa797f4c9178
results/confirmatory/assembly1/raw_detector	fpocket	5T1A_A_REMOVED	020ee6b805d6614c6677cc947511864ead5b9a855552ec041dccdfef07894e32
results/confirmatory/assembly1/raw_detector	fpocket	5TTD_A_ORIGINAL	da0b7e6865052dfac5df8e4eb0fd8d6f7ce34a1103174b1035a82f59370d4fb5
results/confirmatory/assembly1/raw_detector	fpocket	5TTD_A_REMOVED	b7e965b6ef4859a84cd70a9384206eb2a6ff9f9dcfb8b770e7491fc8090d0fe8
results/confirmatory/assembly1/raw_detector	fpocket	5TZR_A_ORIGINAL	18271c55638459d42b7aecdd59867aba00221dec5528c11469763a64674dfc92
results/confirmatory/assembly1/raw_detector	fpocket	5TZR_A_REMOVED	43d1849c12b1be975503ab39507fb1d550990b14bac5075bd5e5cd96f9d7b314
results/confirmatory/assembly1/raw_detector	fpocket	5UNF_A_ORIGINAL	ec06a559acd9c9deb1c2af936d2e07f54c5c8f20a96793381973a239c718759c
results/confirmatory/assembly1/raw_detector	fpocket	5UNF_A_REMOVED	ac43bd13aee68ca062f14f4c1eaa1033b3a4589c7ea14cd7913440314fed8667
results/confirmatory/assembly1/raw_detector	fpocket	5VAW_A_ORIGINAL	09ca2a86fed4842d0880da5d3dbc252c2a5fd5c50a2731d70b63fa73970e256a
results/confirmatory/assembly1/raw_detector	fpocket	5VAW_A_REMOVED	ed1f9dbbd5f80401af54ff5ce9e1c8e282f3142b064c3f8683fe81feb3e385e3
results/confirmatory/assembly1/raw_detector	fpocket	5VEW_A_ORIGINAL	10e4099382d95fbfdcb17d309d850b3121d28c7643872983743d3a5f178490aa
results/confirmatory/assembly1/raw_detector	fpocket	5VEW_A_REMOVED	86b92110f3175716ec72a82e626f6b06b9bcb46a7aec07b65965198499c02747
results/confirmatory/assembly1/raw_detector	fpocket	5WIU_A_ORIGINAL	7450ec4716efc236ebe6ca43f92a65a9e312a5c9c84412c13423987faf565aab
results/confirmatory/assembly1/raw_detector	fpocket	5WIU_A_REMOVED	979060336ae7047d9ccd6747cf087ee5212ec6a9e9f14a014bc0015c1984f6f0
results/confirmatory/assembly1/raw_detector	fpocket	5X93_A_ORIGINAL	14aea62488b48079ad1c032f23605e0fa825063bc312e5df62176a0b695aa98e
results/confirmatory/assembly1/raw_detector	fpocket	5X93_A_REMOVED	796aff8d71ca0d1c9df9aca0ba345be7f349120b640597f297a107a0bdada6f9
results/confirmatory/assembly1/raw_detector	fpocket	5XSZ_A_ORIGINAL	6b5bcf0415b7a6c835bd8663fb26dffce009398caba66e7a5b1d1b0e3e58a321
results/confirmatory/assembly1/raw_detector	fpocket	5XSZ_A_REMOVED	b384fac9dfd4f208d6e0a1fa3ea69e3c5606745e5e9bf617cd6043d4d4dc09b9
results/confirmatory/assembly1/raw_detector	fpocket	5Y2G_A_ORIGINAL	13a652405e5638fc06e473ecfa42485b76dcb8ee69169e19f1e3659c68870e73
results/confirmatory/assembly1/raw_detector	fpocket	5Y2G_A_REMOVED	1f66d00459b90193bf45a9ed97f4d93709aee7d1b8a2b101646512346d721491
results/confirmatory/assembly1/raw_detector	fpocket	5YGP_A_ORIGINAL	130a1e3c8bc8b13a16eabe1b5248d769d2594188fcf294bd8005f6889c824463
results/confirmatory/assembly1/raw_detector	fpocket	5YGP_A_REMOVED	2edb19db924d3809c37133bbb3e65908dabb864a220e90bac304ea2576209177
results/confirmatory/assembly1/raw_detector	fpocket	5ZHP_A_ORIGINAL	32002ea0c0c20a70db74a667f095bc76011b2c61cdc5ed6251d4862ea8c6f036
results/confirmatory/assembly1/raw_detector	fpocket	5ZHP_A_REMOVED	c23119f45aef82a70266f8c5d23e071d8db464117b6ce54a540221c84872cd4f
results/confirmatory/assembly1/raw_detector	fpocket	5ZKC_A_ORIGINAL	990bcad6e5168272181a7916bf45c8a585655d926c5b097d8b7135665f909375
results/confirmatory/assembly1/raw_detector	fpocket	5ZKC_A_REMOVED	ac128df7387e93deedb9f5c9090157c30456cc44e82166d312096b9aca25fd5e
results/confirmatory/assembly1/raw_detector	fpocket	6BQG_A_ORIGINAL	8d9f040a6a0e1507c1aecf2ef2e5daaf1bf14c0d9e28f98891d1e4235eb401c8
results/confirmatory/assembly1/raw_detector	fpocket	6BQG_A_REMOVED	96a2fba44f1e4a152ada68881e65cd180e4c57067f1c279d08a7874cf77f6200
results/confirmatory/assembly1/raw_detector	fpocket	6C1Q_B_ORIGINAL	f6b728f27b54755219824f8e7368a14db5ceb9f6ebe21100d1674e308c852b85
results/confirmatory/assembly1/raw_detector	fpocket	6C1Q_B_REMOVED	b838dab324cd050ef7b4b7c8f79fd92dbd011c1d751fb4308801e2c53ad1cd24
results/confirmatory/assembly1/raw_detector	fpocket	6CC4_A_ORIGINAL	89774ee2c8905076c42055bd3978ef0ab393b13f00bf32400bf20a3259770084
results/confirmatory/assembly1/raw_detector	fpocket	6CC4_A_REMOVED	b5ce4a596cdf7cd355c3507f00bc5aca9590c8c0c52ed4fd0c7a08b854603434
results/confirmatory/assembly1/raw_detector	fpocket	6D27_A_ORIGINAL	03480c90e54fc360ff419855185504a360d334b8a81d26a1b81482c366b06d84
results/confirmatory/assembly1/raw_detector	fpocket	6D27_A_REMOVED	ca6727809bed2b5f5b97299243b58d45060ae93852604dbdd34753f678932521
results/confirmatory/assembly1/raw_detector	fpocket	6D66_A_ORIGINAL	2f5e9fc8d514f3a5a34d0862847116a9825d5282e7edb87cadbba8edaf264ad7
results/confirmatory/assembly1/raw_detector	fpocket	6D66_A_REMOVED	6c7038da18f507a945a1b87a373ff1599661bb441be37115aa7a346ba071790b
results/confirmatory/assembly1/raw_detector	fpocket	6D9M_A_ORIGINAL	6b82ef9f340737d12ccb7bac13ce22b843295f7699d30ce09434106f405aea88
results/confirmatory/assembly1/raw_detector	fpocket	6D9M_A_REMOVED	2e11f032923dc2daab15137a0bfc91df5d52140e9f4f74ef2c3f915d3da2fd32
results/confirmatory/assembly1/raw_detector	fpocket	6DD5_A_ORIGINAL	64311292cd5982d142f37547dae89131e4ebcdba35116bfb7f9852dc6314f08e
results/confirmatory/assembly1/raw_detector	fpocket	6DD5_A_REMOVED	8bb08f1d84aabbfb55d528d3e6c3df7f148608eec13bbc757a1eb2f64f3258cb
results/confirmatory/assembly1/raw_detector	fpocket	6DM8_A_ORIGINAL	830afbde7c3b6df242313d5aa59c0c6cbd27189a7ebe8e807a934d859d6a4876
results/confirmatory/assembly1/raw_detector	fpocket	6DM8_A_REMOVED	5d624f33c13d9f53ee0992e2774d678f435b1a9f12ce8c775490c0abeb5b00d1
results/confirmatory/assembly1/raw_detector	fpocket	6EG3_A_ORIGINAL	3686b2395e8abdceccb32064c705b30845150af772840b2f7070004cdcdd666a
results/confirmatory/assembly1/raw_detector	fpocket	6EG3_A_REMOVED	e2a6c3fe85e9c030333428f9987d6ed044b1819a84d1f74427073eca55e3c444
results/confirmatory/assembly1/raw_detector	fpocket	6FFI_A_ORIGINAL	c6a7697d3df6dd8b31e9b4eb70c3e99a65357f6edfc760d023e3186100f5e914
results/confirmatory/assembly1/raw_detector	fpocket	6FFI_A_REMOVED	e3efa887238ae3451de3047e11ff10ac8c77522452b4580d40433752d69edb1f
results/confirmatory/assembly1/raw_detector	fpocket	6G7O_A_ORIGINAL	dbba3c5e36d76ed41bc0092f227c62ab85bf82c1b48029fb7fa95ae450034721
results/confirmatory/assembly1/raw_detector	fpocket	6G7O_A_REMOVED	44df1e4544b719152da6df7c83254eeb131531837b7ab0b73ec575130adee71a
results/confirmatory/assembly1/raw_detector	fpocket	6IIH_A_ORIGINAL	39be709e6c8b44ead47ee3c0380dba4c23014ea96c1425f5cf51e0276deed878
results/confirmatory/assembly1/raw_detector	fpocket	6IIH_A_REMOVED	379bcc3f7570aa64fe679570a41d32feb57c4497374ea28f94f6d4e6a60c3441
results/confirmatory/assembly1/raw_detector	fpocket	6IQL_A_ORIGINAL	0e670917c6ebe349853168dbba0f2cfb035f814f0478de44684dddc034e18c8a
results/confirmatory/assembly1/raw_detector	fpocket	6IQL_A_REMOVED	3514299f3d71669381fdb4da01710af13184a8f27a9ac1cc534ed42843b1d2ad
results/confirmatory/assembly1/raw_detector	fpocket	6J20_A_ORIGINAL	c08217a7921da49e1afca0e39a14aaeca6455c2388cf05633524fdc613f3b8ab
results/confirmatory/assembly1/raw_detector	fpocket	6J20_A_REMOVED	5c2036c253dfc6c5762c5cb758ee536662b5a860fb9393ea0862d1872331b768
results/confirmatory/assembly1/raw_detector	fpocket	6K7E_A_ORIGINAL	6a8654cf7f1a0a20d72985f26ed0342d2129951c1c94d0a4b44718c16af841fa
results/confirmatory/assembly1/raw_detector	fpocket	6K7E_A_REMOVED	f1b8263d422ea82da2fc5560bbbaadb329ab36f55fdec1f83ced3a6bfaae761a
results/confirmatory/assembly1/raw_detector	fpocket	6KI0_A_ORIGINAL	35073659cd8f5635baff7e4fafbdee63bfa6a3b1e390b4adb4d81191c6cd83db
results/confirmatory/assembly1/raw_detector	fpocket	6KI0_A_REMOVED	6d00c52268c45bbc2dcbd61d37676517eb51301925996f9fbfe02bce4898ad43
results/confirmatory/assembly1/raw_detector	fpocket	6KO5_A_ORIGINAL	886848cda21f88276f41492ac9d95142f45e64b99afc9cb4f83420a495785445
results/confirmatory/assembly1/raw_detector	fpocket	6KO5_A_REMOVED	885e34aa7ec8aebd2840af8c76a2b7aa6e6354430a849bbe5c41e9fba9451bc0
results/confirmatory/assembly1/raw_detector	fpocket	6KPC_A_ORIGINAL	4a53f320974e491533a862f82b3d51465020afae3766aaa8d236357cd3ce75ac
results/confirmatory/assembly1/raw_detector	fpocket	6KPC_A_REMOVED	2ab5c3404a8e9e569c2ccf7102d44ad97ed316e2f1cab6fe01fd39112e0777d1
results/confirmatory/assembly1/raw_detector	fpocket	6LW5_A_ORIGINAL	2cccdb7b62f8cb476e4ca8fcb09c000a629cfdda389b9e99dfaa4ae511094474
results/confirmatory/assembly1/raw_detector	fpocket	6LW5_A_REMOVED	6ef39e33518f73bfa09b106fa28e275cf3aeeeccbb663bdbd603c47d386cf93f
results/confirmatory/assembly1/raw_detector	fpocket	6M97_A_ORIGINAL	2ce1a872f9440fd1327100a49f9df171c04829342422fd4b807aa069ebb5a398
results/confirmatory/assembly1/raw_detector	fpocket	6M97_A_REMOVED	2dc42e65eaf5e4295e831d581e4d1396d1ae557af4960645218a117883fa878c
results/confirmatory/assembly1/raw_detector	fpocket	6M9T_A_ORIGINAL	e77237180f2519981a2b1906b19afb4d08a65dbec4137dd1a6d7ecfabcfbe5d7
results/confirmatory/assembly1/raw_detector	fpocket	6M9T_A_REMOVED	48ebb708fca59db18745743a56b169dcf036cd1c0219d4fc6f653afdd0ceeb6f
results/confirmatory/assembly1/raw_detector	fpocket	6VLS_A_ORIGINAL	7dc5bdbf60e0b4dc9ec812c0def176a1d253d0db0794f1822b2cb7649e0aeccf
results/confirmatory/assembly1/raw_detector	fpocket	6VLS_A_REMOVED	a709a4b39e2a703e983f1e0cd929f0e3c8ca87e62c5c4a23ddd12408d4fd2fee
results/confirmatory/assembly1/raw_detector	fpocket	6XDS_A_ORIGINAL	42a06271a396a9f498fba19e6675f8a6b9b8d0fda46fc251dc9e41d7d08a0a1b
results/confirmatory/assembly1/raw_detector	fpocket	6XDS_A_REMOVED	9e3fdd03a5821acf7a47e543891fa6f3c113309b3831ff261c0dec5e2b921277
results/confirmatory/assembly1/raw_detector	fpocket	6XRX_A_ORIGINAL	c03f5152957452cea2cfcbb33f4d0b86c7a11a4374c89fb65073ae7b33a40721
results/confirmatory/assembly1/raw_detector	fpocket	6XRX_A_REMOVED	15c31b58035780380aa69b2b73476a7b3adcc231c9dcae37cb5bd24633c7863b
results/confirmatory/assembly1/raw_detector	fpocket	6XYR_A_ORIGINAL	50cdc9bbd7c01a76877da1ef539454aa6f05be821882bbe4234c9fad4fe7933e
results/confirmatory/assembly1/raw_detector	fpocket	6XYR_A_REMOVED	5217b7bf175c22926c94b99d8225abc8d833a67c7149db650a6ab0d436ad99c0
results/confirmatory/assembly1/raw_detector	fpocket	6ZFZ_A_ORIGINAL	42c4f1ad07c472029cc24b86e9f6ba2756edfa8b28dbdc4882cf9c98749d3721
results/confirmatory/assembly1/raw_detector	fpocket	6ZFZ_A_REMOVED	55a5561e8c548150fb8e57c4e4f3291d47dc499f61f6cbdfef08f062a276e628
results/confirmatory/assembly1/raw_detector	fpocket	6ZX9_C_ORIGINAL	e35c6006bec674303ca085f962143799b6eebd717febf431198af5808d33f7c3
results/confirmatory/assembly1/raw_detector	fpocket	6ZX9_C_REMOVED	b164856e9ac87e104a805349549cb0c7d3ec7ae6b8b46c12c59b7fbad5368425
results/confirmatory/assembly1/raw_detector	fpocket	7B01_A_ORIGINAL	ee1f5f67100c18af28578a01ef7da5c9a603d751c1ae9c077d17d4a8f19a30d4
results/confirmatory/assembly1/raw_detector	fpocket	7B01_A_REMOVED	152a45ae22807a4bc9294d9bd2e88ae5f22ba317f12071eec180befb808eaeee
results/confirmatory/assembly1/raw_detector	fpocket	7CY6_A_ORIGINAL	e814eba4c2b1ff776ba633885da4d7f3a364ca343396e461f375026c1951d536
results/confirmatory/assembly1/raw_detector	fpocket	7CY6_A_REMOVED	b1b1949d320c2f9a0604c9a5e6ee44c5e1eaa37a467f4422e4ee512ca9164b0a
results/confirmatory/assembly1/raw_detector	fpocket	7F8Y_A_ORIGINAL	0e9ad3a1f225df4b98c437d3063de46f9308a0bb65d03b6ccc6d2eedfce8adce
results/confirmatory/assembly1/raw_detector	fpocket	7F8Y_A_REMOVED	b14d1eb200d8c7dfe387357396f0aa7d08116d5044190aca911e5f3cf09ad2c8
results/confirmatory/assembly1/raw_detector	fpocket	7MHW_A_ORIGINAL	ed117d17b811bc2d42c520abec82b2c71070df83965aca71d0333f1777c80bec
results/confirmatory/assembly1/raw_detector	fpocket	7MHW_A_REMOVED	4537509e13cfe45b9f9ebe3dd82557485cde4b4f8c64906792d5ffe261f54fb1
results/confirmatory/assembly1/raw_detector	fpocket	7T31_A_ORIGINAL	ff618fb6708751fbba950b3b3445bfbdc378601cbb2be832ff9fae0f3b5f6e5a
results/confirmatory/assembly1/raw_detector	fpocket	7T31_A_REMOVED	d17ef487ac258b3124e8f07e01be463322cf40cfe81ede97243ef2ccddae3a0b
results/confirmatory/assembly1/raw_detector	fpocket	7WC8_A_ORIGINAL	aa4d65061930e333c3028ea5a4fee698fb06ba8238658a04726758a35d046b69
results/confirmatory/assembly1/raw_detector	fpocket	7WC8_A_REMOVED	97a5f0418ae9c1c31317f479c80df70b585e7f3932fb5624220c3d41e08267c7
results/confirmatory/assembly1/raw_detector	fpocket	7WR3_A_ORIGINAL	7e1857e13ad505285b34d7d6c9686135de04d0f338bac58ad27f52ec85601d26
results/confirmatory/assembly1/raw_detector	fpocket	7WR3_A_REMOVED	797047e6807e6c28803f63dbf645f3caac9ff8d0eb77be75c62f81140fd497f2
results/confirmatory/assembly1/raw_detector	fpocket	7Z36_A_ORIGINAL	88698caced846b59664beb9ed371c9c44dadadceffcec13dfb5d2e09746a4149
results/confirmatory/assembly1/raw_detector	fpocket	7Z36_A_REMOVED	c7ea7ce216798538a9c7d7b8e4117806c96f2babb7ccc8602ed00d50506f12d2
results/confirmatory/assembly1/raw_detector	fpocket	8C5L_A_ORIGINAL	e05852dce813027d7798ed6b42b9faee1d741b37f5663d4c027dd0598808b85a
results/confirmatory/assembly1/raw_detector	fpocket	8C5L_A_REMOVED	69d5e19ea8ac60a02a52683850a11652f8a927e1dcfdd1f74f9029f0cc024048
results/confirmatory/assembly1/raw_detector	fpocket	8DEI_A_ORIGINAL	84eb6894d566d1d018482fa8092e4911b282c3d3bd2c9dd08ff5100f170569f1
results/confirmatory/assembly1/raw_detector	fpocket	8DEI_A_REMOVED	cefd25c19bbc48803d5fac4f0800cae5b8b6e822e5f6c66a44f308e7fc72b24b
results/confirmatory/assembly1/raw_detector	fpocket	8DX4_A_ORIGINAL	39734cc9bccda36f1a683d760b7c45d75ba1955ddeeba1051967454956bff0a8
results/confirmatory/assembly1/raw_detector	fpocket	8DX4_A_REMOVED	92b34ffcf4fe773ea5291fcefe4d69e4599aa71a766c2bf9dab6b2914561f532
results/confirmatory/assembly1/raw_detector	fpocket	8H68_A_ORIGINAL	2285d92874e85fe38e424c0e8effa5d610020d27e5ba4fa16f4effcf8be8bfb3
results/confirmatory/assembly1/raw_detector	fpocket	8H68_A_REMOVED	d6f8e735926fece6619b4186bbeb2cad398b06586684781b8573f0cd3a4e4471
results/confirmatory/assembly1/raw_detector	fpocket	8IIZ_A_ORIGINAL	cf18f0059eac22b107df722372691e37cc89fdb562de7620bdb8c8fe09b4c4bf
results/confirmatory/assembly1/raw_detector	fpocket	8IIZ_A_REMOVED	34fdc85a340c7a6a7a2ffd915a2a5ba7fc45709966e8797838a7e7ab6eaa3d09
results/confirmatory/assembly1/raw_detector	fpocket	8JJ8_F_ORIGINAL	5ceef37d8b1b03ec2e622c2ea38f37bba2bd84b64cb521ae15a6c77ef6b71c72
results/confirmatory/assembly1/raw_detector	fpocket	8JJ8_F_REMOVED	556c84ccfd5a6819e3ea80c38ffc94b1ee08b48de6089d17869107c9e902ce41
results/confirmatory/assembly1/raw_detector	fpocket	8S4D_A_ORIGINAL	ede093d8b4154968404e88846508dc95634c362c81bd6a6a3f329fe2fb317cfb
results/confirmatory/assembly1/raw_detector	fpocket	8S4D_A_REMOVED	4e56958d09c05c4ea50202edabc21dfd92ff95fd8e1a5a87a22cd94aec5ec2f2
results/confirmatory/assembly1/raw_detector	fpocket	8SBU_A_ORIGINAL	69d204d6501d9380d6e2fbed555108a60e11a8aad98a1ba68b753dcd60d114f3
results/confirmatory/assembly1/raw_detector	fpocket	8SBU_A_REMOVED	c28f796426719a2c3a73ae1f6dcc40a89f8334ad1397dcec68d29d1ff2b8c406
results/confirmatory/assembly1/raw_detector	fpocket	8SVY_A_ORIGINAL	84ce0fbae66c0fc6d199c3ed687c2b45a573015c629de376eb3408f894245e70
results/confirmatory/assembly1/raw_detector	fpocket	8SVY_A_REMOVED	a82e0ae60197d2b230b68487229ae49fef5ce5ec84a2756b372c30061254c94f
results/confirmatory/assembly1/raw_detector	fpocket	8TF5_A_ORIGINAL	03d5674ec00a694e163f0f7243963e1f535b59aea7d7bba3938ff69a42c6bb1e
results/confirmatory/assembly1/raw_detector	fpocket	8TF5_A_REMOVED	dad3e62d323712e012dcf6cea11d8a5d2a68c7cb7f7c8628a7780975933fd712
results/confirmatory/assembly1/raw_detector	fpocket	9CUG_A_ORIGINAL	e8c86f22d50b33a1db4327bbb0c51edf5165c3536ca9bd332094615fb785fc4a
results/confirmatory/assembly1/raw_detector	fpocket	9CUG_A_REMOVED	fddfa2b8c898bda7fc4922f2c11976b032500e8ad3378b360d40d07c1e346799
results/confirmatory/assembly1/raw_detector	fpocket	9IYA_A_ORIGINAL	516d47e5e98c0c9c6d8ea653133a2d3a7693a59e4f0e2d86b1f50606211c59f4
results/confirmatory/assembly1/raw_detector	fpocket	9IYA_A_REMOVED	42d2a73e674e9fcebeb4175fe2cefeb0a84c3e46b2b65ebea678d7a2a17c7ed3
results/confirmatory/assembly1/raw_detector	fpocket	9QP4_A_ORIGINAL	346ae58b026ec359a4dccbde8dd0819eb243a2ba528ad4d9e1d34092a91ad305
results/confirmatory/assembly1/raw_detector	fpocket	9QP4_A_REMOVED	eac44f4ce9c68eeb9d49e4f4702fdc1562e3268e974fe8f40f426741ef3c8595
results/confirmatory/assembly1/raw_detector	fpocket	9W32_A_ORIGINAL	075ee2bf810a5302e2c86ee41abb6a981952e402dead403e2e86030216a1171e
results/confirmatory/assembly1/raw_detector	fpocket	9W32_A_REMOVED	273f1ab24d807455c5cc311e12669e30cb5800cfdde26e87bb6a7ef0eb11a634
results/confirmatory/assembly1/raw_detector	p2rank	11TF_R_ORIGINAL	3deed7b4c18f250c4e92876882daac1c0e8462e0199a9abaf6e599ad4a12cf28
results/confirmatory/assembly1/raw_detector	p2rank	11TF_R_REMOVED	96e38193a26dff270184b911d2c55b01a6082e3bb217893c227ca2b5553e318c
results/confirmatory/assembly1/raw_detector	p2rank	1HSJ_A_ORIGINAL	4a8f4cd308bf8cf78eb4029280995e8bb4e5b8e6c3420d5342fa297e9a9740a1
results/confirmatory/assembly1/raw_detector	p2rank	1HSJ_A_REMOVED	22d547a7b40d8707cead47d6eef6522022c606045d6deb4cce1fd5d271b771fd
results/confirmatory/assembly1/raw_detector	p2rank	1R6Z_A_ORIGINAL	cf5c36fe52170730c602e85fd7bb8ee3a49784eca5db3f218560e566c120034d
results/confirmatory/assembly1/raw_detector	p2rank	1R6Z_A_REMOVED	2f84c8176a9e85080985fc0d0d7a4eb227a3937b137aaeaa647fa0528d65188e
results/confirmatory/assembly1/raw_detector	p2rank	29AJ_D_ORIGINAL	1d6fabc4394ad64160a536a29c70d956b95eb9166b19cedb4c7478ba8caf4501
results/confirmatory/assembly1/raw_detector	p2rank	29AJ_D_REMOVED	b8f612dfe533d5ee37d6571805b78c33bd9cdef1d36dd4dc3959a1fc8f6a8c04
results/confirmatory/assembly1/raw_detector	p2rank	2RH1_A_ORIGINAL	77cf8f6fefc21898f740066a6a80fc851d19af7c03d66c486144ac0b95ecd7be
results/confirmatory/assembly1/raw_detector	p2rank	2RH1_A_REMOVED	2a15e60ea6535570a960806d73d4991444f0ddb8319b2d3bd05b89c291f338f4
results/confirmatory/assembly1/raw_detector	p2rank	2VGQ_A_ORIGINAL	49f46c1a116afd4ddb8f3111faab24e309797b514c79abf375446ce276010206
results/confirmatory/assembly1/raw_detector	p2rank	2VGQ_A_REMOVED	3d512f10a2736bae5c414e89585113c13d15776093defa566e04ba3028a14d36
results/confirmatory/assembly1/raw_detector	p2rank	3A3C_A_ORIGINAL	e5dc0f18792653b6a4c1814fa2238e6b1fb71ba1d21808a79d16d2cb5d2ec130
results/confirmatory/assembly1/raw_detector	p2rank	3A3C_A_REMOVED	7b1266da0afe467e421742544e42d0b19a4cc32d6c8c2d8ab6ff2255e433c74a
results/confirmatory/assembly1/raw_detector	p2rank	3DM0_A_ORIGINAL	fb65db59c25122b3639436f2a4eddd31006be7bdb82536182ecf8bb32c14e72b
results/confirmatory/assembly1/raw_detector	p2rank	3DM0_A_REMOVED	7206c02c9dd66073d76b4dd67557905e04b24f082e6d4babf280b237fdaba08d
results/confirmatory/assembly1/raw_detector	p2rank	3EHS_A_ORIGINAL	95fdbe01396790e09116e9e5e3653a43606edc93d106104efc082a12eb379bc9
results/confirmatory/assembly1/raw_detector	p2rank	3EHS_A_REMOVED	24c37649ec8342b694715f4def261332a943e672f5fc0a255b245786e5d41170
results/confirmatory/assembly1/raw_detector	p2rank	3EML_A_ORIGINAL	6dacb8a4cd371d84c7c63f8c0766d76f797c97b29f5d92945a25813f47732bc0
results/confirmatory/assembly1/raw_detector	p2rank	3EML_A_REMOVED	d46497fe238c01e77ae2ec745591fc80a30abff6d1fbd38bf9228b4958c85a63
results/confirmatory/assembly1/raw_detector	p2rank	3F5F_A_ORIGINAL	fbadd3fb596a1a1dda607454295fe9e3309778d450f0dbca45aa96daecf08ab0
results/confirmatory/assembly1/raw_detector	p2rank	3F5F_A_REMOVED	f6454de6116c359b80a51f465b75a6afc9f4c1f45c6aedd6c884bd7c0b7612f5
results/confirmatory/assembly1/raw_detector	p2rank	3H4Z_A_ORIGINAL	291d063e9c5de6faa4690adc7a1da4465b556e5556c4a2e01011e4d9d007f7ca
results/confirmatory/assembly1/raw_detector	p2rank	3H4Z_A_REMOVED	dd18ee720c6816b2aaf88f0f48fa6f044bd2e7ee4e0cadbf5995e097e7c18ce4
results/confirmatory/assembly1/raw_detector	p2rank	3MP6_A_ORIGINAL	51eabe8f61c4d2aacc0e49d9466ede5c348a6d742e39d42e2fdb0f59ad01c55c
results/confirmatory/assembly1/raw_detector	p2rank	3MP6_A_REMOVED	ae233aed652d8ed69648bd5ac7eb7b203c72b09c0409daef9e6a4bfc63e38867
results/confirmatory/assembly1/raw_detector	p2rank	3N93_A_ORIGINAL	ad55fb20c302629cc34482b1e41d22a1e92c47ababc5fc63e20bf9bda9ba7551
results/confirmatory/assembly1/raw_detector	p2rank	3N93_A_REMOVED	7fe1e6f6c586186a10b5053327985199ca5dcc1d3daa1a12a79b2a6ee34e419d
results/confirmatory/assembly1/raw_detector	p2rank	3O3U_N_ORIGINAL	b31c5fbbd3f14260ff8467cbdafbee79712e3a9d8784e28f2e5852ef17c7c9d1
results/confirmatory/assembly1/raw_detector	p2rank	3O3U_N_REMOVED	2832927f738b4c61134b98eeba10cd874b057788a17871b78411dfae07a429d0
results/confirmatory/assembly1/raw_detector	p2rank	3OB4_A_ORIGINAL	bb622d66f14b504c3d939e988e3900f9b3da8fbaa3e96f47ecb8b1bab239c9a9
results/confirmatory/assembly1/raw_detector	p2rank	3OB4_A_REMOVED	6e0d8130b573d8c3019f957ca5ea34aeb88af2b46c8f3202ece5a9d6d47b5cfd
results/confirmatory/assembly1/raw_detector	p2rank	3PBL_A_ORIGINAL	3b4b8c120462fc79692d8002d26487f13e217aed0fba7bf6ff123ab4873b0f50
results/confirmatory/assembly1/raw_detector	p2rank	3PBL_A_REMOVED	4b73141a6c6a969355654012ece1af5b57c6ff76dc0d343298898dcd52ae94cb
results/confirmatory/assembly1/raw_detector	p2rank	3PY7_A_ORIGINAL	b3a3c8fb142601f548dc41da4e3dc9b85dad56ca9bd5b2d84458729ba9bf5704
results/confirmatory/assembly1/raw_detector	p2rank	3PY7_A_REMOVED	b234e565f5591b75f19e250669482ae48d9a750a1c50eae5035fb70585ba9b55
results/confirmatory/assembly1/raw_detector	p2rank	3RZE_A_ORIGINAL	1ec13a7db8181213d2a38c36e0bae3f88fc073369aa7368d5778458a312ca960
results/confirmatory/assembly1/raw_detector	p2rank	3RZE_A_REMOVED	cf185e1390356f103e093c7db586bfa426314adfb5e4a93bb2f65be4ad584ffd
results/confirmatory/assembly1/raw_detector	p2rank	3U8P_A_ORIGINAL	605facafd2fb98a33cce4103e6e447f4cb27a415003a3833dd5f66a3927ed865
results/confirmatory/assembly1/raw_detector	p2rank	3U8P_A_REMOVED	2ec2bec678f895956a9fca41b922263d6bcfce964879619af7c880612547c48e
results/confirmatory/assembly1/raw_detector	p2rank	3UON_A_ORIGINAL	62020b244339d060e47c56f08d20c96aa1a992320c7e613731030dc1b8c01e5c
results/confirmatory/assembly1/raw_detector	p2rank	3UON_A_REMOVED	c1f21354a3587cd11d9517915fb0d7c66c42109cdb8ba68c8ca4a5d5397f2aef
results/confirmatory/assembly1/raw_detector	p2rank	3V2Y_A_ORIGINAL	61f84fc3d6f32371cd24500741bb058d6202618ff2d98efe88fc165755ace855
results/confirmatory/assembly1/raw_detector	p2rank	3V2Y_A_REMOVED	ac5efd83ab68b3ba03427887933247f7e9082ff064b6f3626ece28aadb9a8985
results/confirmatory/assembly1/raw_detector	p2rank	3VW7_A_ORIGINAL	2ec821f5e0ffb62721bedfbdd34f7b7199f4c7247ad73d6f2375d208e92622b4
results/confirmatory/assembly1/raw_detector	p2rank	3VW7_A_REMOVED	c6700520bc910aa7b1259879a92117f9f92acae524ffe80a2b60f1ca417b1230
results/confirmatory/assembly1/raw_detector	p2rank	3WAI_A_ORIGINAL	7090f4778a90ce5b2576102b9c8ef455ac9a0a0f40b317ef7ef4d2b132aad40b
results/confirmatory/assembly1/raw_detector	p2rank	3WAI_A_REMOVED	0c3092584ca8b1b1d0df6ddf54ac800734919f8ced8c0e912013a2008f637ded
results/confirmatory/assembly1/raw_detector	p2rank	4B3N_A_ORIGINAL	f9b397cfad7a160bed825981181b66f9c5fe08de266be0bec239800c5cfbd115
results/confirmatory/assembly1/raw_detector	p2rank	4B3N_A_REMOVED	ec81536d86a9f1450ead51ce162eac74362e8fa1c8aa4e078f34f99d55e16745
results/confirmatory/assembly1/raw_detector	p2rank	4BL9_A_ORIGINAL	e87c5bacf2882ccd566a400dc491949145a09ecf4cc87f51ea9341532c6babcf
results/confirmatory/assembly1/raw_detector	p2rank	4BL9_A_REMOVED	b8c843dd96ac3a7e69eefae4db9809a007bd9c74c19a64b584e1e28ba60303a9
results/confirmatory/assembly1/raw_detector	p2rank	4DKL_A_ORIGINAL	6a457947a64b9f715427d82c360a952f23af082ba9d4166e1a67b82d5d295575
results/confirmatory/assembly1/raw_detector	p2rank	4DKL_A_REMOVED	dcfb28cafef087ebcd30caa7ff8e8e6ba9f7bc2c61610b55dabf8cde68200b79
results/confirmatory/assembly1/raw_detector	p2rank	4DXB_A_ORIGINAL	bcba16401eab514b8eed3436fc3f0db2d35f574f6e81260bfe8b74f113484611
results/confirmatory/assembly1/raw_detector	p2rank	4DXB_A_REMOVED	8fda3f7b52bd96fdecfcfb8a2f8e6d9a354511ce53fcccffcce0a5dd5ae4269f
results/confirmatory/assembly1/raw_detector	p2rank	4EDQ_A_ORIGINAL	aae2b155cb23539a831424c666b79c7c21c153454cb129fcf7b5608f27243c6a
results/confirmatory/assembly1/raw_detector	p2rank	4EDQ_A_REMOVED	8e0e6d3e290899941032dc58e6dce2977ef3291fec4d48d62839640d907404a8
results/confirmatory/assembly1/raw_detector	p2rank	4EGC_A_ORIGINAL	2244d071a460857176afa7c1dfb10474a76002b9fa02d0f9debbdbc307e8e0d0
results/confirmatory/assembly1/raw_detector	p2rank	4EGC_A_REMOVED	75701148bccdbf6e7a80de52334741e13e6d19c39bf7a82886d7b9b3bd98509e
results/confirmatory/assembly1/raw_detector	p2rank	4EJ4_A_ORIGINAL	9adf075cedb84fd9517bde54dda2787c7a7ab6ce28ccf8da91447129295ea395
results/confirmatory/assembly1/raw_detector	p2rank	4EJ4_A_REMOVED	70b820f032c86fc7555d7e6ec83a3dff5cdfbd3087278849d5ae04e6ed157b70
results/confirmatory/assembly1/raw_detector	p2rank	4EPI_A_ORIGINAL	8368cc998ad1e8c4aaebf248fb72ca613ab74c38483b647ae04b802d03e6ce58
results/confirmatory/assembly1/raw_detector	p2rank	4EPI_A_REMOVED	b456aa001303eeab7b26c916fbc3ce46dc6f4c5f7951784d85d906b211f0c908
results/confirmatory/assembly1/raw_detector	p2rank	4EXK_A_ORIGINAL	dc72e7e47632e6c79852a299772c7601821efd5765db8cbd9f8acbf1b0eac871
results/confirmatory/assembly1/raw_detector	p2rank	4EXK_A_REMOVED	c7626117d289b529617750da2c893fb7f0c9521394f8838bd8a08892cfa00fdc
results/confirmatory/assembly1/raw_detector	p2rank	4H1G_A_ORIGINAL	4dc46de2c8f137b6f79c26820e0e76fc5ed481d2f6e0ed871f2708c374fa910d
results/confirmatory/assembly1/raw_detector	p2rank	4H1G_A_REMOVED	7b81a156153e63490f0e1d93b8186b322483dcb2467f99a4ca0d213d17e40f89
results/confirmatory/assembly1/raw_detector	p2rank	4IAR_A_ORIGINAL	fe69065dcee38eae315c52db3e98ee89888642e261b42146f0b2b6ce7c81824c
results/confirmatory/assembly1/raw_detector	p2rank	4IAR_A_REMOVED	d182be58c8347694ec5ef7a1235bbe5fd6c57a6b57db4f3ac9c21eafb14195b0
results/confirmatory/assembly1/raw_detector	p2rank	4IB4_A_ORIGINAL	a1e0ed4877cb77beb0b624a28180e9f37ae3a7dc3e822dda94b857b5b46db4d3
results/confirmatory/assembly1/raw_detector	p2rank	4IB4_A_REMOVED	95ca5570dea47d5230f4ae3a739d77c238ece39f867ee219c45d1b6112be22e2
results/confirmatory/assembly1/raw_detector	p2rank	4IFP_A_ORIGINAL	9436dc9116925b006214f157bb304b7f83d2726a04230a14e349b72be5c2b8d3
results/confirmatory/assembly1/raw_detector	p2rank	4IFP_A_REMOVED	cbb3b17b6020023ca5054761a01705b0d84fdf80b6f0aa69ae2a4c3bcd36172c
results/confirmatory/assembly1/raw_detector	p2rank	4IKM_A_ORIGINAL	08d91facfc9b5932c9f84b5b130f06233016368803b19285893713781b470f12
results/confirmatory/assembly1/raw_detector	p2rank	4IKM_A_REMOVED	2d78b5a792514cdd946dce9f0e0ce1b79853d1e486f3b8cb4b387510939f1b0a
results/confirmatory/assembly1/raw_detector	p2rank	4IRL_A_ORIGINAL	3c5366e0f9d47f3c37229ffff8a640126ab795f8a1f50ad31b6fdb41245f5086
results/confirmatory/assembly1/raw_detector	p2rank	4IRL_A_REMOVED	4025b85541ba8e6089279507a464cae96acef6fa91e6b82ea6d94b13c706e1b9
results/confirmatory/assembly1/raw_detector	p2rank	4K5Y_A_ORIGINAL	b5d459078737d8a0d3ff9c691984728242c5244eccf28106cc019c7dd72e71fb
results/confirmatory/assembly1/raw_detector	p2rank	4K5Y_A_REMOVED	f1c0cfc394b934ff72662ac6e8abecbbe7a2825e270f7ecfc632022cfb11e3e7
results/confirmatory/assembly1/raw_detector	p2rank	4L6R_A_ORIGINAL	237982bf165e1d8ab73ea99b3d1d5304b70b3529f9c72cffbcb08da1249345cb
results/confirmatory/assembly1/raw_detector	p2rank	4L6R_A_REMOVED	975495483628542db43ac466a18769516bf176e2569dcd51fbf0bf0152662527
results/confirmatory/assembly1/raw_detector	p2rank	4LOG_A_ORIGINAL	a33b23a5fa695972071b47b4e8db507d401e4dbd543a92743ae0bf744052ef59
results/confirmatory/assembly1/raw_detector	p2rank	4LOG_A_REMOVED	463d5f2acd3f5ace7b42eb8d3ea90560f5492096cb1eec64bf438276b47b0677
results/confirmatory/assembly1/raw_detector	p2rank	4N9N_A_ORIGINAL	7db456231cb7bf7ca17e4b25fbd2a13823f3238b1898629671497d7bfe2dd6dc
results/confirmatory/assembly1/raw_detector	p2rank	4N9N_A_REMOVED	f63ddf98d10880a974e6f8e1c50f1ee1a8e00d878337122e79c6aecb847fd267
results/confirmatory/assembly1/raw_detector	p2rank	4NUF_A_ORIGINAL	ef7f4a2d22c2b1efeba3b354e292f84c8b5a20c7686da9eed07b043b7ca79733
results/confirmatory/assembly1/raw_detector	p2rank	4NUF_A_REMOVED	2c4eb30575e19c664fdffcbf83150b4e8d691404e629a6b42a9a0983053c57e7
results/confirmatory/assembly1/raw_detector	p2rank	4OR2_A_ORIGINAL	6e5dcda0928145b0112c6ff498974ee3e7f6c46f4b461fddaeb400820d92c923
results/confirmatory/assembly1/raw_detector	p2rank	4OR2_A_REMOVED	adf64769fde0d1f9d97b80a072a7ced2075628ec689cdd8b49ab0459a81e74fc
results/confirmatory/assembly1/raw_detector	p2rank	4PQK_A_ORIGINAL	44e115b14a91575ba61d94a1b1329c47b8208c562c5d755f34013fcfb03b0be2
results/confirmatory/assembly1/raw_detector	p2rank	4PQK_A_REMOVED	d243191d12654b0b6c3cfaae1a78ad2b46211c9bd216f848bb9a8814ec0d6c21
results/confirmatory/assembly1/raw_detector	p2rank	4PXZ_A_ORIGINAL	2346844da78f12ae10c22f4c0bd0f9d902a21d5b97613b7b1a5502e3db3fc1d5
results/confirmatory/assembly1/raw_detector	p2rank	4PXZ_A_REMOVED	6b82f92e3ba0c8c54d2462ffed7daa2dc534cbd2a343f19dc350a06f21c50a26
results/confirmatory/assembly1/raw_detector	p2rank	4QSZ_A_ORIGINAL	a12787f138af7afb2d938ffde548dea7734fba89436a27d9d65fd6695ad0a485
results/confirmatory/assembly1/raw_detector	p2rank	4QSZ_A_REMOVED	6acd05c1bd6406d7dca646921764b0fb11eb03e9a9f7cccdd4179381a5f144af
results/confirmatory/assembly1/raw_detector	p2rank	4QVH_A_ORIGINAL	4d32a0d01d301ae6cc90101cfb729f55ab0a675a28c8255d016f9557ef670c13
results/confirmatory/assembly1/raw_detector	p2rank	4QVH_A_REMOVED	4b85410342fe02addfe5f786e5da7d3cc47ae14085de758a939411135dc4a058
results/confirmatory/assembly1/raw_detector	p2rank	4TN3_A_ORIGINAL	a5b7354e300385bc8836a90dd4f6b8080064db9cdf6942753a6a02081a41a932
results/confirmatory/assembly1/raw_detector	p2rank	4TN3_A_REMOVED	f52c5b2ef03ee3d1aae3a07e75f214406021fd78e14a6ef343924b1a7c4440a5
results/confirmatory/assembly1/raw_detector	p2rank	4WTV_A_ORIGINAL	ad6483092f4b8394394e6116e363374b924434681ef636ca09737737687ecb6b
results/confirmatory/assembly1/raw_detector	p2rank	4WTV_A_REMOVED	5094ee39b7b41f8d39025e0c19696183c84942ea339c0d12ee1f3cdb3c61ab20
results/confirmatory/assembly1/raw_detector	p2rank	4XES_A_ORIGINAL	d820ddf03e1faac31c8ec2c72a1b81068501dae500fc1d32ff54d1cfe69591e1
results/confirmatory/assembly1/raw_detector	p2rank	4XES_A_REMOVED	a788bf9d8580937c04396801fbcaf8c3a16dfce5b5097a124da012a382faa185
results/confirmatory/assembly1/raw_detector	p2rank	4ZUD_A_ORIGINAL	8804e6d4a749a83550d55dc0549e9088d7ed02db9b289134b01d1e127d917fe5
results/confirmatory/assembly1/raw_detector	p2rank	4ZUD_A_REMOVED	c261ec325ad69f687e62d03b315ef4ff70e4983e4693498a402eafd664d0084e
results/confirmatory/assembly1/raw_detector	p2rank	5B2G_A_ORIGINAL	ac48b9c895d27a3eaa0a051633756154a17f4267200a9d3697325c51f5a6585e
results/confirmatory/assembly1/raw_detector	p2rank	5B2G_A_REMOVED	87db1d437b1673eef57bbc6ef2e52f809305a6c0b7d68009b6d3a9d9d8b43806
results/confirmatory/assembly1/raw_detector	p2rank	5DSG_A_ORIGINAL	672cd36fcc4bdc25a2076652a27f18d47cd55675809e773dee68b50d5e702784
results/confirmatory/assembly1/raw_detector	p2rank	5DSG_A_REMOVED	d9356a6f4da44f45286e814ccf1453026c5300f2b2cbffaa752af6e36724ff06
results/confirmatory/assembly1/raw_detector	p2rank	5EE7_A_ORIGINAL	4c5fa72cbb8a5597480a83f08ba32c183db72b4bf86c419d6548e0146b2fb041
results/confirmatory/assembly1/raw_detector	p2rank	5EE7_A_REMOVED	118e40f805b79b601b1e3f593283e296149326a07fe67750feaaf3ef8affa9ca
results/confirmatory/assembly1/raw_detector	p2rank	5EUT_A_ORIGINAL	e52d28d7ced3edc5b898ef7d540d4d0111fd744393040e6acc227be6fb3d912a
results/confirmatory/assembly1/raw_detector	p2rank	5EUT_A_REMOVED	2b989c10085fd919ff988e76abbec1f80b5ea100d9d8410393dbb7c4c042e23c
results/confirmatory/assembly1/raw_detector	p2rank	5FSG_A_ORIGINAL	a2c5a0d8f4ac5d8444a4687d2f3d51487a4020db3a78a985f2472f635c2e6718
results/confirmatory/assembly1/raw_detector	p2rank	5FSG_A_REMOVED	97c78beaf355d5d17fb6db613a3821d708985b56b230c69e71cbb8a8ffc5346f
results/confirmatory/assembly1/raw_detector	p2rank	5H7N_A_ORIGINAL	0089aca469a0567ee4c57fc4b60a7b2f6fe7e3a53feb69dd4ffa60f9cabda762
results/confirmatory/assembly1/raw_detector	p2rank	5H7N_A_REMOVED	d0026b6f64f28814ebceb4123c13a284e5fb2c880935034f03e4ee74fdffa3d6
results/confirmatory/assembly1/raw_detector	p2rank	5I04_A_ORIGINAL	1cdb1290802e3095164db6104f7640c1285d6df4d77587f838c12cdbbd5ec8a8
results/confirmatory/assembly1/raw_detector	p2rank	5I04_A_REMOVED	05ec973497e10b7ae25e43fd185e74207ab79ffe858f76e8cdd21f7beb311eef
results/confirmatory/assembly1/raw_detector	p2rank	5II5_A_ORIGINAL	725d4d13851b364c650bcdb50818e7050e47f4e4bb2353b29d79b479610f6b59
results/confirmatory/assembly1/raw_detector	p2rank	5II5_A_REMOVED	d1dd3aa4fe2627af780fdee8617c00a7dfa3ad89b72458f94e4dce64102b259a
results/confirmatory/assembly1/raw_detector	p2rank	5N2S_A_ORIGINAL	13ff10a6692b4c31d16467657110a8be9cd3549ece358d673d27590e28d83663
results/confirmatory/assembly1/raw_detector	p2rank	5N2S_A_REMOVED	a75e0456e2c389405b69572ed09265e3719ddb5c5a08c0dda22763d284a9622e
results/confirmatory/assembly1/raw_detector	p2rank	5NM4_A_ORIGINAL	3c8cdb0469572ba3adfa110fd1f45848be8560a478faeb2c520f45dcb9730ef7
results/confirmatory/assembly1/raw_detector	p2rank	5NM4_A_REMOVED	bb21a62466ed37c0c4af0257ad82514f928e6876e700d1203ca2dc7ccccf51b4
results/confirmatory/assembly1/raw_detector	p2rank	5OSQ_A_ORIGINAL	686116945dfa2d65ef451ce8c8e5b725a5bf3d51bfb1434da390e960c0c5a7e8
results/confirmatory/assembly1/raw_detector	p2rank	5OSQ_A_REMOVED	2b88e0a2943d044ade8c47482962b7371328079b95830038681e193365dd5b45
results/confirmatory/assembly1/raw_detector	p2rank	5T1A_A_ORIGINAL	3b7a0a264dcdfae1aa930ce77cc9288221a3f089d09b0f82489e4fd8b2bb5db2
results/confirmatory/assembly1/raw_detector	p2rank	5T1A_A_REMOVED	e9b41cd4e66829925115e19a4a26ad8b99c8d872205b97acd09a58e78fd40c03
results/confirmatory/assembly1/raw_detector	p2rank	5TTD_A_ORIGINAL	2308fed7d69d226226fa425e2fb6f1612283907f759b989e5c384620cd8bb921
results/confirmatory/assembly1/raw_detector	p2rank	5TTD_A_REMOVED	67d5151c988df79911ddd9eb1fd331bc290ff61c3e08836bc58bbeb6629acca3
results/confirmatory/assembly1/raw_detector	p2rank	5TZR_A_ORIGINAL	46ff834e189ad9b1d45060ba7c00eb612c6a863beaccf47b1bb3c116a96f8033
results/confirmatory/assembly1/raw_detector	p2rank	5TZR_A_REMOVED	caf1d3d0ab6ba4f210663384bfafda7ae466b986d4a4359aafffc96ef7761069
results/confirmatory/assembly1/raw_detector	p2rank	5UNF_A_ORIGINAL	43168ba2524c36b1d3e71a1f73098f5bd2dfdb182d9899b3ad6da1b819e0fc8c
results/confirmatory/assembly1/raw_detector	p2rank	5UNF_A_REMOVED	4bb8b216ec7b2d135e8b1554611e6e33f81420cd342852d8c9ec85725f6003ea
results/confirmatory/assembly1/raw_detector	p2rank	5VAW_A_ORIGINAL	67e40ad9a602665f1b0ff85fe3341ef23468ca96462d43de9b95b9e8c57e001a
results/confirmatory/assembly1/raw_detector	p2rank	5VAW_A_REMOVED	c3cdabfb022b06bd666eaee5d31d947cafc2544a26e89356136eb103a3fc7f8c
results/confirmatory/assembly1/raw_detector	p2rank	5VEW_A_ORIGINAL	4d9ae898c3c122cc94d290c17daa131add58a0be33c95f708bc3ab88827ae4ca
results/confirmatory/assembly1/raw_detector	p2rank	5VEW_A_REMOVED	706b0b57a2079dfa8c0f9cab62451e12ba8fa04d66e12cefbebebf6e05eef2b1
results/confirmatory/assembly1/raw_detector	p2rank	5WIU_A_ORIGINAL	56959c8473da1d73c37682affbe2759f3c8016a47bb5b2fb23fbe5ef53767144
results/confirmatory/assembly1/raw_detector	p2rank	5WIU_A_REMOVED	90b53ec7a9690259326cbb3270cfcb2ed92d3c0ebfcb83fc64a3e5c339120e7c
results/confirmatory/assembly1/raw_detector	p2rank	5X93_A_ORIGINAL	7ea3ebc0054916d89d15efcbbdf19c85b9867427283b6ed1a11bdc1275a9477b
results/confirmatory/assembly1/raw_detector	p2rank	5X93_A_REMOVED	0ab6199604c346e9645048e3c98eac203be3f093d95734d92487bed18841518f
results/confirmatory/assembly1/raw_detector	p2rank	5XSZ_A_ORIGINAL	5adc884222ba636006ca9d823b21d97ad3c793248d72d24ead378dacc6d2dfca
results/confirmatory/assembly1/raw_detector	p2rank	5XSZ_A_REMOVED	972038bd9e7ae28386eec7427870c156af4dc98853c64d3c5453cf0873627bb0
results/confirmatory/assembly1/raw_detector	p2rank	5Y2G_A_ORIGINAL	bb33d862f3297517b95d24cba1be97203399f2c27534af0eeb80dbf302d3e96e
results/confirmatory/assembly1/raw_detector	p2rank	5Y2G_A_REMOVED	f5b399bba9853256b3a6f5bba28434715bf7556eab770864b3e6ce127921e277
results/confirmatory/assembly1/raw_detector	p2rank	5YGP_A_ORIGINAL	1b5fda6bf3fff1e1c8d8e80598a55a045089b534404157b39f18f1b4ee541308
results/confirmatory/assembly1/raw_detector	p2rank	5YGP_A_REMOVED	de9cb99e7ba8d27ee828a5482fd2ad0407597c472670a3163882597e85c36b89
results/confirmatory/assembly1/raw_detector	p2rank	5ZHP_A_ORIGINAL	9bee2bbbd1487248c85e9ef259fed3b6a2b26303b90ff1cec787696597d9a059
results/confirmatory/assembly1/raw_detector	p2rank	5ZHP_A_REMOVED	fc4ebc20cea347a36bd7da2d339a80fa9619849743de4ddd4533a77bfd735345
results/confirmatory/assembly1/raw_detector	p2rank	5ZKC_A_ORIGINAL	7ade7adccb97d672f52d4c0d2159796d247b2b6cab716fc9b0026692a3be3a19
results/confirmatory/assembly1/raw_detector	p2rank	5ZKC_A_REMOVED	578f1c4b3f91e94324434f0052468c4e6b639e09d064e7a194391d802bb5198d
results/confirmatory/assembly1/raw_detector	p2rank	6BQG_A_ORIGINAL	99b0662f399e858f2e90bb479d56820792dc7c303d6f0eafbf3a4777b06e113d
results/confirmatory/assembly1/raw_detector	p2rank	6BQG_A_REMOVED	5c965b53bf67c6704397b957e726af8ddfb78b198dd50e90a7377e8c4d1cf809
results/confirmatory/assembly1/raw_detector	p2rank	6C1Q_B_ORIGINAL	7b2e0243a4e17905686d9e7de1978d760bbe9b865f5544b66ee391db2fa6c460
results/confirmatory/assembly1/raw_detector	p2rank	6C1Q_B_REMOVED	cb17a564fbc1167876f317c46bcc9fdc3cb667d34d8c153522e9216f704f5eeb
results/confirmatory/assembly1/raw_detector	p2rank	6CC4_A_ORIGINAL	9309a8fa6d98ab2a2246b7d7220c138c881b972d46c168b0bbb9ab8e71ac5773
results/confirmatory/assembly1/raw_detector	p2rank	6CC4_A_REMOVED	084fb8deaab83b0bbc5a171fa1ce8a3963329e45620f0bf7877a436085933a4d
results/confirmatory/assembly1/raw_detector	p2rank	6D27_A_ORIGINAL	928020d33f284f0f3a1ad4d44d82ad2bcf7f50bf32d57c4c18cda7aa7a312546
results/confirmatory/assembly1/raw_detector	p2rank	6D27_A_REMOVED	0f0d05027655dab46e756880a4a0d79098c1af834094f09932204a0751d85893
results/confirmatory/assembly1/raw_detector	p2rank	6D66_A_ORIGINAL	f89b6dfb8cbf182d05c4b0ab54c7b2736fb42f572e6eee27fbddf2877eef5096
results/confirmatory/assembly1/raw_detector	p2rank	6D66_A_REMOVED	8405c11a58e1982940b4a6d776b4619b3405491ba00b8bb5389492c4d9979d8a
results/confirmatory/assembly1/raw_detector	p2rank	6D9M_A_ORIGINAL	a706a0bd44f50150428b982736c90a1835003fcf04ad63be93cf9041af1ee5c4
results/confirmatory/assembly1/raw_detector	p2rank	6D9M_A_REMOVED	38d15de3ac80b19e1a83b36ec68f429fc6887d7138522bf2de17837e0fa79844
results/confirmatory/assembly1/raw_detector	p2rank	6DD5_A_ORIGINAL	bf293ae28a5642f7a7a304b31d1d31e46fe40ad6946686ac6d02091ddcae9f89
results/confirmatory/assembly1/raw_detector	p2rank	6DD5_A_REMOVED	90e35908340833820a6ccd7c3c60ff96f4c472f902818b77fb8d16a5105260c7
results/confirmatory/assembly1/raw_detector	p2rank	6DM8_A_ORIGINAL	c487f72293c3edfffedb65db6ee403f79e849739b89290a95a84a6095cb4db87
results/confirmatory/assembly1/raw_detector	p2rank	6DM8_A_REMOVED	bfa5848eaa5a7a0f2a28cc20d00eefc1a9d36d9a5986738455e00c6e1ef92945
results/confirmatory/assembly1/raw_detector	p2rank	6EG3_A_ORIGINAL	30ee3fc4cdb05b1acb21a5feb2c8d8a9a1d56ce0fcaf5c1ed9ff65c91668ffc1
results/confirmatory/assembly1/raw_detector	p2rank	6EG3_A_REMOVED	c51db6929840f7f54fce46c2fb665fe0830ee0f19a49bb5fcd2cf1aae10c284c
results/confirmatory/assembly1/raw_detector	p2rank	6FFI_A_ORIGINAL	f3e55222fd18c0ff5a2f6a77265d2658dcad22bf529104cf5f124965a0f4384b
results/confirmatory/assembly1/raw_detector	p2rank	6FFI_A_REMOVED	f1d8801ce877987d0d4553d21e20e7627d0a8d8b9f460181d6b74d94d7d87931
results/confirmatory/assembly1/raw_detector	p2rank	6G7O_A_ORIGINAL	884b1df18b38f50f47976d5cb3b8490da9e0c91d18985c2173a7645c58e230de
results/confirmatory/assembly1/raw_detector	p2rank	6G7O_A_REMOVED	4888aa316ffb68cd46e68bd97d6bd48cb9fed3802a8ce97cde13fbaf0ca8d536
results/confirmatory/assembly1/raw_detector	p2rank	6IIH_A_ORIGINAL	633b2bd54bcf7cbae5e2496022d5b5421a91c5942297ef888ec47394fee91012
results/confirmatory/assembly1/raw_detector	p2rank	6IIH_A_REMOVED	3ad95ba64cbd6ac3d90393400a56eef5fd3306f68d20545d0255e62b8b063578
results/confirmatory/assembly1/raw_detector	p2rank	6IQL_A_ORIGINAL	a5eb6cc3fcccd4ef178796f08513bc90a0e14a2577722a08ed48eefd8699a835
results/confirmatory/assembly1/raw_detector	p2rank	6IQL_A_REMOVED	5123c25755c2c238cec9a2e52f758f44daf9440206e734671ee7fdd8dde86eeb
results/confirmatory/assembly1/raw_detector	p2rank	6J20_A_ORIGINAL	f95edc53eba9b385a1deb5ea55cc090aa440d9588999f8a40dac789cae2b59da
results/confirmatory/assembly1/raw_detector	p2rank	6J20_A_REMOVED	e23e3a8533b99b14360807d8e042e6ec384e1d960122e53694fed7559467441d
results/confirmatory/assembly1/raw_detector	p2rank	6K7E_A_ORIGINAL	ade6ac3538efcca1756d6ac06fdde5e037b96aa486333052767eb6b9d2ea3279
results/confirmatory/assembly1/raw_detector	p2rank	6K7E_A_REMOVED	6b0c942fd2e7728e5a498fb3e548d8981c2c958ca26585d083e9eedc8ca37007
results/confirmatory/assembly1/raw_detector	p2rank	6KI0_A_ORIGINAL	6b8ccf1deabb2fcec0cc94b9f4678277b026871be9cadf29b42f1ed149b89599
results/confirmatory/assembly1/raw_detector	p2rank	6KI0_A_REMOVED	0452bfdd39338613de63db7c8e22e2fed4fc1557d5c1f832b12ebc15d698cef1
results/confirmatory/assembly1/raw_detector	p2rank	6KO5_A_ORIGINAL	04c457260fcd3a6b40d761649d98903720865904bc5b96665b49359c0410e6c4
results/confirmatory/assembly1/raw_detector	p2rank	6KO5_A_REMOVED	70b9055cc0ddfd1d2d4594e54b663b58a9d40971c6a8d81c0bd00ae2100d7b96
results/confirmatory/assembly1/raw_detector	p2rank	6KPC_A_ORIGINAL	e102ca7f6201fab6f2a33ed061ff22664b9ed62c999e708fe5506c18541d0d05
results/confirmatory/assembly1/raw_detector	p2rank	6KPC_A_REMOVED	e0c56dff787f83633dde4192abc52a70c7d953b8eaf3e9f2f1904a6fcd672e19
results/confirmatory/assembly1/raw_detector	p2rank	6LW5_A_ORIGINAL	9884233822fbcc165d5f18eb9a30058b03da31c38a2208728841da19ee0509f0
results/confirmatory/assembly1/raw_detector	p2rank	6LW5_A_REMOVED	d79ea5016d303f3728123a3d4c25310d0e4029175fb15e891805af63878a7785
results/confirmatory/assembly1/raw_detector	p2rank	6M97_A_ORIGINAL	27dca6109df5b6435eb877c832185ab44624aec84d3701cbf3703fd9382328e7
results/confirmatory/assembly1/raw_detector	p2rank	6M97_A_REMOVED	f3d67fb0ed61db918fddfb8c000fcd1e522f280af40dd2a0a28ba52350e6f506
results/confirmatory/assembly1/raw_detector	p2rank	6M9T_A_ORIGINAL	d86fced7a981dff2208735b0f9c8cca59f52ce43e07ee13b13c36ec340657f68
results/confirmatory/assembly1/raw_detector	p2rank	6M9T_A_REMOVED	9226fd815e2e00eb25eabcfe611a5c425c57c604a2100fd77271f14e87e9b197
results/confirmatory/assembly1/raw_detector	p2rank	6VLS_A_ORIGINAL	a87247f2b2f3c61badf1019e94945e189776085f8bb09cc8a39d6d3c399d53cf
results/confirmatory/assembly1/raw_detector	p2rank	6VLS_A_REMOVED	1e057a6c117c76e8d9f4329b44099019432125177a17f123161f247403ba756b
results/confirmatory/assembly1/raw_detector	p2rank	6XDS_A_ORIGINAL	0779aa2afba09a53f3b33b85354ed74208f2bed9129ff5cc4d92f4d8ed1d99fa
results/confirmatory/assembly1/raw_detector	p2rank	6XDS_A_REMOVED	79b10f964837eb11c19c1b06bf1fb049a4fe94e07227cc78ea2f0eb05dfeae74
results/confirmatory/assembly1/raw_detector	p2rank	6XRX_A_ORIGINAL	22b8548391dbc964d4d199e4315194a8fe46c253436ff655a5fbdd662f5ad283
results/confirmatory/assembly1/raw_detector	p2rank	6XRX_A_REMOVED	1fdd4e37d98a7fc9ed1aec827011296243dd1934b0af7a8359be031bb53389d7
results/confirmatory/assembly1/raw_detector	p2rank	6XYR_A_ORIGINAL	1ba2d7cbf6b6635ecff3d24d374bf48e367c2196a25d01ff3dd00ea0a7808c87
results/confirmatory/assembly1/raw_detector	p2rank	6XYR_A_REMOVED	b41f767cf94ed5873569bfeee4c33f0de8a05476ed4445cf1b2c3c229c98eaa7
results/confirmatory/assembly1/raw_detector	p2rank	6ZFZ_A_ORIGINAL	5ac3135e8f1f8bc4ed5ba8246932d53466478b83faca89e4ca76913ea4c11b78
results/confirmatory/assembly1/raw_detector	p2rank	6ZFZ_A_REMOVED	ba5f5f84ecefbd28d186dad1ff206884f5f6345ec70e0b72eb04bb07ec8dcd28
results/confirmatory/assembly1/raw_detector	p2rank	6ZX9_C_ORIGINAL	0f6c080567449f73175595fe5b5ceffd21fefb7e824c768d85723dc543d5872f
results/confirmatory/assembly1/raw_detector	p2rank	6ZX9_C_REMOVED	69a48d5e08e57575c65fcb2366f5a2b281ded37bc455f094498b4d851075597f
results/confirmatory/assembly1/raw_detector	p2rank	7B01_A_ORIGINAL	a17f6702b51e60752435a1d143ea0d679b987c3fae2874355b0a4e209feaa0b5
results/confirmatory/assembly1/raw_detector	p2rank	7B01_A_REMOVED	04aad02616225156e95a32388931c18e68dd4224a27fbe1ff56ff0d76116069a
results/confirmatory/assembly1/raw_detector	p2rank	7CY6_A_ORIGINAL	46d55760ee40d1f476cd8ffe6e7ecad0963e41b8326aebcec0d8e9ba8008baec
results/confirmatory/assembly1/raw_detector	p2rank	7CY6_A_REMOVED	77e40836ce80888ab50bbcd5267cd2e5eef68971bb483875dab77a3c905ec0ae
results/confirmatory/assembly1/raw_detector	p2rank	7F8Y_A_ORIGINAL	dbbf7d12d4e02383ded3842d4a85f43d1a6505169c37fbf73fddb4297aacee40
results/confirmatory/assembly1/raw_detector	p2rank	7F8Y_A_REMOVED	2a76b176ced0128c7c74b5a776d7467b5f981811601b8f3b68929ba9c977bc8f
results/confirmatory/assembly1/raw_detector	p2rank	7MHW_A_ORIGINAL	721484f9f1d0a3575918e95296f2717dec9089ce94af082ce2f9fc2ab7ae469d
results/confirmatory/assembly1/raw_detector	p2rank	7MHW_A_REMOVED	af2b11ca9e4998943e946a0b0e932c5c1687feab3f90d943640be65d0944f4c8
results/confirmatory/assembly1/raw_detector	p2rank	7T31_A_ORIGINAL	7b699ee9aa264104e26dc92194c57e9db5983997570671ea226d20f873ac2adf
results/confirmatory/assembly1/raw_detector	p2rank	7T31_A_REMOVED	dba30cd36d67ad632b6b8272900be38de058d7f1383c09867c7080bbd50b4c14
results/confirmatory/assembly1/raw_detector	p2rank	7WC8_A_ORIGINAL	cc42f77554696324c1fa5d7d15c7cf700000e047197dc6fc6f36f281eec35bd7
results/confirmatory/assembly1/raw_detector	p2rank	7WC8_A_REMOVED	def4179c793112d22a5d78dcee95f82f5d458270c39f0a1d1dd06a08e291666f
results/confirmatory/assembly1/raw_detector	p2rank	7WR3_A_ORIGINAL	4914ff850b36c0595f2792625e8b8b1a9b3479f6cacd924754434c4ad875e8db
results/confirmatory/assembly1/raw_detector	p2rank	7WR3_A_REMOVED	fe6e294ec71fc137d83a3e4ed7a9b671ea28a7d21974b449564932f280f4aad3
results/confirmatory/assembly1/raw_detector	p2rank	7Z36_A_ORIGINAL	8ec9b0ac569f76736ab727ba9568ba99729e8452a1f12fcfabcc76e255f395cf
results/confirmatory/assembly1/raw_detector	p2rank	7Z36_A_REMOVED	d5a616a413b322ae79bfb56f5aa5ff2b016c05975989bdddad7749ca6ab1f5d6
results/confirmatory/assembly1/raw_detector	p2rank	8C5L_A_ORIGINAL	fc1a2761da5eead7c524fe76944c625a17b7ab968de3242fb8f91e64a1f57d8f
results/confirmatory/assembly1/raw_detector	p2rank	8C5L_A_REMOVED	2049557044079ef656160c808f984b390fee9d998d4bc4a39b54651b7253ad5d
results/confirmatory/assembly1/raw_detector	p2rank	8DEI_A_ORIGINAL	7537b76c3abc4f3cbe8ee84c60253742a8c56488a9b62fc410d6bf733e4787da
results/confirmatory/assembly1/raw_detector	p2rank	8DEI_A_REMOVED	f82c691fadc10e9c51a04796a4d4600af02ae04c5ceca1e56602cd48e1b523b6
results/confirmatory/assembly1/raw_detector	p2rank	8DX4_A_ORIGINAL	ab6b20b68058b1cfaa87c70d3b442ed0ff9ccf2d653ab6540281f7a222d5926d
results/confirmatory/assembly1/raw_detector	p2rank	8DX4_A_REMOVED	82d4860336a943fc5dd12ad9828fdcd60e24b8c7a22485f9bf501d05ef187be0
results/confirmatory/assembly1/raw_detector	p2rank	8H68_A_ORIGINAL	82d651dd8dbd8e2de3a80849cfeaa546f4ff755292eb686f6611624198c93be0
results/confirmatory/assembly1/raw_detector	p2rank	8H68_A_REMOVED	b090b0efb64d6047d527de1c2c8c7d8ad407459ada1586345a1192b1ab4e1bb9
results/confirmatory/assembly1/raw_detector	p2rank	8IIZ_A_ORIGINAL	fce2ce0904ce3ede767e373f97bf4fb27800e1552b700fa94aa0d50f6c3331f9
results/confirmatory/assembly1/raw_detector	p2rank	8IIZ_A_REMOVED	4c528af7cdeb8a88445691b98a3edacbd494810c30a179f55f8c4e8aa66649ce
results/confirmatory/assembly1/raw_detector	p2rank	8JJ8_F_ORIGINAL	f4b613db8132a37b96fc043fc99584c9720651e4c865b5e37a35045c91075761
results/confirmatory/assembly1/raw_detector	p2rank	8JJ8_F_REMOVED	f025c134efd738ac58a36a51dff783f1e38fa96e45047fa2a965c500665c2746
results/confirmatory/assembly1/raw_detector	p2rank	8S4D_A_ORIGINAL	f328b1de0f8287571717ba8dc111d16e09a26297349ef72b5e4763f48f832171
results/confirmatory/assembly1/raw_detector	p2rank	8S4D_A_REMOVED	21a22504087d7b13fbd642a4a961900cb9add53ee3fb66848dc81abbc5a9eaa9
results/confirmatory/assembly1/raw_detector	p2rank	8SBU_A_ORIGINAL	d221ac350f166a8722f061fbd87360f89ca9040fc1597bf123aec9deac52e2e4
results/confirmatory/assembly1/raw_detector	p2rank	8SBU_A_REMOVED	b59dde051007ba04ad181d06a46b8b5f7eb3aeab30fee7af1cc944d559b499ab
results/confirmatory/assembly1/raw_detector	p2rank	8SVY_A_ORIGINAL	d4752151c38733d202618e916ae14d7ca66d99f34f8ebf51bc9b4e6bfe2e1ef1
results/confirmatory/assembly1/raw_detector	p2rank	8SVY_A_REMOVED	1f508a3ca2449205d9fd7a3579badbd6cd3e0d14e1e1ec407a482e14119efe9b
results/confirmatory/assembly1/raw_detector	p2rank	8TF5_A_ORIGINAL	e6e80c3761f821005725a217ff83f479303508d1124b1267a7389893035a6d8b
results/confirmatory/assembly1/raw_detector	p2rank	8TF5_A_REMOVED	9b50ea3a671f44f2df5116ffa2b75e756903a971e424b51d112e8e49b3d50830
results/confirmatory/assembly1/raw_detector	p2rank	9CUG_A_ORIGINAL	4793dc06877010cd24f15e4da48f012362b28d5ae28875311ad0cfc6ca3327c9
results/confirmatory/assembly1/raw_detector	p2rank	9CUG_A_REMOVED	7f2a46eb5ad7652c840aa8683523f6e762e71d6437d1b2a2342d9db8c2309d8f
results/confirmatory/assembly1/raw_detector	p2rank	9IYA_A_ORIGINAL	0142f6d8c56477f9cf888a9409cdce4492a5961cc77c1a3b1a1bf4e75b352519
results/confirmatory/assembly1/raw_detector	p2rank	9IYA_A_REMOVED	f9a61c743b987e174ad69899a7e871ffc665c59239136a0c2c2c8a6c6adacf81
results/confirmatory/assembly1/raw_detector	p2rank	9QP4_A_ORIGINAL	2c8016d23e6d7cddae74fe0e90cc6c3c940e62c17d3689676eadd4412acbf1d3
results/confirmatory/assembly1/raw_detector	p2rank	9QP4_A_REMOVED	7bc7ae1c7bda6deb26c3c18bb989f7832411f368554a2b1937503f9ad818b185
results/confirmatory/assembly1/raw_detector	p2rank	9W32_A_ORIGINAL	27acd257acd0ed1c92ff78499086e015ac55f7a24e3101c4ae7d2e07a3f6df25
results/confirmatory/assembly1/raw_detector	p2rank	9W32_A_REMOVED	cf41c54b4650c0ba60ed3d7e7f895314b872839ca620c1f9a41665467cb99476
results/confirmatory/e9_035/raw_detector	fpocket	3L2J_A_ORIGINAL	ad8a20f561523c05047a2a359e350595835ca6361b6e4b2dda5de52b05067348
results/confirmatory/e9_035/raw_detector	fpocket	3L2J_A_REMOVED	deaf025cdb878640b27e597487b634d16283833f46bff6c485493068b44b782e
results/confirmatory/e9_035/raw_detector	fpocket	4KEG_A_ORIGINAL	f16df4391017b59a04faadf84404673aedc1ba4720e5544bc4be66b4cd837f4d
results/confirmatory/e9_035/raw_detector	fpocket	4KEG_A_REMOVED	0b8630b3502cfbb10eda19d13b8f1ebbc6e1682595159b898759dc77712527c7
results/confirmatory/e9_035/raw_detector	fpocket	4O2X_A_ORIGINAL	04fe04c39cf46882c26df372d2e76813c2b17df62a25792ce83de80585e6ba4e
results/confirmatory/e9_035/raw_detector	fpocket	4O2X_A_REMOVED	e6d48cc0074d3e0540f8f07d79318dd1bcc8ff679344e100b100a4beaaa1934e
results/confirmatory/e9_035/raw_detector	fpocket	4R0Y_A_ORIGINAL	b11af1e42149edd569dc79e7cd1bb22097df085d859e8afcdc5663fc029146c1
results/confirmatory/e9_035/raw_detector	fpocket	4R0Y_A_REMOVED	b482f6bc379b6b8966eb9a0f677869e736e449598316d038c85d3daea0662106
results/confirmatory/e9_035/raw_detector	fpocket	5UEN_A_ORIGINAL	de0ab1bbab21c90d88f76ef1d7287baf23287d3359512bce7704692f54813f3a
results/confirmatory/e9_035/raw_detector	fpocket	5UEN_A_REMOVED	f9c4d08ba4855abef59747e4fe892d238b78f8a07eee57b9f433d988a9f28017
results/confirmatory/e9_035/raw_detector	fpocket	6A9J_A_ORIGINAL	6f77882f821b3a7cd603434fe83ace015b750518397aa3682253f203002eff77
results/confirmatory/e9_035/raw_detector	fpocket	6A9J_A_REMOVED	14dfcdb149ca2b42b04d9ade72f0d0efeb0500e37ebee660f9ab2c12e2608b52
results/confirmatory/e9_035/raw_detector	fpocket	6C1R_B_ORIGINAL	4acc298444206bc362fc959525d3f444573c98b0f24c4eb8e1177e07f1073d4b
results/confirmatory/e9_035/raw_detector	fpocket	6C1R_B_REMOVED	282ee9d61d9118037d6540770ad48317ebb43bc195cdc7105d5fad50a15144a6
results/confirmatory/e9_035/raw_detector	fpocket	6OS2_A_ORIGINAL	5f73b6b7898c39483e7389773070c5e961f5e390635eef35d14562b14b1341d8
results/confirmatory/e9_035/raw_detector	fpocket	6OS2_A_REMOVED	971c441ff48cbf4c71f1aac293d289dbbe5b24efb148616a388772683bf68023
results/confirmatory/e9_035/raw_detector	fpocket	7E29_A_ORIGINAL	34dbad5f59da83b5537a90c865585eebc56419bf06c261a548f28e33a5e65a0c
results/confirmatory/e9_035/raw_detector	fpocket	7E29_A_REMOVED	736b46ef1aa1f7a25a9de935f411d677bffde15e99ebad7a0566feadee366382
results/confirmatory/e9_035/raw_detector	fpocket	8JH7_D_ORIGINAL	7de062a6feba8fa1e56c1dae62e51949130e808d5739ddfa1ef07ef8d595f818
results/confirmatory/e9_035/raw_detector	fpocket	8JH7_D_REMOVED	0901fbba44784e63a8bbb5c556c09d2abb563c4b738f6308962385afcb3f4c31
results/confirmatory/e9_035/raw_detector	fpocket	8JHC_R_ORIGINAL	e6231587083fc588dc3e7d7b365192c2b910945ab0b04a7b54cda76844c27d68
results/confirmatory/e9_035/raw_detector	fpocket	8JHC_R_REMOVED	b2598a1833283a94e883e10cb43a8d10e9c843b1d1dd25e313a9070b7a8a67b8
results/confirmatory/e9_035/raw_detector	fpocket	8JYX_A_ORIGINAL	8c07250d679d126cc9457a24e3b6c69526aec489341cddefbe00eb178f3d1794
results/confirmatory/e9_035/raw_detector	fpocket	8JYX_A_REMOVED	66933e0cc8f5a45065cb8584f5247e351fda00e7c928099f326c70b67edb1a0f
results/confirmatory/e9_035/raw_detector	fpocket	8YNT_R_ORIGINAL	0869d5caca78fc3f8d25131ebb0dd814d1cc916d9b9f1c7449d2a77ea0d81ae0
results/confirmatory/e9_035/raw_detector	fpocket	8YNT_R_REMOVED	c29d9bb4b89822df5d51fe0e296646d01edfc326081771a79b9f6a25502f02dd
results/confirmatory/e9_035/raw_detector	fpocket	9JG0_R_ORIGINAL	7e8363e54bd8731aa8b50987a368fde7296f3c283ff32999febc1a0242c44f14
results/confirmatory/e9_035/raw_detector	fpocket	9JG0_R_REMOVED	301ef0122504c891bac03cd91d48c012f807f3eb401fe54cee749f0a395ec3ed
results/confirmatory/e9_035/raw_detector	fpocket	9UVT_A_ORIGINAL	75be580c71cabb3ae9f9438d37d76b4ff6db170989d643db9991a46b9fca101a
results/confirmatory/e9_035/raw_detector	fpocket	9UVT_A_REMOVED	4f19cd9272c038fc36877c2f1da168e9849b85485976d2190606dd7836b89c29
results/confirmatory/e9_035/raw_detector	fpocket	9UVV_A_ORIGINAL	502d429eeb49d35873bca836e028f0b72c3df7ed456914df742c158aea17cd44
results/confirmatory/e9_035/raw_detector	fpocket	9UVV_A_REMOVED	e0bae57afe46aceecc96775972d81aef1a880fe037029eafb1b2c1625cb92b9f
results/confirmatory/e9_035/raw_detector	p2rank	3L2J_A_ORIGINAL	959fdad22968b9ad48b072d13208f3b244ee1af0fb3b44ad0633b05c4f2bae3e
results/confirmatory/e9_035/raw_detector	p2rank	3L2J_A_REMOVED	4dbb2be6722dc3f572d70d0fe7e24cb553420042a1e53744ea007f997fb7f309
results/confirmatory/e9_035/raw_detector	p2rank	4KEG_A_ORIGINAL	d9a932d94be4bdbf8c73593d75da080fd12e64c582db486806e4b6d4a9493420
results/confirmatory/e9_035/raw_detector	p2rank	4KEG_A_REMOVED	89f98cc3410983b3c3171df236492aa47da1fa1fb3636dec1212a1a72be73b82
results/confirmatory/e9_035/raw_detector	p2rank	4O2X_A_ORIGINAL	6bdd238b86d42e14b588eee43cd26e1c739d2d9f82bbfb20e48aaf35b6d2243a
results/confirmatory/e9_035/raw_detector	p2rank	4O2X_A_REMOVED	e04fd1fcb51e94fd02f647921bdf0527a2f40753b03c924327b737ff2f1a579f
results/confirmatory/e9_035/raw_detector	p2rank	4R0Y_A_ORIGINAL	37966e5854654d285c078e8ffec185bb976a3ae58f4161c7e44abb39328de09e
results/confirmatory/e9_035/raw_detector	p2rank	4R0Y_A_REMOVED	6f4044163ec10daa35f66001263947fd42cbeadc69dff586323d79309fee0552
results/confirmatory/e9_035/raw_detector	p2rank	5UEN_A_ORIGINAL	97c59eea5cdef24157ce8ff1a077e3a70b1bb193893335173ee6c79b6c5c103f
results/confirmatory/e9_035/raw_detector	p2rank	5UEN_A_REMOVED	1ceaab654c11302a9ae861310a7a44d4f606f92430d6228fbaf1812dcd0b09d8
results/confirmatory/e9_035/raw_detector	p2rank	6A9J_A_ORIGINAL	86aa266f0f5ead587ebf5fa03e34b09b86beb73de9cfb4ca4f1ef4e1d3d36a5a
results/confirmatory/e9_035/raw_detector	p2rank	6A9J_A_REMOVED	65fe9415f4b8f2547ae42e26f65fdf0077b1266ec3a06a9fc38f103d12e093b5
results/confirmatory/e9_035/raw_detector	p2rank	6C1R_B_ORIGINAL	82dadc3f8d31070943ec2010c8cb910953a359f30f760384440c9cd9d8718678
results/confirmatory/e9_035/raw_detector	p2rank	6C1R_B_REMOVED	c253d5de1a73d1a222dc0f1c30262c16f1fabd3f32b1a6c3abde4e0593f3f4e6
results/confirmatory/e9_035/raw_detector	p2rank	6OS2_A_ORIGINAL	6fbf9170265867a053386d9840f335604865633f38e76a7f75e2acbd89995eb0
results/confirmatory/e9_035/raw_detector	p2rank	6OS2_A_REMOVED	a184d7bae3d15c9e8b9e6636a05fbfd522d127a2dd61bf0f3b2fddfd8b774aa9
results/confirmatory/e9_035/raw_detector	p2rank	7E29_A_ORIGINAL	ccf778a7d4191cbc5c1940a5828bde8601e3ab6633808f47322938479d923c80
results/confirmatory/e9_035/raw_detector	p2rank	7E29_A_REMOVED	6f4774fb60d19443d5012375a958d7060783aa3e90e0ea0a8127fcbc080875ca
results/confirmatory/e9_035/raw_detector	p2rank	8JH7_D_ORIGINAL	2a956cde9f2ac5c1a17278d10f8bd4170c007319762b7fd756bb86a8006cc4ed
results/confirmatory/e9_035/raw_detector	p2rank	8JH7_D_REMOVED	c1b820f02e2219319392e3d651c1acf37a349c0a2c8bb905f8eb11e9482e912b
results/confirmatory/e9_035/raw_detector	p2rank	8JHC_R_ORIGINAL	e55a3e57f3f7dcbd2be7cb2ae43cb2f580d838f6e7f97d56044d055a832f072f
results/confirmatory/e9_035/raw_detector	p2rank	8JHC_R_REMOVED	8d6d5d6978faa99e03e69fecf8dfe7845d58eded9dfc404841d1def80788f4d7
results/confirmatory/e9_035/raw_detector	p2rank	8JYX_A_ORIGINAL	a464ac2def38fef565021b6912c99b82bead991a313f6432a0cf13d9dcd74baa
results/confirmatory/e9_035/raw_detector	p2rank	8JYX_A_REMOVED	286802a086702a978e2e5d08731f3120827f7f170c2456d4696a770ba07acab5
results/confirmatory/e9_035/raw_detector	p2rank	8YNT_R_ORIGINAL	15ace444fb9129dd5261bfba15a2044ad2501a04bedb90620b197df6769cee45
results/confirmatory/e9_035/raw_detector	p2rank	8YNT_R_REMOVED	27ded041f29dd0020df261076e85b11c8ceafed8ea4791f8198309f73af64fd8
results/confirmatory/e9_035/raw_detector	p2rank	9JG0_R_ORIGINAL	8ae463446680c1dd63bd664f12cee4e48bdc6410d6fb5144e247a44872e1969c
results/confirmatory/e9_035/raw_detector	p2rank	9JG0_R_REMOVED	7ba9de1f595832c1cec367afbda8fe4f78ed33add62d749d215838eb75eb3cd2
results/confirmatory/e9_035/raw_detector	p2rank	9UVT_A_ORIGINAL	7f60e3c9e4f2894c26d14adf1465ddf1b88a3d95ec3a24afef90adf0cfa93e1f
results/confirmatory/e9_035/raw_detector	p2rank	9UVT_A_REMOVED	5ee969a8d28cf400ef831a4f4a3d9f8f3364df6046049855b76f5da21533dcee
results/confirmatory/e9_035/raw_detector	p2rank	9UVV_A_ORIGINAL	4f391e44c51701817c34696440619bd5fa1b45082c84dad4ab75d6de983364a4
results/confirmatory/e9_035/raw_detector	p2rank	9UVV_A_REMOVED	fe64a9859dfff2a126c3c3ba3cc93497500b07f63873667f780d6d8617ab7396
